{
  "chunk": 3040,
  "total_chunks": 3600,
  "patterns_found": 2,
  "start_time": 3039.0008441669015,
  "end_time": 3039.9998444444013,
  "patterns": [
    {
      "type": "spike",
      "count": 21,
      "times": [
        3039.0048441680124,
        3039.006844168568,
        3039.0208441724567,
        3039.0398441777347,
        3039.0438441788456,
        3039.052844181346,
        3039.0578441827347,
        3039.0678441855125,
        3039.884844412457,
        3039.893844414957,
        3039.9018444171793,
        3039.9358444266236,
        3039.9458444294014,
        3039.9488444302347,
        3039.965844434957,
        3039.9728444369016,
        3039.975844437735,
        3039.978844438568,
        3039.9808444391238,
        3039.9898444416235,
        3039.9988444441237
      ],
      "amplitudes": [
        0.001179707306655301,
        0.001102441294941061,
        0.0010659908950104095,
        0.0010919236592503308,
        0.0010931680439250331,
        0.0010854890724767575,
        0.0011116423164104472,
        0.0010882149518303182,
        0.001120828184279796,
        0.001065689182507705,
        0.001074629529953815,
        0.0010912471889746294,
        0.0012541666979859181,
        0.0010782352488110135,
        0.001089830619545239,
        0.0010694942479104116,
        0.0012547802195489437,
        0.001097084530353025,
        0.00110536175692332,
        0.0011743675453770588,
        0.0011079616560572836
      ],
      "confidence": 0.8
    },
    {
      "type": "oscillation",
      "frequencies": [
        3.906248915626821,
        23.437493493760925,
        50.781235903148676,
        66.40623156565596,
        82.03122722816325,
        105.46872072192417,
        113.28121855317781,
        121.09371638443146,
        140.62496096256555,
        152.34370770944602,
        164.0624544563265,
        183.5936990344606,
        195.31244578134107,
        214.84369035947518,
        238.2811838532361,
        261.718677346997,
        281.2499219251311,
        292.9686686720116,
        304.68741541889204,
        324.2186599970262,
        332.0311578282798,
        343.74990457516026,
        351.5624024064139,
        359.37490023766753,
        378.90614481580167,
        386.7186426470553,
        398.43738939393575,
        417.9686339720699,
        425.7811318033235,
        449.21862529708443,
        460.9373720439649,
        468.74986987521856,
        480.46861662209903,
        496.0936122846063
      ],
      "power": [
        2.9740301889126235e-10,
        4.191350700126802e-11,
        4.744361624215138e-11,
        4.9186951560047065e-11,
        2.971406412408617e-11,
        2.7681012681696074e-11,
        1.989885222191254e-11,
        1.85905474622397e-11,
        2.034124339661942e-11,
        3.291335976157575e-11,
        2.5852565129620437e-11,
        2.7036920097843534e-11,
        3.081334385378957e-11,
        3.6756843114799574e-11,
        2.945076443873694e-11,
        4.779596245774329e-11,
        3.2857198908724744e-11,
        1.5686231910708547e-11,
        3.364100126642513e-11,
        2.0612338283448044e-11,
        2.0731372450566475e-11,
        2.1602706903365604e-11,
        2.0679708500801047e-11,
        3.4829853812924617e-11,
        2.5543963745626165e-11,
        2.7808396077564633e-11,
        3.390290634735648e-11,
        1.9876620539795725e-11,
        2.6883037692764542e-11,
        2.4205696849796516e-11,
        2.80691694240722e-11,
        2.235974703463316e-11,
        1.6344104844175193e-11,
        1.9790730562523696e-11
      ],
      "confidence": 0.7
    }
  ]
}