{
  "chunk": 3394,
  "total_chunks": 3600,
  "patterns_found": 2,
  "start_time": 3393.0009425002618,
  "end_time": 3393.999942777762,
  "patterns": [
    {
      "type": "spike",
      "count": 19,
      "times": [
        3393.00194250054,
        3393.0059425016507,
        3393.0079425022063,
        3393.018942505262,
        3393.0249425069287,
        3393.032942509151,
        3393.8689427413733,
        3393.890942747484,
        3393.9439427622065,
        3393.958942766373,
        3393.968942769151,
        3393.972942770262,
        3393.9759427710956,
        3393.9839427733177,
        3393.986942774151,
        3393.99194277554,
        3393.994942776373,
        3393.996942776929,
        3393.9989427774844
      ],
      "amplitudes": [
        0.0011554906022631783,
        0.0011774954607885629,
        0.001067793262073978,
        0.0011414974224554235,
        0.00104743427557062,
        0.0010530540064180864,
        0.0010548987476379783,
        0.0010402085504023439,
        0.001045411498387164,
        0.0010641932708326805,
        0.0011106445293211542,
        0.0010674857480849332,
        0.0010624487656276463,
        0.0011226799731694972,
        0.001105645275311758,
        0.0010841264627858259,
        0.0012986928170173465,
        0.0011816692476953304,
        0.0010550565860060312
      ],
      "confidence": 0.8
    },
    {
      "type": "oscillation",
      "frequencies": [
        3.9062489138504652,
        31.249991310803722,
        42.96873805235512,
        54.68748479390651,
        66.4062315354579,
        74.21872936315884,
        105.46872067396257,
        117.18746741551396,
        140.62496089861673,
        171.87495220942048,
        191.4061967786728,
        203.12494352022418,
        230.46868591717745,
        253.90617940028025,
        269.5311750556821,
        289.0624196249344,
        308.5936641941868,
        316.40616202188767,
        328.12490876343907,
        347.6561533326914,
        359.3749000742428,
        378.9061446434951,
        390.6248913850465,
        414.0623848681493,
        433.59362943740166,
        441.40612726510255,
        449.2186250928035,
        468.74986966205586,
        484.3748653174577,
        492.1873631451586
      ],
      "power": [
        2.617334046075917e-10,
        4.647767968424284e-11,
        2.7041938188058645e-11,
        3.6376531636667575e-11,
        2.07860450262788e-11,
        2.0338734724182203e-11,
        1.8713772647888693e-11,
        3.011382929674656e-11,
        4.429434844558944e-11,
        1.030326673164938e-11,
        2.2847367379153846e-11,
        1.0121943532950927e-11,
        4.518864535383649e-11,
        2.302641501195594e-11,
        2.701382322383616e-11,
        1.8773986703305124e-11,
        2.6165921809974014e-11,
        2.0706290196353745e-11,
        1.9955313506999554e-11,
        3.9553519073901864e-11,
        2.8066325614181936e-11,
        2.802716877745745e-11,
        4.150466106708599e-11,
        2.611915205158514e-11,
        3.392605419618344e-11,
        3.0182772272075895e-11,
        1.5530916791724122e-11,
        2.8074241816513565e-11,
        2.3076042612975048e-11,
        2.2201260749042617e-11
      ],
      "confidence": 0.7
    }
  ]
}