{
  "chunk": 2129,
  "total_chunks": 3600,
  "patterns_found": 2,
  "start_time": 2128.0005911112753,
  "end_time": 2128.9995913887756,
  "patterns": [
    {
      "type": "spike",
      "count": 4,
      "times": [
        2128.451591236553,
        2128.4685912412756,
        2128.4725912423864,
        2128.6265912851645
      ],
      "amplitudes": [
        0.001693732868906032,
        0.0017579183589622265,
        0.0017138879918307142,
        0.001774933995312525
      ],
      "confidence": 0.8
    },
    {
      "type": "oscillation",
      "frequencies": [
        3.9062489138504652,
        11.718746741551396,
        23.43749348310279,
        35.156240224654184,
        54.68748479390651,
        70.31248044930837,
        93.74997393241117,
        109.37496958781303,
        121.09371632936443,
        156.2499565540186,
        171.87495220942048,
        179.6874500371214,
        191.4061967786728,
        207.03119243407465,
        226.56243700332698,
        238.28118374487838,
        246.0936815725793,
        265.6249261418316,
        277.343672883383,
        296.8749174526354,
        312.4999131080372,
        324.2186598495886,
        343.74990441884097,
        351.56240224654186,
        367.1873979019437,
        374.99989572964466,
        386.71864247119606,
        414.0623848681493,
        429.68738052355116,
        460.9373718343549,
        472.6561185759063,
        480.4686164036072,
        496.0936120590091
      ],
      "power": [
        2.924532548703165e-10,
        2.747221436328242e-11,
        2.209546928533384e-11,
        4.368897063136734e-11,
        3.296834802386361e-11,
        3.326949570902611e-11,
        3.187564269594938e-11,
        2.7174770731682985e-11,
        2.3528987885589408e-11,
        2.702052427856035e-11,
        3.588616426270892e-11,
        2.0644126902956586e-11,
        3.674504253670523e-11,
        2.7621710234590305e-11,
        2.548224375233378e-11,
        3.6349697651929e-11,
        2.7648462498247683e-11,
        3.4802940121159234e-11,
        2.618805143273453e-11,
        2.5880465052011177e-11,
        2.2260568894976598e-11,
        2.6686727340789373e-11,
        2.3183855700948163e-11,
        1.975939953626263e-11,
        2.0436424558033787e-11,
        1.8324044186835808e-11,
        3.37814963233712e-11,
        2.0780428753113174e-11,
        3.184827313892862e-11,
        3.967669658693778e-11,
        2.933239288031197e-11,
        2.943410723180359e-11,
        2.2893327713462742e-11
      ],
      "confidence": 0.7
    }
  ]
}