{
  "chunk": 72,
  "total_chunks": 3600,
  "patterns_found": 2,
  "start_time": 71.0000197222277,
  "end_time": 71.99901999972778,
  "patterns": [
    {
      "type": "spike",
      "count": 25,
      "times": [
        71.00201972278326,
        71.01101972528326,
        71.01701972694993,
        71.01901972750548,
        71.02401972889437,
        71.02601972944993,
        71.03001973056104,
        71.03401973167215,
        71.04601973500549,
        71.04901973583883,
        71.05101973639438,
        71.05501973750549,
        71.06101973917215,
        71.0770197436166,
        71.92701997972777,
        71.93701998250556,
        71.94801998556112,
        71.97001999167222,
        71.97201999222779,
        71.98101999472777,
        71.98301999528334,
        71.98601999611667,
        71.99001999722778,
        71.9940199983389,
        71.99601999889445
      ],
      "amplitudes": [
        0.0011484600548261053,
        0.001140083220089672,
        0.0010786497683831148,
        0.0012030928352701263,
        0.001060378618923822,
        0.0010598338304979651,
        0.0011235821565689318,
        0.001043334280409734,
        0.0012596320732639614,
        0.0010453819305322064,
        0.0010514987121094232,
        0.0010513937471856663,
        0.001084674064545363,
        0.0010628458990192002,
        0.0010818322144082624,
        0.001046726937817116,
        0.001119861275633905,
        0.0010579210286021626,
        0.0011302059137849032,
        0.0010936025666629517,
        0.0010623420164196553,
        0.001093759697432114,
        0.0011543774213314346,
        0.0011063730651169545,
        0.0010569202759721217
      ],
      "confidence": 0.8
    },
    {
      "type": "oscillation",
      "frequencies": [
        3.906248914960688,
        27.343742404724814,
        50.781235894488944,
        66.4062315543317,
        78.12497829921375,
        89.84372504409582,
        105.46872070393857,
        117.18746744882064,
        128.9062141937027,
        144.53120985354545,
        160.1562055133882,
        179.68745008819164,
        195.31244574803438,
        214.84369032283783,
        226.56243706771988,
        257.8124283874054,
        273.43742404724816,
        289.0624197070909,
        296.87491753701227,
        316.4061621118157,
        332.03115777165846,
        347.6561534315012,
        363.281149091344,
        378.90614475118673,
        398.4373893259902,
        414.0623849858329,
        429.68738064567566,
        449.2186252204791,
        464.84362088032185,
        480.4686165401646,
        492.1873632850467
      ],
      "power": [
        3.119512421603987e-10,
        3.472106647320613e-11,
        1.9284490475263462e-11,
        2.2459252232667802e-11,
        2.0399258923378264e-11,
        2.3846429754370298e-11,
        2.226284671762442e-11,
        1.5388760158482302e-11,
        2.106936769959301e-11,
        4.2538883959530794e-11,
        3.577643953293435e-11,
        1.8472439082224394e-11,
        2.207806530829394e-11,
        2.7332721760180157e-11,
        3.3416901101081814e-11,
        2.191610245559277e-11,
        3.1180707641375294e-11,
        2.18522346648089e-11,
        2.1491404429566415e-11,
        2.4414336202391633e-11,
        1.844048828494491e-11,
        2.542998480747134e-11,
        1.9322059952631406e-11,
        2.759978671739629e-11,
        3.164343281407408e-11,
        3.2226221041938546e-11,
        3.8653792391977403e-11,
        3.798426514391034e-11,
        1.2116040754136984e-11,
        2.159496494001292e-11,
        1.463458576380381e-11
      ],
      "confidence": 0.7
    }
  ]
}