{
  "chunk": 3390,
  "total_chunks": 3600,
  "patterns_found": 2,
  "start_time": 3389.0009413891507,
  "end_time": 3389.9999416666506,
  "patterns": [
    {
      "type": "spike",
      "count": 22,
      "times": [
        3389.0099413916505,
        3389.0189413941507,
        3389.024941395817,
        3389.0289413969285,
        3389.0339413983174,
        3389.0369413991507,
        3389.057941404984,
        3389.0829414119285,
        3389.097941416095,
        3389.902941639706,
        3389.936941649151,
        3389.9409416502617,
        3389.948941652484,
        3389.952941653595,
        3389.9559416544284,
        3389.9659416572063,
        3389.9719416588728,
        3389.975941659984,
        3389.985941662762,
        3389.9899416638727,
        3389.993941664984,
        3389.998941666373
      ],
      "amplitudes": [
        0.0010822555104182672,
        0.0010801380330016552,
        0.0010703311428725071,
        0.0010751867460556995,
        0.0010519764989181792,
        0.0011876708563753832,
        0.0011617296786580072,
        0.0011467587514274963,
        0.0010670121303142414,
        0.0010810403531095146,
        0.0011035454056094812,
        0.0011710433309693599,
        0.0010916285466109296,
        0.001050431689746442,
        0.0010884653142829552,
        0.0010625110760931489,
        0.0010599789705304484,
        0.0011170339658053813,
        0.0011190785918892372,
        0.0012661792315735005,
        0.00112941664352186,
        0.0011081929640637909
      ],
      "confidence": 0.8
    },
    {
      "type": "oscillation",
      "frequencies": [
        3.906248915626821,
        19.531244578134107,
        39.062489156268214,
        54.687484818775495,
        70.31248048128278,
        78.12497831253643,
        89.84372505941688,
        101.56247180629735,
        113.28121855317781,
        124.99996530005828,
        136.71871204693875,
        148.43745879381922,
        160.15620554069966,
        171.87495228758013,
        187.4999479500874,
        199.21869469696787,
        214.84369035947518,
        238.2811838532361,
        249.99993060011656,
        265.62492626262383,
        273.4374240938775,
        292.9686686720116,
        300.78116650326524,
        316.4061621657725,
        328.124908912653,
        339.84365565953345,
        355.4686513220407,
        367.1873980689212,
        374.9998959001748,
        394.53114047830894,
        410.1561361408162,
        425.7811318033235,
        449.21862529708443,
        460.9373720439649,
        472.65611879084537,
        492.18736336897945
      ],
      "power": [
        3.00457205799412e-10,
        3.288573705487804e-11,
        1.1031515340603962e-11,
        2.5063756343446678e-11,
        2.0353890656481653e-11,
        2.9011496011827047e-11,
        2.46384597496034e-11,
        2.9745481471855535e-11,
        3.105572193994838e-11,
        1.8170846326050025e-11,
        3.0269256745322864e-11,
        2.9225678971750185e-11,
        2.001256912240754e-11,
        2.124936136336111e-11,
        3.18664494389392e-11,
        3.566519996737214e-11,
        2.270109118082526e-11,
        4.0673887307144054e-11,
        2.0351116140568903e-11,
        2.1730133897741363e-11,
        2.4786623011640924e-11,
        5.997294854058396e-11,
        2.797769179552761e-11,
        2.856704369380377e-11,
        2.075347671603164e-11,
        1.8880674435505987e-11,
        3.085891503339361e-11,
        2.3814804517544818e-11,
        3.20499379573008e-11,
        1.2531134011303618e-11,
        2.140682594244425e-11,
        3.732810498714821e-11,
        2.3132731057114836e-11,
        2.58381277952989e-11,
        3.0476463846472385e-11,
        3.453072409582415e-11
      ],
      "confidence": 0.7
    }
  ]
}