{
  "chunk": 647,
  "total_chunks": 3600,
  "patterns_found": 2,
  "start_time": 646.0001794444943,
  "end_time": 646.9991797219944,
  "patterns": [
    {
      "type": "spike",
      "count": 8,
      "times": [
        646.3801795500499,
        646.4231795619944,
        646.4541795706054,
        646.4891795803277,
        646.5401795944944,
        646.5751796042166,
        646.6031796119944,
        646.6191796164388
      ],
      "amplitudes": [
        0.0017421415595655382,
        0.0016995677690138183,
        0.001695435493963263,
        0.0017250186102179426,
        0.0016968472117213007,
        0.0017173855312107502,
        0.001724649570316101,
        0.001740383151242536
      ],
      "confidence": 0.8
    },
    {
      "type": "oscillation",
      "frequencies": [
        3.906248914738643,
        11.71874674421593,
        23.43749348843186,
        39.06248914738643,
        58.59373372107965,
        74.21872938003422,
        85.93747612425015,
        97.65622286846607,
        109.37496961268201,
        128.90621418637522,
        148.43745876006844,
        179.6874500779776,
        195.31244573693215,
        203.12494356640946,
        214.8436903106254,
        226.5624370548413,
        238.28118379905723,
        253.90617945801182,
        265.62492620222775,
        289.0624196906596,
        316.4061620938301,
        339.843655582262,
        359.3749001559552,
        371.0936469001711,
        382.81239364438704,
        394.531140388603,
        402.34363821808023,
        414.06238496229616,
        437.49987845072803,
        457.0311230244213,
        472.65611868337584,
        480.4686165128531,
        496.0936121718077
      ],
      "power": [
        2.9675601912851e-10,
        2.1338045372482648e-11,
        1.1243900219023922e-11,
        3.767607523430443e-11,
        3.6833224879446896e-11,
        2.0839197228786575e-11,
        2.551531356795448e-11,
        1.848745451891281e-11,
        3.8073237443113563e-11,
        1.2513234440687693e-11,
        3.1405339389631306e-11,
        3.5618147279870555e-11,
        1.3261006294614743e-11,
        2.1002217832762953e-11,
        3.5150373182093425e-11,
        3.195722983154668e-11,
        3.7907122954349325e-11,
        1.736630153531213e-11,
        1.6996877310576916e-11,
        4.5805524733086416e-11,
        3.4955111292819407e-11,
        2.098887637575054e-11,
        3.4492441456027944e-11,
        2.4417992207087483e-11,
        4.3761981799345525e-11,
        2.380200790654911e-11,
        2.3392407829623192e-11,
        2.1460571340300023e-11,
        2.8179316210144995e-11,
        1.6707203751574486e-11,
        2.1585747856810297e-11,
        2.1369892361711715e-11,
        2.5540397300447718e-11
      ],
      "confidence": 0.7
    }
  ]
}