{
  "chunk": 1876,
  "total_chunks": 3600,
  "patterns_found": 2,
  "start_time": 1875.000520833478,
  "end_time": 1875.999521110978,
  "patterns": [
    {
      "type": "spike",
      "count": 22,
      "times": [
        1875.009520835978,
        1875.0135208370891,
        1875.0165208379226,
        1875.0205208390337,
        1875.0255208404226,
        1875.0285208412558,
        1875.0305208418115,
        1875.0395208443115,
        1875.050520847367,
        1875.0585208495893,
        1875.0605208501447,
        1875.0635208509782,
        1875.9115210865336,
        1875.9135210870893,
        1875.941521094867,
        1875.9475210965338,
        1875.9715211032003,
        1875.9785211051449,
        1875.9805211057005,
        1875.9875211076449,
        1875.9945211095892,
        1875.9985211107005
      ],
      "amplitudes": [
        0.0010837612327954413,
        0.0010889367428040676,
        0.0011064737473563363,
        0.001097997390842504,
        0.0010975842668080615,
        0.001122338281730253,
        0.0010680144339138414,
        0.0011105554336511881,
        0.0011036775807263413,
        0.0011398663425937832,
        0.001128012510736974,
        0.0011221637053743416,
        0.0011388501820426208,
        0.0010648638870191353,
        0.0010714937530982782,
        0.0011807177272604194,
        0.0011178941124418962,
        0.0010991520466231521,
        0.0011195393447410386,
        0.0010894606447485083,
        0.0011020558555450977,
        0.0011400143848345823
      ],
      "confidence": 0.8
    },
    {
      "type": "oscillation",
      "frequencies": [
        3.906248914738643,
        15.624995658954573,
        46.87498697686372,
        54.687484806341004,
        70.31248046529558,
        97.65622286846607,
        121.09371635689794,
        132.81246310111388,
        148.43745876006844,
        160.15620550428437,
        167.96870333376165,
        175.78120116323893,
        191.40619682219352,
        203.12494356640946,
        226.5624370548413,
        238.28118379905723,
        253.90617945801182,
        261.7186772874891,
        269.5311751169664,
        281.2499218611823,
        296.8749175201369,
        328.12490883804605,
        347.65615341173924,
        363.2811490706938,
        374.99989581490973,
        382.81239364438704,
        402.34363821808023,
        414.06238496229616,
        421.8748827917735,
        429.6873806212508,
        457.0311230244213,
        476.56236759811446,
        492.187363257069
      ],
      "power": [
        3.1074113551842996e-10,
        2.674419701862722e-11,
        4.055126840834636e-11,
        2.0957575585053988e-11,
        2.617780390074361e-11,
        1.9736665851037708e-11,
        2.2697463622442905e-11,
        2.4475552772106378e-11,
        4.042361418056787e-11,
        2.8908203025011686e-11,
        2.7039220511447818e-11,
        1.7502009255678384e-11,
        4.2677043602940324e-11,
        3.4566427865593564e-11,
        2.4394728949550476e-11,
        2.6220273537304405e-11,
        3.2511253701590154e-11,
        2.008510430115451e-11,
        2.3118236269612767e-11,
        3.6668566884122104e-11,
        2.8933141158442922e-11,
        2.372864176286418e-11,
        3.85665635182256e-11,
        2.064667360981544e-11,
        2.141523144982658e-11,
        2.5727509993573064e-11,
        1.9145634813484786e-11,
        2.528844772956248e-11,
        3.0916300631623714e-11,
        3.267137413267673e-11,
        3.4610101440036715e-11,
        2.611381454506606e-11,
        2.3931449557150673e-11
      ],
      "confidence": 0.7
    }
  ]
}