{
  "chunk": 175,
  "total_chunks": 3600,
  "patterns_found": 2,
  "start_time": 174.00004833334677,
  "end_time": 174.99904861084684,
  "patterns": [
    {
      "type": "spike",
      "count": 11,
      "times": [
        174.33904842751346,
        174.39204844223568,
        174.40404844556903,
        174.41704844918013,
        174.4600484611246,
        174.52804848001347,
        174.5550484875135,
        174.5720484922357,
        174.5810484947357,
        174.61304850362458,
        174.6490485136246
      ],
      "amplitudes": [
        0.0017545129113303352,
        0.0017551355744932396,
        0.0017053760268995303,
        0.0017118077015605547,
        0.0017170967317681914,
        0.001748892605041563,
        0.001682789508848757,
        0.001724201116151838,
        0.00169816306031691,
        0.0017192136792521543,
        0.0017643774106098228
      ],
      "confidence": 0.8
    },
    {
      "type": "oscillation",
      "frequencies": [
        3.906248914960688,
        15.624995659842751,
        39.062489149606876,
        50.781235894488944,
        62.499982639371005,
        70.31248046929238,
        89.84372504409582,
        105.46872070393857,
        113.28121853385994,
        128.9062141937027,
        136.71871202362408,
        156.2499565984275,
        171.87495225827027,
        179.68745008819164,
        191.4061968330737,
        203.12494357795578,
        226.56243706771988,
        249.99993055748402,
        261.7186773023661,
        277.3436729622088,
        292.9686686220516,
        304.68741536693364,
        324.2186599417371,
        335.93740668661917,
        351.5624023464619,
        367.18739800630465,
        378.90614475118673,
        390.62489149606876,
        414.0623849858329,
        429.68738064567566,
        437.49987847559703,
        464.84362088032185,
        472.6561187102432,
        480.4686165401646,
        492.1873632850467
      ],
      "power": [
        3.0973339929228554e-10,
        1.6458990965499314e-11,
        1.9478611769401895e-11,
        2.1101167451022615e-11,
        1.7594418824144202e-11,
        1.598187546112937e-11,
        2.7997738129511323e-11,
        3.364640826182591e-11,
        3.383962670732972e-11,
        3.8425235113467724e-11,
        3.010288676242398e-11,
        1.929676629687943e-11,
        2.5868200187850715e-11,
        2.6695150273705897e-11,
        3.6660083142451735e-11,
        2.138523558715009e-11,
        2.3316658511927912e-11,
        3.979925642814416e-11,
        1.949001999568867e-11,
        2.977060936258976e-11,
        2.8902338377224216e-11,
        2.5058557875356906e-11,
        1.0124519289081845e-11,
        4.923335733705677e-11,
        3.6703615294014996e-11,
        1.5323016708203724e-11,
        2.2339932833252723e-11,
        2.6683631201622073e-11,
        3.948406849528881e-11,
        3.016427801185527e-11,
        1.8279503148515598e-11,
        2.8895361605215073e-11,
        4.065286407044047e-11,
        3.83757170386017e-11,
        3.999600085817581e-11
      ],
      "confidence": 0.7
    }
  ]
}