{
  "chunk": 779,
  "total_chunks": 3600,
  "patterns_found": 2,
  "start_time": 778.0002161111712,
  "end_time": 778.9992163886712,
  "patterns": [
    {
      "type": "spike",
      "count": 8,
      "times": [
        778.2782161883935,
        778.3842162178379,
        778.39221622006,
        778.4142162261712,
        778.4742162428379,
        778.487216246449,
        778.5562162656157,
        778.6522162922823
      ],
      "amplitudes": [
        0.0016683906430748274,
        0.0016736596239293067,
        0.0017666682889403758,
        0.001685775582462206,
        0.0017212753852502293,
        0.0017060172471934161,
        0.001678371330458204,
        0.0017022554211814488
      ],
      "confidence": 0.8
    },
    {
      "type": "oscillation",
      "frequencies": [
        3.906248915182732,
        19.53124457591366,
        31.249991321461856,
        42.96873806701005,
        50.78123589737552,
        58.59373372774098,
        70.31248047328917,
        85.9374761340201,
        105.46872070993376,
        117.18746745548196,
        124.99996528584742,
        132.81246311621288,
        144.53120986176108,
        164.06245443767475,
        175.78120118322295,
        187.49994792877112,
        203.12494358950207,
        218.74993925023298,
        234.37493491096393,
        242.1874327413294,
        253.9061794868776,
        265.62492623242576,
        281.2499218931567,
        292.9686686387049,
        300.78116646907034,
        316.4061621298013,
        328.1249088753495,
        339.84365562089766,
        355.46865128162864,
        371.09364694235956,
        394.5311404334559,
        406.24988717900413,
        417.9686339245523,
        437.49987850046597,
        449.2186252460142,
        457.03112307637963,
        472.65611873711055,
        480.46861656747603,
        488.2811143978415,
        496.09361222820695
      ],
      "power": [
        2.590772439220908e-10,
        2.876297206242396e-11,
        1.975711420890762e-11,
        1.7602420048837144e-11,
        1.4916695682497806e-11,
        1.959043788715906e-11,
        1.798382948299891e-11,
        3.6250164488316616e-11,
        3.4205496295124835e-11,
        1.4241407039552635e-11,
        1.4719383201194838e-11,
        1.3603809983667686e-11,
        2.3374583493303387e-11,
        2.4869654216685317e-11,
        2.7065140544297347e-11,
        2.153554953293912e-11,
        2.9183267817969693e-11,
        2.985462316594587e-11,
        2.3331504743435827e-11,
        1.963407433050822e-11,
        3.041725518902999e-11,
        3.3709274056725727e-11,
        2.312796637527997e-11,
        2.2037982801236387e-11,
        2.4089976345757606e-11,
        3.1937476665021494e-11,
        3.111094460521671e-11,
        1.5849628530940976e-11,
        2.6956694215046426e-11,
        2.84462844060135e-11,
        2.989489737034843e-11,
        1.9484871981126196e-11,
        1.7558073865357942e-11,
        2.7182909402486617e-11,
        2.1771345123939544e-11,
        1.9823552520213313e-11,
        2.6007336167182242e-11,
        2.8689045213005368e-11,
        2.5558743156165904e-11,
        2.298406476436184e-11
      ],
      "confidence": 0.7
    }
  ]
}