{
  "chunk": 2140,
  "total_chunks": 3600,
  "patterns_found": 2,
  "start_time": 2139.000594166832,
  "end_time": 2139.9995944443317,
  "patterns": [
    {
      "type": "spike",
      "count": 17,
      "times": [
        2139.0015941671095,
        2139.0075941687764,
        2139.013594170443,
        2139.0205941723875,
        2139.045594179332,
        2139.0565941823875,
        2139.0745941873874,
        2139.818594394054,
        2139.9575944326652,
        2139.9635944343318,
        2139.9705944362763,
        2139.972594436832,
        2139.9815944393317,
        2139.9835944398874,
        2139.9875944409987,
        2139.9925944423876,
        2139.995594443221
      ],
      "amplitudes": [
        0.0011334382818168692,
        0.0010459389073915518,
        0.0010617574885881476,
        0.0010906910653288215,
        0.0010704159034852533,
        0.001049555358115768,
        0.001073558700134061,
        0.0010511182030713126,
        0.001123481647447241,
        0.001061737892074797,
        0.0010689909211567335,
        0.0010938356543484969,
        0.001100439145242228,
        0.00116292538216475,
        0.0011020927118246698,
        0.0011093063472943226,
        0.001091500208897264
      ],
      "confidence": 0.8
    },
    {
      "type": "oscillation",
      "frequencies": [
        3.906248915626821,
        19.531244578134107,
        31.24999132501457,
        46.87498698752185,
        58.59373373440232,
        82.03122722816325,
        97.65622289067053,
        117.18746746880464,
        128.9062142156851,
        140.62496096256555,
        148.43745879381922,
        160.15620554069966,
        171.87495228758013,
        179.68745011883377,
        191.40619686571424,
        203.1249436125947,
        214.84369035947518,
        226.56243710635562,
        249.99993060011656,
        273.4374240938775,
        285.15617084075797,
        296.87491758763844,
        308.59366433451885,
        320.3124110813993,
        332.0311578282798,
        347.65615349078706,
        363.2811491532944,
        371.093646984548,
        390.62489156268214,
        398.43738939393575,
        417.9686339720699,
        437.49987855020396,
        449.21862529708443,
        457.0311231283381,
        464.8436209595917,
        484.37486553772584,
        492.18736336897945
      ],
      "power": [
        2.7879348600815345e-10,
        3.353810489111644e-11,
        4.8322227499221065e-11,
        3.3338696417947585e-11,
        2.64590165206896e-11,
        2.767505139329695e-11,
        4.2175385713011194e-11,
        1.3970783935028309e-11,
        3.1334065456976043e-11,
        3.359077988522037e-11,
        2.491201081271187e-11,
        2.980663240204625e-11,
        2.3103513856477293e-11,
        2.7718980389009486e-11,
        1.4298491256400438e-11,
        3.680937622009274e-11,
        8.818304694403306e-12,
        1.6483128027115314e-11,
        4.0131171878386684e-11,
        2.4789064057132e-11,
        1.9773852100761046e-11,
        1.2915163657563097e-11,
        2.0412914802325162e-11,
        2.636314238326995e-11,
        2.208753411942584e-11,
        3.2049999467997634e-11,
        3.637511274529163e-11,
        2.33783609747506e-11,
        3.9426061425240926e-11,
        3.1898671477903544e-11,
        1.4927511364845934e-11,
        2.737707068914875e-11,
        2.6904497584973373e-11,
        1.571316387209697e-11,
        1.9980131760744887e-11,
        3.0408637515857395e-11,
        2.8889907298062483e-11
      ],
      "confidence": 0.7
    }
  ]
}