{
  "chunk": 1029,
  "total_chunks": 3600,
  "patterns_found": 2,
  "start_time": 1028.000285555635,
  "end_time": 1028.999285833135,
  "patterns": [
    {
      "type": "spike",
      "count": 5,
      "times": [
        1028.4422856784126,
        1028.5092856970239,
        1028.5192856998017,
        1028.5552857098016,
        1028.6672857409128
      ],
      "amplitudes": [
        0.0017401080918852613,
        0.001738504052767952,
        0.0016898128348271648,
        0.0017270209798396054,
        0.0017195158526296657
      ],
      "confidence": 0.8
    },
    {
      "type": "oscillation",
      "frequencies": [
        3.906248914738643,
        19.531244573693215,
        39.06248914738643,
        54.687484806341004,
        66.40623155055694,
        78.12497829477286,
        89.8437250389888,
        105.46872069794337,
        117.1874674421593,
        128.90621418637522,
        140.62496093059116,
        156.24995658954572,
        167.96870333376165,
        175.78120116323893,
        187.49994790745487,
        199.2186946516708,
        210.93744139588674,
        222.65618814010267,
        230.46868596957995,
        238.28118379905723,
        249.99993054327317,
        261.7186772874891,
        277.3436729464437,
        292.96866860539825,
        300.7811664348755,
        316.4061620938301,
        324.21865992330737,
        335.9374066675233,
        343.7499044970006,
        355.46865124121655,
        378.9061447296484,
        390.6248914738643,
        410.15613604755754,
        425.7811317065121,
        445.31237628020534,
        453.1248741096826,
        468.7498697686372,
        480.4686165128531,
        492.187363257069
      ],
      "power": [
        2.9130197811782196e-10,
        1.087131193257434e-11,
        1.8493872877812827e-11,
        3.295179579046487e-11,
        1.1559225533930313e-11,
        2.1224760611870718e-11,
        3.201914527306692e-11,
        2.943309692014688e-11,
        2.915323213004357e-11,
        2.1666851270568887e-11,
        2.5710993536662056e-11,
        7.741237024000486e-12,
        2.8566668369476903e-11,
        1.654637700067413e-11,
        1.5860499727926168e-11,
        3.3007959483919744e-11,
        1.882036473310337e-11,
        2.2687222989918343e-11,
        1.7231956036032934e-11,
        1.981063900789613e-11,
        2.1844559298916853e-11,
        2.802282087063838e-11,
        2.1804040662495232e-11,
        1.965879063928634e-11,
        2.7152628150741436e-11,
        1.4492933880742856e-11,
        1.6201247015643086e-11,
        3.109868589311401e-11,
        2.7951583096512633e-11,
        2.6830991611833626e-11,
        3.3804119592542193e-11,
        2.4811826618193534e-11,
        2.5693002979467544e-11,
        1.5038926811705984e-11,
        2.3395596640727535e-11,
        2.294272180078452e-11,
        2.781649146545896e-11,
        2.7194817106914565e-11,
        2.947453448312479e-11
      ],
      "confidence": 0.7
    }
  ]
}