{
  "chunk": 1949,
  "total_chunks": 3600,
  "patterns_found": 2,
  "start_time": 1948.0005411112616,
  "end_time": 1948.9995413887616,
  "patterns": [
    {
      "type": "spike",
      "count": 7,
      "times": [
        1948.331541203206,
        1948.3645412123726,
        1948.435541232095,
        1948.4385412329282,
        1948.4425412340393,
        1948.4655412404281,
        1948.470541241817
      ],
      "amplitudes": [
        0.0016963228820690494,
        0.0017732637793749012,
        0.0017156954709966975,
        0.0017119484156650215,
        0.0017110706154666263,
        0.0016947751780691717,
        0.001695349964499895
      ],
      "confidence": 0.8
    },
    {
      "type": "oscillation",
      "frequencies": [
        3.906248914738643,
        23.43749348843186,
        35.15624023264779,
        54.687484806341004,
        66.40623155055694,
        89.8437250389888,
        101.56247178320473,
        121.09371635689794,
        132.81246310111388,
        148.43745876006844,
        164.06245441902303,
        175.78120116323893,
        191.40619682219352,
        203.12494356640946,
        222.65618814010267,
        230.46868596957995,
        242.18743271379589,
        249.99993054327317,
        257.81242837275045,
        265.62492620222775,
        277.3436729464437,
        285.15617077592094,
        292.96866860539825,
        304.6874153496142,
        316.4061620938301,
        335.9374066675233,
        343.7499044970006,
        363.2811490706938,
        374.99989581490973,
        390.6248914738643,
        402.34363821808023,
        410.15613604755754,
        425.7811317065121,
        449.21862519494397,
        468.7498697686372,
        488.2811143423304,
        496.0936121718077
      ],
      "power": [
        3.6973348424290887e-10,
        1.81913178730293e-11,
        3.017754452735206e-11,
        2.335530520722999e-11,
        1.7517534241327846e-11,
        2.8664792002998305e-11,
        1.8287549856840407e-11,
        2.4150608358879292e-11,
        3.1091746615913526e-11,
        1.755711116084857e-11,
        2.645654366512234e-11,
        5.2814445412862946e-11,
        2.9739751897899983e-11,
        3.8838613168377485e-11,
        2.8358094954051188e-11,
        3.523309379062626e-11,
        1.499192661597312e-11,
        2.018399350480284e-11,
        1.042724643722342e-11,
        9.827953332352885e-12,
        3.301477311767844e-11,
        2.0414636277721934e-11,
        2.8946906520074586e-11,
        1.6988399461257362e-11,
        1.8521559906569847e-11,
        2.688973945144837e-11,
        2.8662092716794342e-11,
        2.0300808127880593e-11,
        2.6597248844857606e-11,
        1.6795325279633397e-11,
        2.534796804910125e-11,
        2.6474274670946485e-11,
        4.8960441831971876e-11,
        2.756816171947386e-11,
        3.5651460978014875e-11,
        2.196790680082194e-11,
        1.6141080432017223e-11
      ],
      "confidence": 0.7
    }
  ]
}