{
  "chunk": 1877,
  "total_chunks": 3600,
  "patterns_found": 2,
  "start_time": 1876.000521111256,
  "end_time": 1876.999521388756,
  "patterns": [
    {
      "type": "spike",
      "count": 6,
      "times": [
        1876.4335212315339,
        1876.4485212357004,
        1876.5335212593116,
        1876.5515212643115,
        1876.5605212668115,
        1876.6905213029227
      ],
      "amplitudes": [
        0.0016878870193622806,
        0.0017261191571752072,
        0.0017049047423525576,
        0.0017712528066888712,
        0.0017502040086579535,
        0.0016926111605767551
      ],
      "confidence": 0.8
    },
    {
      "type": "oscillation",
      "frequencies": [
        3.906248914738643,
        15.624995658954573,
        39.06248914738643,
        58.59373372107965,
        78.12497829477286,
        93.74997395372743,
        117.1874674421593,
        128.90621418637522,
        140.62496093059116,
        152.3437076748071,
        167.96870333376165,
        183.59369899271624,
        191.40619682219352,
        203.12494356640946,
        218.74993922536402,
        238.28118379905723,
        249.99993054327317,
        257.81242837275045,
        277.3436729464437,
        289.0624196906596,
        296.8749175201369,
        316.4061620938301,
        339.843655582262,
        351.56240232647787,
        371.0936469001711,
        382.81239364438704,
        394.531140388603,
        402.34363821808023,
        410.15613604755754,
        417.96863387703485,
        429.6873806212508,
        437.49987845072803,
        449.21862519494397,
        464.8436208538985,
        484.37486542759177
      ],
      "power": [
        2.7958214005576366e-10,
        2.0510790737942425e-11,
        4.0724070113402946e-11,
        3.970165404184382e-11,
        1.8664463779726202e-11,
        1.8139996630074435e-11,
        2.961724646291581e-11,
        2.340547778276013e-11,
        2.4261270041227585e-11,
        3.3454296456844126e-11,
        2.292635585829756e-11,
        1.8705512341334988e-11,
        2.3523008232450772e-11,
        2.157888206641169e-11,
        3.001887633267983e-11,
        2.3202688623710463e-11,
        2.5857234666975785e-11,
        1.8446794896001838e-11,
        1.611066411304092e-11,
        2.5034203558941543e-11,
        1.562222398467096e-11,
        3.090578017846985e-11,
        1.9054106982429938e-11,
        3.946414185049787e-11,
        2.676379590786022e-11,
        1.461036417024752e-11,
        1.8634583534933092e-11,
        1.7241865340296156e-11,
        2.576436039020938e-11,
        2.4726029047089912e-11,
        3.099365218144067e-11,
        2.7856178487494385e-11,
        1.49720143989863e-11,
        2.248243605271703e-11,
        2.2491694534842047e-11
      ],
      "confidence": 0.7
    }
  ]
}