{
  "chunk": 2082,
  "total_chunks": 3600,
  "patterns_found": 2,
  "start_time": 2081.0005780557162,
  "end_time": 2081.9995783332165,
  "patterns": [
    {
      "type": "spike",
      "count": 24,
      "times": [
        2081.0085780579384,
        2081.010578058494,
        2081.0165780601606,
        2081.019578060994,
        2081.0215780615495,
        2081.023578062105,
        2081.028578063494,
        2081.0425780673827,
        2081.051578069883,
        2081.055578070994,
        2081.082578078494,
        2081.1345780929387,
        2081.172578103494,
        2081.875578298772,
        2081.942578317383,
        2081.945578318216,
        2081.94857831905,
        2081.9535783204387,
        2081.9595783221052,
        2081.9625783229385,
        2081.978578327383,
        2081.9855783293274,
        2081.992578331272,
        2081.9945783318276
      ],
      "amplitudes": [
        0.001160071755368242,
        0.0010729848334703788,
        0.001141684389142714,
        0.00120818122732941,
        0.001082389699573905,
        0.0010757227810242124,
        0.0011526375659806911,
        0.0011540450401211918,
        0.0011644034870064482,
        0.001086552693789036,
        0.0010580429594732885,
        0.0010691685731429351,
        0.0010708492044839435,
        0.0010648596436717698,
        0.0010831797324046104,
        0.00106335220423152,
        0.001075985140746875,
        0.0011618116552495922,
        0.0010851432752525102,
        0.001135267973555914,
        0.0011505498228791243,
        0.0011143953632017476,
        0.0010809995147787429,
        0.0011469264466337848
      ],
      "confidence": 0.8
    },
    {
      "type": "oscillation",
      "frequencies": [
        3.906248915626821,
        23.437493493760925,
        39.062489156268214,
        62.49998265002914,
        78.12497831253643,
        101.56247180629735,
        113.28121855317781,
        132.81246313131192,
        144.53120987819239,
        156.24995662507285,
        171.87495228758013,
        187.4999479500874,
        210.93744144384834,
        234.37493493760928,
        261.718677346997,
        269.53117517825063,
        281.2499219251311,
        300.78116650326524,
        316.4061621657725,
        332.0311578282798,
        339.84365565953345,
        347.65615349078706,
        355.4686513220407,
        371.093646984548,
        398.43738939393575,
        410.1561361408162,
        417.9686339720699,
        429.68738071895035,
        449.21862529708443,
        464.8436209595917,
        476.5623677064722,
        496.0936122846063
      ],
      "power": [
        3.4846018592040635e-10,
        4.5088044989742966e-11,
        2.729132400290015e-11,
        1.9796009225313936e-11,
        1.7331413665317317e-11,
        3.7205857963531675e-11,
        4.688599133919592e-11,
        2.7931267862426965e-11,
        2.2575273792486515e-11,
        4.818254584008349e-11,
        2.7184004904511183e-11,
        2.0782335907292592e-11,
        1.9146902014073766e-11,
        3.7933329293957515e-11,
        2.6954011890619614e-11,
        2.576004141249593e-11,
        2.926329065506049e-11,
        3.083934919561463e-11,
        1.9301752752249957e-11,
        4.5424344648064063e-11,
        3.455223721243453e-11,
        3.005396010552954e-11,
        2.4306324700117533e-11,
        2.4587421336906886e-11,
        4.521288621292445e-11,
        3.2499019120414976e-11,
        1.7082367069751934e-11,
        1.7993348665151154e-11,
        2.72572914652033e-11,
        2.5247703430484723e-11,
        2.820068350065694e-11,
        2.325916504737691e-11
      ],
      "confidence": 0.7
    }
  ]
}