{
  "chunk": 664,
  "total_chunks": 3600,
  "patterns_found": 2,
  "start_time": 663.0001841667179,
  "end_time": 663.9991844442179,
  "patterns": [
    {
      "type": "spike",
      "count": 26,
      "times": [
        663.0011841669956,
        663.0051841681068,
        663.0071841686623,
        663.0131841703289,
        663.0151841708845,
        663.0251841736623,
        663.0291841747734,
        663.0361841767178,
        663.0421841783846,
        663.0561841822735,
        663.0601841833845,
        663.8701844083846,
        663.9121844200513,
        663.9231844231068,
        663.9431844286623,
        663.9501844306068,
        663.9581844328291,
        663.9611844336624,
        663.963184434218,
        663.9661844350512,
        663.9751844375513,
        663.9781844383846,
        663.9821844394958,
        663.9841844400513,
        663.9931844425513,
        663.9971844436624
      ],
      "amplitudes": [
        0.0011502610042190152,
        0.0011504054866465947,
        0.0011077782946352234,
        0.0010667284710956268,
        0.0010747710044894385,
        0.0010606132569796194,
        0.0011257629036409127,
        0.0010480094540796276,
        0.001102118735335267,
        0.0010447715453480257,
        0.001170847699697389,
        0.0010554672182745116,
        0.001120440347000153,
        0.0010469496295704883,
        0.0010467526516432636,
        0.0011702547293071688,
        0.0010526668065935858,
        0.001041071601902567,
        0.0010357451288284143,
        0.0010364560309951121,
        0.0010944406192364275,
        0.001080365585419006,
        0.0010845192838296602,
        0.0011233153286245813,
        0.001116825655207066,
        0.0010534390253128963
      ],
      "confidence": 0.8
    },
    {
      "type": "oscillation",
      "frequencies": [
        3.906248915182732,
        23.43749349109639,
        42.96873806701005,
        66.40623155810644,
        82.03122721883737,
        109.37496962511649,
        124.99996528584742,
        132.81246311621288,
        144.53120986176108,
        160.156205522492,
        191.40619684395386,
        210.93744141986753,
        218.74993925023298,
        234.37493491096393,
        253.9061794868776,
        273.43742406279125,
        285.1561708083394,
        292.9686686387049,
        304.6874153842531,
        316.4061621298013,
        324.21865996016675,
        332.03115779053223,
        339.84365562089766,
        347.65615345126315,
        355.46865128162864,
        371.09364694235956,
        386.7186426030905,
        394.5311404334559,
        402.3436382638214,
        414.06238500936956,
        425.7811317549178,
        441.4061274156487,
        457.03112307637963,
        468.74986982192786,
        480.46861656747603,
        496.09361222820695
      ],
      "power": [
        2.914444143982814e-10,
        2.5433802312141093e-11,
        1.952102548610757e-11,
        3.58080785732841e-11,
        3.05109097065528e-11,
        2.7448850564231607e-11,
        2.1482822647513627e-11,
        1.7988953034441446e-11,
        4.128487251110903e-11,
        1.9234645177823576e-11,
        1.9234679918894112e-11,
        1.9138561283627292e-11,
        2.5566326093196834e-11,
        4.232924276857662e-11,
        1.5854580444280865e-11,
        2.993326622631091e-11,
        1.987116717107291e-11,
        1.3822332012212106e-11,
        1.9651149320835018e-11,
        2.1903728697498067e-11,
        2.4966522065479628e-11,
        2.001164773904063e-11,
        1.7470296771852448e-11,
        1.3271011161994294e-11,
        1.1439533809343467e-11,
        2.25042972195745e-11,
        3.259926403776872e-11,
        3.990065512727119e-11,
        2.6542140400074308e-11,
        3.065917471191241e-11,
        4.169066881872414e-11,
        3.4392714080598844e-11,
        1.4118185650852082e-11,
        2.559369791468262e-11,
        2.3841860428759974e-11,
        1.9211862500065286e-11
      ],
      "confidence": 0.7
    }
  ]
}