{
  "chunk": 2220,
  "total_chunks": 3600,
  "patterns_found": 2,
  "start_time": 2219.0006163890603,
  "end_time": 2219.99961666656,
  "patterns": [
    {
      "type": "spike",
      "count": 28,
      "times": [
        2219.007616391005,
        2219.010616391838,
        2219.020616394616,
        2219.023616395449,
        2219.0266163962824,
        2219.03661639906,
        2219.0486164023937,
        2219.0576164048935,
        2219.0616164060048,
        2219.0736164093382,
        2219.0766164101715,
        2219.1116164198934,
        2219.901616639338,
        2219.9256166460045,
        2219.937616649338,
        2219.9406166501713,
        2219.9546166540604,
        2219.958616655171,
        2219.965616657116,
        2219.9676166576714,
        2219.9716166587828,
        2219.973616659338,
        2219.976616660171,
        2219.982616661838,
        2219.987616663227,
        2219.992616664616,
        2219.9946166651716,
        2219.997616666005
      ],
      "amplitudes": [
        0.00121977095806703,
        0.0010503457578223234,
        0.0010879498772032269,
        0.0010898468747598128,
        0.0010960895907473204,
        0.0011621571968228064,
        0.0011923501728108741,
        0.0012557200812307072,
        0.00109148952174122,
        0.001060467118565122,
        0.0010993668791512419,
        0.0010800093602239213,
        0.0010566945240432515,
        0.0010708361626942246,
        0.0011296785614711609,
        0.00112099833842106,
        0.001050200512211436,
        0.0011727619171535484,
        0.001069810048577541,
        0.0010632260613833392,
        0.0010510201683309466,
        0.0010998936365209785,
        0.001134183630326008,
        0.0011145781913724324,
        0.0012079110338229842,
        0.001070592407887433,
        0.0012691038213918844,
        0.0010672781190521387
      ],
      "confidence": 0.8
    },
    {
      "type": "oscillation",
      "frequencies": [
        3.906248915626821,
        27.343742409387747,
        54.687484818775495,
        78.12497831253643,
        85.93747614379006,
        97.65622289067053,
        109.37496963755099,
        132.81246313131192,
        152.34370770944602,
        164.0624544563265,
        183.5936990344606,
        195.31244578134107,
        210.93744144384834,
        218.74993927510198,
        238.2811838532361,
        246.09368168448972,
        261.718677346997,
        281.2499219251311,
        292.9686686720116,
        308.59366433451885,
        316.4061621657725,
        332.0311578282798,
        343.74990457516026,
        359.37490023766753,
        374.9998959001748,
        386.7186426470553,
        398.43738939393575,
        406.2498872251894,
        425.7811318033235,
        449.21862529708443,
        457.0311231283381,
        480.46861662209903,
        496.0936122846063
      ],
      "power": [
        2.9527044964187706e-10,
        5.2624543498394634e-11,
        3.5272008579446146e-11,
        2.136761443113259e-11,
        3.0199224766023273e-11,
        3.6539642323535054e-11,
        2.4333066863692084e-11,
        4.912499047920298e-11,
        2.6635633809037234e-11,
        3.135340071155522e-11,
        1.7763116562682326e-11,
        1.936662799991837e-11,
        2.358904544561147e-11,
        1.9859714840564934e-11,
        2.018809576409548e-11,
        2.8409433994011346e-11,
        1.7625131409140568e-11,
        1.7020680951267218e-11,
        3.3526624835830804e-11,
        2.113184942133978e-11,
        2.1843257625993924e-11,
        2.7327444972234005e-11,
        3.872771354266974e-11,
        2.2940807314902287e-11,
        3.020885716334039e-11,
        3.80727914018532e-11,
        2.1595594004957417e-11,
        1.7040240154107612e-11,
        1.9033904403266546e-11,
        2.8586507308981328e-11,
        2.496105663311464e-11,
        2.663298821642221e-11,
        1.739580495911312e-11
      ],
      "confidence": 0.7
    }
  ]
}