{
  "chunk": 2802,
  "total_chunks": 3600,
  "patterns_found": 2,
  "start_time": 2801.0007780557717,
  "end_time": 2801.999778333272,
  "patterns": [
    {
      "type": "spike",
      "count": 19,
      "times": [
        2801.0027780563273,
        2801.007778057716,
        2801.0107780585495,
        2801.0137780593827,
        2801.0157780599384,
        2801.025778062716,
        2801.027778063272,
        2801.031778064383,
        2801.081778078272,
        2801.8667782963275,
        2801.913778309383,
        2801.917778310494,
        2801.932778314661,
        2801.944778317994,
        2801.9467783185496,
        2801.9777783271606,
        2801.986778329661,
        2801.9917783310498,
        2801.9957783321606
      ],
      "amplitudes": [
        0.0011781508643533415,
        0.0012578769421748436,
        0.0011484473581540803,
        0.0010800191122276245,
        0.0010980703147498083,
        0.0010606676818491099,
        0.0011391628057159228,
        0.0010534312866171775,
        0.0010541675784983785,
        0.0010575603595053369,
        0.0010604481720504237,
        0.0010524270173168703,
        0.001059649480364338,
        0.0011170728400414596,
        0.001064182134392752,
        0.001088699614655236,
        0.0011116911447659726,
        0.0011449936066079652,
        0.001062318632655061
      ],
      "confidence": 0.8
    },
    {
      "type": "oscillation",
      "frequencies": [
        3.9062489138504652,
        27.343742396953257,
        39.06248913850465,
        62.499982621607444,
        74.21872936315884,
        85.93747610471024,
        121.09371632936443,
        132.8124630709158,
        152.34370764016813,
        164.06245438171953,
        175.78120112327093,
        187.49994786482233,
        203.12494352022418,
        222.65618808947653,
        230.46868591717745,
        246.0936815725793,
        257.8124283141307,
        273.4374239695326,
        292.96866853878487,
        304.68741528033627,
        316.40616202188767,
        324.2186598495886,
        339.84365550499047,
        347.6561533326914,
        363.28114898809326,
        374.99989572964466,
        394.531140298897,
        421.87488269585026,
        437.4998783512521,
        460.9373718343549,
        476.56236748975675,
        488.28111423130815
      ],
      "power": [
        3.20550234686859e-10,
        3.7024525338680675e-11,
        3.514443798712827e-11,
        2.1192288280786532e-11,
        3.357163127377276e-11,
        3.458390701491433e-11,
        3.720451223033455e-11,
        4.002557649975055e-11,
        3.349373564631836e-11,
        2.493009178839067e-11,
        1.1858995671116813e-11,
        2.99809089720087e-11,
        1.5480641076239553e-11,
        2.545525318463493e-11,
        3.8120126571292305e-11,
        3.6562937724815374e-11,
        2.3327974005419295e-11,
        2.1699265195025545e-11,
        3.894683840289546e-11,
        4.039498580844859e-11,
        3.066360893838884e-11,
        3.115960411892047e-11,
        2.3873534674706486e-11,
        4.6652560648446476e-11,
        1.2866887154804741e-11,
        1.8780766124696122e-11,
        3.107775134153935e-11,
        3.412436362983408e-11,
        4.299470064171291e-11,
        2.2566023306208024e-11,
        1.7693839232656912e-11,
        2.3885727051896242e-11
      ],
      "confidence": 0.7
    }
  ]
}