{
  "chunk": 570,
  "total_chunks": 3600,
  "patterns_found": 2,
  "start_time": 569.0001580555995,
  "end_time": 569.9991583330996,
  "patterns": [
    {
      "type": "spike",
      "count": 21,
      "times": [
        569.002158056155,
        569.0121580589329,
        569.016158060044,
        569.0191580608773,
        569.0371580658773,
        569.0521580700439,
        569.0551580708773,
        569.0601580722662,
        569.0641580733773,
        569.0771580769884,
        569.101158083655,
        569.1121580867106,
        569.8281582855996,
        569.8921583033773,
        569.9601583222662,
        569.9621583228218,
        569.9651583236551,
        569.9691583247662,
        569.979158327544,
        569.9911583308774,
        569.9931583314329
      ],
      "amplitudes": [
        0.0011508103808948024,
        0.0010951939381512595,
        0.001111878156472428,
        0.0010733415260157798,
        0.0011029830611477452,
        0.0010729688033520354,
        0.0011427098603803887,
        0.0010927137123375964,
        0.0011244626246937305,
        0.001060671052847293,
        0.0010778571706037202,
        0.001108580209964207,
        0.0011017681714217346,
        0.0011118039986977375,
        0.0010889147857112477,
        0.001163407132168914,
        0.0010925276352252494,
        0.0011131676182851216,
        0.0011068504004181647,
        0.0011184901921090966,
        0.001178408649627371
      ],
      "confidence": 0.8
    },
    {
      "type": "oscillation",
      "frequencies": [
        3.906248915182732,
        27.343742406279123,
        39.06248915182732,
        54.687484812558246,
        66.40623155810644,
        74.21872938847191,
        89.84372504920283,
        101.56247179475103,
        109.37496962511649,
        128.90621420103017,
        148.43745877694383,
        160.156205522492,
        171.8749522680402,
        179.68745009840566,
        187.49994792877112,
        203.12494358950207,
        214.84369033505027,
        234.37493491096393,
        249.99993057169485,
        261.718677317243,
        277.343672977974,
        289.06241972352217,
        300.78116646907034,
        316.4061621298013,
        335.937406705715,
        347.65615345126315,
        355.46865128162864,
        363.28114911199407,
        378.906144772725,
        394.5311404334559,
        421.87488283973505,
        433.5936295852832,
        441.4061274156487,
        457.03112307637963,
        476.5623676522933,
        492.1873633130242
      ],
      "power": [
        3.293168161281668e-10,
        1.7059945579769548e-11,
        2.3696665049552988e-11,
        2.084806264794733e-11,
        2.133622568680085e-11,
        1.368111382007331e-11,
        3.75011919798635e-11,
        1.5122200301662118e-11,
        2.6314648150426457e-11,
        3.18297623665486e-11,
        2.6906665856200342e-11,
        5.3095809523688776e-11,
        2.756567652977394e-11,
        3.912653494216376e-11,
        3.181245021521817e-11,
        2.1504963793115614e-11,
        3.115070140569435e-11,
        3.160464906766019e-11,
        3.4330318945703725e-11,
        3.237873771373337e-11,
        1.3770537415870888e-11,
        2.956914881730967e-11,
        1.9018760060870975e-11,
        3.2168793547644726e-11,
        3.068278437564421e-11,
        1.8318886787499887e-11,
        1.8100637437750604e-11,
        1.6013127054575907e-11,
        2.954675269905466e-11,
        4.447723704138285e-11,
        3.5785657136548714e-11,
        3.386090152746663e-11,
        1.6687375385710587e-11,
        4.7578477523506084e-11,
        4.4002204017844576e-11,
        1.8881965010609374e-11
      ],
      "confidence": 0.7
    }
  ]
}