{
  "chunk": 1317,
  "total_chunks": 3600,
  "patterns_found": 2,
  "start_time": 1316.0003655556573,
  "end_time": 1316.9993658331573,
  "patterns": [
    {
      "type": "spike",
      "count": 7,
      "times": [
        1316.478365688435,
        1316.4913656920462,
        1316.4983656939905,
        1316.532365703435,
        1316.5653657126018,
        1316.6123657256571,
        1316.6243657289906
      ],
      "amplitudes": [
        0.0016984050609917224,
        0.0016851509306901992,
        0.0016972758177963647,
        0.0017932064078272202,
        0.001752894913804249,
        0.0016953880059362076,
        0.0017055246948317144
      ],
      "confidence": 0.8
    },
    {
      "type": "oscillation",
      "frequencies": [
        3.906248915626821,
        11.718746746880463,
        27.343742409387747,
        42.96873807189503,
        50.781235903148676,
        66.40623156565596,
        78.12497831253643,
        85.93747614379006,
        101.56247180629735,
        113.28121855317781,
        124.99996530005828,
        144.53120987819239,
        164.0624544563265,
        179.68745011883377,
        195.31244578134107,
        214.84369035947518,
        226.56243710635562,
        242.18743276886292,
        277.3436730095043,
        292.9686686720116,
        300.78116650326524,
        316.4061621657725,
        328.124908912653,
        335.93740674390665,
        347.65615349078706,
        355.4686513220407,
        371.093646984548,
        394.53114047830894,
        417.9686339720699,
        425.7811318033235,
        437.49987855020396,
        449.21862529708443,
        472.65611879084537,
        488.28111445335264
      ],
      "power": [
        2.9081686391173893e-10,
        5.4471635046171135e-11,
        2.6887766888721923e-11,
        1.755561776677155e-11,
        3.196811982321903e-11,
        2.9573022403095194e-11,
        2.2587422019928032e-11,
        2.97767181963602e-11,
        2.019124661939896e-11,
        1.5486574450874648e-11,
        2.6232700918534224e-11,
        2.7086208936349815e-11,
        2.728727683194404e-11,
        2.890125825365212e-11,
        2.2818333105265708e-11,
        3.97908499772225e-11,
        2.5333604043642932e-11,
        2.486460494474084e-11,
        1.663379728276789e-11,
        1.788419222095668e-11,
        1.995214145671205e-11,
        3.5881708268194276e-11,
        9.910970163821683e-12,
        1.606649949225501e-11,
        3.54758957915501e-11,
        2.047139668807957e-11,
        3.140285607800128e-11,
        3.653733882060324e-11,
        1.909130697968455e-11,
        2.7669261584903728e-11,
        2.9443524519968256e-11,
        2.4912435956649666e-11,
        4.0603272043490096e-11,
        4.267790627786425e-11
      ],
      "confidence": 0.7
    }
  ]
}