{
  "chunk": 832,
  "total_chunks": 3600,
  "patterns_found": 2,
  "start_time": 831.0002308333975,
  "end_time": 831.9992311108975,
  "patterns": [
    {
      "type": "spike",
      "count": 20,
      "times": [
        831.0062308350641,
        831.0082308356198,
        831.011230836453,
        831.0212308392308,
        831.0262308406197,
        831.0312308420087,
        831.0342308428419,
        831.0392308442308,
        831.052230847842,
        831.061230850342,
        831.0662308517309,
        831.070230852842,
        831.0822308561753,
        831.8622310728421,
        831.9452310958976,
        831.9642311011753,
        831.970231102842,
        831.9752311042309,
        831.9862311072865,
        831.9952311097865
      ],
      "amplitudes": [
        0.0012149999399068913,
        0.0010802581520466363,
        0.00110678937119145,
        0.0011234747459172502,
        0.001132916852253893,
        0.0011249597828281049,
        0.0011274011010052399,
        0.0010752926594216892,
        0.001062257587496549,
        0.0010729821931259064,
        0.001083973232490148,
        0.0010797342041269015,
        0.0011170226163517121,
        0.0010795362299893224,
        0.0010501845543806796,
        0.0010808726400204061,
        0.001109873420986983,
        0.001109058398671417,
        0.0012248696229343887,
        0.001099622887406222
      ],
      "confidence": 0.8
    },
    {
      "type": "oscillation",
      "frequencies": [
        3.906248914738643,
        27.343742403170502,
        42.96873806212508,
        54.687484806341004,
        74.21872938003422,
        97.65622286846607,
        105.46872069794337,
        121.09371635689794,
        136.7187120158525,
        144.5312098453298,
        160.15620550428437,
        175.78120116323893,
        191.40619682219352,
        210.93744139588674,
        230.46868596957995,
        249.99993054327317,
        269.5311751169664,
        281.2499218611823,
        312.49991317909144,
        328.12490883804605,
        351.56240232647787,
        363.2811490706938,
        374.99989581490973,
        386.71864255912567,
        410.15613604755754,
        449.21862519494397,
        460.9373719391599,
        472.65611868337584,
        484.37486542759177,
        496.0936121718077
      ],
      "power": [
        3.372551129286008e-10,
        4.197179415872968e-11,
        2.493172837998883e-11,
        3.0904818594469723e-11,
        2.3397193455330153e-11,
        2.847967754290966e-11,
        2.508237785461495e-11,
        2.1618506228570582e-11,
        2.5860665362738067e-11,
        2.364144163047053e-11,
        2.621141526238077e-11,
        1.5513729538477512e-11,
        3.4708449617263846e-11,
        1.1369065016534938e-11,
        3.022602083313491e-11,
        4.379732090365021e-11,
        1.9831495407469355e-11,
        5.015999122621682e-11,
        3.848689179153898e-11,
        3.663681228066695e-11,
        3.158861540443412e-11,
        2.794440282699278e-11,
        1.9917483153260187e-11,
        2.3258288188258497e-11,
        2.0927875116998187e-11,
        2.6698364521426946e-11,
        3.9286723192040897e-11,
        2.6746056187579618e-11,
        1.901908437757299e-11,
        5.312073477427098e-11
      ],
      "confidence": 0.7
    }
  ]
}