{
  "chunk": 2130,
  "total_chunks": 3600,
  "patterns_found": 2,
  "start_time": 2129.000591389053,
  "end_time": 2129.9995916665534,
  "patterns": [
    {
      "type": "spike",
      "count": 19,
      "times": [
        2129.010591391831,
        2129.016591393498,
        2129.019591394331,
        2129.0215913948864,
        2129.0275913965534,
        2129.03359139822,
        2129.0405914001644,
        2129.0445914012753,
        2129.0565914046088,
        2129.068591407942,
        2129.104591417942,
        2129.106591418498,
        2129.1105914196087,
        2129.8995916387757,
        2129.94259165072,
        2129.959591655442,
        2129.9725916590533,
        2129.9895916637756,
        2129.995591665442
      ],
      "amplitudes": [
        0.0011045988729597941,
        0.001162996814542099,
        0.001065424335098594,
        0.0011783329494137408,
        0.0011711256205951773,
        0.0010514267674121922,
        0.0011045288345514258,
        0.0010808527623394257,
        0.0010708579307578524,
        0.0010592188909571215,
        0.001092864105361925,
        0.0011331234328610586,
        0.0010519797034132016,
        0.0010892934604982587,
        0.0010724206760771146,
        0.0011405580625127823,
        0.0010787045386811789,
        0.0011382913014021158,
        0.001181606376810666
      ],
      "confidence": 0.8
    },
    {
      "type": "oscillation",
      "frequencies": [
        3.9062489138504652,
        39.06248913850465,
        50.781235880056045,
        70.31248044930837,
        82.03122719085977,
        97.65622284626163,
        105.46872067396257,
        128.90621415706536,
        148.4374587263177,
        167.96870329557,
        179.6874500371214,
        187.49994786482233,
        203.12494352022418,
        218.74993917562605,
        230.46868591717745,
        246.0936815725793,
        253.90617940028025,
        261.7186772279812,
        269.5311750556821,
        281.24992179723347,
        296.8749174526354,
        316.40616202188767,
        328.12490876343907,
        335.93740659114,
        355.4686511603923,
        371.0936468157942,
        386.71864247119606,
        398.43738921274746,
        414.0623848681493,
        425.7811316097007,
        437.4998783512521,
        449.2186250928035,
        468.74986966205586,
        496.0936120590091
      ],
      "power": [
        3.635361002781129e-10,
        1.6798139813038145e-11,
        3.23929688332513e-11,
        3.316180460336316e-11,
        4.3277717424776314e-11,
        1.7438004052807147e-11,
        2.2130463925070896e-11,
        3.2577952158660175e-11,
        1.0341173440191865e-11,
        2.7280077747699236e-11,
        2.1087278280865743e-11,
        1.8140975220847173e-11,
        1.2929239947933598e-11,
        5.1704104958914635e-11,
        3.699521341291093e-11,
        2.6204869290250397e-11,
        1.9005709771205012e-11,
        1.590952223770143e-11,
        3.09367794472668e-11,
        1.5786754562586422e-11,
        3.383211578153028e-11,
        1.5696703160498615e-11,
        2.2870071876073853e-11,
        2.7587017613196503e-11,
        2.1615233405121944e-11,
        2.5580830958010873e-11,
        2.2368494937562866e-11,
        3.306009855236826e-11,
        2.0631649124777183e-11,
        2.8657504233993134e-11,
        3.2596232339587005e-11,
        1.871095339464176e-11,
        4.185851032633049e-11,
        3.300854264723873e-11
      ],
      "confidence": 0.7
    }
  ]
}