{
  "chunk": 1409,
  "total_chunks": 3600,
  "patterns_found": 2,
  "start_time": 1408.0003911112199,
  "end_time": 1408.99939138872,
  "patterns": [
    {
      "type": "spike",
      "count": 5,
      "times": [
        1408.5183912551088,
        1408.5513912642755,
        1408.60339127872,
        1408.6153912820532,
        1408.7253913126087
      ],
      "amplitudes": [
        0.0016902624776358403,
        0.0016879480742251513,
        0.0016972202833021382,
        0.0016845953234497324,
        0.001684896401548824
      ],
      "confidence": 0.8
    },
    {
      "type": "oscillation",
      "frequencies": [
        3.906248914738643,
        15.624995658954573,
        27.343742403170502,
        50.781235891602364,
        58.59373372107965,
        78.12497829477286,
        89.8437250389888,
        113.28121852742065,
        136.7187120158525,
        148.43745876006844,
        160.15620550428437,
        167.96870333376165,
        179.6874500779776,
        191.40619682219352,
        207.03119248114808,
        226.5624370548413,
        234.3749348843186,
        249.99993054327317,
        257.81242837275045,
        265.62492620222775,
        273.437424031705,
        281.2499218611823,
        304.6874153496142,
        316.4061620938301,
        335.9374066675233,
        347.65615341173924,
        359.3749001559552,
        382.81239364438704,
        406.2498871328189,
        421.8748827917735,
        437.49987845072803,
        445.31237628020534,
        457.0311230244213,
        468.7498697686372,
        476.56236759811446,
        488.2811143423304
      ],
      "power": [
        3.136408222928354e-10,
        2.1165847807996316e-11,
        2.2332579275611088e-11,
        1.7263280963373164e-11,
        1.4993510845181483e-11,
        1.9156253637780603e-11,
        4.5300825073926546e-11,
        3.851786776808025e-11,
        3.914009103801838e-11,
        3.142033144242666e-11,
        2.2898204404082124e-11,
        3.021671118136258e-11,
        2.573185125235543e-11,
        2.4704788161547272e-11,
        2.5735150485604506e-11,
        2.1166354242497802e-11,
        1.8918225522378665e-11,
        2.014621397527842e-11,
        1.756854655430726e-11,
        1.4425686681362214e-11,
        2.188662503928029e-11,
        1.6614289957363266e-11,
        2.1774870194320083e-11,
        3.2929174410545136e-11,
        2.2028535738597277e-11,
        2.323071964521626e-11,
        4.630298691685267e-11,
        3.228517658998406e-11,
        2.95656542536284e-11,
        2.4046092094595237e-11,
        2.6627866311572724e-11,
        3.1104759438612464e-11,
        3.232957072651899e-11,
        2.9874624664590505e-11,
        1.9519227421475726e-11,
        2.99398022480919e-11
      ],
      "confidence": 0.7
    }
  ]
}