{
  "chunk": 3543,
  "total_chunks": 3600,
  "patterns_found": 2,
  "start_time": 3542.0009838891624,
  "end_time": 3542.9999841666627,
  "patterns": [
    {
      "type": "spike",
      "count": 4,
      "times": [
        3542.3279839799957,
        3542.4009840002736,
        3542.5179840327737,
        3542.61398405944
      ],
      "amplitudes": [
        0.0017106179187074983,
        0.0016958335089893948,
        0.0017769023359855644,
        0.0017134132381055895
      ],
      "confidence": 0.8
    },
    {
      "type": "oscillation",
      "frequencies": [
        3.906248915626821,
        19.531244578134107,
        39.062489156268214,
        46.87498698752185,
        58.59373373440232,
        74.21872939690961,
        85.93747614379006,
        97.65622289067053,
        117.18746746880464,
        124.99996530005828,
        132.81246313131192,
        148.43745879381922,
        167.96870337195332,
        183.5936990344606,
        207.0311925282215,
        222.6561881907288,
        242.18743276886292,
        257.8124284313702,
        269.53117517825063,
        277.3436730095043,
        292.9686686720116,
        312.4999132501457,
        328.124908912653,
        339.84365565953345,
        355.4686513220407,
        363.2811491532944,
        382.8123937314285,
        394.53114047830894,
        402.3436383095626,
        410.1561361408162,
        425.7811318033235,
        449.21862529708443,
        460.9373720439649,
        484.37486553772584,
        492.18736336897945
      ],
      "power": [
        3.620292838059918e-10,
        2.7490528884926257e-11,
        2.412690723740257e-11,
        2.089040984176113e-11,
        1.8886751757140513e-11,
        3.3693264224114964e-11,
        2.5272253168519796e-11,
        1.1260258754622509e-11,
        2.9993119301668803e-11,
        3.066687765195073e-11,
        2.1995388666211865e-11,
        3.444179558396521e-11,
        3.6414120586968966e-11,
        3.091232183533338e-11,
        4.658349748789957e-11,
        2.7623986389290733e-11,
        2.736538917292682e-11,
        3.592111505612025e-11,
        3.3062259822579006e-11,
        2.5208956106049648e-11,
        2.960249020317992e-11,
        4.666739114081608e-11,
        1.3480077700788682e-11,
        2.8067058279442957e-11,
        2.494957654689664e-11,
        2.8357355181317584e-11,
        2.6104170537916844e-11,
        1.664677692208242e-11,
        1.776912384138727e-11,
        1.5297106070634208e-11,
        1.2240434396045928e-11,
        3.464528923145692e-11,
        3.409097585393353e-11,
        2.0911742415713346e-11,
        2.5798693604023403e-11
      ],
      "confidence": 0.7
    }
  ]
}