{
  "chunk": 163,
  "total_chunks": 3600,
  "patterns_found": 2,
  "start_time": 162.0000450000125,
  "end_time": 162.99904527751258,
  "patterns": [
    {
      "type": "spike",
      "count": 9,
      "times": [
        162.3800451055681,
        162.43604512112364,
        162.47104513084588,
        162.48404513445698,
        162.48604513501255,
        162.51704514362365,
        162.57304515917923,
        162.59104516417923,
        162.59904516640145
      ],
      "amplitudes": [
        0.001682700104136934,
        0.0017828439381171422,
        0.0016839762205855652,
        0.0016876039379679704,
        0.0017006196193041702,
        0.0016907673751662164,
        0.0017533473175240838,
        0.001733182246975638,
        0.0016948563479675066
      ],
      "confidence": 0.8
    },
    {
      "type": "oscillation",
      "frequencies": [
        3.906248914960688,
        23.437493489764126,
        42.96873806456757,
        58.59373372441032,
        66.4062315543317,
        82.03122721417445,
        105.46872070393857,
        117.18746744882064,
        124.99996527874201,
        140.62496093858476,
        152.34370768346682,
        164.0624544283489,
        175.78120117323095,
        187.499947918113,
        207.03119249291646,
        218.74993923779851,
        246.09368164252334,
        257.8124283874054,
        265.6249262173268,
        277.3436729622088,
        289.0624197070909,
        304.68741536693364,
        324.2186599417371,
        335.93740668661917,
        343.74990451654054,
        363.281149091344,
        378.90614475118673,
        386.7186425811081,
        402.34363824095084,
        421.8748828157543,
        441.40612739055774,
        449.2186252204791,
        460.93737196536114,
        476.56236762520393,
        488.28111437008596,
        496.0936122000073
      ],
      "power": [
        3.052024563014213e-10,
        3.712654586618157e-11,
        3.019482373949831e-11,
        1.7877972209674765e-11,
        2.438917225191791e-11,
        3.429162064463009e-11,
        2.7251961599909328e-11,
        1.931344849542146e-11,
        2.1073915591862465e-11,
        2.4694614431855338e-11,
        2.6238222085839362e-11,
        1.6493405117777873e-11,
        3.4042469986917574e-11,
        2.06234002358177e-11,
        1.599959481715149e-11,
        3.4232263795327795e-11,
        4.9355627139730755e-11,
        1.3723022868259932e-11,
        1.8880647763556024e-11,
        2.8905002183240336e-11,
        2.358152347193195e-11,
        1.5539213091154418e-11,
        2.859182798222713e-11,
        1.8570837005963115e-11,
        2.5186664168951465e-11,
        2.783877546648011e-11,
        3.09578952005464e-11,
        2.1219230631391227e-11,
        2.2777482573051062e-11,
        2.5232482434221723e-11,
        2.817509548768047e-11,
        3.5852738291763225e-11,
        4.223519879942556e-11,
        2.534963659657008e-11,
        2.2898068417649888e-11,
        1.114115595455049e-11
      ],
      "confidence": 0.7
    }
  ]
}