{
  "chunk": 1707,
  "total_chunks": 3600,
  "patterns_found": 2,
  "start_time": 1706.0004738890207,
  "end_time": 1706.9994741665207,
  "patterns": [
    {
      "type": "spike",
      "count": 7,
      "times": [
        1706.4334740092984,
        1706.4544740151318,
        1706.4704740195762,
        1706.4774740215207,
        1706.4904740251318,
        1706.5314740365206,
        1706.5564740434652
      ],
      "amplitudes": [
        0.001673380602139766,
        0.0016910553241125002,
        0.0017107574332714255,
        0.0016778141527342425,
        0.0016798858804630387,
        0.001735135298013941,
        0.0017327872249991597
      ],
      "confidence": 0.8
    },
    {
      "type": "oscillation",
      "frequencies": [
        3.906248914738643,
        11.71874674421593,
        23.43749348843186,
        39.06248914738643,
        58.59373372107965,
        70.31248046529558,
        85.93747612425015,
        93.74997395372743,
        109.37496961268201,
        117.1874674421593,
        128.90621418637522,
        148.43745876006844,
        164.06245441902303,
        175.78120116323893,
        195.31244573693215,
        214.8436903106254,
        230.46868596957995,
        242.18743271379589,
        261.7186772874891,
        273.437424031705,
        289.0624196906596,
        320.31241100856874,
        332.0311577527847,
        347.65615341173924,
        374.99989581490973,
        390.6248914738643,
        410.15613604755754,
        433.5936295359894,
        460.9373719391599,
        472.65611868337584,
        496.0936121718077
      ],
      "power": [
        2.703689388432905e-10,
        2.198338333092276e-11,
        2.2491000624269357e-11,
        2.57565564911308e-11,
        2.6414796300764417e-11,
        2.1696528529902734e-11,
        2.7505550765816507e-11,
        2.0439556825754668e-11,
        2.764759810341686e-11,
        3.318050918130883e-11,
        3.0950783063685114e-11,
        3.212069545508845e-11,
        2.835971410031202e-11,
        4.565448478444683e-11,
        2.2195257954639368e-11,
        1.9864710550581443e-11,
        2.0884893486456072e-11,
        1.8957144379499215e-11,
        2.4850916630955282e-11,
        3.3657288333035666e-11,
        2.5546545667536468e-11,
        3.1281310838905026e-11,
        2.494296443239693e-11,
        2.9056788335202372e-11,
        3.041408788784985e-11,
        1.4620018666307116e-11,
        2.9521689742730284e-11,
        3.623507122154225e-11,
        2.7137244675685425e-11,
        3.0051271488888576e-11,
        1.5910696911677662e-11
      ],
      "confidence": 0.7
    }
  ]
}