{
  "chunk": 3464,
  "total_chunks": 3600,
  "patterns_found": 2,
  "start_time": 3463.000961944712,
  "end_time": 3463.9999622222117,
  "patterns": [
    {
      "type": "spike",
      "count": 23,
      "times": [
        3463.0049619458227,
        3463.0099619472117,
        3463.0129619480454,
        3463.0149619486006,
        3463.0209619502675,
        3463.0249619513784,
        3463.0299619527673,
        3463.034961954156,
        3463.0599619611007,
        3463.143961984434,
        3463.8759621877675,
        3463.905962196101,
        3463.922962200823,
        3463.925962201656,
        3463.927962202212,
        3463.9329622036007,
        3463.944962206934,
        3463.9619622116566,
        3463.9639622122118,
        3463.9739622149896,
        3463.975962215545,
        3463.9889622191563,
        3463.9929622202676
      ],
      "amplitudes": [
        0.0011404092277162053,
        0.0011876663070132165,
        0.0010723848650436953,
        0.0010609620694072717,
        0.0012327008875573052,
        0.0011228934528458416,
        0.0010762774684134127,
        0.001076743365705874,
        0.001141820817590074,
        0.001098997916667264,
        0.0010702628941016503,
        0.0010478263421007815,
        0.001091803909182221,
        0.0010730515647675424,
        0.0012276257412562194,
        0.0010707512903911473,
        0.0011032968779313243,
        0.0011013793081823128,
        0.0011698807779658314,
        0.0010901033845994307,
        0.0011713997230228016,
        0.0011788014072504002,
        0.0011054863016060395
      ],
      "confidence": 0.8
    },
    {
      "type": "oscillation",
      "frequencies": [
        3.906248915626821,
        19.531244578134107,
        27.343742409387747,
        35.15624024064139,
        46.87498698752185,
        58.59373373440232,
        97.65622289067053,
        117.18746746880464,
        124.99996530005828,
        140.62496096256555,
        160.15620554069966,
        171.87495228758013,
        187.4999479500874,
        195.31244578134107,
        210.93744144384834,
        226.56243710635562,
        242.18743276886292,
        253.9061795157434,
        265.62492626262383,
        277.3436730095043,
        292.9686686720116,
        304.68741541889204,
        324.2186599970262,
        332.0311578282798,
        347.65615349078706,
        359.37490023766753,
        382.8123937314285,
        398.43738939393575,
        417.9686339720699,
        433.59362963457716,
        449.21862529708443,
        464.8436209595917,
        480.46861662209903,
        492.18736336897945
      ],
      "power": [
        3.3038507888101766e-10,
        1.888429586045136e-11,
        2.3719005468835154e-11,
        2.1876001266248845e-11,
        2.4364361826939962e-11,
        2.7763185498992982e-11,
        2.922389647094535e-11,
        2.1224355095997382e-11,
        1.6995742846623577e-11,
        2.126341609579141e-11,
        3.077663907739405e-11,
        3.708911474034564e-11,
        1.9638295259938794e-11,
        1.2820685780483109e-11,
        2.811001430779424e-11,
        2.3822136575059032e-11,
        1.397226423637374e-11,
        1.978478907043676e-11,
        2.7546943121855783e-11,
        1.705694532331964e-11,
        5.112934450728068e-11,
        2.365236339752262e-11,
        1.499225548239672e-11,
        1.2418586870936383e-11,
        1.8553544787683582e-11,
        1.7344940176577884e-11,
        2.8889242699019292e-11,
        2.5371975808618633e-11,
        5.575469104665775e-11,
        1.9018441615199164e-11,
        2.1031431238190143e-11,
        3.886451916882861e-11,
        2.3412423945538286e-11,
        3.080295763269184e-11
      ],
      "confidence": 0.7
    }
  ]
}