{
  "chunk": 2153,
  "total_chunks": 3600,
  "patterns_found": 2,
  "start_time": 2152.0005977779438,
  "end_time": 2152.999598055444,
  "patterns": [
    {
      "type": "spike",
      "count": 7,
      "times": [
        2152.3865978851663,
        2152.4755979098886,
        2152.522597922944,
        2152.530597925166,
        2152.5415979282216,
        2152.554597931833,
        2152.576597937944
      ],
      "amplitudes": [
        0.0017056027938825828,
        0.001707794783252072,
        0.0016831905741387246,
        0.00168707500702982,
        0.0017309471726511313,
        0.0016893551113332037,
        0.0016972700208258882
      ],
      "confidence": 0.8
    },
    {
      "type": "oscillation",
      "frequencies": [
        3.9062489138504652,
        11.718746741551396,
        27.343742396953257,
        35.156240224654184,
        54.68748479390651,
        70.31248044930837,
        82.03122719085977,
        93.74997393241117,
        105.46872067396257,
        113.28121850166349,
        128.90621415706536,
        144.5312098124672,
        156.2499565540186,
        167.96870329557,
        187.49994786482233,
        199.21869460637373,
        207.03119243407465,
        218.74993917562605,
        230.46868591717745,
        238.28118374487838,
        249.99993048642978,
        265.6249261418316,
        277.343672883383,
        289.0624196249344,
        300.7811663664858,
        308.5936641941868,
        324.2186598495886,
        343.74990441884097,
        355.4686511603923,
        367.1873979019437,
        378.9061446434951,
        402.3436381265979,
        410.15613595429886,
        425.7811316097007,
        441.40612726510255,
        453.12487400665395,
        464.84362074820535,
        476.56236748975675,
        492.1873631451586
      ],
      "power": [
        2.683229464152202e-10,
        3.6405516414713666e-11,
        1.752295593171884e-11,
        4.334902202311215e-11,
        3.2959221602595827e-11,
        4.857684630832003e-11,
        2.127752492055025e-11,
        2.4023568375534233e-11,
        1.4959369915735377e-11,
        1.7068070476929076e-11,
        2.1880778146485253e-11,
        2.941322810777658e-11,
        2.883123727271311e-11,
        3.7293186523948484e-11,
        1.8607685004288972e-11,
        3.537048271212938e-11,
        3.032006087675335e-11,
        2.147145804783453e-11,
        2.5410059766039614e-11,
        3.043578576936146e-11,
        3.105264484003679e-11,
        2.2254185240899192e-11,
        9.219852117324624e-12,
        1.998463079526163e-11,
        2.510487658917356e-11,
        3.138653478080771e-11,
        1.633184959395982e-11,
        3.2343131444129155e-11,
        1.6771029182803015e-11,
        2.9554282055381164e-11,
        2.1697995136317552e-11,
        3.144166821834182e-11,
        2.7237832905150334e-11,
        3.681448238115927e-11,
        1.836352502844586e-11,
        1.361108787159431e-11,
        2.8072592726945102e-11,
        3.351094326348241e-11,
        2.2291390142547194e-11
      ],
      "confidence": 0.7
    }
  ]
}