{
  "chunk": 256,
  "total_chunks": 3600,
  "patterns_found": 2,
  "start_time": 255.00007083335302,
  "end_time": 255.9990711108531,
  "patterns": [
    {
      "type": "spike",
      "count": 22,
      "times": [
        255.00307083418636,
        255.00707083529747,
        255.01407083724192,
        255.01607083779746,
        255.0190708386308,
        255.0230708397419,
        255.0330708425197,
        255.05307084807524,
        255.07707085474192,
        255.0830708564086,
        255.11507086529747,
        255.93307109251975,
        255.96107110029754,
        255.96307110085309,
        255.968071102242,
        255.97307110363087,
        255.97507110418644,
        255.97807110501975,
        255.9810711058531,
        255.98407110668643,
        255.9890711080753,
        255.99307110918645
      ],
      "amplitudes": [
        0.0011206201993800493,
        0.0011477861757697894,
        0.001179175734876878,
        0.001086401996181778,
        0.0011181203962114079,
        0.00110478453548617,
        0.0010600375216408664,
        0.0010980115275122347,
        0.0011109356290480293,
        0.0010960112142665815,
        0.0011431237464619016,
        0.0010708720572049793,
        0.0011206672998426025,
        0.001155814098642533,
        0.0011368837939939448,
        0.0012236907862282014,
        0.0011341497921240104,
        0.0010906279150620108,
        0.0011500592840452892,
        0.001109374133449379,
        0.0010778467148365523,
        0.0012094993819918324
      ],
      "confidence": 0.8
    },
    {
      "type": "oscillation",
      "frequencies": [
        3.906248914960688,
        27.343742404724814,
        50.781235894488944,
        58.59373372441032,
        74.21872938425307,
        82.03122721417445,
        97.65622287401719,
        105.46872070393857,
        113.28121853385994,
        124.99996527874201,
        148.43745876850613,
        164.0624544283489,
        179.68745008819164,
        187.499947918113,
        195.31244574803438,
        203.12494357795578,
        218.74993923779851,
        234.37493489764128,
        249.99993055748402,
        281.2499218771695,
        289.0624197070909,
        312.499913196855,
        328.1249088566978,
        343.74990451654054,
        374.999895836226,
        386.7186425811081,
        402.34363824095084,
        417.9686339007936,
        433.5936295606364,
        453.12487413543977,
        464.84362088032185,
        472.6561187102432,
        480.4686165401646,
        496.0936122000073
      ],
      "power": [
        3.1997930181239046e-10,
        3.4323858738395816e-11,
        2.101890279534726e-11,
        2.383835937579253e-11,
        2.5820733437338734e-11,
        2.7746644576253925e-11,
        3.076416284510435e-11,
        2.7738916781307383e-11,
        2.002162188914569e-11,
        3.737447382993158e-11,
        2.7370763089579986e-11,
        1.899696865429619e-11,
        2.809289451140779e-11,
        3.001009359810052e-11,
        2.0818559548336723e-11,
        3.913261057161472e-11,
        3.274350494799889e-11,
        1.885606795050416e-11,
        1.9648336088270217e-11,
        2.1625208285291314e-11,
        3.481495115645565e-11,
        2.648679184432111e-11,
        3.706467532455873e-11,
        2.3062607647271923e-11,
        3.0037913829308035e-11,
        3.211491159217508e-11,
        1.3794159775299557e-11,
        2.6004008695303803e-11,
        4.087073170726806e-11,
        3.931989422237269e-11,
        1.7757951252231003e-11,
        1.2996451683721742e-11,
        1.8063806465552316e-11,
        1.3455841499612928e-11
      ],
      "confidence": 0.7
    }
  ]
}