{
  "chunk": 2470,
  "total_chunks": 3600,
  "patterns_found": 2,
  "start_time": 2469.000685833524,
  "end_time": 2469.999686111024,
  "patterns": [
    {
      "type": "spike",
      "count": 21,
      "times": [
        2469.0066858351906,
        2469.012685836857,
        2469.0206858390793,
        2469.022685839635,
        2469.0246858401906,
        2469.0266858407463,
        2469.032685842413,
        2469.049685847135,
        2469.053685848246,
        2469.069685852691,
        2469.906686085191,
        2469.922686089635,
        2469.953686098246,
        2469.9566860990794,
        2469.9656861015796,
        2469.9696861026905,
        2469.973686103802,
        2469.977686104913,
        2469.9836861065796,
        2469.994686109635,
        2469.9986861107463
      ],
      "amplitudes": [
        0.0011489545501386234,
        0.0011540272298495777,
        0.0010564683251061797,
        0.0010425047973677945,
        0.001186700721344431,
        0.0011066383065059472,
        0.001126374745200821,
        0.001109956071382081,
        0.001052770393648468,
        0.001047615086218314,
        0.0010669458650684662,
        0.0010876332601321172,
        0.0010580434210967597,
        0.0011375801152571823,
        0.001067240234393585,
        0.0011047613595016792,
        0.001096493555736224,
        0.0010720180983688496,
        0.0010678676156671337,
        0.001127557820902709,
        0.0011581483087991732
      ],
      "confidence": 0.8
    },
    {
      "type": "oscillation",
      "frequencies": [
        3.906248915626821,
        23.437493493760925,
        35.15624024064139,
        54.687484818775495,
        70.31248048128278,
        89.84372505941688,
        105.46872072192417,
        132.81246313131192,
        144.53120987819239,
        167.96870337195332,
        179.68745011883377,
        199.21869469696787,
        210.93744144384834,
        218.74993927510198,
        226.56243710635562,
        242.18743276886292,
        253.9061795157434,
        269.53117517825063,
        281.2499219251311,
        304.68741541889204,
        320.3124110813993,
        332.0311578282798,
        359.37490023766753,
        378.90614481580167,
        398.43738939393575,
        410.1561361408162,
        425.7811318033235,
        433.59362963457716,
        441.4061274658308,
        457.0311231283381,
        464.8436209595917,
        476.5623677064722,
        488.28111445335264
      ],
      "power": [
        3.4369691349488405e-10,
        2.0380888816694448e-11,
        1.714948769625494e-11,
        3.054651661190023e-11,
        2.4070529053182804e-11,
        3.6083439186526444e-11,
        2.1734709638623587e-11,
        3.446560970003803e-11,
        3.787298570861779e-11,
        2.7890178790658833e-11,
        2.6025551761931078e-11,
        3.100185299483135e-11,
        2.000395349951138e-11,
        1.2705960962865833e-11,
        1.5101004374546463e-11,
        2.8037126421348985e-11,
        2.077507295729006e-11,
        2.7065548482258164e-11,
        2.2922925454620402e-11,
        3.5308541400308296e-11,
        2.9493993086947976e-11,
        3.8136304006192005e-11,
        2.2738394093589587e-11,
        2.72388408659046e-11,
        3.585748153565057e-11,
        1.8752893319345806e-11,
        2.7403169165290414e-11,
        2.5809726012826113e-11,
        2.7228236220663814e-11,
        2.2188908405533033e-11,
        2.4714714446793108e-11,
        2.952763177021458e-11,
        3.623633980657517e-11
      ],
      "confidence": 0.7
    }
  ]
}