{
  "chunk": 2967,
  "total_chunks": 3600,
  "patterns_found": 2,
  "start_time": 2966.000823889118,
  "end_time": 2966.999824166618,
  "patterns": [
    {
      "type": "spike",
      "count": 3,
      "times": [
        2966.5528240424514,
        2966.567824046618,
        2966.612824059118
      ],
      "amplitudes": [
        0.0017397196707690217,
        0.00168650860524606,
        0.0017120956904756524
      ],
      "confidence": 0.8
    },
    {
      "type": "oscillation",
      "frequencies": [
        3.9062489138504652,
        23.43749348310279,
        46.87498696620558,
        58.59373370775698,
        78.1249782770093,
        101.56247176011209,
        113.28121850166349,
        132.8124630709158,
        144.5312098124672,
        156.2499565540186,
        167.96870329557,
        183.59369895097186,
        195.31244569252326,
        210.93744134792513,
        218.74993917562605,
        234.37493483102793,
        246.0936815725793,
        253.90617940028025,
        269.5311750556821,
        277.343672883383,
        292.96866853878487,
        312.4999131080372,
        320.31241093573817,
        339.84365550499047,
        347.6561533326914,
        355.4686511603923,
        367.1873979019437,
        374.99989572964466,
        394.531140298897,
        410.15613595429886,
        425.7811316097007,
        433.59362943740166,
        449.2186250928035,
        457.03112292050446,
        472.6561185759063,
        492.1873631451586
      ],
      "power": [
        3.373627265860723e-10,
        4.6678720523150034e-11,
        2.7491098238745622e-11,
        1.7218158903261783e-11,
        4.7369969532216784e-11,
        2.8994898261879984e-11,
        2.6782874772643934e-11,
        4.495651178831192e-11,
        2.99060995779088e-11,
        2.1743688904667707e-11,
        1.0262663999120416e-11,
        1.4846142614827664e-11,
        1.33335198846628e-11,
        2.2185641666750833e-11,
        4.189260026831037e-11,
        2.7163748397096714e-11,
        2.8130226165852422e-11,
        2.6571685877676627e-11,
        3.526905044142918e-11,
        2.737321261710952e-11,
        2.2364911871254562e-11,
        2.374430057279486e-11,
        3.174763898771407e-11,
        2.0767156713857747e-11,
        1.3502408906671804e-11,
        1.4428474180322225e-11,
        3.153218556685856e-11,
        2.8400042695444082e-11,
        3.263563140557439e-11,
        2.1815966506946188e-11,
        1.0803456250281932e-11,
        1.4120545862545049e-11,
        2.394498148383664e-11,
        2.8112729245168768e-11,
        1.521631466100522e-11,
        4.014788403231527e-11
      ],
      "confidence": 0.7
    }
  ]
}