{
  "chunk": 305,
  "total_chunks": 3600,
  "patterns_found": 2,
  "start_time": 304.0000844444679,
  "end_time": 304.999084721968,
  "patterns": [
    {
      "type": "spike",
      "count": 9,
      "times": [
        304.3440845400235,
        304.4310845641902,
        304.4840845789124,
        304.4960845822457,
        304.50808458557907,
        304.5380845939124,
        304.54208459502354,
        304.60908461363465,
        304.66208462835687
      ],
      "amplitudes": [
        0.001727562368021861,
        0.0016934075558761872,
        0.0017416016729931126,
        0.0017248421447575435,
        0.001697185180692441,
        0.0017162099973970068,
        0.00169206946350865,
        0.0017612270734268078,
        0.0017204212720646412
      ],
      "confidence": 0.8
    },
    {
      "type": "oscillation",
      "frequencies": [
        3.906248914960688,
        15.624995659842751,
        23.437493489764126,
        39.062489149606876,
        66.4062315543317,
        89.84372504409582,
        105.46872070393857,
        113.28121853385994,
        124.99996527874201,
        144.53120985354545,
        156.2499565984275,
        171.87495225827027,
        199.2186946629951,
        222.6561881527592,
        234.37493489764128,
        253.9061794724447,
        265.6249262173268,
        277.3436729622088,
        292.9686686220516,
        308.59366428189435,
        324.2186599417371,
        347.6561534315012,
        363.281149091344,
        374.999895836226,
        386.7186425811081,
        414.0623849858329,
        425.78113173071495,
        441.40612739055774,
        457.0311230504005,
        476.56236762520393,
        484.3748654551253,
        496.0936122000073
      ],
      "power": [
        2.737371695635321e-10,
        3.3248528871940666e-11,
        2.640189623089742e-11,
        2.719560139301951e-11,
        1.9405566916511683e-11,
        2.9575383972712676e-11,
        1.8564948959736656e-11,
        1.8605350170771795e-11,
        4.182371692436877e-11,
        2.2492283326301298e-11,
        2.5215369440178954e-11,
        4.3414160055049244e-11,
        3.6492660219922515e-11,
        2.899654176583185e-11,
        2.2572055591616085e-11,
        1.9625092574515873e-11,
        2.9880087679973046e-11,
        3.3020503228305105e-11,
        3.45216349237969e-11,
        2.5896553044814687e-11,
        2.471029110745018e-11,
        2.4761304763667346e-11,
        1.570399986009895e-11,
        1.8834177379130878e-11,
        2.9292226598261146e-11,
        2.4194349665449593e-11,
        2.0372303107428642e-11,
        2.307934797305409e-11,
        3.469139076963405e-11,
        4.1110631353176566e-11,
        3.175571881615945e-11,
        2.286054269499775e-11
      ],
      "confidence": 0.7
    }
  ]
}