{
  "chunk": 3286,
  "total_chunks": 3600,
  "patterns_found": 2,
  "start_time": 3285.0009125002534,
  "end_time": 3285.9999127777537,
  "patterns": [
    {
      "type": "spike",
      "count": 18,
      "times": [
        3285.002912500809,
        3285.013912503865,
        3285.016912504698,
        3285.020912505809,
        3285.0279125077536,
        3285.03391250942,
        3285.0589125163647,
        3285.1269125352537,
        3285.9559127655316,
        3285.9609127669205,
        3285.9689127691427,
        3285.9739127705316,
        3285.9789127719205,
        3285.980912772476,
        3285.9829127730313,
        3285.9919127755315,
        3285.9959127766424,
        3285.997912777198
      ],
      "amplitudes": [
        0.0011167225570594505,
        0.001046255867018189,
        0.0010713749263879257,
        0.0010921228456975893,
        0.0011541124191079906,
        0.0010439375423041404,
        0.0010501160910371687,
        0.0010473496208862046,
        0.00110615030753246,
        0.0010445852951144674,
        0.001062978396555884,
        0.0011905666373940528,
        0.0010968802257007764,
        0.0011334109646896028,
        0.001085285626145597,
        0.0012085169537151212,
        0.0011746179635334422,
        0.0010765451019989724
      ],
      "confidence": 0.8
    },
    {
      "type": "oscillation",
      "frequencies": [
        3.9062489138504652,
        35.156240224654184,
        46.87498696620558,
        58.59373370775698,
        70.31248044930837,
        85.93747610471024,
        97.65622284626163,
        121.09371632936443,
        136.7187119847663,
        152.34370764016813,
        167.96870329557,
        199.21869460637373,
        210.93744134792513,
        230.46868591717745,
        253.90617940028025,
        273.4374239695326,
        296.8749174526354,
        316.40616202188767,
        351.56240224654186,
        382.8123935573456,
        390.6248913850465,
        406.24988704044836,
        421.87488269585026,
        429.68738052355116,
        445.31237617895306,
        464.84362074820535,
        476.56236748975675,
        484.3748653174577,
        492.1873631451586
      ],
      "power": [
        2.811704845273062e-10,
        2.41819251710416e-11,
        2.2064069774582264e-11,
        2.986815039823523e-11,
        2.1162650894367863e-11,
        2.1606591757067653e-11,
        3.2158748925519944e-11,
        4.2815294734706684e-11,
        2.400179158212394e-11,
        2.257910246913808e-11,
        3.795936729935801e-11,
        2.317797850365091e-11,
        2.1832472678963734e-11,
        3.408129183046574e-11,
        3.342083502955863e-11,
        2.971330094918539e-11,
        3.1411793053512833e-11,
        3.3816425756798965e-11,
        4.7455931137251385e-11,
        1.8520887269123315e-11,
        1.82567013759659e-11,
        4.3900659638696244e-11,
        2.256277719819744e-11,
        2.0203322221212705e-11,
        3.575965012910993e-11,
        1.36759086849514e-11,
        1.2268005021948126e-11,
        2.4422269950796257e-11,
        2.08872400078055e-11
      ],
      "confidence": 0.7
    }
  ]
}