{
  "chunk": 391,
  "total_chunks": 3600,
  "patterns_found": 2,
  "start_time": 390.00010833336347,
  "end_time": 390.9991086108635,
  "patterns": [
    {
      "type": "spike",
      "count": 7,
      "times": [
        390.3501084305857,
        390.3831084397524,
        390.3911084419746,
        390.4171084491968,
        390.4531084591968,
        390.5581084883635,
        390.6381085105857
      ],
      "amplitudes": [
        0.001694522136628398,
        0.0016800036883409578,
        0.0018217471825527237,
        0.001706263434133829,
        0.0016786349884246056,
        0.0017316230963880389,
        0.0017013120559434055
      ],
      "confidence": 0.8
    },
    {
      "type": "oscillation",
      "frequencies": [
        3.906248914960688,
        15.624995659842751,
        35.15624023464619,
        42.96873806456757,
        54.68748480944963,
        82.03122721417445,
        89.84372504409582,
        97.65622287401719,
        113.28121853385994,
        121.09371636378133,
        140.62496093858476,
        167.96870334330958,
        191.4061968330737,
        210.93744140787715,
        222.6561881527592,
        230.46868598268057,
        242.18743272756265,
        261.7186773023661,
        269.53117513228744,
        281.2499218771695,
        292.9686686220516,
        304.68741536693364,
        316.4061621118157,
        335.93740668661917,
        351.5624023464619,
        367.18739800630465,
        378.90614475118673,
        390.62489149606876,
        406.24988715591155,
        417.9686339007936,
        429.68738064567566,
        453.12487413543977,
        472.6561187102432,
        488.28111437008596
      ],
      "power": [
        3.1180519649392746e-10,
        3.124339819456398e-11,
        2.8396969962072915e-11,
        1.9721223175003826e-11,
        1.2684985839775766e-11,
        2.885589864486159e-11,
        3.484302036826675e-11,
        3.013270689923922e-11,
        2.3460041061492416e-11,
        2.0895875304538957e-11,
        1.4786252289128837e-11,
        2.412324319883035e-11,
        2.3085311206253633e-11,
        3.063985789663932e-11,
        2.2454539114322264e-11,
        2.8311414592220133e-11,
        4.227702930982255e-11,
        2.0163424769566294e-11,
        1.5765833895092877e-11,
        1.98107306601402e-11,
        1.5484876732006583e-11,
        2.9735458492847806e-11,
        2.3630049567308248e-11,
        2.0718239333436255e-11,
        2.0418341171179545e-11,
        2.6014592731401974e-11,
        3.153277481852707e-11,
        2.247490072739139e-11,
        3.6999552576706945e-11,
        3.165337310929222e-11,
        3.175913052483423e-11,
        2.8955991825613563e-11,
        3.213380110507291e-11,
        2.9293260312320016e-11
      ],
      "confidence": 0.7
    }
  ]
}