{
  "chunk": 1904,
  "total_chunks": 3600,
  "patterns_found": 2,
  "start_time": 1903.000528611258,
  "end_time": 1903.999528888758,
  "patterns": [
    {
      "type": "spike",
      "count": 23,
      "times": [
        1903.004528612369,
        1903.0115286143136,
        1903.013528614869,
        1903.023528617647,
        1903.0265286184804,
        1903.0285286190358,
        1903.031528619869,
        1903.0405286223693,
        1903.0545286262582,
        1903.0575286270914,
        1903.0825286340357,
        1903.0985286384803,
        1903.9065288629247,
        1903.9155288654247,
        1903.9275288687581,
        1903.9345288707025,
        1903.946528874036,
        1903.9655288793138,
        1903.9675288798692,
        1903.9895288859805,
        1903.991528886536,
        1903.9935288870915,
        1903.9985288884805
      ],
      "amplitudes": [
        0.0011766114843466445,
        0.0011543638684944622,
        0.0010425489996117204,
        0.0011341919462014751,
        0.0011486648923194067,
        0.001053260034354252,
        0.0011637805104154778,
        0.0011467779187205387,
        0.0010412894314998078,
        0.0010874741832618325,
        0.0010503070049381704,
        0.0010706670997956485,
        0.0010460480787457354,
        0.0011093405530534927,
        0.0010829823176994903,
        0.001115236013644851,
        0.001057146233185864,
        0.001058337806104375,
        0.0010872763982780543,
        0.0011142032783533304,
        0.0010435007506634755,
        0.0011574612295879633,
        0.001104243154009987
      ],
      "confidence": 0.8
    },
    {
      "type": "oscillation",
      "frequencies": [
        3.906248914738643,
        27.343742403170502,
        42.96873806212508,
        50.781235891602364,
        58.59373372107965,
        70.31248046529558,
        85.93747612425015,
        93.74997395372743,
        101.56247178320473,
        109.37496961268201,
        117.1874674421593,
        136.7187120158525,
        156.24995658954572,
        175.78120116323893,
        183.59369899271624,
        207.03119248114808,
        230.46868596957995,
        242.18743271379589,
        253.90617945801182,
        261.7186772874891,
        281.2499218611823,
        296.8749175201369,
        304.6874153496142,
        320.31241100856874,
        332.0311577527847,
        355.46865124121655,
        371.0936469001711,
        382.81239364438704,
        394.531140388603,
        410.15613604755754,
        421.8748827917735,
        429.6873806212508,
        441.40612736546666,
        457.0311230244213,
        488.2811143423304,
        496.0936121718077
      ],
      "power": [
        2.6637634959052894e-10,
        3.717654475355576e-11,
        1.3205900068639275e-11,
        2.090388773166366e-11,
        2.5566923315809693e-11,
        1.519279658366347e-11,
        1.9360511244798534e-11,
        2.7321316859785254e-11,
        2.610476385697465e-11,
        1.70731426846177e-11,
        3.3268888940859685e-11,
        2.775626933665757e-11,
        3.162945720698187e-11,
        2.0650366903217642e-11,
        2.263713937224148e-11,
        2.304250528500072e-11,
        1.5040887930260664e-11,
        1.8950019996951786e-11,
        2.6902591871223707e-11,
        2.8094002517960776e-11,
        3.245521387927027e-11,
        4.454249528475672e-11,
        3.140790757587087e-11,
        1.7784584154373188e-11,
        1.3700415170019127e-11,
        2.194029960615549e-11,
        1.576975140391925e-11,
        4.241020116645145e-11,
        2.349869521155521e-11,
        1.7646128217782195e-11,
        2.276095832213195e-11,
        2.072920840317264e-11,
        2.7832198044848248e-11,
        1.8731035903719495e-11,
        3.342610993477336e-11,
        3.7089808076740205e-11
      ],
      "confidence": 0.7
    }
  ]
}