{
  "chunk": 672,
  "total_chunks": 3600,
  "patterns_found": 2,
  "start_time": 671.0001863889407,
  "end_time": 671.9991866664408,
  "patterns": [
    {
      "type": "spike",
      "count": 24,
      "times": [
        671.0061863906074,
        671.0091863914407,
        671.0111863919963,
        671.0181863939407,
        671.0201863944962,
        671.0281863967185,
        671.0301863972741,
        671.0361863989407,
        671.0591864053296,
        671.9141866428297,
        671.9281866467186,
        671.9301866472741,
        671.9411866503297,
        671.9461866517186,
        671.9601866556075,
        671.962186656163,
        671.9641866567185,
        671.9661866572741,
        671.9701866583853,
        671.9751866597741,
        671.9771866603296,
        671.9831866619963,
        671.9911866642185,
        671.9971866658852
      ],
      "amplitudes": [
        0.0011570900165634663,
        0.0010743862247720693,
        0.0012165936235558064,
        0.0010954557794780237,
        0.0012500998121986566,
        0.001095380589737253,
        0.0010810800299924487,
        0.0010648302580543178,
        0.0010624048345021814,
        0.0010535542173937982,
        0.001204311451495171,
        0.0010661325462147215,
        0.0010867749188791832,
        0.0010852971381557488,
        0.001102427481878853,
        0.0011646570325204325,
        0.0010771415052142105,
        0.0011364814042135148,
        0.0011579685548591594,
        0.001124557863782224,
        0.0010786488702064331,
        0.001096233581954468,
        0.0011172921022142269,
        0.001116989682865124
      ],
      "confidence": 0.8
    },
    {
      "type": "oscillation",
      "frequencies": [
        3.906248915182732,
        15.624995660730928,
        27.343742406279123,
        42.96873806701005,
        66.40623155810644,
        74.21872938847191,
        85.9374761340201,
        113.28121854029922,
        124.99996528584742,
        136.71871203139563,
        148.43745877694383,
        156.2499566073093,
        167.9687033528575,
        175.78120118322295,
        187.49994792877112,
        203.12494358950207,
        210.93744141986753,
        218.74993925023298,
        238.28118382614664,
        253.9061794868776,
        265.62492623242576,
        277.343672977974,
        285.1561708083394,
        296.87491755388766,
        308.59366429943583,
        320.312411044984,
        332.03115779053223,
        355.46865128162864,
        367.1873980271768,
        386.7186426030905,
        394.5311404334559,
        410.1561360941869,
        417.9686339245523,
        437.49987850046597,
        449.2186252460142,
        468.74986982192786,
        484.3748654826588,
        496.09361222820695
      ],
      "power": [
        3.2646701610906557e-10,
        2.3203533196088782e-11,
        2.3886781624938107e-11,
        2.6185913494458564e-11,
        2.460630261184847e-11,
        3.34863294834062e-11,
        1.631787167179895e-11,
        2.9340498080415716e-11,
        1.1215346917121732e-11,
        3.265530619286699e-11,
        1.3899727422116203e-11,
        1.7839420389305306e-11,
        1.4728857735880252e-11,
        2.7707112802792408e-11,
        1.8818727960987395e-11,
        1.1241731522748279e-11,
        1.3933614833848578e-11,
        2.5952821222398692e-11,
        2.4940245211082982e-11,
        2.4335648697711064e-11,
        2.6211111702676845e-11,
        2.235567605880004e-11,
        2.041386500309636e-11,
        4.646399722789194e-11,
        4.8007239806708164e-11,
        1.9446417383283718e-11,
        2.5162382422731643e-11,
        2.5031774930062138e-11,
        2.5297031236692525e-11,
        2.184163236525128e-11,
        1.8174292152603908e-11,
        2.6666268045458632e-11,
        2.6006863225247654e-11,
        2.6252823583187746e-11,
        1.3504175550492216e-11,
        3.21098600184187e-11,
        2.4011137396856617e-11,
        2.3301652282318226e-11
      ],
      "confidence": 0.7
    }
  ]
}