{
  "chunk": 2552,
  "total_chunks": 3600,
  "patterns_found": 2,
  "start_time": 2551.0007086113083,
  "end_time": 2551.999708888808,
  "patterns": [
    {
      "type": "spike",
      "count": 23,
      "times": [
        2551.0037086121415,
        2551.005708612697,
        2551.009708613808,
        2551.01770861603,
        2551.0247086179747,
        2551.03570862103,
        2551.038708621864,
        2551.040708622419,
        2551.0427086229747,
        2551.0497086249193,
        2551.9257088682525,
        2551.9497088749195,
        2551.960708877975,
        2551.9697088804746,
        2551.973708881586,
        2551.9757088821416,
        2551.9807088835305,
        2551.982708884086,
        2551.9857088849194,
        2551.9887088857527,
        2551.9907088863083,
        2551.994708887419,
        2551.9987088885305
      ],
      "amplitudes": [
        0.0010758202639470093,
        0.001074819248254734,
        0.0010767880308774637,
        0.0010732318657212946,
        0.0010483758534377884,
        0.001077636262485433,
        0.0010802249966790638,
        0.001049620915141865,
        0.0011008455791789169,
        0.001056680276014621,
        0.0011058936566098777,
        0.001056781770572245,
        0.0011500242944007246,
        0.001051057167819904,
        0.0010690440261901415,
        0.0011226779530614502,
        0.0011257241824956276,
        0.0010625565094699143,
        0.0011291696004867493,
        0.001185580055465151,
        0.0010969093315418943,
        0.0011623442721151224,
        0.0011783526583458446
      ],
      "confidence": 0.8
    },
    {
      "type": "oscillation",
      "frequencies": [
        3.906248915626821,
        27.343742409387747,
        39.062489156268214,
        54.687484818775495,
        66.40623156565596,
        78.12497831253643,
        93.7499739750437,
        109.37496963755099,
        124.99996530005828,
        132.81246313131192,
        148.43745879381922,
        160.15620554069966,
        171.87495228758013,
        183.5936990344606,
        191.40619686571424,
        203.1249436125947,
        214.84369035947518,
        230.46868602198245,
        242.18743276886292,
        253.9061795157434,
        261.718677346997,
        273.4374240938775,
        285.15617084075797,
        300.78116650326524,
        320.3124110813993,
        328.124908912653,
        339.84365565953345,
        347.65615349078706,
        363.2811491532944,
        382.8123937314285,
        398.43738939393575,
        425.7811318033235,
        437.49987855020396,
        445.3123763814576,
        464.8436209595917,
        472.65611879084537,
        492.18736336897945
      ],
      "power": [
        2.955904986635555e-10,
        3.164949003610069e-11,
        1.65513711925233e-11,
        2.4341668006805238e-11,
        2.5260462210387996e-11,
        1.7348401037710597e-11,
        1.1173751422719531e-11,
        3.747783929825999e-11,
        2.7515522288261728e-11,
        3.816906726604884e-11,
        2.980432330353735e-11,
        2.3562372486922656e-11,
        2.7516003006131226e-11,
        1.1877669684009155e-11,
        1.6478556246504076e-11,
        2.1366399366088356e-11,
        3.326007819274701e-11,
        1.8906281599573777e-11,
        2.17149504237562e-11,
        2.5509680752256205e-11,
        3.965871172765944e-11,
        2.1930358724740806e-11,
        2.0222186169229884e-11,
        2.9933861031554025e-11,
        2.291724348560283e-11,
        2.601650527996291e-11,
        1.9915002699403575e-11,
        2.0831058439418414e-11,
        3.394613993424055e-11,
        3.5084869712097684e-11,
        2.63401205869186e-11,
        2.143529661053536e-11,
        2.4415700425564716e-11,
        2.0602135434793227e-11,
        3.2886426735680963e-11,
        2.7105568837231925e-11,
        4.0046670729126684e-11
      ],
      "confidence": 0.7
    }
  ]
}