{
  "chunk": 1527,
  "total_chunks": 3600,
  "patterns_found": 2,
  "start_time": 1526.0004238890067,
  "end_time": 1526.9994241665067,
  "patterns": [
    {
      "type": "spike",
      "count": 5,
      "times": [
        1526.45342401484,
        1526.467424018729,
        1526.5014240281735,
        1526.602424056229,
        1526.7044240845623
      ],
      "amplitudes": [
        0.0017393116616220092,
        0.001786070733616588,
        0.0016946497555295182,
        0.001736928623808546,
        0.0017069381117555552
      ],
      "confidence": 0.8
    },
    {
      "type": "oscillation",
      "frequencies": [
        3.906248914738643,
        19.531244573693215,
        31.249991317909146,
        50.781235891602364,
        58.59373372107965,
        70.31248046529558,
        82.03122720951151,
        93.74997395372743,
        117.1874674421593,
        124.99996527163658,
        136.7187120158525,
        144.5312098453298,
        156.24995658954572,
        171.8749522485003,
        183.59369899271624,
        199.2186946516708,
        218.74993922536402,
        230.46868596957995,
        238.28118379905723,
        246.0936816285345,
        265.62492620222775,
        277.3436729464437,
        285.15617077592094,
        300.7811664348755,
        308.5936642643528,
        335.9374066675233,
        347.65615341173924,
        363.2811490706938,
        382.81239364438704,
        414.06238496229616,
        425.7811317065121,
        437.49987845072803,
        457.0311230244213,
        480.4686165128531,
        496.0936121718077
      ],
      "power": [
        3.3943950479950635e-10,
        2.1082097203487812e-11,
        3.1803730771783426e-11,
        4.341284217235702e-11,
        4.0871223691388826e-11,
        2.6185586047440776e-11,
        1.920929495044877e-11,
        3.194270848703151e-11,
        2.071532424075417e-11,
        1.5570672951322513e-11,
        2.311095157439843e-11,
        2.16887050748032e-11,
        2.9352718086852484e-11,
        1.835618411044329e-11,
        3.8521635476890077e-11,
        1.4999296770319016e-11,
        2.3245459199723385e-11,
        5.0427723262151377e-11,
        2.142822475553157e-11,
        2.2514873672137104e-11,
        6.689988834100155e-11,
        2.4014420045541552e-11,
        3.1802095812801826e-11,
        2.087934112271185e-11,
        3.3911084190161024e-11,
        2.6806930968539463e-11,
        2.5093834095712068e-11,
        3.145699693369211e-11,
        3.2456547621833866e-11,
        3.699411983283681e-11,
        3.846491021818432e-11,
        4.094060769543981e-11,
        2.9867662280273313e-11,
        2.558708642186939e-11,
        2.5474091471598344e-11
      ],
      "confidence": 0.7
    }
  ]
}