{
  "chunk": 3215,
  "total_chunks": 3600,
  "patterns_found": 2,
  "start_time": 3214.000892778026,
  "end_time": 3214.999893055526,
  "patterns": [
    {
      "type": "spike",
      "count": 4,
      "times": [
        3214.4558929044147,
        3214.4948929152483,
        3214.5058929183037,
        3214.662892961915
      ],
      "amplitudes": [
        0.0017796446964154049,
        0.0016925405522527463,
        0.0017141144335106476,
        0.0017250620601593496
      ],
      "confidence": 0.8
    },
    {
      "type": "oscillation",
      "frequencies": [
        3.906248915626821,
        19.531244578134107,
        42.96873807189503,
        54.687484818775495,
        70.31248048128278,
        82.03122722816325,
        101.56247180629735,
        117.18746746880464,
        124.99996530005828,
        144.53120987819239,
        164.0624544563265,
        199.21869469696787,
        222.6561881907288,
        242.18743276886292,
        257.8124284313702,
        265.62492626262383,
        281.2499219251311,
        300.78116650326524,
        316.4061621657725,
        328.124908912653,
        343.74990457516026,
        355.4686513220407,
        363.2811491532944,
        374.9998959001748,
        382.8123937314285,
        394.53114047830894,
        414.062385056443,
        429.68738071895035,
        445.3123763814576,
        460.9373720439649,
        484.37486553772584,
        492.18736336897945
      ],
      "power": [
        3.556282447129454e-10,
        1.2831114629451421e-11,
        3.0682944280855087e-11,
        2.320630989719884e-11,
        1.5462796749443722e-11,
        5.0317620410416295e-11,
        2.849940718324438e-11,
        2.3641501158233256e-11,
        2.4146321883061795e-11,
        2.932453812739313e-11,
        3.534935609709111e-11,
        3.721892180436613e-11,
        3.216294599013967e-11,
        1.9374599582613933e-11,
        2.3065832287012246e-11,
        2.4400828054543033e-11,
        2.2148020482894794e-11,
        2.3715042075975713e-11,
        2.2343609374344043e-11,
        2.177516358557435e-11,
        3.9272884947773123e-11,
        2.9915717642168583e-11,
        2.8838576058114084e-11,
        2.870301950471173e-11,
        2.1000882924692696e-11,
        3.956822083637634e-11,
        1.6575432519078335e-11,
        2.0956315323387592e-11,
        3.240248509353513e-11,
        3.670667032253203e-11,
        1.5571926605229496e-11,
        1.509963481866581e-11
      ],
      "confidence": 0.7
    }
  ]
}