{
  "chunk": 3289,
  "total_chunks": 3600,
  "patterns_found": 2,
  "start_time": 3288.000913333587,
  "end_time": 3288.9999136110873,
  "patterns": [
    {
      "type": "spike",
      "count": 6,
      "times": [
        3288.442913456365,
        3288.4669134630317,
        3288.488913469143,
        3288.5229134785873,
        3288.5259134794205,
        3288.645913512754
      ],
      "amplitudes": [
        0.0017523047263391161,
        0.0017065792819799743,
        0.0017257099783713392,
        0.0017754693697693462,
        0.0016986071048699382,
        0.0018570561699635486
      ],
      "confidence": 0.8
    },
    {
      "type": "oscillation",
      "frequencies": [
        3.9062489138504652,
        23.43749348310279,
        39.06248913850465,
        50.781235880056045,
        66.4062315354579,
        85.93747610471024,
        117.18746741551396,
        144.5312098124672,
        156.2499565540186,
        171.87495220942048,
        187.49994786482233,
        210.93744134792513,
        230.46868591717745,
        242.18743265872885,
        257.8124283141307,
        273.4374239695326,
        292.96866853878487,
        300.7811663664858,
        312.4999131080372,
        328.12490876343907,
        347.6561533326914,
        355.4686511603923,
        374.99989572964466,
        398.43738921274746,
        410.15613595429886,
        421.87488269585026,
        437.4998783512521,
        445.31237617895306,
        464.84362074820535,
        476.56236748975675,
        496.0936120590091
      ],
      "power": [
        3.3128895451748445e-10,
        3.3087427884493237e-11,
        1.999552978499834e-11,
        3.218587136774995e-11,
        2.762967376039282e-11,
        4.884446439953061e-11,
        3.2000522299889203e-11,
        2.3632109258696096e-11,
        3.532969958919362e-11,
        3.2662572305769684e-11,
        2.5089294465248272e-11,
        3.7736960564540105e-11,
        2.53732573149233e-11,
        1.6278424977283216e-11,
        2.9253043213183095e-11,
        3.5925143212416214e-11,
        3.3127869008532656e-11,
        3.43270656808648e-11,
        1.94259535583583e-11,
        4.4898725593448325e-11,
        2.3942944033539902e-11,
        3.070996956393118e-11,
        2.8638290526821017e-11,
        3.7972539046445886e-11,
        2.7806848932485275e-11,
        1.8272420046561114e-11,
        1.9333983825561207e-11,
        1.3636939564942234e-11,
        3.013288617526211e-11,
        3.985086027091926e-11,
        2.6767604289482613e-11
      ],
      "confidence": 0.7
    }
  ]
}