{
  "chunk": 2143,
  "total_chunks": 3600,
  "patterns_found": 2,
  "start_time": 2142.0005950001655,
  "end_time": 2142.9995952776653,
  "patterns": [
    {
      "type": "spike",
      "count": 3,
      "times": [
        2142.2935950815545,
        2142.4145951151654,
        2142.6245951734986
      ],
      "amplitudes": [
        0.001687002378196612,
        0.0016929112310875957,
        0.0016864653775479602
      ],
      "confidence": 0.8
    },
    {
      "type": "oscillation",
      "frequencies": [
        3.906248915626821,
        19.531244578134107,
        31.24999132501457,
        50.781235903148676,
        62.49998265002914,
        74.21872939690961,
        85.93747614379006,
        101.56247180629735,
        117.18746746880464,
        132.81246313131192,
        148.43745879381922,
        171.87495228758013,
        183.5936990344606,
        199.21869469696787,
        207.0311925282215,
        218.74993927510198,
        226.56243710635562,
        234.37493493760928,
        246.09368168448972,
        265.62492626262383,
        277.3436730095043,
        289.06241975638477,
        312.4999132501457,
        320.3124110813993,
        332.0311578282798,
        343.74990457516026,
        363.2811491532944,
        374.9998959001748,
        382.8123937314285,
        394.53114047830894,
        402.3436383095626,
        414.062385056443,
        425.7811318033235,
        445.3123763814576,
        464.8436209595917,
        472.65611879084537,
        484.37486553772584,
        496.0936122846063
      ],
      "power": [
        3.3235406194980267e-10,
        3.0789120519223436e-11,
        3.948288261673692e-11,
        1.5658768405451053e-11,
        2.77532397207376e-11,
        3.417954669688534e-11,
        2.854879253310589e-11,
        3.053710052705735e-11,
        1.1677515626438553e-11,
        1.7215562552885467e-11,
        2.4186687707466103e-11,
        2.6034069058789296e-11,
        1.9916792537303533e-11,
        2.273950779843143e-11,
        2.2876682979724518e-11,
        1.5314656336846175e-11,
        1.0003658122246009e-11,
        2.0119064333299694e-11,
        3.9514563351882786e-11,
        1.9504859697739824e-11,
        3.832847570625634e-11,
        1.5190138323502328e-11,
        2.420462127243286e-11,
        1.707786076181049e-11,
        3.723365899850724e-11,
        1.7266352640567406e-11,
        2.205966522176569e-11,
        1.3058166364973697e-11,
        1.6169772481040214e-11,
        3.1886231604683195e-11,
        2.2952433833017342e-11,
        2.8627031270933676e-11,
        2.3926519186576253e-11,
        4.2661633389061316e-11,
        3.50558370987762e-11,
        3.5111895466342397e-11,
        2.6737567195572067e-11,
        2.390067677353343e-11
      ],
      "confidence": 0.7
    }
  ]
}