{
  "chunk": 3511,
  "total_chunks": 3600,
  "patterns_found": 2,
  "start_time": 3510.000975000271,
  "end_time": 3510.9999752777712,
  "patterns": [
    {
      "type": "spike",
      "count": 8,
      "times": [
        3510.4089751136044,
        3510.4259751183267,
        3510.4299751194376,
        3510.4399751222154,
        3510.526975146382,
        3510.5289751469377,
        3510.558975155271,
        3510.5829751619376
      ],
      "amplitudes": [
        0.0017214847672164125,
        0.0017853006539059468,
        0.0017290093045444694,
        0.0017013557215221319,
        0.0017194916990666198,
        0.0017151764106296068,
        0.0017747309985116136,
        0.0017211667480691983
      ],
      "confidence": 0.8
    },
    {
      "type": "oscillation",
      "frequencies": [
        3.9062489138504652,
        31.249991310803722,
        50.781235880056045,
        66.4062315354579,
        85.93747610471024,
        93.74997393241117,
        101.56247176011209,
        121.09371632936443,
        136.7187119847663,
        152.34370764016813,
        160.15620546786909,
        187.49994786482233,
        199.21869460637373,
        210.93744134792513,
        218.74993917562605,
        238.28118374487838,
        249.99993048642978,
        261.7186772279812,
        281.24992179723347,
        289.0624196249344,
        300.7811663664858,
        308.5936641941868,
        335.93740659114,
        347.6561533326914,
        355.4686511603923,
        363.28114898809326,
        374.99989572964466,
        386.71864247119606,
        398.43738921274746,
        414.0623848681493,
        421.87488269585026,
        441.40612726510255,
        457.03112292050446,
        468.74986966205586,
        476.56236748975675,
        496.0936120590091
      ],
      "power": [
        3.281574935924816e-10,
        3.307611838055194e-11,
        2.814213045529976e-11,
        2.136589315943362e-11,
        2.8944624470996437e-11,
        2.7230730833547258e-11,
        2.6068419098796212e-11,
        2.4981747307444452e-11,
        3.245756190654099e-11,
        3.347107578967195e-11,
        1.9859104205898676e-11,
        1.7155712117774827e-11,
        2.586743281534481e-11,
        2.065019831410612e-11,
        2.619739005842539e-11,
        3.16660389215745e-11,
        2.3486091043555505e-11,
        3.240192983967634e-11,
        3.123950626129059e-11,
        2.8444632317824036e-11,
        1.4449420702714803e-11,
        9.49762290743424e-12,
        3.946538413109564e-11,
        2.5104757402543657e-11,
        2.359687005716352e-11,
        1.8084375579456833e-11,
        2.072945805888819e-11,
        3.840403718718603e-11,
        2.4466622701361005e-11,
        2.5115512948194658e-11,
        1.5179680962143423e-11,
        2.7376769646827198e-11,
        2.7591045818487352e-11,
        2.1804210348828774e-11,
        3.700581212838233e-11,
        2.4390750947044537e-11
      ],
      "confidence": 0.7
    }
  ]
}