{
  "chunk": 800,
  "total_chunks": 3600,
  "patterns_found": 2,
  "start_time": 799.0002219445062,
  "end_time": 799.9992222220062,
  "patterns": [
    {
      "type": "spike",
      "count": 21,
      "times": [
        799.0102219472839,
        799.0162219489506,
        799.0242219511728,
        799.028221952284,
        799.0392219553395,
        799.0422219561729,
        799.0892219692283,
        799.0922219700617,
        799.9042221956173,
        799.9302222028396,
        799.9492222081174,
        799.9522222089506,
        799.9542222095062,
        799.9602222111729,
        799.9632222120063,
        799.9652222125618,
        799.9832222175618,
        799.9852222181173,
        799.9892222192284,
        799.9932222203396,
        799.9982222217284
      ],
      "amplitudes": [
        0.0011145632421609851,
        0.0011776095416366152,
        0.0010677999722673035,
        0.0012160692501496273,
        0.0011078864775205908,
        0.0011275054143518356,
        0.0010952064138597696,
        0.001166126604115344,
        0.0011508152957878733,
        0.0011148502930842636,
        0.001120387408075616,
        0.0011161757123200758,
        0.0011053220029020633,
        0.0010718965440899002,
        0.0010725014473319393,
        0.001126475602176665,
        0.0010878788531940371,
        0.001076507371696888,
        0.0011450831777519497,
        0.0011660396504420906,
        0.001169713863100146
      ],
      "confidence": 0.8
    },
    {
      "type": "oscillation",
      "frequencies": [
        3.906248915182732,
        27.343742406279123,
        54.687484812558246,
        78.12497830365464,
        93.74997396438556,
        113.28121854029922,
        128.90621420103017,
        152.34370769212654,
        167.9687033528575,
        179.68745009840566,
        207.03119250468478,
        218.74993925023298,
        226.56243708059844,
        238.28118382614664,
        253.9061794868776,
        273.43742406279125,
        285.1561708083394,
        300.78116646907034,
        312.4999132146186,
        328.1249088753495,
        339.84365562089766,
        347.65615345126315,
        363.28114911199407,
        382.81239368790773,
        390.6248915182732,
        402.3436382638214,
        433.5936295852832,
        449.2186252460142,
        457.03112307637963,
        476.5623676522933,
        488.2811143978415,
        496.09361222820695
      ],
      "power": [
        3.512079716025567e-10,
        2.56519169026485e-11,
        3.5375623270507245e-11,
        4.035049829944229e-11,
        1.9478706659955398e-11,
        3.326631990955772e-11,
        2.487083403290061e-11,
        2.749096767791034e-11,
        1.7651471154300974e-11,
        9.58400483650371e-12,
        1.6286805092135897e-11,
        1.3620702368720715e-11,
        1.2977812850126863e-11,
        2.5265946996614095e-11,
        2.3148170983334902e-11,
        2.3020209116969655e-11,
        2.744426567260497e-11,
        2.3951845375760927e-11,
        3.4622520010433655e-11,
        1.8369434227853843e-11,
        1.8012680711275174e-11,
        1.7823555532576702e-11,
        4.9367802243347176e-11,
        1.7779628014014583e-11,
        2.6425965721980306e-11,
        3.0023949523429056e-11,
        3.951696958122517e-11,
        2.9161818813021816e-11,
        2.5411279612040294e-11,
        2.1224244022072787e-11,
        2.0813003163409067e-11,
        1.6931472589830868e-11
      ],
      "confidence": 0.7
    }
  ]
}