{
  "chunk": 1788,
  "total_chunks": 3600,
  "patterns_found": 2,
  "start_time": 1787.000496389027,
  "end_time": 1787.999496666527,
  "patterns": [
    {
      "type": "spike",
      "count": 21,
      "times": [
        1787.0014963893047,
        1787.0104963918047,
        1787.0154963931936,
        1787.018496394027,
        1787.0204963945823,
        1787.022496395138,
        1787.0274963965269,
        1787.0334963981936,
        1787.035496398749,
        1787.0424964006936,
        1787.9254966459714,
        1787.9304966473603,
        1787.9464966518046,
        1787.9564966545825,
        1787.9714966587492,
        1787.9804966612492,
        1787.9844966623602,
        1787.9874966631937,
        1787.9934966648602,
        1787.9964966656937,
        1787.9984966662491
      ],
      "amplitudes": [
        0.001165600190064683,
        0.0011069066997205735,
        0.0010713824637529803,
        0.001102181923452212,
        0.0011343069599673336,
        0.0010715267502514087,
        0.0011293675389800542,
        0.0011015820875776416,
        0.001174494419273195,
        0.0010765599072021666,
        0.0010722946235596177,
        0.0010766771077766934,
        0.0011352344110705666,
        0.0011843666669132792,
        0.0010819823056477777,
        0.0010994128876099206,
        0.0011275493499416224,
        0.0011080546180401094,
        0.0010693862063331065,
        0.0012243714297368272,
        0.001073436892847965
      ],
      "confidence": 0.8
    },
    {
      "type": "oscillation",
      "frequencies": [
        3.906248914738643,
        15.624995658954573,
        27.343742403170502,
        39.06248914738643,
        46.87498697686372,
        62.49998263581829,
        82.03122720951151,
        89.8437250389888,
        101.56247178320473,
        124.99996527163658,
        132.81246310111388,
        144.5312098453298,
        167.96870333376165,
        175.78120116323893,
        191.40619682219352,
        203.12494356640946,
        218.74993922536402,
        230.46868596957995,
        249.99993054327317,
        265.62492620222775,
        277.3436729464437,
        292.96866860539825,
        304.6874153496142,
        316.4061620938301,
        328.12490883804605,
        339.843655582262,
        351.56240232647787,
        371.0936469001711,
        382.81239364438704,
        394.531140388603,
        406.2498871328189,
        421.8748827917735,
        437.49987845072803,
        460.9373719391599,
        472.65611868337584,
        488.2811143423304
      ],
      "power": [
        3.156559992857484e-10,
        1.6183143051840473e-11,
        1.935645247650192e-11,
        3.453338654946187e-11,
        2.0202265938396666e-11,
        2.0707710298111516e-11,
        2.1564570345623395e-11,
        2.3126213000970118e-11,
        2.5721983418421003e-11,
        3.521419794969415e-11,
        2.839341222994496e-11,
        3.526658586787325e-11,
        3.4435519196135727e-11,
        2.1075077631340205e-11,
        1.9806886333476e-11,
        2.1480986590471898e-11,
        2.1503234676398395e-11,
        3.663031050744934e-11,
        1.8898714388088278e-11,
        3.065998978656926e-11,
        2.232679411088551e-11,
        3.2873172833351265e-11,
        2.2510190159558414e-11,
        5.064786620867662e-11,
        1.6876406521117453e-11,
        2.7244900851605837e-11,
        3.2183416067541565e-11,
        3.1914451408917247e-11,
        2.081466053707632e-11,
        3.057376228491977e-11,
        1.8669596464442754e-11,
        3.789644171525607e-11,
        2.2896122047368514e-11,
        2.8186115213718857e-11,
        2.7924140890230278e-11,
        4.641678144078915e-11
      ],
      "confidence": 0.7
    }
  ]
}