{
  "chunk": 1065,
  "total_chunks": 3600,
  "patterns_found": 2,
  "start_time": 1064.0002955556376,
  "end_time": 1064.9992958331377,
  "patterns": [
    {
      "type": "spike",
      "count": 8,
      "times": [
        1064.372295658971,
        1064.4572956825823,
        1064.4602956834156,
        1064.4802956889712,
        1064.5112956975822,
        1064.5282957023044,
        1064.5312957031379,
        1064.5462957073044
      ],
      "amplitudes": [
        0.0016844625326677945,
        0.0017515359872487264,
        0.001700975725545735,
        0.0016909407123823724,
        0.0017061052209127131,
        0.0017281287472866737,
        0.001750538698670585,
        0.0017893008592171251
      ],
      "confidence": 0.8
    },
    {
      "type": "oscillation",
      "frequencies": [
        3.906248914738643,
        15.624995658954573,
        27.343742403170502,
        46.87498697686372,
        58.59373372107965,
        70.31248046529558,
        82.03122720951151,
        97.65622286846607,
        113.28121852742065,
        124.99996527163658,
        132.81246310111388,
        144.5312098453298,
        152.3437076748071,
        167.96870333376165,
        175.78120116323893,
        183.59369899271624,
        199.2186946516708,
        210.93744139588674,
        218.74993922536402,
        226.5624370548413,
        242.18743271379589,
        261.7186772874891,
        277.3436729464437,
        285.15617077592094,
        296.8749175201369,
        312.49991317909144,
        328.12490883804605,
        335.9374066675233,
        351.56240232647787,
        363.2811490706938,
        374.99989581490973,
        386.71864255912567,
        410.15613604755754,
        437.49987845072803,
        449.21862519494397,
        460.9373719391599,
        476.56236759811446,
        496.0936121718077
      ],
      "power": [
        3.1630478001183326e-10,
        1.6457215688114205e-11,
        2.7216518196878244e-11,
        3.4996483714845783e-11,
        3.32938564734979e-11,
        2.6028821274775868e-11,
        4.1475327265008944e-11,
        2.377751608208803e-11,
        2.586659977677783e-11,
        2.356819835496987e-11,
        2.0314189911078195e-11,
        1.523607967586256e-11,
        2.1571802163524255e-11,
        2.4059940929922542e-11,
        1.6920839920677808e-11,
        2.8540365924599147e-11,
        2.0209320021262302e-11,
        2.2490488240134647e-11,
        2.209559231522815e-11,
        2.597904540969752e-11,
        1.5647560559089378e-11,
        2.9944632025431197e-11,
        3.600677686926219e-11,
        2.683469511147307e-11,
        2.8304799900449395e-11,
        1.7050770416279823e-11,
        2.6959123220843166e-11,
        3.5330930205046955e-11,
        2.098266364928521e-11,
        2.988371573868627e-11,
        3.901081420175263e-11,
        2.8577839070897685e-11,
        4.82562617714348e-11,
        3.0428140569066545e-11,
        2.455635901652653e-11,
        3.083812326702879e-11,
        1.5023707742581175e-11,
        2.4009164381297212e-11
      ],
      "confidence": 0.7
    }
  ]
}