{
  "chunk": 3105,
  "total_chunks": 3600,
  "patterns_found": 2,
  "start_time": 3104.000862222462,
  "end_time": 3104.999862499962,
  "patterns": [
    {
      "type": "spike",
      "count": 7,
      "times": [
        3104.4248623402395,
        3104.426862340795,
        3104.4768623546843,
        3104.5248623680177,
        3104.5438623732953,
        3104.581862383851,
        3104.6148623930176
      ],
      "amplitudes": [
        0.0016967319084653589,
        0.001700606903583845,
        0.001687210203745368,
        0.0017833910592796346,
        0.0017049033142751099,
        0.001691276124876018,
        0.0017330856186236136
      ],
      "confidence": 0.8
    },
    {
      "type": "oscillation",
      "frequencies": [
        3.9062489138504652,
        23.43749348310279,
        35.156240224654184,
        50.781235880056045,
        58.59373370775698,
        74.21872936315884,
        93.74997393241117,
        121.09371632936443,
        136.7187119847663,
        144.5312098124672,
        160.15620546786909,
        175.78120112327093,
        195.31244569252326,
        214.84369026177558,
        234.37493483102793,
        261.7186772279812,
        269.5311750556821,
        281.24992179723347,
        292.96866853878487,
        312.4999131080372,
        328.12490876343907,
        351.56240224654186,
        371.0936468157942,
        386.71864247119606,
        398.43738921274746,
        414.0623848681493,
        425.7811316097007,
        437.4998783512521,
        445.31237617895306,
        457.03112292050446,
        472.6561185759063,
        480.4686164036072,
        496.0936120590091
      ],
      "power": [
        3.025223900474763e-10,
        2.3542468317909423e-11,
        4.6014358059110146e-11,
        3.5339641835237756e-11,
        2.6116358163463788e-11,
        1.9193264299700222e-11,
        2.0740612974882563e-11,
        1.5599754045136606e-11,
        1.7033066706502504e-11,
        2.456690988923638e-11,
        2.020299708649057e-11,
        2.9768742902119656e-11,
        3.7354460702550455e-11,
        2.9799135922351433e-11,
        2.8860439985702102e-11,
        3.466710859985569e-11,
        3.594440215780442e-11,
        1.392768153097368e-11,
        2.228941125756111e-11,
        2.1682750560692508e-11,
        3.160845086133029e-11,
        2.241140705136902e-11,
        2.2456749620824482e-11,
        2.494252210151636e-11,
        2.4048891065972507e-11,
        8.835121193136207e-12,
        1.7619115829036886e-11,
        1.2311200154426536e-11,
        2.0844236379346756e-11,
        2.273213249489771e-11,
        2.99475739113106e-11,
        1.841118476301214e-11,
        2.3539371751987038e-11
      ],
      "confidence": 0.7
    }
  ]
}