{
  "chunk": 772,
  "total_chunks": 3600,
  "patterns_found": 2,
  "start_time": 771.0002141667262,
  "end_time": 771.9992144442263,
  "patterns": [
    {
      "type": "spike",
      "count": 20,
      "times": [
        771.0032141675596,
        771.0052141681151,
        771.0072141686707,
        771.0092141692262,
        771.0112141697817,
        771.0132141703373,
        771.0162141711706,
        771.0232141731151,
        771.0262141739485,
        771.0332141758929,
        771.0492141803373,
        771.0692141858929,
        771.9112144197818,
        771.9532144314485,
        771.9592144331151,
        771.9622144339485,
        771.9682144356152,
        771.9702144361707,
        771.973214437004,
        771.9842144400596
      ],
      "amplitudes": [
        0.0011575765553929218,
        0.001134485370901007,
        0.0011466496448552584,
        0.001178843169736271,
        0.0010529706221883543,
        0.0011809801241531657,
        0.0010704185137273554,
        0.0010624594317660157,
        0.0011240858933710624,
        0.0011182476140124786,
        0.0010687572531631207,
        0.0010560977237087678,
        0.0011133532490558318,
        0.001065063199814218,
        0.0010514157497102585,
        0.0011208974846219002,
        0.0010639339669184463,
        0.001098988889850055,
        0.0010987725757834153,
        0.0011611894488887898
      ],
      "confidence": 0.8
    },
    {
      "type": "oscillation",
      "frequencies": [
        3.906248915182732,
        15.624995660730928,
        27.343742406279123,
        50.78123589737552,
        62.49998264292371,
        85.9374761340201,
        105.46872070993376,
        128.90621420103017,
        140.62496094657834,
        148.43745877694383,
        164.06245443767475,
        171.8749522680402,
        195.3124457591366,
        207.03119250468478,
        214.84369033505027,
        226.56243708059844,
        234.37493491096393,
        253.9061794868776,
        277.343672977974,
        289.06241972352217,
        312.4999132146186,
        328.1249088753495,
        339.84365562089766,
        359.3749001968113,
        371.09364694235956,
        378.906144772725,
        398.43738934863865,
        410.1561360941869,
        421.87488283973505,
        429.68738067010054,
        457.03112307637963,
        476.5623676522933,
        492.1873633130242
      ],
      "power": [
        3.283649327996548e-10,
        2.4311762628719437e-11,
        3.724767062696756e-11,
        3.432094687584727e-11,
        1.6118810934904873e-11,
        3.33405998093694e-11,
        3.6455032125007015e-11,
        2.3388423861680533e-11,
        2.0883843902037448e-11,
        2.937653669568589e-11,
        1.5945738390081723e-11,
        2.983707501980083e-11,
        1.5898646428294445e-11,
        2.4848532637218675e-11,
        2.0317871660176924e-11,
        3.155492135247668e-11,
        3.785942206777642e-11,
        3.393733925438714e-11,
        2.1610612528150832e-11,
        2.564561225453964e-11,
        2.1493627075069418e-11,
        4.1595328657965556e-11,
        1.7469313340858515e-11,
        2.4649017321283695e-11,
        2.3833686227867594e-11,
        2.5817920918429422e-11,
        1.2035979090426152e-11,
        1.857373968158269e-11,
        2.056204964162178e-11,
        3.98681182599337e-11,
        5.5315960521403654e-11,
        1.857274082137676e-11,
        3.8214962947154415e-11
      ],
      "confidence": 0.7
    }
  ]
}