{
  "chunk": 1517,
  "total_chunks": 3600,
  "patterns_found": 2,
  "start_time": 1516.0004211112282,
  "end_time": 1516.9994213887283,
  "patterns": [
    {
      "type": "spike",
      "count": 8,
      "times": [
        1516.3724212145614,
        1516.388421219006,
        1516.4734212426172,
        1516.510421252895,
        1516.5124212534504,
        1516.5344212595614,
        1516.6124212812283,
        1516.7184213106727
      ],
      "amplitudes": [
        0.0017437517171505748,
        0.0017100283815436456,
        0.0017919403326293296,
        0.0018591507084569493,
        0.0016880942073178875,
        0.0016896836998545922,
        0.0017442871401065633,
        0.0016873262911019779
      ],
      "confidence": 0.8
    },
    {
      "type": "oscillation",
      "frequencies": [
        3.906248914738643,
        19.531244573693215,
        39.06248914738643,
        50.781235891602364,
        58.59373372107965,
        82.03122720951151,
        101.56247178320473,
        117.1874674421593,
        128.90621418637522,
        156.24995658954572,
        164.06245441902303,
        175.78120116323893,
        187.49994790745487,
        199.2186946516708,
        214.8436903106254,
        230.46868596957995,
        242.18743271379589,
        257.81242837275045,
        273.437424031705,
        289.0624196906596,
        296.8749175201369,
        304.6874153496142,
        312.49991317909144,
        324.21865992330737,
        343.7499044970006,
        355.46865124121655,
        367.1873979854325,
        378.9061447296484,
        398.4373893033416,
        406.2498871328189,
        414.06238496229616,
        429.6873806212508,
        437.49987845072803,
        449.21862519494397,
        464.8436208538985,
        484.37486542759177
      ],
      "power": [
        3.1859170793471773e-10,
        3.260711394373435e-11,
        2.0759576891284763e-11,
        3.59667148356301e-11,
        2.4597232686973963e-11,
        4.4876138936767534e-11,
        1.3898621150028357e-11,
        2.0994882488031518e-11,
        3.048485047493469e-11,
        2.0190012175507842e-11,
        3.360791507424154e-11,
        1.72238174928044e-11,
        1.3783709533006266e-11,
        3.522910933152535e-11,
        2.6313842175809538e-11,
        4.3580968073848297e-11,
        2.6983325151372046e-11,
        1.2486248798291938e-11,
        3.3403535844393466e-11,
        2.4085297355763076e-11,
        2.7924816956974385e-11,
        1.939173838772938e-11,
        2.7348104190549796e-11,
        3.399924731132867e-11,
        3.154272251741598e-11,
        2.664906244790856e-11,
        2.6917020475780725e-11,
        2.2306942331873797e-11,
        2.3691855215076962e-11,
        1.7465462875451587e-11,
        2.1324841834151813e-11,
        2.5326554695692903e-11,
        3.545707200406539e-11,
        2.1728058102726412e-11,
        4.36858658935921e-11,
        4.027768093992099e-11
      ],
      "confidence": 0.7
    }
  ]
}