{
  "chunk": 1590,
  "total_chunks": 3600,
  "patterns_found": 2,
  "start_time": 1589.0004413890115,
  "end_time": 1589.9994416665118,
  "patterns": [
    {
      "type": "spike",
      "count": 22,
      "times": [
        1589.003441389845,
        1589.0094413915115,
        1589.016441393456,
        1589.0244413956782,
        1589.0284413967893,
        1589.0354413987338,
        1589.038441399567,
        1589.0414414004006,
        1589.088441413456,
        1589.1224414229005,
        1589.889441635956,
        1589.8994416387338,
        1589.9314416476227,
        1589.9434416509562,
        1589.9554416542894,
        1589.966441657345,
        1589.971441658734,
        1589.9744416595672,
        1589.9784416606783,
        1589.984441662345,
        1589.9924416645672,
        1589.997441665956
      ],
      "amplitudes": [
        0.0011399300035869378,
        0.0012232355541076149,
        0.0010780269046154762,
        0.0010658939370078908,
        0.001137310774819452,
        0.0011175701737331319,
        0.001113000196948028,
        0.0010927679771410976,
        0.0010727884117747173,
        0.0010824685645154446,
        0.001125893219106986,
        0.0010721201370114616,
        0.0010795247929975276,
        0.0010767103022964442,
        0.0010684034569632987,
        0.001059403084519576,
        0.0011067180081155762,
        0.001112419768950989,
        0.001090105981036224,
        0.0011453712855099601,
        0.00104730459921595,
        0.0012293560650630925
      ],
      "confidence": 0.8
    },
    {
      "type": "oscillation",
      "frequencies": [
        3.906248914738643,
        23.43749348843186,
        42.96873806212508,
        50.781235891602364,
        62.49998263581829,
        74.21872938003422,
        85.93747612425015,
        97.65622286846607,
        124.99996527163658,
        136.7187120158525,
        148.43745876006844,
        164.06245441902303,
        171.8749522485003,
        187.49994790745487,
        207.03119248114808,
        222.65618814010267,
        234.3749348843186,
        257.81242837275045,
        269.5311751169664,
        300.7811664348755,
        316.4061620938301,
        328.12490883804605,
        343.7499044970006,
        359.3749001559552,
        374.99989581490973,
        390.6248914738643,
        410.15613604755754,
        425.7811317065121,
        437.49987845072803,
        453.1248741096826,
        460.9373719391599,
        472.65611868337584,
        480.4686165128531,
        496.0936121718077
      ],
      "power": [
        3.4598268046124943e-10,
        2.7790056118160717e-11,
        1.5789600999896393e-11,
        1.812367178404176e-11,
        1.4174107153929813e-11,
        1.7421830572963398e-11,
        2.6884968864906734e-11,
        3.418803087005254e-11,
        3.162026752833026e-11,
        3.290878232768929e-11,
        2.76228922514967e-11,
        2.327444869437e-11,
        3.042454570268364e-11,
        2.083504230934612e-11,
        2.543512304407455e-11,
        2.634412652457274e-11,
        1.8540190796149024e-11,
        2.678696662471296e-11,
        1.724946115412781e-11,
        2.9364059027801036e-11,
        2.5537284907321172e-11,
        1.418832220518768e-11,
        2.9142153679134926e-11,
        1.9763368465797252e-11,
        2.5019133349138934e-11,
        3.51852863631355e-11,
        3.837074754129218e-11,
        2.0170000795153685e-11,
        2.3128135561347632e-11,
        1.935944073629309e-11,
        1.108966526178756e-11,
        2.4454304147708036e-11,
        2.536860491221075e-11,
        4.107874413205789e-11
      ],
      "confidence": 0.7
    }
  ]
}