{
  "chunk": 577,
  "total_chunks": 3600,
  "patterns_found": 2,
  "start_time": 576.0001600000445,
  "end_time": 576.9991602775445,
  "patterns": [
    {
      "type": "spike",
      "count": 3,
      "times": [
        576.4161601156001,
        576.4711601308778,
        576.5621601561556
      ],
      "amplitudes": [
        0.001679729250682858,
        0.001680290801118211,
        0.0016806178136154473
      ],
      "confidence": 0.8
    },
    {
      "type": "oscillation",
      "frequencies": [
        3.906248915182732,
        27.343742406279123,
        50.78123589737552,
        58.59373372774098,
        78.12497830365464,
        89.84372504920283,
        101.56247179475103,
        109.37496962511649,
        121.0937163706647,
        144.53120986176108,
        152.34370769212654,
        167.9687033528575,
        183.5936990135884,
        207.03119250468478,
        222.65618816541573,
        238.28118382614664,
        257.81242840206033,
        265.62492623242576,
        296.87491755388766,
        304.6874153842531,
        316.4061621298013,
        328.1249088753495,
        355.46865128162864,
        363.28114911199407,
        386.7186426030905,
        406.24988717900413,
        417.9686339245523,
        429.68738067010054,
        441.4061274156487,
        460.9373719915624,
        472.65611873711055,
        492.1873633130242
      ],
      "power": [
        2.977962294443963e-10,
        2.7625773509278132e-11,
        2.376510031117356e-11,
        3.287927124121132e-11,
        2.8583707119585263e-11,
        3.803206161994229e-11,
        1.8817754244619407e-11,
        2.4518493768518206e-11,
        2.694279314796735e-11,
        1.47313115925436e-11,
        2.5653048596665715e-11,
        1.646127836758184e-11,
        2.812950488723437e-11,
        2.7298664322398296e-11,
        2.9237989963610745e-11,
        2.6336115070004524e-11,
        2.961960028451205e-11,
        4.1583546697694146e-11,
        3.3058296620078774e-11,
        1.6663963874403598e-11,
        2.6237537957905123e-11,
        2.54599077871581e-11,
        2.6095820015080817e-11,
        1.9177968605592567e-11,
        1.5007168982994536e-11,
        3.327634838385038e-11,
        2.002793089451689e-11,
        3.857039139751887e-11,
        2.781556288329949e-11,
        1.9749865743998153e-11,
        2.40868945568467e-11,
        1.7747722053308498e-11
      ],
      "confidence": 0.7
    }
  ]
}