{
  "chunk": 2615,
  "total_chunks": 3600,
  "patterns_found": 2,
  "start_time": 2614.000726111313,
  "end_time": 2614.999726388813,
  "patterns": [
    {
      "type": "spike",
      "count": 1,
      "times": [
        2614.5697262693684
      ],
      "amplitudes": [
        0.0017602027855190435
      ],
      "confidence": 0.8
    },
    {
      "type": "oscillation",
      "frequencies": [
        3.9062489138504652,
        15.624995655401861,
        27.343742396953257,
        42.96873805235512,
        50.781235880056045,
        66.4062315354579,
        78.1249782770093,
        85.93747610471024,
        93.74997393241117,
        109.37496958781303,
        124.99996524321489,
        136.7187119847663,
        148.4374587263177,
        160.15620546786909,
        179.6874500371214,
        207.03119243407465,
        218.74993917562605,
        230.46868591717745,
        238.28118374487838,
        246.0936815725793,
        261.7186772279812,
        269.5311750556821,
        296.8749174526354,
        320.31241093573817,
        332.03115767728957,
        339.84365550499047,
        347.6561533326914,
        363.28114898809326,
        374.99989572964466,
        390.6248913850465,
        402.3436381265979,
        417.96863378199976,
        425.7811316097007,
        437.4998783512521,
        449.2186250928035,
        457.03112292050446,
        480.4686164036072,
        496.0936120590091
      ],
      "power": [
        3.345959281380001e-10,
        2.4776088949034822e-11,
        2.8800909660235775e-11,
        2.3572331890975005e-11,
        2.3706062705246086e-11,
        2.0784993601410377e-11,
        2.7731489377480377e-11,
        3.265642224226984e-11,
        3.982757849498953e-11,
        3.459900143051935e-11,
        2.3130264639277395e-11,
        3.958708813102401e-11,
        2.4578694406948233e-11,
        3.0313942386536024e-11,
        2.3020867320389506e-11,
        2.6172308543968204e-11,
        1.3453654628139622e-11,
        2.4372314527312057e-11,
        2.544641550754478e-11,
        2.129045836714054e-11,
        2.0256244208712202e-11,
        2.150722731770668e-11,
        4.8666265706021065e-11,
        2.849526448395681e-11,
        1.515707141060783e-11,
        1.4670427119812443e-11,
        1.7994163011122942e-11,
        4.789960401965742e-11,
        2.7773410152156063e-11,
        2.223818615346225e-11,
        3.303679318872475e-11,
        1.8045505173319398e-11,
        2.7135864658707118e-11,
        2.6757710116524302e-11,
        2.588333213978905e-11,
        3.2837699619703064e-11,
        2.7573971350648388e-11,
        1.648471775129189e-11
      ],
      "confidence": 0.7
    }
  ]
}