{
  "chunk": 1377,
  "total_chunks": 3600,
  "patterns_found": 2,
  "start_time": 1376.0003822223284,
  "end_time": 1376.9993824998285,
  "patterns": [
    {
      "type": "spike",
      "count": 11,
      "times": [
        1376.3633823231619,
        1376.4143823373286,
        1376.4833823564952,
        1376.4923823589952,
        1376.516382365662,
        1376.5353823709397,
        1376.542382372884,
        1376.5463823739951,
        1376.5593823776062,
        1376.596382387884,
        1376.6163823934396
      ],
      "amplitudes": [
        0.0016984833710882237,
        0.0017197611823577652,
        0.001693276574069686,
        0.0017561310040146436,
        0.0016917728967331706,
        0.001758258122702265,
        0.001742200331781016,
        0.0016888901944514434,
        0.001714096982088178,
        0.0016963663859582805,
        0.0017684891817903784
      ],
      "confidence": 0.8
    },
    {
      "type": "oscillation",
      "frequencies": [
        3.906248914738643,
        31.249991317909146,
        58.59373372107965,
        78.12497829477286,
        105.46872069794337,
        121.09371635689794,
        132.81246310111388,
        144.5312098453298,
        164.06245441902303,
        179.6874500779776,
        195.31244573693215,
        218.74993922536402,
        230.46868596957995,
        242.18743271379589,
        261.7186772874891,
        269.5311751169664,
        289.0624196906596,
        296.8749175201369,
        316.4061620938301,
        328.12490883804605,
        343.7499044970006,
        351.56240232647787,
        367.1873979854325,
        390.6248914738643,
        402.34363821808023,
        417.96863387703485,
        433.5936295359894,
        449.21862519494397,
        460.9373719391599,
        472.65611868337584,
        484.37486542759177
      ],
      "power": [
        2.8235700138146045e-10,
        5.1151348723829315e-11,
        3.150395815367457e-11,
        1.87761276287579e-11,
        3.846627162354677e-11,
        2.529741950526723e-11,
        1.943220169118562e-11,
        2.8053866004903567e-11,
        3.8838330029876953e-11,
        2.7515459325625614e-11,
        3.392688468999755e-11,
        2.9975004054059614e-11,
        2.1680907181477064e-11,
        3.375180509687624e-11,
        2.2443857701191324e-11,
        3.40444486495403e-11,
        1.9313529602062233e-11,
        1.9165420921990748e-11,
        2.831294645142884e-11,
        2.579676068907281e-11,
        4.5489165422256586e-11,
        2.9002641925992154e-11,
        2.1081640117796232e-11,
        2.3718112242034006e-11,
        2.645322996317109e-11,
        2.85200436552897e-11,
        1.209327058199025e-11,
        2.5980954690471628e-11,
        2.944318736368866e-11,
        2.2388704396503312e-11,
        2.415008722469243e-11
      ],
      "confidence": 0.7
    }
  ]
}