{
  "chunk": 3578,
  "total_chunks": 3600,
  "patterns_found": 2,
  "start_time": 3577.0009936113875,
  "end_time": 3577.9999938888873,
  "patterns": [
    {
      "type": "spike",
      "count": 15,
      "times": [
        3577.001993611665,
        3577.0039936122207,
        3577.0089936136096,
        3577.0129936147205,
        3577.016993615832,
        3577.0189936163874,
        3577.0259936183315,
        3577.037993621665,
        3577.0529936258317,
        3577.0589936274982,
        3577.9509938752763,
        3577.986993885276,
        3577.988993885832,
        3577.991993886665,
        3577.9959938877764
      ],
      "amplitudes": [
        0.0011014354715327996,
        0.0010618116117356393,
        0.0011156111630604014,
        0.0012637184923887344,
        0.001130681223348937,
        0.0010625179163728919,
        0.0011632333783202266,
        0.0010502900257386533,
        0.0011228495323593005,
        0.001087326961393626,
        0.001048635477393125,
        0.0010665789922231306,
        0.001063498322748031,
        0.001298070953266489,
        0.0010564580962776943
      ],
      "confidence": 0.8
    },
    {
      "type": "oscillation",
      "frequencies": [
        3.906248915626821,
        23.437493493760925,
        35.15624024064139,
        54.687484818775495,
        78.12497831253643,
        101.56247180629735,
        109.37496963755099,
        124.99996530005828,
        136.71871204693875,
        148.43745879381922,
        160.15620554069966,
        179.68745011883377,
        191.40619686571424,
        203.1249436125947,
        218.74993927510198,
        234.37493493760928,
        246.09368168448972,
        269.53117517825063,
        281.2499219251311,
        292.9686686720116,
        312.4999132501457,
        328.124908912653,
        343.74990457516026,
        355.4686513220407,
        363.2811491532944,
        374.9998959001748,
        390.62489156268214,
        402.3436383095626,
        417.9686339720699,
        429.68738071895035,
        441.4061274658308,
        457.0311231283381,
        476.5623677064722,
        484.37486553772584,
        492.18736336897945
      ],
      "power": [
        2.756903546084755e-10,
        1.5193340487222034e-11,
        2.01513724099612e-11,
        3.831589375331041e-11,
        2.5444670819062845e-11,
        1.6282598411847538e-11,
        1.858517384670431e-11,
        4.06764380451306e-11,
        2.983467442680221e-11,
        2.347597270492741e-11,
        1.8258668671287586e-11,
        2.5504086872286254e-11,
        2.6049462258568335e-11,
        2.2421965815679676e-11,
        3.36229881800515e-11,
        3.5463376162978624e-11,
        4.719488289125149e-11,
        3.793599732615804e-11,
        2.7829024115489562e-11,
        2.6550599377615512e-11,
        3.709846488007497e-11,
        2.8359645289440854e-11,
        2.5284353684588244e-11,
        1.6920038822399454e-11,
        2.179379428582244e-11,
        1.9982186842942756e-11,
        2.0517690920472438e-11,
        3.213561154543049e-11,
        2.5544363179948158e-11,
        1.7333940532087373e-11,
        1.7552347969176305e-11,
        2.6478970036346735e-11,
        2.4324900878922024e-11,
        1.6304802795678655e-11,
        2.5434939856593792e-11
      ],
      "confidence": 0.7
    }
  ]
}