{
  "chunk": 3084,
  "total_chunks": 3600,
  "patterns_found": 2,
  "start_time": 3083.000856389127,
  "end_time": 3083.9998566666272,
  "patterns": [
    {
      "type": "spike",
      "count": 17,
      "times": [
        3083.0078563910715,
        3083.0118563921824,
        3083.018856394127,
        3083.023856395516,
        3083.0288563969048,
        3083.0388563996826,
        3083.0538564038493,
        3083.0568564046825,
        3083.058856405238,
        3083.9398566499603,
        3083.953856653849,
        3083.9628566563492,
        3083.9758566599603,
        3083.9888566635714,
        3083.990856664127,
        3083.9938566649603,
        3083.998856666349
      ],
      "amplitudes": [
        0.0010899715064238286,
        0.0011138567206922818,
        0.0011087784818646605,
        0.0011673558248281657,
        0.001086332423536834,
        0.0012070774438666645,
        0.0010942898490774967,
        0.0010800834621219678,
        0.0011329080701344685,
        0.0010752297901707034,
        0.001119917695764556,
        0.0010835708608051956,
        0.0011200722526259887,
        0.0011244116451990017,
        0.0011569064264646638,
        0.0011093356489065187,
        0.001232095301134095
      ],
      "confidence": 0.8
    },
    {
      "type": "oscillation",
      "frequencies": [
        3.906248915626821,
        35.15624024064139,
        50.781235903148676,
        62.49998265002914,
        74.21872939690961,
        82.03122722816325,
        93.7499739750437,
        109.37496963755099,
        121.09371638443146,
        136.71871204693875,
        144.53120987819239,
        156.24995662507285,
        167.96870337195332,
        187.4999479500874,
        195.31244578134107,
        222.6561881907288,
        246.09368168448972,
        261.718677346997,
        277.3436730095043,
        292.9686686720116,
        308.59366433451885,
        332.0311578282798,
        343.74990457516026,
        355.4686513220407,
        367.1873980689212,
        374.9998959001748,
        398.43738939393575,
        410.1561361408162,
        429.68738071895035,
        437.49987855020396,
        453.12487421271123,
        464.8436209595917,
        472.65611879084537,
        492.18736336897945
      ],
      "power": [
        3.508626195715089e-10,
        2.779705154397174e-11,
        2.0233222130934257e-11,
        2.076595749774183e-11,
        2.743917634241505e-11,
        2.7179424209843737e-11,
        1.8507025077662628e-11,
        1.513588878972733e-11,
        4.5255288597410254e-11,
        2.5080891158243253e-11,
        2.3436237055596264e-11,
        2.3313785303943783e-11,
        3.2848813766977065e-11,
        2.4461028939640813e-11,
        3.417511732196505e-11,
        2.103090977709174e-11,
        3.2666421692198324e-11,
        1.63839533982751e-11,
        1.9061869785336114e-11,
        3.1723535617900686e-11,
        3.3176268667826994e-11,
        1.6471490980845667e-11,
        1.8309821740828517e-11,
        2.927158020505633e-11,
        2.9306371318667776e-11,
        3.1872788769968416e-11,
        3.7391985649175767e-11,
        2.3303819088813533e-11,
        1.7791212057609277e-11,
        1.4760615930221712e-11,
        2.5595560494186365e-11,
        1.2927882155758458e-11,
        2.5653496976162806e-11,
        3.56586213655512e-11
      ],
      "confidence": 0.7
    }
  ]
}