{
  "chunk": 1450,
  "total_chunks": 3600,
  "patterns_found": 2,
  "start_time": 1449.000402500112,
  "end_time": 1449.999402777612,
  "patterns": [
    {
      "type": "spike",
      "count": 16,
      "times": [
        1449.0034025009452,
        1449.0104025028897,
        1449.0124025034452,
        1449.0374025103897,
        1449.9084027523343,
        1449.9124027534453,
        1449.9524027645564,
        1449.9554027653896,
        1449.963402767612,
        1449.9664027684453,
        1449.9704027695564,
        1449.9744027706674,
        1449.981402772612,
        1449.990402775112,
        1449.9924027756674,
        1449.994402776223
      ],
      "amplitudes": [
        0.0011776219955144855,
        0.001157699666524976,
        0.0011117394463194589,
        0.0010644619252712247,
        0.001144412070357342,
        0.0010824069534590029,
        0.001093054758802272,
        0.0011760539696767363,
        0.0010911915417062717,
        0.0010931250555541343,
        0.0010749348629647798,
        0.0011442705182682026,
        0.0012585783183006868,
        0.0011708725680131136,
        0.001115628868887525,
        0.0012448683731845092
      ],
      "confidence": 0.8
    },
    {
      "type": "oscillation",
      "frequencies": [
        3.906248914738643,
        31.249991317909146,
        42.96873806212508,
        66.40623155055694,
        74.21872938003422,
        89.8437250389888,
        105.46872069794337,
        113.28121852742065,
        121.09371635689794,
        128.90621418637522,
        144.5312098453298,
        156.24995658954572,
        164.06245441902303,
        195.31244573693215,
        218.74993922536402,
        234.3749348843186,
        249.99993054327317,
        269.5311751169664,
        277.3436729464437,
        289.0624196906596,
        296.8749175201369,
        304.6874153496142,
        316.4061620938301,
        324.21865992330737,
        335.9374066675233,
        347.65615341173924,
        355.46865124121655,
        367.1873979854325,
        382.81239364438704,
        390.6248914738643,
        406.2498871328189,
        414.06238496229616,
        425.7811317065121,
        437.49987845072803,
        449.21862519494397,
        460.9373719391599,
        472.65611868337584,
        496.0936121718077
      ],
      "power": [
        3.0672985650341587e-10,
        2.7265211060268003e-11,
        3.462317369001679e-11,
        1.98088835733459e-11,
        1.944937954246912e-11,
        3.115952634723507e-11,
        2.2711975381150284e-11,
        2.3831586206357456e-11,
        2.0067337448082845e-11,
        1.4508959049829349e-11,
        2.8463341985404086e-11,
        2.2992552858695705e-11,
        2.8961987759715386e-11,
        3.187255500126023e-11,
        4.511029108449071e-11,
        2.5978108663411107e-11,
        3.943023794122833e-11,
        2.993134588363461e-11,
        1.2305041091132505e-11,
        2.917034088752408e-11,
        3.217587313360529e-11,
        3.058705679999021e-11,
        3.3909462757758066e-11,
        3.7754109270881235e-11,
        2.3853113386992063e-11,
        2.8673630418993212e-11,
        1.8864964511209367e-11,
        4.2097134473533625e-11,
        1.809928908372929e-11,
        1.8214440024255403e-11,
        1.5826665363477222e-11,
        1.8428137345065887e-11,
        3.933593666972963e-11,
        2.7596231691330523e-11,
        3.651903372237585e-11,
        2.743511113417986e-11,
        2.1863669876034272e-11,
        2.130241109865638e-11
      ],
      "confidence": 0.7
    }
  ]
}