{
  "chunk": 3055,
  "total_chunks": 3600,
  "patterns_found": 2,
  "start_time": 3054.000848333569,
  "end_time": 3054.9998486110694,
  "patterns": [
    {
      "type": "spike",
      "count": 13,
      "times": [
        3054.3728484369026,
        3054.4318484532914,
        3054.4548484596803,
        3054.4758484655135,
        3054.477848466069,
        3054.492848470236,
        3054.510848475236,
        3054.513848476069,
        3054.5398484832913,
        3054.585848496069,
        3054.5888484969023,
        3054.6068485019027,
        3054.6518485144024
      ],
      "amplitudes": [
        0.001705966126315538,
        0.0017432913836811156,
        0.0016796816017472325,
        0.0017023045142063775,
        0.001677475834427786,
        0.0017094118095149276,
        0.001722697670585831,
        0.0016837532420760637,
        0.0017737547985377095,
        0.0016950880133356112,
        0.001693369924371998,
        0.001723735509034918,
        0.0017727859767868517
      ],
      "confidence": 0.8
    },
    {
      "type": "oscillation",
      "frequencies": [
        3.906248915626821,
        23.437493493760925,
        39.062489156268214,
        54.687484818775495,
        66.40623156565596,
        82.03122722816325,
        109.37496963755099,
        128.9062142156851,
        140.62496096256555,
        156.24995662507285,
        183.5936990344606,
        195.31244578134107,
        218.74993927510198,
        226.56243710635562,
        242.18743276886292,
        261.718677346997,
        273.4374240938775,
        285.15617084075797,
        292.9686686720116,
        312.4999132501457,
        324.2186599970262,
        339.84365565953345,
        347.65615349078706,
        367.1873980689212,
        390.62489156268214,
        398.43738939393575,
        417.9686339720699,
        433.59362963457716,
        449.21862529708443,
        460.9373720439649,
        476.5623677064722,
        488.28111445335264
      ],
      "power": [
        2.976336088618441e-10,
        9.426548080122293e-12,
        3.3133394280405175e-11,
        2.192626823951678e-11,
        3.235415061285582e-11,
        2.1230241222203335e-11,
        1.8580520364603716e-11,
        1.7981093146210228e-11,
        1.8778688119953862e-11,
        4.105583197789567e-11,
        2.1292364012939305e-11,
        2.0541930197018253e-11,
        3.443326419716597e-11,
        4.026692204291604e-11,
        4.2591422365074747e-11,
        2.893543958203543e-11,
        3.3587923014661964e-11,
        1.6935464126753904e-11,
        2.4418764285203192e-11,
        1.9688296982752814e-11,
        4.358793531728245e-11,
        2.093883785419428e-11,
        2.3943797683771726e-11,
        4.3570763838894723e-11,
        2.8103125064837e-11,
        2.403240815252986e-11,
        2.0950299133848445e-11,
        2.860360816449643e-11,
        3.259672305214235e-11,
        2.3993065893785213e-11,
        4.517625942717046e-11,
        2.321755620029202e-11
      ],
      "confidence": 0.7
    }
  ]
}