{
  "chunk": 2085,
  "total_chunks": 3600,
  "patterns_found": 2,
  "start_time": 2084.00057888905,
  "end_time": 2084.9995791665497,
  "patterns": [
    {
      "type": "spike",
      "count": 8,
      "times": [
        2084.291578969883,
        2084.363578989883,
        2084.407579002105,
        2084.431579008772,
        2084.480579022383,
        2084.5305790362722,
        2084.5565790434944,
        2084.6235790621054
      ],
      "amplitudes": [
        0.0017874194931439683,
        0.001726653382450841,
        0.0017062058612021009,
        0.0017466620426074258,
        0.0017219727239121383,
        0.0016936099752842704,
        0.0017179021596592868,
        0.0017062184807507463
      ],
      "confidence": 0.8
    },
    {
      "type": "oscillation",
      "frequencies": [
        3.906248915626821,
        27.343742409387747,
        42.96873807189503,
        58.59373373440232,
        70.31248048128278,
        78.12497831253643,
        93.7499739750437,
        109.37496963755099,
        117.18746746880464,
        132.81246313131192,
        148.43745879381922,
        164.0624544563265,
        179.68745011883377,
        191.40619686571424,
        207.0311925282215,
        218.74993927510198,
        242.18743276886292,
        277.3436730095043,
        289.06241975638477,
        308.59366433451885,
        328.124908912653,
        359.37490023766753,
        386.7186426470553,
        402.3436383095626,
        414.062385056443,
        425.7811318033235,
        437.49987855020396,
        449.21862529708443,
        460.9373720439649,
        468.74986987521856,
        488.28111445335264,
        496.0936122846063
      ],
      "power": [
        3.5517954638582314e-10,
        2.394791696051139e-11,
        4.126423420601411e-11,
        1.5442072112668007e-11,
        2.3932947112134497e-11,
        1.5766710824256295e-11,
        8.58969875226166e-12,
        1.721744043275796e-11,
        1.7499621652923832e-11,
        7.320914753615476e-11,
        2.692856387580882e-11,
        3.350735361108392e-11,
        1.9629204960550284e-11,
        1.5411390681244807e-11,
        1.3526036787099972e-11,
        1.7651073634511152e-11,
        4.191458226110559e-11,
        1.8951893837103123e-11,
        2.12802005847937e-11,
        4.078478537783708e-11,
        3.409120025879933e-11,
        3.828458010703961e-11,
        4.051678271617366e-11,
        2.652009937761387e-11,
        2.3551200153816865e-11,
        3.101890951240874e-11,
        2.7335521972000136e-11,
        2.6382997167012152e-11,
        2.9111775198841185e-11,
        2.4855157948224224e-11,
        2.7936658362432716e-11,
        3.090634016906509e-11
      ],
      "confidence": 0.7
    }
  ]
}