{
  "chunk": 2695,
  "total_chunks": 3600,
  "patterns_found": 2,
  "start_time": 2694.000748333541,
  "end_time": 2694.9997486110415,
  "patterns": [
    {
      "type": "spike",
      "count": 7,
      "times": [
        2694.3597484332636,
        2694.389748441597,
        2694.4237484510413,
        2694.4327484535415,
        2694.4457484571526,
        2694.497748471597,
        2694.515748476597
      ],
      "amplitudes": [
        0.0016925862699589513,
        0.0017538760538669664,
        0.0017437891248128319,
        0.001742495234743559,
        0.0016928713840856202,
        0.001712716362645814,
        0.0017462029003468282
      ],
      "confidence": 0.8
    },
    {
      "type": "oscillation",
      "frequencies": [
        3.9062489138504652,
        19.531244569252326,
        39.06248913850465,
        46.87498696620558,
        58.59373370775698,
        70.31248044930837,
        85.93747610471024,
        93.74997393241117,
        105.46872067396257,
        128.90621415706536,
        140.62496089861673,
        148.4374587263177,
        164.06245438171953,
        175.78120112327093,
        195.31244569252326,
        210.93744134792513,
        230.46868591717745,
        242.18743265872885,
        253.90617940028025,
        265.6249261418316,
        292.96866853878487,
        308.5936641941868,
        328.12490876343907,
        335.93740659114,
        347.6561533326914,
        371.0936468157942,
        390.6248913850465,
        414.0623848681493,
        429.68738052355116,
        445.31237617895306,
        453.12487400665395,
        468.74986966205586,
        484.3748653174577,
        496.0936120590091
      ],
      "power": [
        3.3411135695899673e-10,
        2.751078177667028e-11,
        2.2981678715567992e-11,
        1.928006963732293e-11,
        2.4778181879680067e-11,
        1.7825390537187523e-11,
        2.1294346236441542e-11,
        2.185122022701596e-11,
        2.6455053887069625e-11,
        2.7051202691796826e-11,
        2.1369482791374938e-11,
        2.5652189992469972e-11,
        3.8878370678663334e-11,
        2.2556845107365713e-11,
        2.4523182827716355e-11,
        3.4321325854949137e-11,
        2.6722605429987792e-11,
        2.863175030015855e-11,
        3.431333304251485e-11,
        3.4591891842969015e-11,
        4.350541201668992e-11,
        1.6569111244117272e-11,
        2.969437657047371e-11,
        3.072735027164634e-11,
        3.0219550253131483e-11,
        2.047464544706065e-11,
        2.1419299242265412e-11,
        3.068325314385556e-11,
        1.551899492461223e-11,
        4.764019603473417e-11,
        2.4969618031532094e-11,
        2.932316504233391e-11,
        1.6111092315847547e-11,
        1.6669903332824803e-11
      ],
      "confidence": 0.7
    }
  ]
}