{
  "chunk": 486,
  "total_chunks": 3600,
  "patterns_found": 2,
  "start_time": 485.00013472225965,
  "end_time": 485.99913499975975,
  "patterns": [
    {
      "type": "spike",
      "count": 20,
      "times": [
        485.00213472281524,
        485.0151347264263,
        485.02213472837076,
        485.0251347292041,
        485.06013473892637,
        485.0701347417041,
        485.0761347433708,
        485.09713474920414,
        485.91313497587083,
        485.9161349767042,
        485.9201349778153,
        485.93513498198195,
        485.9471349853153,
        485.953134986982,
        485.9611349892042,
        485.9661349905931,
        485.9731349925375,
        485.97613499337086,
        485.9791349942042,
        485.9881349967042
      ],
      "amplitudes": [
        0.0011218225529602288,
        0.00113734175043626,
        0.00117842166835182,
        0.0010666409296462634,
        0.0010599564300487329,
        0.0011279464589290127,
        0.0010788851932322001,
        0.0010910684492001237,
        0.0010791486129862787,
        0.0010706342163478181,
        0.001089893143514307,
        0.0010603936786194009,
        0.0010572341569025348,
        0.0011054592043209667,
        0.0010817761137787297,
        0.0010871091684813753,
        0.0012122058528358447,
        0.0012044355414590321,
        0.0011500009336909965,
        0.001137602742756636
      ],
      "confidence": 0.8
    },
    {
      "type": "oscillation",
      "frequencies": [
        3.906248914738643,
        19.531244573693215,
        31.249991317909146,
        39.06248914738643,
        54.687484806341004,
        66.40623155055694,
        82.03122720951151,
        105.46872069794337,
        124.99996527163658,
        132.81246310111388,
        148.43745876006844,
        160.15620550428437,
        171.8749522485003,
        179.6874500779776,
        187.49994790745487,
        199.2186946516708,
        218.74993922536402,
        226.5624370548413,
        234.3749348843186,
        253.90617945801182,
        261.7186772874891,
        273.437424031705,
        292.96866860539825,
        308.5936642643528,
        320.31241100856874,
        335.9374066675233,
        347.65615341173924,
        355.46865124121655,
        363.2811490706938,
        371.0936469001711,
        394.531140388603,
        406.2498871328189,
        414.06238496229616,
        441.40612736546666,
        453.1248741096826,
        460.9373719391599,
        476.56236759811446,
        484.37486542759177,
        496.0936121718077
      ],
      "power": [
        3.1627645165025507e-10,
        5.707423636959332e-12,
        3.3600219707226676e-11,
        1.4513163029742701e-11,
        2.864508869162251e-11,
        3.6719390569729934e-11,
        3.165104161232997e-11,
        1.5537760827711942e-11,
        3.157226133633712e-11,
        2.708014087886067e-11,
        2.3818452259039263e-11,
        1.1239774800724981e-11,
        2.400344660876045e-11,
        1.8307890036312983e-11,
        3.3082928036612204e-11,
        2.2091282329098193e-11,
        2.1311960686700797e-11,
        2.7152325750963696e-11,
        2.1878957580861208e-11,
        2.0462078837566483e-11,
        3.1471136191484814e-11,
        3.615923111296891e-11,
        4.3110017457687295e-11,
        2.8826969828793703e-11,
        2.0115110918386735e-11,
        1.8954832044837258e-11,
        2.115191162905948e-11,
        1.4587421892103772e-11,
        2.200420187036792e-11,
        2.7479844051688935e-11,
        2.5413871551073176e-11,
        1.9661654270873967e-11,
        2.7756985060760543e-11,
        1.957419284906324e-11,
        1.2517571751154828e-11,
        2.96747279073119e-11,
        2.354942127375233e-11,
        2.6241683282087395e-11,
        2.978362214896483e-11
      ],
      "confidence": 0.7
    }
  ]
}