{
  "chunk": 1393,
  "total_chunks": 3600,
  "patterns_found": 2,
  "start_time": 1392.0003866667741,
  "end_time": 1392.9993869442742,
  "patterns": [
    {
      "type": "spike",
      "count": 7,
      "times": [
        1392.4473867909408,
        1392.4733867981631,
        1392.5373868159409,
        1392.5403868167741,
        1392.5483868189965,
        1392.563386823163,
        1392.6183868384408
      ],
      "amplitudes": [
        0.0016942286615569332,
        0.0017160314114774864,
        0.001734055086260043,
        0.001697449331579817,
        0.0017245074994869795,
        0.001702278333404152,
        0.0016979439587185173
      ],
      "confidence": 0.8
    },
    {
      "type": "oscillation",
      "frequencies": [
        3.906248914738643,
        27.343742403170502,
        35.15624023264779,
        46.87498697686372,
        66.40623155055694,
        78.12497829477286,
        101.56247178320473,
        113.28121852742065,
        121.09371635689794,
        136.7187120158525,
        156.24995658954572,
        164.06245441902303,
        171.8749522485003,
        191.40619682219352,
        203.12494356640946,
        210.93744139588674,
        226.5624370548413,
        242.18743271379589,
        261.7186772874891,
        277.3436729464437,
        292.96866860539825,
        312.49991317909144,
        320.31241100856874,
        335.9374066675233,
        343.7499044970006,
        363.2811490706938,
        374.99989581490973,
        398.4373893033416,
        414.06238496229616,
        425.7811317065121,
        437.49987845072803,
        453.1248741096826,
        460.9373719391599,
        472.65611868337584,
        484.37486542759177,
        496.0936121718077
      ],
      "power": [
        3.908024680450695e-10,
        2.157339589930885e-11,
        1.5183894007219385e-11,
        2.469565527725914e-11,
        2.0942378331592962e-11,
        4.072477231556858e-11,
        3.537534686307135e-11,
        2.602476795968097e-11,
        2.5813023236807104e-11,
        2.3000836493519573e-11,
        3.36717088391559e-11,
        1.5099825100115418e-11,
        1.7079019737359105e-11,
        1.1399168955150323e-11,
        1.776230831578225e-11,
        1.3704015712652899e-11,
        1.0938418166559183e-11,
        2.0181417322321526e-11,
        2.914734032075996e-11,
        2.4008464028619918e-11,
        3.5565214557152125e-11,
        2.1009904921784816e-11,
        2.283161490106617e-11,
        1.4193181530629228e-11,
        1.723536378197473e-11,
        1.9822313010017096e-11,
        3.5439214016185095e-11,
        2.7646093112086624e-11,
        4.585417039240007e-11,
        2.4687866255503225e-11,
        1.919412397622178e-11,
        2.466303758396295e-11,
        1.3347937481046498e-11,
        1.6034560976718483e-11,
        2.798774417294474e-11,
        2.8699782028476628e-11
      ],
      "confidence": 0.7
    }
  ]
}