{
  "chunk": 1141,
  "total_chunks": 3600,
  "patterns_found": 2,
  "start_time": 1140.0003166667548,
  "end_time": 1140.9993169442548,
  "patterns": [
    {
      "type": "spike",
      "count": 6,
      "times": [
        1140.2993167498103,
        1140.5053168070326,
        1140.5083168078659,
        1140.539316816477,
        1140.5813168281436,
        1140.6363168434214
      ],
      "amplitudes": [
        0.0016982054898919336,
        0.0017242745636986776,
        0.0017245190421084668,
        0.001722430397481526,
        0.0017346901785660904,
        0.0017097807735241863
      ],
      "confidence": 0.8
    },
    {
      "type": "oscillation",
      "frequencies": [
        3.906248915626821,
        11.718746746880463,
        31.24999132501457,
        50.781235903148676,
        62.49998265002914,
        74.21872939690961,
        85.93747614379006,
        109.37496963755099,
        121.09371638443146,
        132.81246313131192,
        140.62496096256555,
        152.34370770944602,
        160.15620554069966,
        171.87495228758013,
        187.4999479500874,
        195.31244578134107,
        207.0311925282215,
        214.84369035947518,
        226.56243710635562,
        238.2811838532361,
        253.9061795157434,
        269.53117517825063,
        277.3436730095043,
        300.78116650326524,
        308.59366433451885,
        316.4061621657725,
        328.124908912653,
        339.84365565953345,
        351.5624024064139,
        359.37490023766753,
        378.90614481580167,
        402.3436383095626,
        410.1561361408162,
        421.8748828876967,
        441.4061274658308,
        460.9373720439649,
        488.28111445335264
      ],
      "power": [
        2.579105079421882e-10,
        3.292697844579985e-11,
        3.3254591706454464e-11,
        1.9464564476712253e-11,
        4.0306446729597855e-11,
        2.7766105173951923e-11,
        1.636216439442613e-11,
        4.92664565652806e-11,
        2.242981085395507e-11,
        2.6125938001104094e-11,
        2.6472686068993916e-11,
        2.2106068942278953e-11,
        2.708282453659559e-11,
        2.5980115075429723e-11,
        2.0964213549998758e-11,
        1.1201754493226458e-11,
        3.2909780905650625e-11,
        1.6588217008423793e-11,
        3.117342266355241e-11,
        2.4633985684079665e-11,
        1.925449709411982e-11,
        2.5846146645995554e-11,
        2.8770046724669973e-11,
        2.4228360585410948e-11,
        2.6448790695249272e-11,
        2.3373835127737476e-11,
        1.7778384883733293e-11,
        3.883930405900166e-11,
        2.1810136756958017e-11,
        1.7205789374075633e-11,
        5.116667051808749e-11,
        1.9181397804079746e-11,
        2.3219618611071432e-11,
        1.6318134645610714e-11,
        3.259924087016163e-11,
        2.3772238217169434e-11,
        3.3104445113445806e-11
      ],
      "confidence": 0.7
    }
  ]
}