{
  "chunk": 816,
  "total_chunks": 3600,
  "patterns_found": 2,
  "start_time": 815.0002263889518,
  "end_time": 815.9992266664519,
  "patterns": [
    {
      "type": "spike",
      "count": 22,
      "times": [
        815.0012263892296,
        815.0062263906185,
        815.0092263914519,
        815.0212263947851,
        815.0242263956185,
        815.0312263975629,
        815.0362263989518,
        815.0412264003407,
        815.0472264020074,
        815.0562264045074,
        815.0712264086741,
        815.0992264164519,
        815.9212266447852,
        815.9452266514519,
        815.9522266533963,
        815.9702266583963,
        815.9782266606186,
        815.9812266614518,
        815.9872266631186,
        815.9892266636741,
        815.9912266642297,
        815.9962266656186
      ],
      "amplitudes": [
        0.0011611790669511725,
        0.0010601147913228252,
        0.0010970129387674803,
        0.0010545114834816112,
        0.0010752046503569842,
        0.0010512219032632717,
        0.001069183595755737,
        0.001098340492441574,
        0.0011076596320562916,
        0.0011324145128325121,
        0.0010948802178464994,
        0.0010558392740549116,
        0.0011506200730321615,
        0.0010871567219472122,
        0.001064145459840613,
        0.001054458851713243,
        0.0012137112450843711,
        0.0012061589647704115,
        0.0010765740028360266,
        0.0010643747606254477,
        0.0011670911086405725,
        0.0011291363498948245
      ],
      "confidence": 0.8
    },
    {
      "type": "oscillation",
      "frequencies": [
        3.906248914738643,
        11.71874674421593,
        35.15624023264779,
        66.40623155055694,
        82.03122720951151,
        93.74997395372743,
        101.56247178320473,
        113.28121852742065,
        124.99996527163658,
        132.81246310111388,
        152.3437076748071,
        171.8749522485003,
        187.49994790745487,
        199.2186946516708,
        222.65618814010267,
        246.0936816285345,
        257.81242837275045,
        273.437424031705,
        281.2499218611823,
        292.96866860539825,
        300.7811664348755,
        320.31241100856874,
        347.65615341173924,
        355.46865124121655,
        374.99989581490973,
        390.6248914738643,
        402.34363821808023,
        414.06238496229616,
        433.5936295359894,
        441.40612736546666,
        457.0311230244213,
        468.7498697686372,
        476.56236759811446,
        496.0936121718077
      ],
      "power": [
        2.7219352056978556e-10,
        1.6597134237006202e-11,
        2.3289145518837328e-11,
        3.0622475827397645e-11,
        3.6433967243637234e-11,
        2.2698086950889893e-11,
        2.085805077608328e-11,
        4.369027856243134e-11,
        2.5534882926772243e-11,
        3.44724281657509e-11,
        2.0156634318277842e-11,
        4.099016429114435e-11,
        2.992332876181834e-11,
        2.6180067580644023e-11,
        5.716273071591228e-11,
        2.3592608351756513e-11,
        2.741881396403599e-11,
        3.0850987305077564e-11,
        3.285904184602624e-11,
        1.0687986544187901e-11,
        1.4499211004894122e-11,
        2.0667577441552922e-11,
        3.569379082161705e-11,
        2.4437252071377126e-11,
        2.4272052000092456e-11,
        2.1793139422829932e-11,
        1.4303854443423577e-11,
        2.1565751132822907e-11,
        3.231755079581996e-11,
        2.44769655862775e-11,
        4.2932729079367384e-11,
        2.2227260830180375e-11,
        2.6368656216945646e-11,
        2.6995306757979938e-11
      ],
      "confidence": 0.7
    }
  ]
}