{
  "chunk": 2411,
  "total_chunks": 3600,
  "patterns_found": 2,
  "start_time": 2410.0006694446306,
  "end_time": 2410.9996697221304,
  "patterns": [
    {
      "type": "spike",
      "count": 7,
      "times": [
        2410.312669531297,
        2410.4766695768526,
        2410.4786695774083,
        2410.485669579353,
        2410.5286695912973,
        2410.596669610186,
        2410.6426696229637
      ],
      "amplitudes": [
        0.0017311615249587073,
        0.0017173964627527215,
        0.0017185574020027483,
        0.001694344876679211,
        0.0017467815650083047,
        0.0017021886944449719,
        0.0017155422290981972
      ],
      "confidence": 0.8
    },
    {
      "type": "oscillation",
      "frequencies": [
        3.906248915626821,
        23.437493493760925,
        42.96873807189503,
        54.687484818775495,
        70.31248048128278,
        78.12497831253643,
        97.65622289067053,
        113.28121855317781,
        128.9062142156851,
        152.34370770944602,
        171.87495228758013,
        183.5936990344606,
        203.1249436125947,
        222.6561881907288,
        246.09368168448972,
        257.8124284313702,
        269.53117517825063,
        289.06241975638477,
        300.78116650326524,
        312.4999132501457,
        320.3124110813993,
        351.5624024064139,
        359.37490023766753,
        382.8123937314285,
        406.2498872251894,
        414.062385056443,
        429.68738071895035,
        445.3123763814576,
        464.8436209595917,
        496.0936122846063
      ],
      "power": [
        3.10657685943122e-10,
        2.3723465420141357e-11,
        2.4516889650552194e-11,
        3.428785410305477e-11,
        2.0133090961230865e-11,
        3.405113876651151e-11,
        3.048664771256549e-11,
        5.4986608076784665e-11,
        4.880593181297639e-11,
        4.138477337130855e-11,
        2.0224457816443388e-11,
        1.9178068636493937e-11,
        1.5002910721397085e-11,
        5.1234729221781957e-11,
        2.6741031028116654e-11,
        2.31719594809226e-11,
        3.5445440197621425e-11,
        4.761650932021763e-11,
        1.3762972808887443e-11,
        1.8599062279083265e-11,
        4.2868551369058734e-11,
        3.183611332406684e-11,
        2.922627203304965e-11,
        1.9310758175876658e-11,
        3.024478936925619e-11,
        2.9542319627830553e-11,
        1.4218184630000034e-11,
        2.6844445542680053e-11,
        2.864105174081521e-11,
        2.7654164783460846e-11
      ],
      "confidence": 0.7
    }
  ]
}