{
  "chunk": 3360,
  "total_chunks": 3600,
  "patterns_found": 2,
  "start_time": 3359.000933055815,
  "end_time": 3359.999933333315,
  "patterns": [
    {
      "type": "spike",
      "count": 20,
      "times": [
        3359.004933056926,
        3359.008933058037,
        3359.0119330588705,
        3359.022933061926,
        3359.028933063593,
        3359.0379330660926,
        3359.0429330674815,
        3359.0479330688704,
        3359.0529330702593,
        3359.0639330733147,
        3359.0689330747036,
        3359.8899333027593,
        3359.9059333072037,
        3359.9379333160928,
        3359.953933320537,
        3359.958933321926,
        3359.9739333260927,
        3359.9839333288705,
        3359.9929333313708,
        3359.994933331926
      ],
      "amplitudes": [
        0.0010600839523271699,
        0.001189583471157517,
        0.001065849900437631,
        0.0011327395507399773,
        0.0010993423780941293,
        0.0011012292138954224,
        0.0010786000899244504,
        0.0011492341316043035,
        0.0010553294635832233,
        0.0011653296475268454,
        0.001065181946286216,
        0.001070203129266865,
        0.0011313203055239658,
        0.0011557948529045178,
        0.001058990672445422,
        0.0010735382877536045,
        0.001095143624429188,
        0.0011640088188297362,
        0.0011000122289950849,
        0.0011618783422189642
      ],
      "confidence": 0.8
    },
    {
      "type": "oscillation",
      "frequencies": [
        3.906248915626821,
        35.15624024064139,
        46.87498698752185,
        62.49998265002914,
        70.31248048128278,
        78.12497831253643,
        97.65622289067053,
        113.28121855317781,
        132.81246313131192,
        144.53120987819239,
        160.15620554069966,
        167.96870337195332,
        187.4999479500874,
        203.1249436125947,
        214.84369035947518,
        234.37493493760928,
        257.8124284313702,
        273.4374240938775,
        281.2499219251311,
        300.78116650326524,
        308.59366433451885,
        320.3124110813993,
        332.0311578282798,
        343.74990457516026,
        351.5624024064139,
        359.37490023766753,
        386.7186426470553,
        402.3436383095626,
        417.9686339720699,
        441.4061274658308,
        453.12487421271123,
        460.9373720439649,
        472.65611879084537,
        484.37486553772584
      ],
      "power": [
        3.5565347181579675e-10,
        2.5569733945433335e-11,
        2.1364420314265696e-11,
        2.3838550378488126e-11,
        2.589499239516381e-11,
        2.3129975232084743e-11,
        1.218202401390752e-11,
        1.6903951065614164e-11,
        2.958316470690222e-11,
        4.492851267555811e-11,
        2.5994461830744778e-11,
        2.3625968518650893e-11,
        3.9768867437974066e-11,
        2.4172888794628828e-11,
        2.1183497913671843e-11,
        3.848689465767709e-11,
        3.310261420090839e-11,
        2.9362024968526665e-11,
        2.258452084393786e-11,
        3.677154915182498e-11,
        3.3133003747490266e-11,
        2.0711876443065963e-11,
        3.3786583601070565e-11,
        2.203427322827598e-11,
        2.294635023773554e-11,
        2.5427726657206776e-11,
        1.3477480581870897e-11,
        1.8806089060588316e-11,
        2.350580910299524e-11,
        3.773182244165819e-11,
        2.1805044858245605e-11,
        1.6634365714452443e-11,
        2.6713531747507006e-11,
        2.606136673602616e-11
      ],
      "confidence": 0.7
    }
  ]
}