{
  "chunk": 515,
  "total_chunks": 3600,
  "patterns_found": 2,
  "start_time": 514.0001427778175,
  "end_time": 514.9991430553175,
  "patterns": [
    {
      "type": "spike",
      "count": 9,
      "times": [
        514.3381428717064,
        514.3801428833731,
        514.4191428942064,
        514.4321428978175,
        514.4651429069842,
        514.4861429128175,
        514.5001429167064,
        514.5461429294842,
        514.5501429305953
      ],
      "amplitudes": [
        0.0017756410899842537,
        0.0017345571951085299,
        0.0017167604199609448,
        0.0016886145295770601,
        0.0017614291830370132,
        0.001687732653293058,
        0.0017203438807647502,
        0.0017753052763851834,
        0.0016960852804058738
      ],
      "confidence": 0.8
    },
    {
      "type": "oscillation",
      "frequencies": [
        3.906248914738643,
        19.531244573693215,
        42.96873806212508,
        74.21872938003422,
        93.74997395372743,
        109.37496961268201,
        117.1874674421593,
        136.7187120158525,
        156.24995658954572,
        171.8749522485003,
        183.59369899271624,
        203.12494356640946,
        210.93744139588674,
        234.3749348843186,
        265.62492620222775,
        273.437424031705,
        281.2499218611823,
        300.7811664348755,
        312.49991317909144,
        320.31241100856874,
        335.9374066675233,
        351.56240232647787,
        367.1873979854325,
        374.99989581490973,
        398.4373893033416,
        410.15613604755754,
        417.96863387703485,
        425.7811317065121,
        441.40612736546666,
        457.0311230244213,
        468.7498697686372,
        476.56236759811446,
        496.0936121718077
      ],
      "power": [
        2.8023481510625835e-10,
        3.245105407314816e-11,
        4.4058586257011923e-11,
        2.9437876187040664e-11,
        3.352049560269446e-11,
        1.889009095011343e-11,
        2.525901132480222e-11,
        1.566025374150869e-11,
        2.4965118316287947e-11,
        1.9775718778413664e-11,
        3.293747382720801e-11,
        3.4809783383625525e-11,
        3.394225069596367e-11,
        2.9121755766783856e-11,
        2.8838443527428673e-11,
        1.9514848389582716e-11,
        2.9635673471926046e-11,
        1.931549003151656e-11,
        2.0862246367388327e-11,
        3.621306918951688e-11,
        2.1356731159882077e-11,
        2.939613951015898e-11,
        2.7334991890123696e-11,
        3.646154246123914e-11,
        1.658465517554736e-11,
        1.5337010243736663e-11,
        1.644203997008591e-11,
        2.900809472705293e-11,
        3.754226780637261e-11,
        2.449734979062522e-11,
        2.069059606160568e-11,
        2.2662921443941798e-11,
        2.286420526359305e-11
      ],
      "confidence": 0.7
    }
  ]
}