{
  "chunk": 2754,
  "total_chunks": 3600,
  "patterns_found": 2,
  "start_time": 2753.0007647224347,
  "end_time": 2753.999764999935,
  "patterns": [
    {
      "type": "spike",
      "count": 21,
      "times": [
        2753.0057647238236,
        2753.009764724935,
        2753.01176472549,
        2753.014764726324,
        2753.017764727157,
        2753.021764728268,
        2753.030764730768,
        2753.040764733546,
        2753.0547647374347,
        2753.0657647404905,
        2753.0747647429903,
        2753.0787647441016,
        2753.1017647504905,
        2753.926764979657,
        2753.945764984935,
        2753.9517649866016,
        2753.958764988546,
        2753.9607649891013,
        2753.9647649902126,
        2753.9827649952126,
        2753.993764998268
      ],
      "amplitudes": [
        0.0011618109937368243,
        0.001104722110745969,
        0.0011020160055982965,
        0.0010975678917821711,
        0.0011371254949358051,
        0.0011284919000332904,
        0.0011179890213667153,
        0.0011738176128608705,
        0.0010567117008589261,
        0.001075329932540056,
        0.0010503826381900849,
        0.0010818173844025672,
        0.0010829565394995509,
        0.001055226185544372,
        0.0010602939523595499,
        0.0011846139759098245,
        0.0010829938714547863,
        0.0010838146826128237,
        0.0010639440171193086,
        0.0011121104118988203,
        0.0011129852217483132
      ],
      "confidence": 0.8
    },
    {
      "type": "oscillation",
      "frequencies": [
        3.9062489138504652,
        35.156240224654184,
        50.781235880056045,
        58.59373370775698,
        89.8437250185607,
        109.37496958781303,
        117.18746741551396,
        128.90621415706536,
        171.87495220942048,
        191.4061967786728,
        210.93744134792513,
        226.56243700332698,
        238.28118374487838,
        249.99993048642978,
        261.7186772279812,
        269.5311750556821,
        281.24992179723347,
        292.96866853878487,
        304.68741528033627,
        316.40616202188767,
        328.12490876343907,
        339.84365550499047,
        347.6561533326914,
        371.0936468157942,
        382.8123935573456,
        390.6248913850465,
        402.3436381265979,
        417.96863378199976,
        437.4998783512521,
        460.9373718343549,
        476.56236748975675,
        496.0936120590091
      ],
      "power": [
        2.918739610703476e-10,
        4.641871631877387e-11,
        4.5099847996941216e-11,
        2.3721444771997345e-11,
        4.268492749371059e-11,
        2.1163542553877602e-11,
        1.911575805229649e-11,
        4.447956242106479e-11,
        2.408952597487722e-11,
        3.1533379138500206e-11,
        3.631782116154958e-11,
        3.852095091395197e-11,
        2.3478474414385437e-11,
        3.313908788343643e-11,
        2.0454006118816123e-11,
        1.9326448816406376e-11,
        1.759755131033094e-11,
        4.003108572893148e-11,
        2.637714699860812e-11,
        2.6760939207850593e-11,
        2.3591739646066753e-11,
        3.2723831006170954e-11,
        3.380460202183461e-11,
        1.4848661454854856e-11,
        3.605291282806457e-11,
        1.5876866658105824e-11,
        1.953197312611726e-11,
        2.2363761271424875e-11,
        2.1444092419012132e-11,
        3.080519073225222e-11,
        2.0470076196536152e-11,
        1.444085606717601e-11
      ],
      "confidence": 0.7
    }
  ]
}