{
  "chunk": 65,
  "total_chunks": 3600,
  "patterns_found": 2,
  "start_time": 64.00001777778272,
  "end_time": 64.9990180552828,
  "patterns": [
    {
      "type": "spike",
      "count": 6,
      "times": [
        64.28901785806052,
        64.33901787194941,
        64.36101787806052,
        64.46401790667164,
        64.50901791917165,
        64.55001793056054
      ],
      "amplitudes": [
        0.0017093477948294969,
        0.0016971690531689188,
        0.0016829142984605603,
        0.0016975364917440321,
        0.0017002287735731032,
        0.0016872091348542843
      ],
      "confidence": 0.8
    },
    {
      "type": "oscillation",
      "frequencies": [
        3.9062489149051767,
        15.624995659620707,
        39.062489149051764,
        50.781235893767295,
        62.49998263848283,
        74.21872938319835,
        89.84372504281906,
        101.56247178753459,
        113.28121853225012,
        121.09371636206048,
        144.53120985149152,
        152.34370768130188,
        164.0624544260174,
        175.78120117073294,
        207.03119248997436,
        222.65618814959507,
        238.28118380921578,
        265.624926213552,
        281.2499218731727,
        289.06241970298305,
        300.7811664476986,
        308.59366427750894,
        328.1249088520348,
        359.37490017127624,
        374.99989583089695,
        382.8123936607073,
        394.53114040542283,
        406.24988715013836,
        417.9686338948539,
        441.40612738428496,
        468.7498697886212,
        496.09361219295744
      ],
      "power": [
        3.045053039891599e-10,
        3.098884718404415e-11,
        2.4923583821692046e-11,
        2.292801078575421e-11,
        1.3944838621361984e-11,
        2.3930183526410194e-11,
        2.7971412456953317e-11,
        1.6983766242164913e-11,
        2.6135685112582558e-11,
        3.2286155870557385e-11,
        2.571936557385533e-11,
        2.4615894671682544e-11,
        2.5130642750391052e-11,
        1.9061797385814263e-11,
        3.956221320278808e-11,
        1.764254872871656e-11,
        4.606175604948592e-11,
        3.414466093344735e-11,
        2.2392644201323157e-11,
        2.6330300309621917e-11,
        1.631691558500656e-11,
        2.2937588187013834e-11,
        3.395669189635714e-11,
        3.926714835945384e-11,
        1.60590839541369e-11,
        2.858113118547135e-11,
        3.6878518157087825e-11,
        3.7981590160798484e-11,
        2.5467447009315278e-11,
        3.07435139393537e-11,
        2.531880885128343e-11,
        1.8558382021872602e-11
      ],
      "confidence": 0.7
    }
  ]
}