{
  "chunk": 1615,
  "total_chunks": 3600,
  "patterns_found": 2,
  "start_time": 1614.000448333458,
  "end_time": 1614.999448610958,
  "patterns": [
    {
      "type": "spike",
      "count": 7,
      "times": [
        1614.459448460958,
        1614.4624484617914,
        1614.5014484726246,
        1614.5064484740135,
        1614.5214484781802,
        1614.5694484915136,
        1614.6514485142914
      ],
      "amplitudes": [
        0.001716383665742646,
        0.0017064418954665283,
        0.0016969364342285325,
        0.0017031424296475896,
        0.0017278273196150314,
        0.0017129667541477798,
        0.0016972388089939784
      ],
      "confidence": 0.8
    },
    {
      "type": "oscillation",
      "frequencies": [
        3.906248915626821,
        27.343742409387747,
        35.15624024064139,
        54.687484818775495,
        62.49998265002914,
        74.21872939690961,
        93.7499739750437,
        101.56247180629735,
        113.28121855317781,
        124.99996530005828,
        140.62496096256555,
        152.34370770944602,
        160.15620554069966,
        175.78120120320696,
        191.40619686571424,
        199.21869469696787,
        214.84369035947518,
        226.56243710635562,
        249.99993060011656,
        257.8124284313702,
        273.4374240938775,
        285.15617084075797,
        316.4061621657725,
        335.93740674390665,
        363.2811491532944,
        374.9998959001748,
        398.43738939393575,
        406.2498872251894,
        437.49987855020396,
        445.3123763814576,
        457.0311231283381,
        472.65611879084537,
        488.28111445335264,
        496.0936122846063
      ],
      "power": [
        3.1019361445278794e-10,
        3.12122325983111e-11,
        4.112741323778573e-11,
        2.209917870676682e-11,
        2.346811694164047e-11,
        3.566837485096654e-11,
        2.084921029140083e-11,
        2.3646522098710253e-11,
        2.445652603972709e-11,
        3.365094994037285e-11,
        3.436227303006727e-11,
        2.1564023735689564e-11,
        3.012214784172399e-11,
        4.382360663578481e-11,
        2.4455310894265883e-11,
        3.040628231229838e-11,
        1.726845839825542e-11,
        3.1445619615111003e-11,
        3.112735091570849e-11,
        3.8388869655084674e-11,
        1.5112109925776256e-11,
        2.518555385662854e-11,
        4.2920289750650067e-11,
        3.699396758876821e-11,
        2.986238254501679e-11,
        1.8731120241219256e-11,
        3.1384593982181245e-11,
        4.278603279373341e-11,
        2.5323229484968654e-11,
        2.481652431155485e-11,
        1.7838237834841872e-11,
        2.9903927508494496e-11,
        2.169976869422504e-11,
        1.3798345899586768e-11
      ],
      "confidence": 0.7
    }
  ]
}