{
  "chunk": 826,
  "total_chunks": 3600,
  "patterns_found": 2,
  "start_time": 825.0002291667304,
  "end_time": 825.9992294442304,
  "patterns": [
    {
      "type": "spike",
      "count": 23,
      "times": [
        825.0012291670081,
        825.0032291675637,
        825.0072291686748,
        825.0102291695082,
        825.0122291700637,
        825.0142291706193,
        825.0272291742303,
        825.0322291756192,
        825.0422291783971,
        825.1132291981193,
        825.8892294136749,
        825.9052294181193,
        825.9272294242304,
        825.9392294275638,
        825.947229429786,
        825.9542294317305,
        825.9642294345082,
        825.9672294353416,
        825.9802294389526,
        825.9882294411749,
        825.9912294420083,
        825.9932294425638,
        825.9972294436749
      ],
      "amplitudes": [
        0.0012624807606781195,
        0.0010684422750816096,
        0.0011050424109975596,
        0.001085409404491838,
        0.0010837197650158709,
        0.0010668779495012159,
        0.001071982277195242,
        0.0011270620016223109,
        0.0010809243012950527,
        0.0010729793710933136,
        0.0010552719764812609,
        0.001058895456650031,
        0.0010561544569963155,
        0.001071584612347368,
        0.0010630394756488534,
        0.0010961864034671868,
        0.0011392935462607651,
        0.0011359313458864104,
        0.0011935045341336463,
        0.001147340820868959,
        0.0010541950822701416,
        0.0011596074638471705,
        0.0012085378452961857
      ],
      "confidence": 0.8
    },
    {
      "type": "oscillation",
      "frequencies": [
        3.906248915182732,
        19.53124457591366,
        46.87498698219278,
        58.59373372774098,
        78.12497830365464,
        85.9374761340201,
        113.28121854029922,
        124.99996528584742,
        140.62496094657834,
        152.34370769212654,
        160.156205522492,
        187.49994792877112,
        199.21869467431932,
        210.93744141986753,
        222.65618816541573,
        230.4686859957812,
        246.0936816565121,
        257.81242840206033,
        273.43742406279125,
        285.1561708083394,
        292.9686686387049,
        308.59366429943583,
        324.21865996016675,
        335.937406705715,
        359.3749001968113,
        371.09364694235956,
        378.906144772725,
        386.7186426030905,
        398.43738934863865,
        410.1561360941869,
        429.68738067010054,
        441.4061274156487,
        468.74986982192786,
        480.46861656747603,
        492.1873633130242
      ],
      "power": [
        2.919224307431104e-10,
        2.7068973332599626e-11,
        1.1771505965686781e-11,
        2.9083027922395486e-11,
        2.6568538745147884e-11,
        2.3493437686638724e-11,
        2.023248994767807e-11,
        3.710358565529321e-11,
        4.2346597002102255e-11,
        1.8955526058398878e-11,
        1.966503438449477e-11,
        2.4767517344661844e-11,
        4.4468722720496294e-11,
        2.4650838154295547e-11,
        3.5035202990385324e-11,
        3.312423153159761e-11,
        1.6937777025742127e-11,
        3.201400877489126e-11,
        3.826217828379629e-11,
        1.583316034885112e-11,
        2.5107800921993555e-11,
        3.136302590720042e-11,
        2.6746007892100956e-11,
        3.205756730392915e-11,
        1.7654724811801265e-11,
        2.094067982470266e-11,
        2.2847479741950985e-11,
        2.8006442505032835e-11,
        3.415746265284609e-11,
        3.9740532217095995e-11,
        3.51134263192124e-11,
        4.306756119056679e-11,
        2.0593691532413132e-11,
        1.6323684426645916e-11,
        1.9930244295577923e-11
      ],
      "confidence": 0.7
    }
  ]
}