{
  "chunk": 1920,
  "total_chunks": 3600,
  "patterns_found": 2,
  "start_time": 1919.0005330557037,
  "end_time": 1919.9995333332038,
  "patterns": [
    {
      "type": "spike",
      "count": 18,
      "times": [
        1919.0065330573705,
        1919.0115330587594,
        1919.0165330601483,
        1919.0205330612594,
        1919.0305330640372,
        1919.0375330659815,
        1919.0435330676482,
        1919.0555330709815,
        1919.8165332823705,
        1919.9215333115371,
        1919.926533312926,
        1919.9525333201482,
        1919.9615333226482,
        1919.967533324315,
        1919.9695333248706,
        1919.984533329037,
        1919.9885333301484,
        1919.9975333326483
      ],
      "amplitudes": [
        0.0010954641803604026,
        0.0011550004610492242,
        0.001075419527002277,
        0.001118352097549288,
        0.0010956301365593502,
        0.001134381007546703,
        0.0011144008849533116,
        0.0010576569981929239,
        0.0010672166191168161,
        0.0011393838062085534,
        0.0010871445837408117,
        0.0010638989597194781,
        0.0010837606138580252,
        0.0010794879788230448,
        0.001150032187779725,
        0.001155818653033325,
        0.0011151883803213651,
        0.0010881156119488286
      ],
      "confidence": 0.8
    },
    {
      "type": "oscillation",
      "frequencies": [
        3.906248914738643,
        23.43749348843186,
        35.15624023264779,
        46.87498697686372,
        62.49998263581829,
        74.21872938003422,
        113.28121852742065,
        128.90621418637522,
        140.62496093059116,
        152.3437076748071,
        160.15620550428437,
        179.6874500779776,
        191.40619682219352,
        203.12494356640946,
        214.8436903106254,
        242.18743271379589,
        257.81242837275045,
        285.15617077592094,
        296.8749175201369,
        308.5936642643528,
        316.4061620938301,
        328.12490883804605,
        339.843655582262,
        351.56240232647787,
        363.2811490706938,
        378.9061447296484,
        394.531140388603,
        421.8748827917735,
        437.49987845072803,
        460.9373719391599,
        476.56236759811446,
        488.2811143423304,
        496.0936121718077
      ],
      "power": [
        3.617839377415922e-10,
        3.967022935963249e-11,
        2.2204096802446737e-11,
        1.52119847506382e-11,
        2.3684581918027023e-11,
        2.933053239566128e-11,
        4.888686999246146e-11,
        2.6695896964697678e-11,
        2.954400002613155e-11,
        1.6328310630430098e-11,
        2.6996588802824204e-11,
        3.2283502205531644e-11,
        1.8485215072829863e-11,
        1.7946452151873014e-11,
        5.481515290730987e-11,
        2.3762926587274854e-11,
        1.9333879312972715e-11,
        2.6043068660945183e-11,
        3.3119688731040155e-11,
        4.2125786617257913e-11,
        3.592378877589893e-11,
        3.704022422558737e-11,
        2.3457834334304866e-11,
        1.5591351143873917e-11,
        2.850103036427148e-11,
        2.2945497238234922e-11,
        2.929362329140506e-11,
        2.30901824894175e-11,
        3.2959160661684754e-11,
        3.432868704409014e-11,
        2.7492722020784575e-11,
        3.476318722529485e-11,
        3.4887956382033105e-11
      ],
      "confidence": 0.7
    }
  ]
}