{
  "chunk": 128,
  "total_chunks": 3600,
  "patterns_found": 2,
  "start_time": 127.00003527778759,
  "end_time": 127.99903555528766,
  "patterns": [
    {
      "type": "spike",
      "count": 24,
      "times": [
        127.00503527917647,
        127.01203528112092,
        127.01703528250981,
        127.0220352838987,
        127.03003528612092,
        127.03503528750981,
        127.03903528862092,
        127.04103528917648,
        127.0490352913987,
        127.06103529473204,
        127.06403529556536,
        127.08303530084315,
        127.16003532223205,
        127.88003552223209,
        127.93503553750988,
        127.95703554362099,
        127.95903554417654,
        127.96803554667655,
        127.97103554750989,
        127.975035548621,
        127.97703554917655,
        127.98303555084321,
        127.99103555306544,
        127.99803555500988
      ],
      "amplitudes": [
        0.0012610827974587498,
        0.001096533378013083,
        0.0011542200690886535,
        0.00106625699256788,
        0.0011008315228047706,
        0.0010859819652121775,
        0.0010559234328720195,
        0.001057944802655239,
        0.0011213747258749151,
        0.001100125762604826,
        0.001184045366107376,
        0.0011563190299542984,
        0.0010619525897594827,
        0.0010607722223434667,
        0.0010717448359600773,
        0.001094870305583273,
        0.001088010563709814,
        0.0011211505720896166,
        0.0011208220739791176,
        0.0011581943136245829,
        0.0012390343924037282,
        0.0012202935305673911,
        0.0010926012964213967,
        0.0011437028452941803
      ],
      "confidence": 0.8
    },
    {
      "type": "oscillation",
      "frequencies": [
        3.906248914960688,
        23.437493489764126,
        35.15624023464619,
        42.96873806456757,
        50.781235894488944,
        62.499982639371005,
        82.03122721417445,
        93.7499739590565,
        105.46872070393857,
        124.99996527874201,
        140.62496093858476,
        160.1562055133882,
        171.87495225827027,
        187.499947918113,
        203.12494357795578,
        222.6561881527592,
        238.28118381260197,
        261.7186773023661,
        273.43742404724816,
        289.0624197070909,
        300.781166451973,
        312.499913196855,
        332.03115777165846,
        351.5624023464619,
        363.281149091344,
        378.90614475118673,
        398.4373893259902,
        406.24988715591155,
        414.0623849858329,
        429.68738064567566,
        445.3123763055184,
        460.93737196536114,
        476.56236762520393,
        488.28111437008596,
        496.0936122000073
      ],
      "power": [
        3.1488160848677216e-10,
        3.31243103951846e-11,
        2.2854656063569883e-11,
        1.5386870530749923e-11,
        2.1057184787713663e-11,
        3.6653722374799194e-11,
        2.5070532975378476e-11,
        3.2209092069361935e-11,
        4.717443052142679e-11,
        3.823408629881654e-11,
        3.381568964021648e-11,
        2.5445566672989083e-11,
        2.408880999073316e-11,
        3.953552142841624e-11,
        3.6134222967640743e-11,
        3.7082977167671244e-11,
        2.2630446220101587e-11,
        3.1891409861672666e-11,
        1.5630394761826465e-11,
        2.8950313370488155e-11,
        1.9656734325211565e-11,
        2.6780641396981355e-11,
        1.6039321689637307e-11,
        3.527730206251254e-11,
        4.502519710720455e-11,
        2.9103937159820716e-11,
        1.8641217342332853e-11,
        3.3843657893611954e-11,
        2.7574393000530233e-11,
        2.4385932309965562e-11,
        3.918887546326211e-11,
        2.8083368926319247e-11,
        2.0840137051201828e-11,
        2.0545703069254082e-11,
        2.7961088271447235e-11
      ],
      "confidence": 0.7
    }
  ]
}