{
  "chunk": 2147,
  "total_chunks": 3600,
  "patterns_found": 2,
  "start_time": 2146.000596111277,
  "end_time": 2146.999596388777,
  "patterns": [
    {
      "type": "spike",
      "count": 5,
      "times": [
        2146.2785961884993,
        2146.4165962268326,
        2146.419596227666,
        2146.490596247388,
        2146.5325962590546
      ],
      "amplitudes": [
        0.001733493015043085,
        0.0017046434274979691,
        0.0017078914089273898,
        0.0017877840106859566,
        0.0017392599238254401
      ],
      "confidence": 0.8
    },
    {
      "type": "oscillation",
      "frequencies": [
        3.906248915626821,
        23.437493493760925,
        39.062489156268214,
        46.87498698752185,
        70.31248048128278,
        85.93747614379006,
        105.46872072192417,
        117.18746746880464,
        132.81246313131192,
        144.53120987819239,
        156.24995662507285,
        171.87495228758013,
        183.5936990344606,
        207.0311925282215,
        218.74993927510198,
        226.56243710635562,
        246.09368168448972,
        265.62492626262383,
        292.9686686720116,
        312.4999132501457,
        320.3124110813993,
        332.0311578282798,
        351.5624024064139,
        371.093646984548,
        394.53114047830894,
        406.2498872251894,
        421.8748828876967,
        437.49987855020396,
        449.21862529708443,
        468.74986987521856,
        476.5623677064722,
        496.0936122846063
      ],
      "power": [
        3.4669560859403593e-10,
        2.499962621288842e-11,
        2.0858191197299975e-11,
        1.908040178604113e-11,
        3.093448460431763e-11,
        2.4439225751978305e-11,
        2.3476515362037936e-11,
        5.2168853615007993e-11,
        2.7990017060850742e-11,
        3.733889305483473e-11,
        2.6095435881616287e-11,
        2.3081394383960218e-11,
        5.945568930862859e-11,
        2.7992795499753212e-11,
        2.4602498078553732e-11,
        1.315813498857571e-11,
        3.376025770237152e-11,
        2.911970625034005e-11,
        3.8821888116295893e-11,
        3.497970389999443e-11,
        1.8700485504262933e-11,
        4.478139418161581e-11,
        2.7847574015154965e-11,
        3.488215927064134e-11,
        3.644758782758296e-11,
        2.4854282634195482e-11,
        3.4974738435549785e-11,
        2.5299056358142765e-11,
        2.8049204969422906e-11,
        4.4331797873982764e-11,
        3.5307724080715286e-11,
        2.5376606247343763e-11
      ],
      "confidence": 0.7
    }
  ]
}