{
  "chunk": 2,
  "total_chunks": 3600,
  "patterns_found": 2,
  "start_time": 1.000000277777855,
  "end_time": 1.9990005552779322,
  "patterns": [
    {
      "type": "spike",
      "count": 22,
      "times": [
        1.0070002797222999,
        1.0090002802778557,
        1.0110002808334113,
        1.0160002822223007,
        1.0290002858334129,
        1.0380002883334134,
        1.0440002900000807,
        1.0570002936111926,
        1.0640002955556378,
        1.0670002963889713,
        1.1160003100000861,
        1.118000310555642,
        1.9420005394445945,
        1.9460005405557057,
        1.9480005411112615,
        1.9630005452779293,
        1.9780005494445971,
        1.9830005508334865,
        1.98600055166682,
        1.993000553611265,
        1.9960005544445987,
        1.9980005550001543
      ],
      "amplitudes": [
        0.0011107057764740639,
        0.00108367317664897,
        0.0011577109000312136,
        0.001061739479707588,
        0.001153429529655617,
        0.0010490662686494668,
        0.0010518033350665813,
        0.001108054596057261,
        0.0010933030905032023,
        0.0010511601792467767,
        0.001097396811615037,
        0.0010919371015078205,
        0.0010805521207661024,
        0.0010495437068249467,
        0.00108187019624677,
        0.0010764808223920905,
        0.001107436474477912,
        0.0010464718122414059,
        0.0011032713461670376,
        0.0010651769614919637,
        0.0010802534871769299,
        0.001087901838994797
      ],
      "confidence": 0.8
    },
    {
      "type": "oscillation",
      "frequencies": [
        3.90624891493033,
        19.531244574651648,
        35.156240234372966,
        46.87498697916396,
        70.31248046874593,
        82.03122721353692,
        105.4687207031189,
        113.28121853297957,
        128.90621419270087,
        144.5312098524222,
        152.34370768228285,
        164.06245442707385,
        175.78120117186484,
        187.49994791665583,
        210.9374414062378,
        230.46868598088946,
        249.9999305555411,
        257.81242838540174,
        269.53117513019276,
        285.1561707899141,
        300.7811664496354,
        316.4061621093567,
        332.03115776907805,
        351.5624023437297,
        371.09364691838135,
        378.906144748242,
        390.624891493033,
        410.15613606768466,
        421.8748828124756,
        429.6873806423363,
        453.12487413191826,
        464.8436208767093,
        472.65611870656994,
        492.18736328122156
      ],
      "power": [
        3.7427982206027783e-10,
        3.695438978495296e-11,
        3.1754423739290114e-11,
        2.9933843228774637e-11,
        2.2492877577063934e-11,
        2.327113558018801e-11,
        3.1073368462203325e-11,
        2.5806097372988293e-11,
        2.4360688810279348e-11,
        2.555155300775872e-11,
        2.4230719203451348e-11,
        2.4250679297641306e-11,
        1.7909744409741383e-11,
        2.3088618731742308e-11,
        1.5505053591428552e-11,
        4.171110884545773e-11,
        1.3408476647945837e-11,
        2.7902565443008958e-11,
        3.1050186591293514e-11,
        2.7275559740175465e-11,
        2.8754260579093205e-11,
        2.0969946090976313e-11,
        3.516947654022972e-11,
        4.0428762972172384e-11,
        1.638385559061892e-11,
        1.7569707786909737e-11,
        3.464623072824575e-11,
        3.294675783965459e-11,
        3.457108232428076e-11,
        2.0320185064062848e-11,
        2.431789515703435e-11,
        2.814207223123137e-11,
        2.111417134524278e-11,
        2.3562273410193664e-11
      ],
      "confidence": 0.7
    }
  ]
}