{
  "chunk": 2993,
  "total_chunks": 3600,
  "patterns_found": 2,
  "start_time": 2992.000831111342,
  "end_time": 2992.9998313888423,
  "patterns": [
    {
      "type": "spike",
      "count": 8,
      "times": [
        2992.360831211342,
        2992.3758312155087,
        2992.407831224398,
        2992.420831228009,
        2992.447831235509,
        2992.5078312521755,
        2992.5468312630087,
        2992.5728312702313
      ],
      "amplitudes": [
        0.0016965069980510946,
        0.0017001714112411406,
        0.0018034508057252832,
        0.0017168367228423136,
        0.0017012249116634126,
        0.0017975098555207763,
        0.001828208865882616,
        0.0017714634363228603
      ],
      "confidence": 0.8
    },
    {
      "type": "oscillation",
      "frequencies": [
        3.9062489138504652,
        15.624995655401861,
        35.156240224654184,
        46.87498696620558,
        58.59373370775698,
        66.4062315354579,
        85.93747610471024,
        105.46872067396257,
        128.90621415706536,
        140.62496089861673,
        152.34370764016813,
        160.15620546786909,
        167.96870329557,
        183.59369895097186,
        195.31244569252326,
        214.84369026177558,
        238.28118374487838,
        253.90617940028025,
        285.156170711084,
        304.68741528033627,
        316.40616202188767,
        324.2186598495886,
        335.93740659114,
        355.4686511603923,
        374.99989572964466,
        382.8123935573456,
        390.6248913850465,
        398.43738921274746,
        410.15613595429886,
        433.59362943740166,
        449.2186250928035,
        457.03112292050446,
        464.84362074820535,
        476.56236748975675,
        492.1873631451586
      ],
      "power": [
        3.786858567814493e-10,
        2.304446705735022e-11,
        1.878481818206068e-11,
        2.8807793819265516e-11,
        2.2469202617229322e-11,
        1.6333206672246546e-11,
        1.8981800341118e-11,
        3.861031298904171e-11,
        2.838699710129541e-11,
        3.68430746206272e-11,
        3.2343846001208794e-11,
        2.7672187585742136e-11,
        2.77572047688456e-11,
        3.446063791738645e-11,
        2.4304690684452978e-11,
        2.0349003997274352e-11,
        3.104702071767894e-11,
        2.3827754799196542e-11,
        2.5774078849219945e-11,
        1.7415528540609143e-11,
        2.699381225544062e-11,
        4.4367246302405875e-11,
        2.4870720661474253e-11,
        3.246427911481053e-11,
        2.5483919276635866e-11,
        3.1300723450133894e-11,
        2.4057903106437598e-11,
        2.0851140573231027e-11,
        4.1855984197287836e-11,
        1.733500423150702e-11,
        3.068369702340367e-11,
        1.7397815585297183e-11,
        2.1810333953872867e-11,
        1.4096037984036795e-11,
        2.7017700474273867e-11
      ],
      "confidence": 0.7
    }
  ]
}