{
  "chunk": 2767,
  "total_chunks": 3600,
  "patterns_found": 2,
  "start_time": 2766.000768333547,
  "end_time": 2766.999768611047,
  "patterns": [
    {
      "type": "spike",
      "count": 7,
      "times": [
        2766.382768439658,
        2766.3977684438246,
        2766.4527684591026,
        2766.48976846938,
        2766.491768469936,
        2766.5607684891024,
        2766.6807685224358
      ],
      "amplitudes": [
        0.0017007872199207856,
        0.0017638084366032288,
        0.0017780867519174232,
        0.0017117141645750754,
        0.0018153911769448233,
        0.0017105633866651734,
        0.0017066545154939476
      ],
      "confidence": 0.8
    },
    {
      "type": "oscillation",
      "frequencies": [
        3.906248915626821,
        15.624995662507285,
        27.343742409387747,
        42.96873807189503,
        62.49998265002914,
        78.12497831253643,
        105.46872072192417,
        121.09371638443146,
        136.71871204693875,
        152.34370770944602,
        164.0624544563265,
        187.4999479500874,
        195.31244578134107,
        207.0311925282215,
        214.84369035947518,
        234.37493493760928,
        273.4374240938775,
        296.87491758763844,
        312.4999132501457,
        328.124908912653,
        347.65615349078706,
        359.37490023766753,
        367.1873980689212,
        378.90614481580167,
        390.62489156268214,
        406.2498872251894,
        425.7811318033235,
        437.49987855020396,
        449.21862529708443,
        464.8436209595917,
        480.46861662209903,
        492.18736336897945
      ],
      "power": [
        3.055681023065724e-10,
        1.6067784277360018e-11,
        4.1800984261445664e-11,
        3.512718722671051e-11,
        1.8950053249144986e-11,
        3.45848837440796e-11,
        2.2426842021868313e-11,
        2.4809271516415977e-11,
        3.680954795037209e-11,
        1.9172794146641584e-11,
        5.336042078050957e-11,
        1.866849284186178e-11,
        1.6839836321334984e-11,
        3.21537735537913e-11,
        3.146192993067833e-11,
        2.5802954072855112e-11,
        5.23038668912318e-11,
        1.890348288887209e-11,
        4.019300890604407e-11,
        2.1378623417987167e-11,
        2.6695813686293933e-11,
        2.540651164715172e-11,
        1.8145601295375098e-11,
        2.059049452210163e-11,
        1.935508465964349e-11,
        3.211004163077966e-11,
        2.615571344820965e-11,
        3.5561152995059655e-11,
        2.7338602626035404e-11,
        2.680540921764682e-11,
        3.124090342373213e-11,
        2.2680356595357373e-11
      ],
      "confidence": 0.7
    }
  ]
}