{
  "chunk": 2630,
  "total_chunks": 3600,
  "patterns_found": 2,
  "start_time": 2629.000730277981,
  "end_time": 2629.9997305554807,
  "patterns": [
    {
      "type": "spike",
      "count": 25,
      "times": [
        2629.0027302785365,
        2629.0047302790917,
        2629.007730279925,
        2629.0107302807587,
        2629.017730282703,
        2629.035730287703,
        2629.039730288814,
        2629.0477302910363,
        2629.0587302940917,
        2629.0667302963143,
        2629.072730297981,
        2629.083730301036,
        2629.088730302425,
        2629.9377305382586,
        2629.94173053937,
        2629.946730540759,
        2629.954730542981,
        2629.95973054437,
        2629.9637305454808,
        2629.966730546314,
        2629.9747305485366,
        2629.9787305496475,
        2629.9867305518696,
        2629.9887305524253,
        2629.9967305546475
      ],
      "amplitudes": [
        0.001151996785402318,
        0.0010764548033414072,
        0.0011466843418287715,
        0.0010898952044286685,
        0.001108888942397214,
        0.0011224467979100822,
        0.0011123152461926789,
        0.0010819906656641955,
        0.0010719701112306863,
        0.0011204707490476648,
        0.001081724545088424,
        0.0010749882039847705,
        0.0011646077760187354,
        0.0010956582863952081,
        0.0010846062410770183,
        0.0010749554912141614,
        0.0011704090954499462,
        0.001165214477627094,
        0.001075294309272399,
        0.0010999225696170633,
        0.001151172846746152,
        0.0010798684639338268,
        0.0010796849067329479,
        0.0012856458294686467,
        0.0011155851833747833
      ],
      "confidence": 0.8
    },
    {
      "type": "oscillation",
      "frequencies": [
        3.906248915626821,
        31.24999132501457,
        46.87498698752185,
        66.40623156565596,
        78.12497831253643,
        93.7499739750437,
        105.46872072192417,
        117.18746746880464,
        128.9062142156851,
        140.62496096256555,
        148.43745879381922,
        164.0624544563265,
        183.5936990344606,
        199.21869469696787,
        207.0311925282215,
        214.84369035947518,
        222.6561881907288,
        230.46868602198245,
        242.18743276886292,
        257.8124284313702,
        273.4374240938775,
        292.9686686720116,
        316.4061621657725,
        324.2186599970262,
        335.93740674390665,
        347.65615349078706,
        359.37490023766753,
        378.90614481580167,
        406.2498872251894,
        421.8748828876967,
        441.4061274658308,
        468.74986987521856,
        488.28111445335264,
        496.0936122846063
      ],
      "power": [
        2.6640663126566626e-10,
        4.2802706709683505e-11,
        3.4286993792842653e-11,
        3.709137834732726e-11,
        2.2798262681040413e-11,
        2.2083851261230112e-11,
        3.21742911613496e-11,
        2.7592382762480917e-11,
        1.6237307548309926e-11,
        3.391628689120356e-11,
        4.509304815464884e-11,
        1.718683758304722e-11,
        1.6600036902942257e-11,
        4.030964304420502e-11,
        3.544467959283595e-11,
        1.9110500650053462e-11,
        1.81847632203832e-11,
        1.6989553449066727e-11,
        4.291322908096985e-11,
        1.9173609803609774e-11,
        2.5760655242085622e-11,
        2.1733700275430354e-11,
        4.410296873667732e-11,
        4.317712940043628e-11,
        1.6225471286152623e-11,
        2.330183744003601e-11,
        2.8653773807900257e-11,
        5.069098318363697e-11,
        3.3932217633172237e-11,
        1.8237649798170787e-11,
        3.2532681413254484e-11,
        3.300710648135447e-11,
        2.9005115515059766e-11,
        1.8696177700094704e-11
      ],
      "confidence": 0.7
    }
  ]
}