{
  "chunk": 2729,
  "total_chunks": 3600,
  "patterns_found": 2,
  "start_time": 2728.0007577779884,
  "end_time": 2728.9997580554887,
  "patterns": [
    {
      "type": "spike",
      "count": 5,
      "times": [
        2728.421757894933,
        2728.5137579204884,
        2728.533757926044,
        2728.538757927433,
        2728.5977579438218
      ],
      "amplitudes": [
        0.0017304046497873657,
        0.0017779526794183117,
        0.0017461217288093794,
        0.0016991764533910332,
        0.0017120572989627943
      ],
      "confidence": 0.8
    },
    {
      "type": "oscillation",
      "frequencies": [
        3.906248915626821,
        19.531244578134107,
        35.15624024064139,
        46.87498698752185,
        58.59373373440232,
        74.21872939690961,
        89.84372505941688,
        101.56247180629735,
        109.37496963755099,
        124.99996530005828,
        136.71871204693875,
        160.15620554069966,
        187.4999479500874,
        203.1249436125947,
        210.93744144384834,
        234.37493493760928,
        246.09368168448972,
        265.62492626262383,
        277.3436730095043,
        292.9686686720116,
        304.68741541889204,
        324.2186599970262,
        343.74990457516026,
        363.2811491532944,
        371.093646984548,
        382.8123937314285,
        402.3436383095626,
        410.1561361408162,
        417.9686339720699,
        425.7811318033235,
        441.4061274658308,
        453.12487421271123,
        468.74986987521856,
        476.5623677064722,
        488.28111445335264
      ],
      "power": [
        3.5605662151197997e-10,
        1.4160858521850306e-11,
        2.5472741981745933e-11,
        3.5691680619848705e-11,
        3.8499485339071256e-11,
        1.5102349666719077e-11,
        3.434812683038295e-11,
        2.158107086130203e-11,
        2.0787785175032798e-11,
        2.3715599665841395e-11,
        2.144601151134255e-11,
        2.951881984188453e-11,
        1.7385352593753578e-11,
        2.199272940432243e-11,
        2.3371603738748785e-11,
        1.4138640104510342e-11,
        2.1467044217345274e-11,
        2.6816911379044163e-11,
        1.4921955939727485e-11,
        1.3665170549832868e-11,
        2.0256074984132058e-11,
        3.533628771834623e-11,
        2.160059412650345e-11,
        2.3928501840118046e-11,
        1.799094057240126e-11,
        2.410928689075829e-11,
        2.158074396400022e-11,
        2.0512785024802194e-11,
        1.69071644689158e-11,
        1.7596787639160694e-11,
        2.4946886892897528e-11,
        2.1648525560904235e-11,
        1.4031402755475633e-11,
        1.5682437615347848e-11,
        4.634258921606434e-11
      ],
      "confidence": 0.7
    }
  ]
}