{
  "chunk": 2974,
  "total_chunks": 3600,
  "patterns_found": 2,
  "start_time": 2973.000825833563,
  "end_time": 2973.999826111063,
  "patterns": [
    {
      "type": "spike",
      "count": 23,
      "times": [
        2973.0018258338405,
        2973.004825834674,
        2973.0068258352294,
        2973.009825836063,
        2973.0158258377296,
        2973.0258258405074,
        2973.045825846063,
        2973.055825848841,
        2973.0658258516182,
        2973.8848260791187,
        2973.940826094674,
        2973.946826096341,
        2973.9658261016184,
        2973.9688261024517,
        2973.9708261030073,
        2973.9738261038406,
        2973.975826104396,
        2973.9838261066184,
        2973.985826107174,
        2973.9888261080073,
        2973.990826108563,
        2973.9928261091186,
        2973.995826109952
      ],
      "amplitudes": [
        0.0010825896484135899,
        0.0010697704274807806,
        0.0011066703096334412,
        0.0011362113476381958,
        0.0010668998550987924,
        0.0011278430127887457,
        0.0010828437946438115,
        0.0012024947504318396,
        0.0010484994409256658,
        0.0010690408449125788,
        0.0011277080607333908,
        0.001106758114000004,
        0.0011139000864727687,
        0.0011929615391436529,
        0.0011152596151661786,
        0.0010630935383001403,
        0.0011183295389289353,
        0.001065950552339394,
        0.0011159404235407673,
        0.0010604029017040558,
        0.0011588137607187608,
        0.0011523420485315518,
        0.001095816850257889
      ],
      "confidence": 0.8
    },
    {
      "type": "oscillation",
      "frequencies": [
        3.906248915626821,
        23.437493493760925,
        35.15624024064139,
        50.781235903148676,
        66.40623156565596,
        85.93747614379006,
        101.56247180629735,
        117.18746746880464,
        128.9062142156851,
        140.62496096256555,
        167.96870337195332,
        175.78120120320696,
        191.40619686571424,
        207.0311925282215,
        214.84369035947518,
        234.37493493760928,
        246.09368168448972,
        257.8124284313702,
        265.62492626262383,
        277.3436730095043,
        285.15617084075797,
        308.59366433451885,
        324.2186599970262,
        332.0311578282798,
        347.65615349078706,
        359.37490023766753,
        382.8123937314285,
        390.62489156268214,
        406.2498872251894,
        421.8748828876967,
        437.49987855020396,
        449.21862529708443,
        460.9373720439649,
        476.5623677064722,
        484.37486553772584
      ],
      "power": [
        2.7819641856292274e-10,
        3.765951539912448e-11,
        1.6928572952226026e-11,
        3.665473506656072e-11,
        3.4116449061375353e-11,
        1.6903089996943685e-11,
        2.3353297878400436e-11,
        2.659932067043893e-11,
        1.991167713783704e-11,
        3.087202139386825e-11,
        4.0934082050100105e-11,
        4.1911321309843195e-11,
        1.6288796272578584e-11,
        1.1843243483345514e-11,
        2.1786626920112878e-11,
        3.5964466625218576e-11,
        1.818778844118791e-11,
        1.8957406955369093e-11,
        1.7322597116157372e-11,
        2.058718477664036e-11,
        2.8001297240554332e-11,
        2.271851838759565e-11,
        1.4950289586756315e-11,
        3.159817869588097e-11,
        2.8490110761082987e-11,
        5.313773135979656e-11,
        1.5379768496504352e-11,
        2.7511287929485187e-11,
        1.4416631905698828e-11,
        1.0522696930384034e-11,
        3.677379383992638e-11,
        2.0166303145998152e-11,
        2.952912657600482e-11,
        2.8688247366805778e-11,
        3.472074950213797e-11
      ],
      "confidence": 0.7
    }
  ]
}