{
  "chunk": 3158,
  "total_chunks": 3600,
  "patterns_found": 2,
  "start_time": 3157.000876944688,
  "end_time": 3157.9998772221884,
  "patterns": [
    {
      "type": "spike",
      "count": 23,
      "times": [
        3157.0078769466327,
        3157.0128769480216,
        3157.0148769485772,
        3157.0228769507994,
        3157.028876952466,
        3157.031876953299,
        3157.0408769557994,
        3157.054876959688,
        3157.0568769602437,
        3157.0848769680215,
        3157.861877183855,
        3157.938877205244,
        3157.946877207466,
        3157.9538772094106,
        3157.9578772105215,
        3157.959877211077,
        3157.972877214688,
        3157.9758772155215,
        3157.983877217744,
        3157.987877218855,
        3157.9898772194106,
        3157.9948772207995,
        3157.996877221355
      ],
      "amplitudes": [
        0.0012349951531162447,
        0.0011306524481477967,
        0.0010908600264750428,
        0.0010871540400248765,
        0.0011554801072945408,
        0.0011170745458313558,
        0.0010764684748444029,
        0.0010513793648993155,
        0.0010592105023407273,
        0.0010562162168166454,
        0.0010564796231008697,
        0.0011012425773709216,
        0.001153203189558804,
        0.0010546089716517955,
        0.001147185113845712,
        0.0011776977121353324,
        0.0010707710037984209,
        0.0010829247009805508,
        0.0011753035153878148,
        0.0010854204298931928,
        0.0011299565740008686,
        0.0011533239776509916,
        0.0010815821547447446
      ],
      "confidence": 0.8
    },
    {
      "type": "oscillation",
      "frequencies": [
        3.9062489138504652,
        42.96873805235512,
        50.781235880056045,
        70.31248044930837,
        82.03122719085977,
        93.74997393241117,
        109.37496958781303,
        152.34370764016813,
        164.06245438171953,
        179.6874500371214,
        199.21869460637373,
        222.65618808947653,
        234.37493483102793,
        257.8124283141307,
        273.4374239695326,
        281.24992179723347,
        300.7811663664858,
        320.31241093573817,
        335.93740659114,
        355.4686511603923,
        371.0936468157942,
        394.531140298897,
        402.3436381265979,
        421.87488269585026,
        445.31237617895306,
        468.74986966205586,
        480.4686164036072,
        492.1873631451586
      ],
      "power": [
        2.8076944570638196e-10,
        1.9004542900600686e-11,
        2.4302566263691587e-11,
        2.8409745968599443e-11,
        2.4404206279620537e-11,
        1.744648321721207e-11,
        3.132286189661697e-11,
        5.4032575781460026e-11,
        2.1318101699082653e-11,
        3.428807263370512e-11,
        2.8379922176712598e-11,
        3.688725019242252e-11,
        3.039103087206606e-11,
        1.8228918516081626e-11,
        2.6423697567830855e-11,
        3.551803887244991e-11,
        3.184639388441647e-11,
        3.82458104019318e-11,
        2.9681040899990776e-11,
        1.4669460641627698e-11,
        2.56588334351978e-11,
        3.175034507562152e-11,
        2.9704192465086805e-11,
        2.674489541119685e-11,
        3.992192683487918e-11,
        2.012844783528904e-11,
        1.385911504429371e-11,
        1.357750337876663e-11
      ],
      "confidence": 0.7
    }
  ]
}