{
  "chunk": 1558,
  "total_chunks": 3600,
  "patterns_found": 2,
  "start_time": 1557.0004325001203,
  "end_time": 1557.9994327776203,
  "patterns": [
    {
      "type": "spike",
      "count": 22,
      "times": [
        1557.001432500398,
        1557.006432501787,
        1557.0084325023424,
        1557.0114325031757,
        1557.029432508176,
        1557.0344325095646,
        1557.0404325112313,
        1557.046432512898,
        1557.0564325156759,
        1557.0634325176202,
        1557.0764325212313,
        1557.091432525398,
        1557.884432745676,
        1557.8874327465091,
        1557.9294327581758,
        1557.9654327681758,
        1557.9734327703982,
        1557.9784327717869,
        1557.9814327726203,
        1557.9864327740092,
        1557.9934327759536,
        1557.9984327773425
      ],
      "amplitudes": [
        0.0011830202095597236,
        0.0010821671425793255,
        0.0010845212096867527,
        0.0010741263522541218,
        0.0010880576673090797,
        0.0011421006586991905,
        0.0010948828031173486,
        0.0010743740859325034,
        0.0010653552269511667,
        0.0010806296821665028,
        0.0011049480741695545,
        0.0010929650501981978,
        0.0010575682466502769,
        0.0010723083038804131,
        0.001052194249676452,
        0.001056315441566764,
        0.0010673790380888444,
        0.0011447398301554176,
        0.0011653219587550699,
        0.0011863702644813545,
        0.0012166285676073775,
        0.0011708380039481307
      ],
      "confidence": 0.8
    },
    {
      "type": "oscillation",
      "frequencies": [
        3.906248914738643,
        31.249991317909146,
        46.87498697686372,
        66.40623155055694,
        78.12497829477286,
        93.74997395372743,
        113.28121852742065,
        124.99996527163658,
        136.7187120158525,
        152.3437076748071,
        191.40619682219352,
        207.03119248114808,
        214.8436903106254,
        234.3749348843186,
        253.90617945801182,
        269.5311751169664,
        285.15617077592094,
        300.7811664348755,
        312.49991317909144,
        328.12490883804605,
        347.65615341173924,
        355.46865124121655,
        382.81239364438704,
        406.2498871328189,
        414.06238496229616,
        433.5936295359894,
        441.40612736546666,
        453.1248741096826,
        464.8436208538985,
        472.65611868337584,
        488.2811143423304,
        496.0936121718077
      ],
      "power": [
        3.3525017482033716e-10,
        2.89704290863171e-11,
        3.829726430322063e-11,
        2.2058989171720234e-11,
        1.7660346997479933e-11,
        2.3111342970869172e-11,
        4.190503639084797e-11,
        3.8448588415971675e-11,
        2.4540403156957104e-11,
        2.016596573328659e-11,
        4.13239989944529e-11,
        1.70203091260326e-11,
        2.595892752798486e-11,
        2.715429181316342e-11,
        1.6080480534348326e-11,
        2.7417834944457227e-11,
        4.73356956672475e-11,
        1.480344766094775e-11,
        4.0031677148266685e-11,
        3.595113166715156e-11,
        2.4137992391026455e-11,
        2.5467653317183636e-11,
        3.686723476484777e-11,
        3.759336076006604e-11,
        3.3510822648704814e-11,
        2.6973783890799094e-11,
        3.1276518599908184e-11,
        1.7588840295482492e-11,
        2.362886654084564e-11,
        2.3947668804791974e-11,
        1.9826442824133734e-11,
        2.0697916194133453e-11
      ],
      "confidence": 0.7
    }
  ]
}