{
  "chunk": 1380,
  "total_chunks": 3600,
  "patterns_found": 2,
  "start_time": 1379.000383055662,
  "end_time": 1379.999383333162,
  "patterns": [
    {
      "type": "spike",
      "count": 18,
      "times": [
        1379.0013830559399,
        1379.0033830564953,
        1379.005383057051,
        1379.013383059273,
        1379.0163830601066,
        1379.018383060662,
        1379.0263830628842,
        1379.0343830651066,
        1379.045383068162,
        1379.0533830703844,
        1379.8613832948288,
        1379.9183833106622,
        1379.9603833223289,
        1379.9783833273289,
        1379.9843833289954,
        1379.9883833301064,
        1379.99138333094,
        1379.9943833317732
      ],
      "amplitudes": [
        0.0011517014276288045,
        0.001130724717058474,
        0.001185180709822088,
        0.0011470284172456174,
        0.0012247052756775062,
        0.0010811562206834101,
        0.0010963994716868557,
        0.0010794388583920994,
        0.0011861296196491041,
        0.0010626520742552728,
        0.0010901946365841442,
        0.0010638595581423786,
        0.0011129459145859093,
        0.001073802442354675,
        0.0010669335910843058,
        0.001095083830714904,
        0.0010840983479964935,
        0.001065192914993177
      ],
      "confidence": 0.8
    },
    {
      "type": "oscillation",
      "frequencies": [
        3.906248914738643,
        15.624995658954573,
        39.06248914738643,
        62.49998263581829,
        70.31248046529558,
        93.74997395372743,
        105.46872069794337,
        121.09371635689794,
        136.7187120158525,
        144.5312098453298,
        156.24995658954572,
        175.78120116323893,
        187.49994790745487,
        195.31244573693215,
        207.03119248114808,
        214.8436903106254,
        222.65618814010267,
        230.46868596957995,
        249.99993054327317,
        269.5311751169664,
        277.3436729464437,
        304.6874153496142,
        316.4061620938301,
        328.12490883804605,
        371.0936469001711,
        386.71864255912567,
        394.531140388603,
        402.34363821808023,
        414.06238496229616,
        433.5936295359894,
        457.0311230244213,
        472.65611868337584,
        480.4686165128531,
        496.0936121718077
      ],
      "power": [
        3.447904278995562e-10,
        3.302589369660225e-11,
        3.832310752411336e-11,
        1.2044659853844777e-11,
        1.9886361278950695e-11,
        2.399191866615024e-11,
        2.534505726948295e-11,
        3.96630327711614e-11,
        1.5971487657836847e-11,
        1.4678652864328624e-11,
        5.251902012735042e-11,
        2.0356259139849013e-11,
        4.68588914770553e-11,
        3.5224701722844834e-11,
        2.0348303417354245e-11,
        2.8372310106921767e-11,
        2.3049352445339167e-11,
        2.570304626062962e-11,
        3.790339585576842e-11,
        2.563608462679451e-11,
        3.004850291042495e-11,
        5.6072305778975944e-11,
        1.916366517481546e-11,
        3.707719679181596e-11,
        4.0332931964090536e-11,
        1.4549963374226675e-11,
        9.138104363630346e-12,
        1.9664724228847416e-11,
        4.9880223616484204e-11,
        3.1911394421331443e-11,
        2.9758843824787973e-11,
        2.8069694952519896e-11,
        4.039179126676067e-11,
        2.5350639824449555e-11
      ],
      "confidence": 0.7
    }
  ]
}