{
  "chunk": 2280,
  "total_chunks": 3600,
  "patterns_found": 2,
  "start_time": 2279.0006330557317,
  "end_time": 2279.9996333332315,
  "patterns": [
    {
      "type": "spike",
      "count": 23,
      "times": [
        2279.0046330568425,
        2279.0136330593427,
        2279.016633060176,
        2279.0206330612873,
        2279.0226330618425,
        2279.0286330635095,
        2279.0356330654536,
        2279.039633066565,
        2279.043633067676,
        2279.048633069065,
        2279.0536330704535,
        2279.060633072398,
        2279.0646330735094,
        2279.070633075176,
        2279.1236330898982,
        2279.916633310176,
        2279.9426333173983,
        2279.9606333223983,
        2279.9776333271207,
        2279.985633329343,
        2279.9916333310093,
        2279.9966333323982,
        2279.998633332954
      ],
      "amplitudes": [
        0.001122532169181586,
        0.0011505804117093775,
        0.001101038468716195,
        0.0011402044535262354,
        0.0010756150141198022,
        0.0011300692186788806,
        0.0010646263670790867,
        0.0010820633733644662,
        0.001088451898176005,
        0.0011372118249064055,
        0.001124564209934205,
        0.001134215843217191,
        0.0010811001508374,
        0.001123233840347084,
        0.0011098602407545646,
        0.0010945071246504631,
        0.0011160477829495238,
        0.0010926636218424532,
        0.0011166212970669424,
        0.001155690284841918,
        0.001076175084437793,
        0.0012050247342209359,
        0.001060672734516709
      ],
      "confidence": 0.8
    },
    {
      "type": "oscillation",
      "frequencies": [
        3.906248915626821,
        15.624995662507285,
        31.24999132501457,
        50.781235903148676,
        62.49998265002914,
        74.21872939690961,
        85.93747614379006,
        105.46872072192417,
        117.18746746880464,
        140.62496096256555,
        156.24995662507285,
        171.87495228758013,
        187.4999479500874,
        199.21869469696787,
        214.84369035947518,
        226.56243710635562,
        249.99993060011656,
        269.53117517825063,
        289.06241975638477,
        304.68741541889204,
        324.2186599970262,
        339.84365565953345,
        351.5624024064139,
        363.2811491532944,
        378.90614481580167,
        406.2498872251894,
        425.7811318033235,
        437.49987855020396,
        445.3123763814576,
        453.12487421271123,
        468.74986987521856,
        476.5623677064722,
        492.18736336897945
      ],
      "power": [
        3.3319848991367863e-10,
        3.95450962972073e-11,
        2.415560739406008e-11,
        1.0066206554132786e-11,
        3.4039904292215344e-11,
        2.7927419519501472e-11,
        4.348895677356222e-11,
        3.203446248611853e-11,
        1.6536436049526557e-11,
        2.0094157409354008e-11,
        2.7906766032715088e-11,
        1.8815608779293076e-11,
        4.1401160514767095e-11,
        3.0939315276238856e-11,
        2.0482772709461177e-11,
        2.641320505662356e-11,
        5.061638613357679e-11,
        2.8030716263636978e-11,
        3.165587541701573e-11,
        5.2321347438603e-11,
        2.2109032993611444e-11,
        5.1858715825787625e-11,
        2.0412879033683232e-11,
        2.8434215145007345e-11,
        2.3159373936620702e-11,
        3.707216101877496e-11,
        1.1379344150503029e-11,
        3.670072557092058e-11,
        2.3622380060123114e-11,
        1.3739085732256118e-11,
        2.1343470418236878e-11,
        3.720852838086091e-11,
        2.816912998976889e-11
      ],
      "confidence": 0.7
    }
  ]
}