{
  "chunk": 607,
  "total_chunks": 3600,
  "patterns_found": 2,
  "start_time": 606.0001683333801,
  "end_time": 606.9991686108802,
  "patterns": [
    {
      "type": "spike",
      "count": 8,
      "times": [
        606.3241684233801,
        606.419168449769,
        606.4651684625468,
        606.4741684650468,
        606.4831684675469,
        606.4851684681024,
        606.5431684842135,
        606.5641684900469
      ],
      "amplitudes": [
        0.001740304945764714,
        0.0017162970589497022,
        0.0017456130022862754,
        0.0017047507969795447,
        0.0017058426076919208,
        0.001705189979023043,
        0.0017367150422046805,
        0.001775472865628569
      ],
      "confidence": 0.8
    },
    {
      "type": "oscillation",
      "frequencies": [
        3.906248914738643,
        11.71874674421593,
        19.531244573693215,
        31.249991317909146,
        46.87498697686372,
        62.49998263581829,
        89.8437250389888,
        109.37496961268201,
        121.09371635689794,
        132.81246310111388,
        140.62496093059116,
        156.24995658954572,
        167.96870333376165,
        183.59369899271624,
        207.03119248114808,
        222.65618814010267,
        238.28118379905723,
        249.99993054327317,
        269.5311751169664,
        292.96866860539825,
        308.5936642643528,
        316.4061620938301,
        335.9374066675233,
        343.7499044970006,
        371.0936469001711,
        382.81239364438704,
        390.6248914738643,
        398.4373893033416,
        414.06238496229616,
        425.7811317065121,
        457.0311230244213,
        464.8436208538985,
        480.4686165128531,
        492.187363257069
      ],
      "power": [
        2.9765397067857e-10,
        3.4237214980424794e-11,
        2.6605979095294125e-11,
        1.6063362326375083e-11,
        2.6239774997012644e-11,
        4.134722581340669e-11,
        4.4613115662103373e-11,
        2.675781870321211e-11,
        4.285021646002893e-11,
        3.301057646682313e-11,
        2.847641361921681e-11,
        2.5674087731624864e-11,
        2.2460290961083413e-11,
        1.3904256043772407e-11,
        3.2002516294300404e-11,
        2.6972008769064968e-11,
        1.4637269632646e-11,
        2.3685021716199382e-11,
        1.9652045383763184e-11,
        3.2472513365581295e-11,
        1.9572224800449403e-11,
        2.018303664980788e-11,
        2.1725739027361882e-11,
        2.24394592137736e-11,
        3.644846167086885e-11,
        2.2790463710907665e-11,
        3.2492525426156394e-11,
        3.407694200167151e-11,
        1.4892619991473303e-11,
        3.625207661626857e-11,
        5.972687071786356e-11,
        2.2193435067221865e-11,
        2.8597954813399944e-11,
        1.8545027095507978e-11
      ],
      "confidence": 0.7
    }
  ]
}