{
  "chunk": 848,
  "total_chunks": 3600,
  "patterns_found": 2,
  "start_time": 847.0002352778432,
  "end_time": 847.9992355553433,
  "patterns": [
    {
      "type": "spike",
      "count": 20,
      "times": [
        847.0022352783988,
        847.0072352797877,
        847.0132352814543,
        847.0152352820098,
        847.0172352825654,
        847.0242352845098,
        847.0422352895099,
        847.0442352900654,
        847.055235293121,
        847.0942353039543,
        847.9172355325654,
        847.9282355356211,
        847.9332355370099,
        847.946235540621,
        847.9572355436766,
        847.9672355464544,
        847.9862355517322,
        847.9882355522877,
        847.9922355533988,
        847.9972355547877
      ],
      "amplitudes": [
        0.001066424376027735,
        0.0011700463898375749,
        0.0010706883296496405,
        0.0011097619708689828,
        0.0011446422035157084,
        0.0010861771490995155,
        0.0010792430503026222,
        0.0010778341322809331,
        0.0011581733526553274,
        0.0010726147856106535,
        0.0010970401105717782,
        0.0011491407053741938,
        0.0010688702286125145,
        0.001118621724376611,
        0.0011078798189123505,
        0.001087214905658223,
        0.0010848759517155082,
        0.0010848634958072546,
        0.0011331791786794957,
        0.0011092211224984364
      ],
      "confidence": 0.8
    },
    {
      "type": "oscillation",
      "frequencies": [
        3.906248915182732,
        27.343742406279123,
        42.96873806701005,
        58.59373372774098,
        85.9374761340201,
        97.6562228795683,
        117.18746745548196,
        128.90621420103017,
        140.62496094657834,
        152.34370769212654,
        160.156205522492,
        171.8749522680402,
        203.12494358950207,
        226.56243708059844,
        242.1874327413294,
        253.9061794868776,
        281.2499218931567,
        296.87491755388766,
        304.6874153842531,
        316.4061621298013,
        332.03115779053223,
        339.84365562089766,
        347.65615345126315,
        367.1873980271768,
        382.81239368790773,
        394.5311404334559,
        402.3436382638214,
        410.1561360941869,
        417.9686339245523,
        441.4061274156487,
        460.9373719915624,
        484.3748654826588,
        496.09361222820695
      ],
      "power": [
        3.5832202442906183e-10,
        1.9207555463583976e-11,
        2.720538186306844e-11,
        3.217455368329797e-11,
        3.190965021283726e-11,
        2.771800229357877e-11,
        2.4669449814121175e-11,
        2.632706858685832e-11,
        2.0506156285935377e-11,
        2.4761280685576807e-11,
        2.4852608644191776e-11,
        4.202287049171486e-11,
        4.713434175135433e-11,
        4.0824313276538514e-11,
        3.369690651513032e-11,
        2.8185319916999965e-11,
        3.1161326531363495e-11,
        3.266223965987951e-11,
        3.350366947423063e-11,
        1.866797705888367e-11,
        1.571004450181068e-11,
        1.786616800468672e-11,
        1.7605353872032314e-11,
        2.6633958201651644e-11,
        2.383558450887737e-11,
        2.7554081415043435e-11,
        1.8025920072900857e-11,
        1.3160408053472187e-11,
        1.1047433495491767e-11,
        2.5158075861532522e-11,
        2.0372896268419357e-11,
        3.30599803345701e-11,
        3.721697997767038e-11
      ],
      "confidence": 0.7
    }
  ]
}