{
  "chunk": 1694,
  "total_chunks": 3600,
  "patterns_found": 2,
  "start_time": 1693.0004702779086,
  "end_time": 1693.9994705554086,
  "patterns": [
    {
      "type": "spike",
      "count": 24,
      "times": [
        1693.0094702804086,
        1693.011470280964,
        1693.0164702823529,
        1693.0194702831864,
        1693.0234702842974,
        1693.0284702856864,
        1693.0394702887418,
        1693.0414702892974,
        1693.0484702912418,
        1693.0504702917974,
        1693.0564702934641,
        1693.124470312353,
        1693.9314705365198,
        1693.9384705384641,
        1693.9454705404087,
        1693.952470542353,
        1693.9604705445752,
        1693.9684705467976,
        1693.9734705481862,
        1693.979470549853,
        1693.9904705529086,
        1693.9934705537419,
        1693.9954705542975,
        1693.997470554853
      ],
      "amplitudes": [
        0.001240712768528992,
        0.00108003905628336,
        0.0010588493869650732,
        0.0011020574270835745,
        0.0011298782947333098,
        0.001083829870690506,
        0.001118269273295358,
        0.001100132088748695,
        0.001108388811870325,
        0.0010554686452962467,
        0.0011289592665461882,
        0.0011667928150877135,
        0.0010809384708893414,
        0.0010508908663984223,
        0.0012043921884433162,
        0.001075698005651199,
        0.0010670798286639036,
        0.0011152956617890206,
        0.0010632196220998898,
        0.0010805730144217447,
        0.0011055878162724846,
        0.001203417899459167,
        0.0010895654953369854,
        0.0011795848386224198
      ],
      "confidence": 0.8
    },
    {
      "type": "oscillation",
      "frequencies": [
        3.906248914738643,
        15.624995658954573,
        31.249991317909146,
        54.687484806341004,
        62.49998263581829,
        70.31248046529558,
        82.03122720951151,
        97.65622286846607,
        109.37496961268201,
        128.90621418637522,
        136.7187120158525,
        148.43745876006844,
        156.24995658954572,
        167.96870333376165,
        179.6874500779776,
        195.31244573693215,
        214.8436903106254,
        226.5624370548413,
        234.3749348843186,
        265.62492620222775,
        277.3436729464437,
        292.96866860539825,
        316.4061620938301,
        332.0311577527847,
        343.7499044970006,
        355.46865124121655,
        367.1873979854325,
        378.9061447296484,
        386.71864255912567,
        394.531140388603,
        402.34363821808023,
        414.06238496229616,
        429.6873806212508,
        437.49987845072803,
        453.1248741096826,
        472.65611868337584,
        484.37486542759177
      ],
      "power": [
        3.156122386878504e-10,
        4.2843586650224074e-11,
        1.9753629742397434e-11,
        2.0774060052730862e-11,
        2.0890788372008823e-11,
        2.2646847686226997e-11,
        2.0680524135239974e-11,
        4.412803487814109e-11,
        2.725456853519913e-11,
        1.627748547547654e-11,
        3.003681522160111e-11,
        2.1200473100967928e-11,
        1.9424650673095445e-11,
        1.4546892392395814e-11,
        1.5942047266136584e-11,
        3.623254010085291e-11,
        1.524230540962182e-11,
        3.1529660214248384e-11,
        2.2444707835279136e-11,
        2.7102539185815595e-11,
        2.089462788772618e-11,
        2.347812137267609e-11,
        3.3271124630869975e-11,
        3.544159849148205e-11,
        2.569277181227247e-11,
        3.319374153251058e-11,
        2.539187673951558e-11,
        2.0827585354173473e-11,
        2.5526846518076972e-11,
        3.171802368670485e-11,
        3.0272901199346815e-11,
        3.371139961523617e-11,
        4.37414605759644e-11,
        3.443251807585805e-11,
        3.5346615961655265e-11,
        2.2185484350131178e-11,
        1.1195258295907542e-11
      ],
      "confidence": 0.7
    }
  ]
}