{
  "chunk": 415,
  "total_chunks": 3600,
  "patterns_found": 2,
  "start_time": 414.00011500003194,
  "end_time": 414.99911527753204,
  "patterns": [
    {
      "type": "spike",
      "count": 5,
      "times": [
        414.3451150958653,
        414.42211511725424,
        414.43911512197644,
        414.5271151464209,
        414.56211515614314
      ],
      "amplitudes": [
        0.0017278503074517216,
        0.0016920799879322052,
        0.001694428188646295,
        0.0017277207955282998,
        0.0016774564079413178
      ],
      "confidence": 0.8
    },
    {
      "type": "oscillation",
      "frequencies": [
        3.906248914738643,
        23.43749348843186,
        46.87498697686372,
        66.40623155055694,
        82.03122720951151,
        93.74997395372743,
        101.56247178320473,
        117.1874674421593,
        132.81246310111388,
        152.3437076748071,
        167.96870333376165,
        179.6874500779776,
        187.49994790745487,
        210.93744139588674,
        218.74993922536402,
        226.5624370548413,
        246.0936816285345,
        257.81242837275045,
        265.62492620222775,
        304.6874153496142,
        324.21865992330737,
        339.843655582262,
        359.3749001559552,
        371.0936469001711,
        382.81239364438704,
        390.6248914738643,
        406.2498871328189,
        417.96863387703485,
        429.6873806212508,
        453.1248741096826,
        476.56236759811446,
        488.2811143423304,
        496.0936121718077
      ],
      "power": [
        2.580105948021641e-10,
        1.3597165449678707e-11,
        2.7392057633988677e-11,
        3.41961101077527e-11,
        2.527861768557383e-11,
        2.7662806741014093e-11,
        2.0807494424917706e-11,
        2.940192421554899e-11,
        2.833266793387621e-11,
        4.479054144410808e-11,
        1.8561821864574346e-11,
        3.402313009013895e-11,
        3.05208978916177e-11,
        2.3708752781437636e-11,
        3.547403189593238e-11,
        2.6190938340613464e-11,
        4.2637634577247375e-11,
        2.4985961411504894e-11,
        4.148752281336009e-11,
        2.6615489999876535e-11,
        4.2286406800949684e-11,
        3.005152044994949e-11,
        3.700347920769347e-11,
        2.1534952861661835e-11,
        1.5630917455777142e-11,
        1.6620927935441903e-11,
        2.2028298758064697e-11,
        1.5884914367738548e-11,
        2.4089200134178112e-11,
        2.1310645393599787e-11,
        1.9824718866667807e-11,
        1.9754802106626294e-11,
        2.4115165062913752e-11
      ],
      "confidence": 0.7
    }
  ]
}