{
  "chunk": 339,
  "total_chunks": 3600,
  "patterns_found": 2,
  "start_time": 338.000093888915,
  "end_time": 338.9990941664151,
  "patterns": [
    {
      "type": "spike",
      "count": 8,
      "times": [
        338.36809399113724,
        338.42209400613723,
        338.43809401058166,
        338.4960940266928,
        338.5240940344706,
        338.55309404252614,
        338.56109404474836,
        338.6090940580817
      ],
      "amplitudes": [
        0.0017120735534649546,
        0.0016917920139690977,
        0.0017070242757611749,
        0.001721006124324933,
        0.0016893362225625817,
        0.001701069333393262,
        0.001685182160670661,
        0.0017139971469494338
      ],
      "confidence": 0.8
    },
    {
      "type": "oscillation",
      "frequencies": [
        3.906248914960688,
        15.624995659842751,
        31.249991319685503,
        42.96873806456757,
        50.781235894488944,
        66.4062315543317,
        78.12497829921375,
        97.65622287401719,
        117.18746744882064,
        128.9062141937027,
        144.53120985354545,
        156.2499565984275,
        175.78120117323095,
        187.499947918113,
        199.2186946629951,
        207.03119249291646,
        226.56243706771988,
        238.28118381260197,
        249.99993055748402,
        273.43742404724816,
        300.781166451973,
        308.59366428189435,
        324.2186599417371,
        351.5624023464619,
        371.09364692126536,
        386.7186425811081,
        406.24988715591155,
        429.68738064567566,
        449.2186252204791,
        460.93737196536114,
        472.6561187102432,
        484.3748654551253,
        496.0936122000073
      ],
      "power": [
        2.7359256026487643e-10,
        2.932483492540921e-11,
        2.5938944548563875e-11,
        2.1382487706505998e-11,
        2.6338732440331393e-11,
        1.5917340155613528e-11,
        3.155219260688832e-11,
        1.82301246764045e-11,
        3.822650694807779e-11,
        2.5914405562237762e-11,
        2.0057403365384546e-11,
        3.749863178277913e-11,
        2.3881268942532956e-11,
        2.5827857967415214e-11,
        3.226479673928852e-11,
        3.631496490321032e-11,
        4.27944682518217e-11,
        2.26148624497608e-11,
        2.6628359936805672e-11,
        4.588713098208576e-11,
        2.6621605104816524e-11,
        2.248638304638166e-11,
        4.1817592855805014e-11,
        1.9800182606044617e-11,
        2.7308886383840414e-11,
        2.692109690058878e-11,
        3.118310183990375e-11,
        3.2261731162403256e-11,
        2.549315220897648e-11,
        3.477222028591564e-11,
        3.179221235972939e-11,
        1.5774758312208134e-11,
        1.30148464873352e-11
      ],
      "confidence": 0.7
    }
  ]
}