{
  "chunk": 3088,
  "total_chunks": 3600,
  "patterns_found": 2,
  "start_time": 3087.0008575002385,
  "end_time": 3087.9998577777383,
  "patterns": [
    {
      "type": "spike",
      "count": 26,
      "times": [
        3087.001857500516,
        3087.0058575016274,
        3087.0108575030163,
        3087.012857503572,
        3087.027857507738,
        3087.029857508294,
        3087.0348575096828,
        3087.043857512183,
        3087.056857515794,
        3087.0628575174605,
        3087.0728575202384,
        3087.087857524405,
        3087.1438575399607,
        3087.9008577502386,
        3087.9098577527384,
        3087.9138577538497,
        3087.9258577571827,
        3087.937857760516,
        3087.939857761072,
        3087.9458577627383,
        3087.947857763294,
        3087.9538577649605,
        3087.955857765516,
        3087.957857766072,
        3087.983857773294,
        3087.991857775516
      ],
      "amplitudes": [
        0.001070464412292772,
        0.001151055702871651,
        0.0011856714576241915,
        0.0011218280741193114,
        0.0011070954767811358,
        0.0010866413753679483,
        0.0010963183771383529,
        0.0010918632322847689,
        0.0010735318659510675,
        0.0011310219988892541,
        0.0011018376297641447,
        0.0011777296667026822,
        0.001082045481895842,
        0.0010523572497939788,
        0.0010695046309800271,
        0.0011583599346934423,
        0.001102354343932312,
        0.0010900387900544023,
        0.0010539942853549618,
        0.0010651113276796554,
        0.0010671576304199471,
        0.0010515968775308808,
        0.0012266429018247514,
        0.001174308410701585,
        0.0010692082028362225,
        0.0011338783692387017
      ],
      "confidence": 0.8
    },
    {
      "type": "oscillation",
      "frequencies": [
        3.906248915626821,
        19.531244578134107,
        39.062489156268214,
        58.59373373440232,
        70.31248048128278,
        78.12497831253643,
        93.7499739750437,
        113.28121855317781,
        124.99996530005828,
        132.81246313131192,
        148.43745879381922,
        160.15620554069966,
        175.78120120320696,
        199.21869469696787,
        210.93744144384834,
        238.2811838532361,
        253.9061795157434,
        265.62492626262383,
        281.2499219251311,
        296.87491758763844,
        308.59366433451885,
        320.3124110813993,
        332.0311578282798,
        347.65615349078706,
        359.37490023766753,
        374.9998959001748,
        390.62489156268214,
        414.062385056443,
        421.8748828876967,
        433.59362963457716,
        445.3123763814576,
        464.8436209595917,
        480.46861662209903,
        496.0936122846063
      ],
      "power": [
        2.7825514722678847e-10,
        1.732923177815693e-11,
        2.7187675681423954e-11,
        2.2721103476349934e-11,
        3.6773563143743435e-11,
        1.9258106161177052e-11,
        3.39902772358828e-11,
        2.1777647553092562e-11,
        1.8736700640719197e-11,
        2.2478896312568488e-11,
        2.8559420078948526e-11,
        3.352053890509648e-11,
        2.260602761005691e-11,
        2.4675966683266175e-11,
        1.3335752348145605e-11,
        2.2028303131167564e-11,
        3.4616690710170384e-11,
        2.4802061450726594e-11,
        1.9880968947042007e-11,
        2.3056151006937296e-11,
        2.7482275242670603e-11,
        3.049575835022313e-11,
        4.2204149037315285e-11,
        4.112770497095285e-11,
        2.4872334350403896e-11,
        2.7514280830916615e-11,
        2.3536299692921447e-11,
        2.5481896309969424e-11,
        2.7494845119192935e-11,
        3.194736494490148e-11,
        3.224337647084975e-11,
        4.476816234606913e-11,
        2.1620911611597348e-11,
        1.882417836452913e-11
      ],
      "confidence": 0.7
    }
  ]
}