{
  "chunk": 1537,
  "total_chunks": 3600,
  "patterns_found": 2,
  "start_time": 1536.0004266667852,
  "end_time": 1536.9994269442852,
  "patterns": [
    {
      "type": "spike",
      "count": 8,
      "times": [
        1536.4284267856742,
        1536.4304267862296,
        1536.4394267887296,
        1536.496426804563,
        1536.5124268090076,
        1536.5244268123408,
        1536.5434268176186,
        1536.5484268190075
      ],
      "amplitudes": [
        0.0017918168253488343,
        0.0016992183017641423,
        0.0017206154002247578,
        0.0016814112643670563,
        0.0017065682389611828,
        0.0016949187211174137,
        0.0017005357545996909,
        0.0017311019251473963
      ],
      "confidence": 0.8
    },
    {
      "type": "oscillation",
      "frequencies": [
        3.906248914738643,
        35.15624023264779,
        46.87498697686372,
        54.687484806341004,
        66.40623155055694,
        85.93747612425015,
        93.74997395372743,
        109.37496961268201,
        117.1874674421593,
        132.81246310111388,
        144.5312098453298,
        156.24995658954572,
        167.96870333376165,
        179.6874500779776,
        187.49994790745487,
        199.2186946516708,
        210.93744139588674,
        234.3749348843186,
        246.0936816285345,
        257.81242837275045,
        273.437424031705,
        281.2499218611823,
        296.8749175201369,
        308.5936642643528,
        335.9374066675233,
        347.65615341173924,
        374.99989581490973,
        386.71864255912567,
        398.4373893033416,
        417.96863387703485,
        437.49987845072803,
        449.21862519494397,
        460.9373719391599,
        480.4686165128531,
        492.187363257069
      ],
      "power": [
        3.10434738520478e-10,
        2.8097524016739254e-11,
        2.2728029202417983e-11,
        2.331202242892996e-11,
        3.1200958078198796e-11,
        1.7849189707889855e-11,
        1.5228263885850896e-11,
        1.166430780393324e-11,
        1.4090390053751436e-11,
        2.0745704071581235e-11,
        1.981271489292477e-11,
        3.336587290700006e-11,
        2.612142471139755e-11,
        2.2843313754156916e-11,
        2.0740679515089282e-11,
        1.3887205695956117e-11,
        2.7290265845566348e-11,
        1.9862427618277808e-11,
        2.234153120695859e-11,
        1.542334965203392e-11,
        1.8869423565893058e-11,
        1.6165664841944974e-11,
        1.8680289897066236e-11,
        1.7899652819384093e-11,
        4.170769504484417e-11,
        1.8242826678265403e-11,
        2.36635664495885e-11,
        3.117158454129366e-11,
        2.9954877980727734e-11,
        3.293463529350749e-11,
        3.3192930796730927e-11,
        2.7884025530140777e-11,
        2.4998725638937713e-11,
        1.5914343135234165e-11,
        2.806904150498554e-11
      ],
      "confidence": 0.7
    }
  ]
}