{
  "chunk": 3277,
  "total_chunks": 3600,
  "patterns_found": 2,
  "start_time": 3276.000910000253,
  "end_time": 3276.999910277753,
  "patterns": [
    {
      "type": "spike",
      "count": 5,
      "times": [
        3276.4219101171975,
        3276.4529101258086,
        3276.5099101416417,
        3276.5469101519197,
        3276.5559101544195
      ],
      "amplitudes": [
        0.0017524670253266075,
        0.0016891602068744719,
        0.0017696984179812107,
        0.001693493291477735,
        0.0016973740808095246
      ],
      "confidence": 0.8
    },
    {
      "type": "oscillation",
      "frequencies": [
        3.906248915626821,
        27.343742409387747,
        39.062489156268214,
        58.59373373440232,
        70.31248048128278,
        89.84372505941688,
        101.56247180629735,
        117.18746746880464,
        132.81246313131192,
        140.62496096256555,
        156.24995662507285,
        175.78120120320696,
        199.21869469696787,
        207.0311925282215,
        218.74993927510198,
        234.37493493760928,
        246.09368168448972,
        253.9061795157434,
        265.62492626262383,
        273.4374240938775,
        281.2499219251311,
        289.06241975638477,
        304.68741541889204,
        316.4061621657725,
        328.124908912653,
        339.84365565953345,
        351.5624024064139,
        359.37490023766753,
        374.9998959001748,
        402.3436383095626,
        410.1561361408162,
        429.68738071895035,
        445.3123763814576,
        460.9373720439649,
        476.5623677064722,
        496.0936122846063
      ],
      "power": [
        2.921956141092193e-10,
        3.782857303605824e-11,
        4.056841004315574e-11,
        2.027177237228286e-11,
        1.9224968805954513e-11,
        1.9668188706688327e-11,
        2.3279201081147084e-11,
        1.743251492411229e-11,
        1.5438425822202e-11,
        3.306532346124161e-11,
        2.439190371444673e-11,
        3.3445354230161394e-11,
        2.0756273762971672e-11,
        1.869638710409916e-11,
        2.1276763245404253e-11,
        1.9690205046923262e-11,
        1.5437771200107433e-11,
        2.4151043430384897e-11,
        1.7350250998598313e-11,
        1.5401358027442633e-11,
        1.746135303790866e-11,
        1.6238176636598378e-11,
        2.441075365586957e-11,
        3.3652462038419736e-11,
        2.5875120362219633e-11,
        3.0077172849957907e-11,
        2.605156561979843e-11,
        2.204506651692406e-11,
        2.178020939152871e-11,
        1.5883702708324978e-11,
        2.2433082098144352e-11,
        2.851453451341898e-11,
        2.859067048229862e-11,
        3.045212114691644e-11,
        2.7845274934638174e-11,
        1.1229209127883071e-11
      ],
      "confidence": 0.7
    }
  ]
}