{
  "chunk": 2314,
  "total_chunks": 3600,
  "patterns_found": 2,
  "start_time": 2313.0006425001784,
  "end_time": 2313.9996427776787,
  "patterns": [
    {
      "type": "spike",
      "count": 25,
      "times": [
        2313.003642501012,
        2313.0066425018454,
        2313.016642504623,
        2313.0246425068453,
        2313.026642507401,
        2313.0356425099008,
        2313.0406425112897,
        2313.0426425118453,
        2313.046642512956,
        2313.051642514345,
        2313.066642518512,
        2313.10364252879,
        2313.881642744901,
        2313.898642749623,
        2313.917642754901,
        2313.9236427565675,
        2313.9556427654566,
        2313.957642766012,
        2313.9596427665674,
        2313.9736427704565,
        2313.9836427732344,
        2313.987642774345,
        2313.992642775734,
        2313.9956427765674,
        2313.998642777401
      ],
      "amplitudes": [
        0.0010685022002492881,
        0.0010685185424961381,
        0.001097321548846464,
        0.001213002935185918,
        0.0011720474532899148,
        0.0010671861146666177,
        0.0010774016286125055,
        0.0010895494283564813,
        0.0011694935157636394,
        0.0011302793308629138,
        0.0010581798636481806,
        0.0010526658566301563,
        0.0011224136516756436,
        0.001048114804356936,
        0.001047449883742897,
        0.0010649132208035237,
        0.0010571596134878332,
        0.001059694908397065,
        0.0010869823207270385,
        0.0010483485526417483,
        0.0011159434297498415,
        0.0012628420460203524,
        0.001138889673146115,
        0.0012846070008953867,
        0.0010920552046705602
      ],
      "confidence": 0.8
    },
    {
      "type": "oscillation",
      "frequencies": [
        3.9062489138504652,
        15.624995655401861,
        39.06248913850465,
        54.68748479390651,
        66.4062315354579,
        78.1249782770093,
        97.65622284626163,
        124.99996524321489,
        132.8124630709158,
        152.34370764016813,
        171.87495220942048,
        191.4061967786728,
        199.21869460637373,
        214.84369026177558,
        230.46868591717745,
        242.18743265872885,
        253.90617940028025,
        265.6249261418316,
        281.24992179723347,
        296.8749174526354,
        324.2186598495886,
        343.74990441884097,
        355.4686511603923,
        363.28114898809326,
        378.9061446434951,
        390.6248913850465,
        398.43738921274746,
        414.0623848681493,
        425.7811316097007,
        441.40612726510255,
        453.12487400665395,
        460.9373718343549,
        476.56236748975675,
        496.0936120590091
      ],
      "power": [
        3.3733145376149523e-10,
        1.2222696825516953e-11,
        3.25558311541876e-11,
        3.0639231806318244e-11,
        1.1639958000203643e-11,
        2.13104058863871e-11,
        4.292319312928585e-11,
        1.5626850131854537e-11,
        3.254894102029639e-11,
        2.7861495672531017e-11,
        2.792747807540302e-11,
        2.4870318992456656e-11,
        1.6003832544686822e-11,
        2.2355694553222297e-11,
        1.0126702238271811e-11,
        2.1243713893380637e-11,
        2.5498610560512464e-11,
        1.1947451547015292e-11,
        3.039567162700426e-11,
        4.9124294984507985e-11,
        1.73747680336899e-11,
        3.7092303570216506e-11,
        2.634231859836646e-11,
        3.227230823883345e-11,
        1.197155654931852e-11,
        2.169461076657459e-11,
        2.0444769599273483e-11,
        2.2113821242213984e-11,
        2.108963847494003e-11,
        2.1001239028822003e-11,
        2.3277023399029643e-11,
        2.3101564626965126e-11,
        3.699477632271109e-11,
        1.732931457721273e-11
      ],
      "confidence": 0.7
    }
  ]
}