{
  "chunk": 2523,
  "total_chunks": 3600,
  "patterns_found": 2,
  "start_time": 2522.0007005557504,
  "end_time": 2522.9997008332502,
  "patterns": [
    {
      "type": "spike",
      "count": 4,
      "times": [
        2522.444700679084,
        2522.4897006915835,
        2522.537700704917,
        2522.5717007143617
      ],
      "amplitudes": [
        0.0016958062460562034,
        0.0017370490384878141,
        0.0017458919994632718,
        0.001754261089864082
      ],
      "confidence": 0.8
    },
    {
      "type": "oscillation",
      "frequencies": [
        3.906248915626821,
        11.718746746880463,
        23.437493493760925,
        35.15624024064139,
        42.96873807189503,
        58.59373373440232,
        70.31248048128278,
        82.03122722816325,
        93.7499739750437,
        105.46872072192417,
        121.09371638443146,
        140.62496096256555,
        148.43745879381922,
        156.24995662507285,
        164.0624544563265,
        183.5936990344606,
        195.31244578134107,
        207.0311925282215,
        222.6561881907288,
        234.37493493760928,
        242.18743276886292,
        249.99993060011656,
        265.62492626262383,
        281.2499219251311,
        304.68741541889204,
        312.4999132501457,
        320.3124110813993,
        343.74990457516026,
        355.4686513220407,
        363.2811491532944,
        374.9998959001748,
        382.8123937314285,
        410.1561361408162,
        425.7811318033235,
        449.21862529708443,
        460.9373720439649,
        468.74986987521856,
        496.0936122846063
      ],
      "power": [
        2.8121532959175144e-10,
        4.4478361275204846e-11,
        3.941379905718277e-11,
        3.1081161711143615e-11,
        2.8511868024715617e-11,
        2.927665437754899e-11,
        2.914308477499986e-11,
        2.9905420145076774e-11,
        2.0861987995219794e-11,
        1.875045075979126e-11,
        3.752550679478103e-11,
        1.3012053956891202e-11,
        1.8306705904253367e-11,
        2.4221607697409893e-11,
        2.8515620063370255e-11,
        2.7311202263322718e-11,
        2.388108392600848e-11,
        2.553866685796379e-11,
        1.7267036001919586e-11,
        2.091353450169718e-11,
        1.901161467485474e-11,
        2.7569063363638236e-11,
        3.159414965861982e-11,
        1.5656084530264764e-11,
        3.3065845237333926e-11,
        1.723457463715918e-11,
        2.1014547112636917e-11,
        2.224180544023141e-11,
        1.769622543392732e-11,
        2.0777657850656635e-11,
        2.8337932368495235e-11,
        3.6417055947428415e-11,
        2.3606670764943747e-11,
        4.047146584365506e-11,
        2.5555483387264308e-11,
        3.002556648729891e-11,
        2.37803377160829e-11,
        2.876401542732073e-11
      ],
      "confidence": 0.7
    }
  ]
}