{
  "chunk": 855,
  "total_chunks": 3600,
  "patterns_found": 2,
  "start_time": 854.0002372222882,
  "end_time": 854.9992374997883,
  "patterns": [
    {
      "type": "spike",
      "count": 7,
      "times": [
        854.4002373333993,
        854.4072373353438,
        854.4162373378438,
        854.4642373511771,
        854.4812373558993,
        854.4992373608993,
        854.5342373706216
      ],
      "amplitudes": [
        0.0017012480907695746,
        0.0017216269076317818,
        0.0017081030678110108,
        0.001711304506131136,
        0.0017779911200975045,
        0.0017633260799419148,
        0.0017242878472690428
      ],
      "confidence": 0.8
    },
    {
      "type": "oscillation",
      "frequencies": [
        3.906248915182732,
        27.343742406279123,
        39.06248915182732,
        66.40623155810644,
        78.12497830365464,
        89.84372504920283,
        109.37496962511649,
        124.99996528584742,
        140.62496094657834,
        152.34370769212654,
        171.8749522680402,
        195.3124457591366,
        207.03119250468478,
        222.65618816541573,
        242.1874327413294,
        257.81242840206033,
        265.62492623242576,
        285.1561708083394,
        300.78116646907034,
        316.4061621298013,
        324.21865996016675,
        339.84365562089766,
        347.65615345126315,
        359.3749001968113,
        374.99989585754224,
        382.81239368790773,
        398.43738934863865,
        410.1561360941869,
        421.87488283973505,
        429.68738067010054,
        445.31237633083146,
        472.65611873711055,
        492.1873633130242
      ],
      "power": [
        3.3133054800461155e-10,
        2.4327357335432948e-11,
        4.4410691917885073e-11,
        3.179995406941665e-11,
        3.82637207889932e-11,
        2.6947446416746666e-11,
        3.288740222606581e-11,
        5.2546141293647163e-11,
        2.321859393027232e-11,
        3.71461378156741e-11,
        3.301044992293364e-11,
        4.190442756959943e-11,
        1.974861268384851e-11,
        4.760195443080688e-11,
        3.297117368289076e-11,
        2.7349103260848198e-11,
        2.756530838064675e-11,
        2.6597423125899874e-11,
        2.6020846499577073e-11,
        1.8409660683136937e-11,
        1.6071353292785158e-11,
        1.9331351856523792e-11,
        2.1499826020006232e-11,
        2.2034467360529298e-11,
        3.0329698481863106e-11,
        3.303636815547878e-11,
        4.122005330930924e-11,
        2.2350437209263825e-11,
        1.4912158220677207e-11,
        1.823627004978927e-11,
        2.3545525167353738e-11,
        2.140467827008828e-11,
        1.9675193129702745e-11
      ],
      "confidence": 0.7
    }
  ]
}