{
  "chunk": 948,
  "total_chunks": 3600,
  "patterns_found": 2,
  "start_time": 947.0002630556287,
  "end_time": 947.9992633331287,
  "patterns": [
    {
      "type": "spike",
      "count": 20,
      "times": [
        947.0012630559064,
        947.0072630575731,
        947.0092630581287,
        947.0112630586842,
        947.0152630597953,
        947.0202630611842,
        947.0272630631287,
        947.0342630650731,
        947.039263066462,
        947.0412630670176,
        947.0502630695175,
        947.0722630756287,
        947.0772630770176,
        947.0892630803509,
        947.9062633072954,
        947.9142633095177,
        947.9282633134065,
        947.9702633250732,
        947.9882633300732,
        947.9962633322954
      ],
      "amplitudes": [
        0.0011048781235791817,
        0.001137321367417831,
        0.0011447544213267656,
        0.0010744914055644626,
        0.001175369846014837,
        0.0011935566913240517,
        0.0011487987126035317,
        0.0011674483949218595,
        0.001082306595742743,
        0.0010904728466136998,
        0.0010764988935851414,
        0.0011623499494938954,
        0.0011290773078774044,
        0.0011030658769313976,
        0.001057152035177274,
        0.001084310700790918,
        0.0010921316728987683,
        0.0010843057068429254,
        0.0011246683769889738,
        0.0011138923474604465
      ],
      "confidence": 0.8
    },
    {
      "type": "oscillation",
      "frequencies": [
        3.906248915182732,
        23.43749349109639,
        39.06248915182732,
        50.78123589737552,
        58.59373372774098,
        78.12497830365464,
        89.84372504920283,
        117.18746745548196,
        144.53120986176108,
        164.06245443767475,
        171.8749522680402,
        187.49994792877112,
        207.03119250468478,
        222.65618816541573,
        230.4686859957812,
        242.1874327413294,
        269.5311751476085,
        277.343672977974,
        304.6874153842531,
        324.21865996016675,
        347.65615345126315,
        367.1873980271768,
        386.7186426030905,
        394.5311404334559,
        402.3436382638214,
        417.9686339245523,
        441.4061274156487,
        460.9373719915624,
        488.2811143978415,
        496.09361222820695
      ],
      "power": [
        3.665465162718551e-10,
        2.503688394673479e-11,
        2.2822324216822937e-11,
        2.2902202545732837e-11,
        3.8088240410592726e-11,
        2.3600932552844676e-11,
        2.1005537578582778e-11,
        2.7300668723343658e-11,
        2.104139350681126e-11,
        2.974836009074903e-11,
        2.0247764722729653e-11,
        3.475949189041488e-11,
        2.700928038521628e-11,
        2.466946398495248e-11,
        3.6849770905633495e-11,
        1.7096513870276064e-11,
        2.008026881915857e-11,
        2.1571340971354837e-11,
        2.7701118703519426e-11,
        4.6993742459900096e-11,
        3.102449718340705e-11,
        3.118097114757983e-11,
        2.082072606497146e-11,
        2.1167529860450193e-11,
        1.8349475375656867e-11,
        3.573683565334596e-11,
        2.3474947856882087e-11,
        2.8390760485820946e-11,
        3.667470556983365e-11,
        3.3495239447496186e-11
      ],
      "confidence": 0.7
    }
  ]
}