{
  "chunk": 3388,
  "total_chunks": 3600,
  "patterns_found": 2,
  "start_time": 3387.000940833595,
  "end_time": 3387.999941111095,
  "patterns": [
    {
      "type": "spike",
      "count": 22,
      "times": [
        3387.0039408344282,
        3387.0069408352615,
        3387.0119408366504,
        3387.013940837206,
        3387.0169408380393,
        3387.025940840539,
        3387.028940841373,
        3387.0339408427617,
        3387.041940844984,
        3387.103940862206,
        3387.8899410805393,
        3387.930941091928,
        3387.932941092484,
        3387.9379410938727,
        3387.940941094706,
        3387.9449410958173,
        3387.9529410980394,
        3387.9749411041503,
        3387.9839411066505,
        3387.985941107206,
        3387.989941108317,
        3387.9929411091507
      ],
      "amplitudes": [
        0.0012071949090803407,
        0.001097964876083436,
        0.0011565514854402822,
        0.001055191175881834,
        0.0011870746374165126,
        0.0012020722116476584,
        0.001078160691131539,
        0.0011348315073078745,
        0.0011279289561733502,
        0.0010584652278045666,
        0.0010563828304337797,
        0.001132821874139339,
        0.001044375325765732,
        0.0010460985798802732,
        0.0010795973573854937,
        0.0010566477390021865,
        0.0011504953154273174,
        0.00115599432085234,
        0.0011516122736807122,
        0.0010506303024377802,
        0.0010624938547754835,
        0.001053695421772852
      ],
      "confidence": 0.8
    },
    {
      "type": "oscillation",
      "frequencies": [
        3.906248915626821,
        15.624995662507285,
        35.15624024064139,
        46.87498698752185,
        70.31248048128278,
        82.03122722816325,
        97.65622289067053,
        121.09371638443146,
        132.81246313131192,
        140.62496096256555,
        156.24995662507285,
        175.78120120320696,
        195.31244578134107,
        207.0311925282215,
        222.6561881907288,
        238.2811838532361,
        261.718677346997,
        273.4374240938775,
        281.2499219251311,
        289.06241975638477,
        300.78116650326524,
        308.59366433451885,
        328.124908912653,
        347.65615349078706,
        363.2811491532944,
        378.90614481580167,
        406.2498872251894,
        417.9686339720699,
        433.59362963457716,
        449.21862529708443,
        460.9373720439649,
        472.65611879084537,
        488.28111445335264
      ],
      "power": [
        2.7609481902590466e-10,
        2.1656523999676468e-11,
        2.3083904217545248e-11,
        2.784569044182462e-11,
        1.379970669396888e-11,
        2.465013357159044e-11,
        3.067537070556154e-11,
        3.067455046352915e-11,
        1.9409573050700207e-11,
        1.7502258688433604e-11,
        2.083792014284695e-11,
        2.5083670817532515e-11,
        1.6931383763795462e-11,
        2.6605501100149374e-11,
        2.667907117445078e-11,
        3.354461829271516e-11,
        1.8806072335280602e-11,
        2.846134663493099e-11,
        2.5028245179287357e-11,
        2.3256984144026746e-11,
        2.5899351249149604e-11,
        3.442883069206104e-11,
        3.19650117611937e-11,
        3.5704993763445665e-11,
        2.7359422620570698e-11,
        1.4871634801503413e-11,
        2.285793633764745e-11,
        1.516011541070335e-11,
        3.117990945589523e-11,
        2.5704936769469936e-11,
        2.7115048564174895e-11,
        1.7106926191711317e-11,
        2.8666201128389792e-11
      ],
      "confidence": 0.7
    }
  ]
}