{
  "chunk": 3284,
  "total_chunks": 3600,
  "patterns_found": 2,
  "start_time": 3283.000911944698,
  "end_time": 3283.999912222198,
  "patterns": [
    {
      "type": "spike",
      "count": 19,
      "times": [
        3283.0029119452533,
        3283.0079119466423,
        3283.0119119477536,
        3283.0219119505314,
        3283.0269119519203,
        3283.031911953309,
        3283.036911954698,
        3283.0579119605313,
        3283.1179119771978,
        3283.8949121930314,
        3283.8989121941427,
        3283.901912194976,
        3283.9209122002535,
        3283.9309122030313,
        3283.9569122102534,
        3283.9709122141426,
        3283.976912215809,
        3283.9839122177536,
        3283.9889122191425
      ],
      "amplitudes": [
        0.0011302425090218698,
        0.001157101211279218,
        0.0011772379035519843,
        0.0011709935152645744,
        0.0012020321535769838,
        0.0011471028533514035,
        0.0010879128256503635,
        0.0010772968937832381,
        0.0010936841115492223,
        0.0010620118052198587,
        0.001072811040511059,
        0.0010838731452125386,
        0.0011464486989786265,
        0.0010729335074247713,
        0.0010913625435286264,
        0.0010623063015657592,
        0.001104850584034532,
        0.0010752889905108263,
        0.0011162335489785732
      ],
      "confidence": 0.8
    },
    {
      "type": "oscillation",
      "frequencies": [
        3.906248915626821,
        35.15624024064139,
        54.687484818775495,
        70.31248048128278,
        82.03122722816325,
        101.56247180629735,
        117.18746746880464,
        144.53120987819239,
        160.15620554069966,
        175.78120120320696,
        187.4999479500874,
        199.21869469696787,
        210.93744144384834,
        218.74993927510198,
        234.37493493760928,
        242.18743276886292,
        257.8124284313702,
        273.4374240938775,
        281.2499219251311,
        292.9686686720116,
        300.78116650326524,
        324.2186599970262,
        339.84365565953345,
        347.65615349078706,
        359.37490023766753,
        378.90614481580167,
        390.62489156268214,
        402.3436383095626,
        414.062385056443,
        425.7811318033235,
        437.49987855020396,
        464.8436209595917,
        480.46861662209903,
        496.0936122846063
      ],
      "power": [
        3.661001304938652e-10,
        2.3263583846177878e-11,
        2.031195421097965e-11,
        2.3005528557121743e-11,
        2.0585952520251992e-11,
        2.2221235178973357e-11,
        4.496338552087284e-11,
        1.9218575481446996e-11,
        3.7801734771980395e-11,
        2.1737897983844877e-11,
        2.5353140018882305e-11,
        1.2066746869577019e-11,
        2.9053279064562483e-11,
        2.6769011477406288e-11,
        3.644673554916789e-11,
        2.214779042193608e-11,
        1.355793204383095e-11,
        1.9519844621801817e-11,
        2.1898625337021116e-11,
        2.6258987065014743e-11,
        2.944530375974478e-11,
        3.0732466270973637e-11,
        1.5301073317484434e-11,
        1.3733781160027601e-11,
        2.959832712764208e-11,
        5.375903769730602e-11,
        3.0574117998661845e-11,
        8.640887717673944e-12,
        2.605126645906948e-11,
        4.807225576288939e-11,
        3.07305769812217e-11,
        3.507917624106817e-11,
        1.0073816779104831e-11,
        1.9652714897166126e-11
      ],
      "confidence": 0.7
    }
  ]
}