{
  "chunk": 2099,
  "total_chunks": 3600,
  "patterns_found": 2,
  "start_time": 2098.0005827779396,
  "end_time": 2098.99958305544,
  "patterns": [
    {
      "type": "spike",
      "count": 7,
      "times": [
        2098.3485828746066,
        2098.4335828982175,
        2098.439582899884,
        2098.507582918773,
        2098.5325829257176,
        2098.6095829471064,
        2098.647582957662
      ],
      "amplitudes": [
        0.0016884534605406093,
        0.0016857421350932609,
        0.001754854049060975,
        0.001678032512869733,
        0.0016882774656524647,
        0.0016947692826216388,
        0.0016706211502286628
      ],
      "confidence": 0.8
    },
    {
      "type": "oscillation",
      "frequencies": [
        3.9062489138504652,
        27.343742396953257,
        39.06248913850465,
        46.87498696620558,
        58.59373370775698,
        74.21872936315884,
        89.8437250185607,
        105.46872067396257,
        117.18746741551396,
        148.4374587263177,
        160.15620546786909,
        171.87495220942048,
        191.4061967786728,
        203.12494352022418,
        218.74993917562605,
        230.46868591717745,
        253.90617940028025,
        273.4374239695326,
        285.156170711084,
        292.96866853878487,
        308.5936641941868,
        324.2186598495886,
        339.84365550499047,
        355.4686511603923,
        363.28114898809326,
        378.9061446434951,
        402.3436381265979,
        414.0623848681493,
        429.68738052355116,
        441.40612726510255,
        460.9373718343549,
        476.56236748975675,
        488.28111423130815
      ],
      "power": [
        3.198919485940327e-10,
        1.2573906025589911e-11,
        2.6579849104559905e-11,
        2.485481951212889e-11,
        3.3833957990169e-11,
        2.146888641798317e-11,
        1.2904737089456857e-11,
        3.5074230617234354e-11,
        1.9068310357026548e-11,
        2.3925942117135982e-11,
        2.9218807965388276e-11,
        2.91393429687054e-11,
        2.5837633501981765e-11,
        3.0776300256464214e-11,
        2.8560947169258663e-11,
        2.7821912309485868e-11,
        2.607668553082521e-11,
        3.245731320229968e-11,
        2.1641203467625055e-11,
        1.7190475301989806e-11,
        2.355375267571107e-11,
        2.359472888934818e-11,
        1.8249651689280348e-11,
        1.8252837711188262e-11,
        1.9084082653565523e-11,
        3.2271149260893825e-11,
        3.277371354633267e-11,
        1.8065707419437748e-11,
        1.719784120186718e-11,
        2.085363345531568e-11,
        2.7481238462126336e-11,
        2.0793819780712285e-11,
        2.126487281374509e-11
      ],
      "confidence": 0.7
    }
  ]
}