{
  "chunk": 116,
  "total_chunks": 3600,
  "patterns_found": 2,
  "start_time": 115.00003194445333,
  "end_time": 115.9990322219534,
  "patterns": [
    {
      "type": "spike",
      "count": 22,
      "times": [
        115.00303194528665,
        115.00803194667554,
        115.01203194778665,
        115.01503194861999,
        115.02903195250889,
        115.03503195417555,
        115.03803195500888,
        115.04803195778666,
        115.09503197084221,
        115.12603197945333,
        115.9400322055645,
        115.95503220973117,
        115.96503221250896,
        115.97003221389784,
        115.97803221612007,
        115.9810322169534,
        115.98303221750895,
        115.98503221806452,
        115.98703221862007,
        115.99103221973118,
        115.99303222028674,
        115.99803222167563
      ],
      "amplitudes": [
        0.0010859437567288124,
        0.0011443517439428856,
        0.001097329496829237,
        0.0011815444628311582,
        0.0011087443797746519,
        0.001092527102223924,
        0.0010591780858565723,
        0.0010801721489806702,
        0.0011054542228617842,
        0.001059459906766846,
        0.0010737843679661878,
        0.001060938639650319,
        0.001069519143975569,
        0.0010972885114843708,
        0.0011251922877506548,
        0.0010726290094652628,
        0.001087150420878703,
        0.0011508153014052577,
        0.0011829972540190743,
        0.0011041234126412751,
        0.0011013848762081375,
        0.0011031193959577955
      ],
      "confidence": 0.8
    },
    {
      "type": "oscillation",
      "frequencies": [
        3.906248914960688,
        19.531244574803438,
        39.062489149606876,
        66.4062315543317,
        78.12497829921375,
        89.84372504409582,
        101.56247178897789,
        113.28121853385994,
        128.9062141937027,
        140.62496093858476,
        148.43745876850613,
        164.0624544283489,
        191.4061968330737,
        199.2186946629951,
        210.93744140787715,
        226.56243706771988,
        234.37493489764128,
        253.9061794724447,
        273.43742404724816,
        296.87491753701227,
        308.59366428189435,
        320.3124110267764,
        335.93740668661917,
        347.6561534315012,
        363.281149091344,
        371.09364692126536,
        390.62489149606876,
        398.4373893259902,
        410.1561360708722,
        425.78113173071495,
        433.5936295606364,
        464.84362088032185,
        472.6561187102432,
        484.3748654551253,
        496.0936122000073
      ],
      "power": [
        2.924581350126735e-10,
        2.6459207274081106e-11,
        2.1115393557221186e-11,
        3.489520158485039e-11,
        2.3441686171508106e-11,
        2.5217333535545363e-11,
        2.656234068247435e-11,
        2.427293836158116e-11,
        1.8590575572558186e-11,
        1.4931875025777042e-11,
        2.0045925293129058e-11,
        2.424023500890147e-11,
        1.5939688672311816e-11,
        1.8678612714472576e-11,
        1.7187478663047793e-11,
        3.252186988642993e-11,
        4.086865446395234e-11,
        2.4947180199151377e-11,
        2.9471610669422046e-11,
        3.560378002092912e-11,
        1.44612686009203e-11,
        2.8365623805090268e-11,
        2.8356992224387726e-11,
        3.170311392957184e-11,
        1.9888975403078555e-11,
        1.3789772163330926e-11,
        2.3302340366264185e-11,
        1.377738271813313e-11,
        1.500804112441854e-11,
        3.344500084018706e-11,
        3.945867458301329e-11,
        2.994381683379506e-11,
        2.4726085642348662e-11,
        2.099279806098354e-11,
        1.770033590497939e-11
      ],
      "confidence": 0.7
    }
  ]
}