{
  "chunk": 3243,
  "total_chunks": 3600,
  "patterns_found": 2,
  "start_time": 3242.000900555806,
  "end_time": 3242.999900833306,
  "patterns": [
    {
      "type": "spike",
      "count": 4,
      "times": [
        3242.395900665528,
        3242.404900668028,
        3242.409900669417,
        3242.4739006871946
      ],
      "amplitudes": [
        0.0017192067369038424,
        0.001698339629061809,
        0.0017488738536399996,
        0.0017063621344880547
      ],
      "confidence": 0.8
    },
    {
      "type": "oscillation",
      "frequencies": [
        3.906248915626821,
        19.531244578134107,
        35.15624024064139,
        46.87498698752185,
        54.687484818775495,
        62.49998265002914,
        74.21872939690961,
        85.93747614379006,
        97.65622289067053,
        113.28121855317781,
        132.81246313131192,
        148.43745879381922,
        167.96870337195332,
        179.68745011883377,
        195.31244578134107,
        214.84369035947518,
        242.18743276886292,
        249.99993060011656,
        261.718677346997,
        285.15617084075797,
        304.68741541889204,
        316.4061621657725,
        328.124908912653,
        339.84365565953345,
        359.37490023766753,
        390.62489156268214,
        398.43738939393575,
        417.9686339720699,
        433.59362963457716,
        460.9373720439649,
        480.46861662209903,
        492.18736336897945
      ],
      "power": [
        3.831681520668579e-10,
        2.1783411899601538e-11,
        2.7366544833585637e-11,
        2.6426509956231397e-11,
        2.6589131248033106e-11,
        3.170407014478203e-11,
        3.0675840121299614e-11,
        1.8717021978890374e-11,
        2.6883263231699744e-11,
        2.4688790536234974e-11,
        4.683305989728527e-11,
        4.0717583503512e-11,
        2.2209628401667362e-11,
        2.575233783910963e-11,
        1.8103128222082198e-11,
        2.131035329379071e-11,
        1.5551460841911255e-11,
        1.0769270215212267e-11,
        3.500786275736267e-11,
        2.233088893522162e-11,
        1.8101305950671642e-11,
        3.8035348436876037e-11,
        4.5217794466981906e-11,
        1.430140161016554e-11,
        4.254188449715271e-11,
        2.1564480290759956e-11,
        1.8214346530757492e-11,
        2.30446217832447e-11,
        2.7145019266684327e-11,
        3.172124778017751e-11,
        2.1723956536645248e-11,
        1.892054346736883e-11
      ],
      "confidence": 0.7
    }
  ]
}