{
  "chunk": 345,
  "total_chunks": 3600,
  "patterns_found": 2,
  "start_time": 344.0000955555821,
  "end_time": 344.9990958330822,
  "patterns": [
    {
      "type": "spike",
      "count": 9,
      "times": [
        344.3130956425266,
        344.3710956586377,
        344.38709566308216,
        344.45509568197104,
        344.52209570058216,
        344.5350957041933,
        344.5380957050266,
        344.55909571085994,
        344.62209572835997
      ],
      "amplitudes": [
        0.0016913268474881024,
        0.0016945625426339015,
        0.001742357727607952,
        0.0016901143008282108,
        0.0017712759303713647,
        0.0016925154233436658,
        0.0016992233272962582,
        0.0017334356871819537,
        0.0016982555109688053
      ],
      "confidence": 0.8
    },
    {
      "type": "oscillation",
      "frequencies": [
        3.906248914960688,
        19.531244574803438,
        31.249991319685503,
        46.87498697952825,
        54.68748480944963,
        74.21872938425307,
        93.7499739590565,
        109.37496961889926,
        132.8124631086634,
        148.43745876850613,
        160.1562055133882,
        175.78120117323095,
        195.31244574803438,
        203.12494357795578,
        214.84369032283783,
        222.6561881527592,
        242.18743272756265,
        249.99993055748402,
        257.8124283874054,
        273.43742404724816,
        289.0624197070909,
        300.781166451973,
        316.4061621118157,
        328.1249088566978,
        335.93740668661917,
        347.6561534315012,
        367.18739800630465,
        390.62489149606876,
        402.34363824095084,
        421.8748828157543,
        437.49987847559703,
        457.0311230504005,
        472.6561187102432,
        488.28111437008596
      ],
      "power": [
        3.2904079474197353e-10,
        2.936028314266478e-11,
        3.014245381001698e-11,
        3.148243867893434e-11,
        2.320635761849852e-11,
        2.9089473223200962e-11,
        2.8294261278275062e-11,
        4.6630753716018925e-11,
        3.4071546364009384e-11,
        2.2777973289235305e-11,
        1.8554195412335504e-11,
        1.3819043646162206e-11,
        3.087951639487217e-11,
        2.161066551397857e-11,
        3.0182818091170604e-11,
        2.873943073210786e-11,
        2.9632094619670186e-11,
        1.868593781816808e-11,
        3.3445597558162726e-11,
        2.0409768851685356e-11,
        3.486462646544579e-11,
        3.1266053506527947e-11,
        2.4799562463166808e-11,
        1.9814470112309852e-11,
        2.0289839972843153e-11,
        2.91847252497076e-11,
        2.3228356506096022e-11,
        2.988171430392562e-11,
        2.8144186437830633e-11,
        1.6148595747947267e-11,
        4.0418429612249226e-11,
        3.78172274530673e-11,
        2.874623505789314e-11,
        2.4932029556297034e-11
      ],
      "confidence": 0.7
    }
  ]
}