{
  "chunk": 1582,
  "total_chunks": 3600,
  "patterns_found": 2,
  "start_time": 1581.0004391667887,
  "end_time": 1581.9994394442888,
  "patterns": [
    {
      "type": "spike",
      "count": 19,
      "times": [
        1581.0024391673444,
        1581.0064391684555,
        1581.0154391709555,
        1581.021439172622,
        1581.0274391742887,
        1581.0324391756776,
        1581.0364391767887,
        1581.0454391792887,
        1581.909439419289,
        1581.9434394287332,
        1581.9504394306778,
        1581.9564394323443,
        1581.975439437622,
        1581.9774394381777,
        1581.984439440122,
        1581.9864394406777,
        1581.9924394423444,
        1581.9954394431777,
        1581.9974394437334
      ],
      "amplitudes": [
        0.0011757892315104586,
        0.001128593954390069,
        0.0011830899542855638,
        0.0011268270743471952,
        0.0011217669681228126,
        0.0011629347150621863,
        0.0011482204673810012,
        0.0010955048720068443,
        0.0010793957519074828,
        0.0011342631546330654,
        0.0011570772226823125,
        0.001058426741716732,
        0.001063278231284987,
        0.0011033940515587576,
        0.0010704083061910646,
        0.0011504825268464178,
        0.001168355775524312,
        0.001133835818547136,
        0.0011148103252798178
      ],
      "confidence": 0.8
    },
    {
      "type": "oscillation",
      "frequencies": [
        3.906248914738643,
        27.343742403170502,
        54.687484806341004,
        66.40623155055694,
        85.93747612425015,
        93.74997395372743,
        109.37496961268201,
        124.99996527163658,
        132.81246310111388,
        144.5312098453298,
        156.24995658954572,
        171.8749522485003,
        195.31244573693215,
        210.93744139588674,
        234.3749348843186,
        253.90617945801182,
        265.62492620222775,
        277.3436729464437,
        296.8749175201369,
        308.5936642643528,
        320.31241100856874,
        332.0311577527847,
        339.843655582262,
        351.56240232647787,
        363.2811490706938,
        374.99989581490973,
        386.71864255912567,
        402.34363821808023,
        421.8748827917735,
        433.5936295359894,
        445.31237628020534,
        457.0311230244213,
        472.65611868337584,
        488.2811143423304,
        496.0936121718077
      ],
      "power": [
        3.048386011767219e-10,
        2.0001060889487226e-11,
        3.3611883957784226e-11,
        3.682875913636541e-11,
        2.1168219316801714e-11,
        2.5206154501848787e-11,
        1.4114399452763244e-11,
        2.8840111565735734e-11,
        2.8213802167026603e-11,
        3.2024521539856986e-11,
        2.0889724665916366e-11,
        5.4909275189645556e-11,
        1.9092076934620694e-11,
        3.0167461243598e-11,
        1.743982526539607e-11,
        2.2336055891801618e-11,
        2.3934762063198626e-11,
        2.1695784051319354e-11,
        2.07662947783207e-11,
        2.715574300075313e-11,
        2.838800928077131e-11,
        2.1558963628456678e-11,
        1.2447723773231326e-11,
        1.5857175315078377e-11,
        2.0880401899369697e-11,
        2.331497728541221e-11,
        3.271740017084876e-11,
        2.901974440006578e-11,
        2.838079409983256e-11,
        1.6568118513778215e-11,
        3.252697717754645e-11,
        1.3456494744008621e-11,
        2.4037194824129357e-11,
        2.1151132590399888e-11,
        1.999741138472352e-11
      ],
      "confidence": 0.7
    }
  ]
}