{
  "chunk": 3170,
  "total_chunks": 3600,
  "patterns_found": 2,
  "start_time": 3169.0008802780226,
  "end_time": 3169.9998805555224,
  "patterns": [
    {
      "type": "spike",
      "count": 18,
      "times": [
        3169.0018802783,
        3169.0178802827445,
        3169.0238802844115,
        3169.029880286078,
        3169.039880288856,
        3169.066880296356,
        3169.915880532189,
        3169.9308805363557,
        3169.943880539967,
        3169.9458805405225,
        3169.9508805419114,
        3169.952880542467,
        3169.956880543578,
        3169.9728805480227,
        3169.9778805494116,
        3169.9818805505224,
        3169.9918805533002,
        3169.9958805544115
      ],
      "amplitudes": [
        0.0011469812341546085,
        0.0012217202165565719,
        0.0011659964932732492,
        0.0010741729884970435,
        0.001065555026451779,
        0.0010767295394650835,
        0.0011169637950446116,
        0.0010563911256383756,
        0.0010512919918857736,
        0.0010705092383242027,
        0.0010806947216824975,
        0.0011320264678996118,
        0.0010600363180552352,
        0.0010549890296285445,
        0.0011939147750638294,
        0.0011957813301188035,
        0.0010991789534867847,
        0.0012373333702305896
      ],
      "confidence": 0.8
    },
    {
      "type": "oscillation",
      "frequencies": [
        3.906248915626821,
        23.437493493760925,
        42.96873807189503,
        62.49998265002914,
        78.12497831253643,
        85.93747614379006,
        105.46872072192417,
        117.18746746880464,
        128.9062142156851,
        148.43745879381922,
        171.87495228758013,
        179.68745011883377,
        195.31244578134107,
        210.93744144384834,
        218.74993927510198,
        238.2811838532361,
        261.718677346997,
        296.87491758763844,
        304.68741541889204,
        320.3124110813993,
        343.74990457516026,
        355.4686513220407,
        367.1873980689212,
        378.90614481580167,
        398.43738939393575,
        414.062385056443,
        421.8748828876967,
        429.68738071895035,
        441.4061274658308,
        457.0311231283381,
        472.65611879084537,
        480.46861662209903,
        496.0936122846063
      ],
      "power": [
        2.7292200373345084e-10,
        4.104618099017149e-11,
        2.514831423131542e-11,
        2.0552377627222306e-11,
        1.657182137292391e-11,
        2.7861276490757463e-11,
        1.6342485821577322e-11,
        4.367035081322502e-11,
        3.058380981420665e-11,
        3.7398068575007634e-11,
        2.2330880646199572e-11,
        2.119462963399823e-11,
        4.157814139021458e-11,
        2.2345461377884192e-11,
        2.0320738593234345e-11,
        1.861700455442189e-11,
        3.70727515164518e-11,
        4.8574968889865566e-11,
        2.449009024701346e-11,
        3.05249489812729e-11,
        2.0948225613265078e-11,
        1.5134303278535335e-11,
        1.9203798786040556e-11,
        1.072026724307314e-11,
        4.017678614563414e-11,
        1.91495687609784e-11,
        1.1540848223604868e-11,
        1.3508113008048488e-11,
        1.5129590530826772e-11,
        2.237300260811099e-11,
        1.9145148963488843e-11,
        2.4459185774120114e-11,
        1.5381480594752545e-11
      ],
      "confidence": 0.7
    }
  ]
}