{
  "chunk": 3436,
  "total_chunks": 3600,
  "patterns_found": 2,
  "start_time": 3435.000954166932,
  "end_time": 3435.9999544444318,
  "patterns": [
    {
      "type": "spike",
      "count": 19,
      "times": [
        3435.0029541674876,
        3435.004954168043,
        3435.0109541697097,
        3435.023954173321,
        3435.0379541772095,
        3435.0469541797097,
        3435.054954181932,
        3435.09195419221,
        3435.8849544124873,
        3435.887954413321,
        3435.9089544191543,
        3435.9489544302655,
        3435.967954435543,
        3435.9799544388766,
        3435.9879544410987,
        3435.9899544416544,
        3435.9939544427652,
        3435.995954443321,
        3435.9979544438766
      ],
      "amplitudes": [
        0.0011914541351276955,
        0.001098978978432238,
        0.0010764036931713,
        0.0011362615448494372,
        0.0010630949346509644,
        0.0011208782689175923,
        0.001071282737766147,
        0.0010810811542437864,
        0.0010508641755136291,
        0.001119971581915374,
        0.001165336168377999,
        0.0010803105729705743,
        0.0010631180032095648,
        0.001165454256213069,
        0.0011828500267382668,
        0.0010589428493343676,
        0.0010884767264309997,
        0.0010574759584701834,
        0.0011539334268695551
      ],
      "confidence": 0.8
    },
    {
      "type": "oscillation",
      "frequencies": [
        3.906248915626821,
        35.15624024064139,
        42.96873807189503,
        54.687484818775495,
        66.40623156565596,
        78.12497831253643,
        89.84372505941688,
        101.56247180629735,
        121.09371638443146,
        132.81246313131192,
        144.53120987819239,
        160.15620554069966,
        175.78120120320696,
        191.40619686571424,
        199.21869469696787,
        210.93744144384834,
        222.6561881907288,
        234.37493493760928,
        253.9061795157434,
        269.53117517825063,
        281.2499219251311,
        300.78116650326524,
        312.4999132501457,
        320.3124110813993,
        335.93740674390665,
        347.65615349078706,
        355.4686513220407,
        367.1873980689212,
        382.8123937314285,
        390.62489156268214,
        410.1561361408162,
        425.7811318033235,
        441.4061274658308,
        457.0311231283381,
        468.74986987521856,
        488.28111445335264
      ],
      "power": [
        3.4474693781680136e-10,
        2.0933443788547316e-11,
        1.9463532914010967e-11,
        2.2575074830946612e-11,
        2.5830958758513904e-11,
        2.4756595871557394e-11,
        3.6966456251897026e-11,
        2.257300986404797e-11,
        2.963679583866647e-11,
        3.378309584959542e-11,
        2.13861203775035e-11,
        2.125326314325386e-11,
        5.04478771381982e-11,
        2.0912860059311505e-11,
        2.483461987892182e-11,
        1.4218373843271304e-11,
        1.634239703277115e-11,
        1.4182441324981196e-11,
        2.3139693455431613e-11,
        2.600464664163883e-11,
        3.888861951764678e-11,
        3.425022710058424e-11,
        3.213192158280161e-11,
        3.743708813900767e-11,
        1.8491046134342053e-11,
        2.4436217699700415e-11,
        2.2855970383732743e-11,
        2.2172631555879805e-11,
        1.8558140656830424e-11,
        1.6803362328386915e-11,
        4.5589737365473815e-11,
        2.3239213866368766e-11,
        2.7953154377104522e-11,
        1.9128075672431453e-11,
        1.515773823369308e-11,
        3.1661808803928986e-11
      ],
      "confidence": 0.7
    }
  ]
}