{
  "chunk": 585,
  "total_chunks": 3600,
  "patterns_found": 2,
  "start_time": 584.0001622222674,
  "end_time": 584.9991624997674,
  "patterns": [
    {
      "type": "spike",
      "count": 10,
      "times": [
        584.4121623367118,
        584.429162341434,
        584.4461623461563,
        584.4571623492118,
        584.4641623511562,
        584.4711623531007,
        584.4981623606006,
        584.5121623644895,
        584.6161623933784,
        584.6831624119895
      ],
      "amplitudes": [
        0.0017680102157540789,
        0.0017814724063564124,
        0.001837672448402897,
        0.0018870899588346597,
        0.0016968183587440133,
        0.0017014956324368359,
        0.0016911252614156141,
        0.0017558143144739422,
        0.001785010095738941,
        0.0017124219067011913
      ],
      "confidence": 0.8
    },
    {
      "type": "oscillation",
      "frequencies": [
        3.906248915182732,
        31.249991321461856,
        62.49998264292371,
        74.21872938847191,
        85.9374761340201,
        93.74997396438556,
        101.56247179475103,
        113.28121854029922,
        124.99996528584742,
        132.81246311621288,
        152.34370769212654,
        164.06245443767475,
        179.68745009840566,
        191.40619684395386,
        210.93744141986753,
        234.37493491096393,
        242.1874327413294,
        249.99993057169485,
        273.43742406279125,
        289.06241972352217,
        304.6874153842531,
        320.312411044984,
        335.937406705715,
        347.65615345126315,
        359.3749001968113,
        367.1873980271768,
        374.99989585754224,
        394.5311404334559,
        417.9686339245523,
        449.2186252460142,
        460.9373719915624,
        476.5623676522933,
        496.09361222820695
      ],
      "power": [
        3.1230059864457594e-10,
        3.084455629413072e-11,
        2.1323379681388533e-11,
        1.697436551792463e-11,
        2.6257046769003132e-11,
        1.992048615261149e-11,
        1.950702506946351e-11,
        2.276602629082745e-11,
        2.4156778300623192e-11,
        2.059656092548531e-11,
        2.2996033388872126e-11,
        2.4211223225374083e-11,
        5.2205657315176965e-11,
        3.5901184430469513e-11,
        3.336085580923307e-11,
        2.0825189886527864e-11,
        2.563463501089178e-11,
        3.042820871982759e-11,
        1.5627428143938568e-11,
        2.944844920677702e-11,
        2.4067513110129825e-11,
        1.572181054100325e-11,
        1.761840371173323e-11,
        6.788275030035737e-11,
        2.2731530029644198e-11,
        1.5355366498939968e-11,
        3.041775192619952e-11,
        1.6864195580413558e-11,
        3.246853363938941e-11,
        2.1507912629211863e-11,
        2.9218834537977845e-11,
        2.4012801212476693e-11,
        1.6144923045238705e-11
      ],
      "confidence": 0.7
    }
  ]
}