{
  "chunk": 979,
  "total_chunks": 3600,
  "patterns_found": 2,
  "start_time": 978.0002716667422,
  "end_time": 978.9992719442423,
  "patterns": [
    {
      "type": "spike",
      "count": 6,
      "times": [
        978.5002718056311,
        978.5252718125755,
        978.5392718164644,
        978.57727182702,
        978.6362718434088,
        978.6882718578534
      ],
      "amplitudes": [
        0.001684288217865067,
        0.0017573371090377394,
        0.0016809062758588332,
        0.0016986201190521716,
        0.0016752164085373925,
        0.001782001808867945
      ],
      "confidence": 0.8
    },
    {
      "type": "oscillation",
      "frequencies": [
        3.906248914738643,
        27.343742403170502,
        46.87498697686372,
        62.49998263581829,
        74.21872938003422,
        89.8437250389888,
        105.46872069794337,
        121.09371635689794,
        136.7187120158525,
        152.3437076748071,
        164.06245441902303,
        179.6874500779776,
        199.2186946516708,
        207.03119248114808,
        226.5624370548413,
        234.3749348843186,
        249.99993054327317,
        269.5311751169664,
        292.96866860539825,
        308.5936642643528,
        324.21865992330737,
        339.843655582262,
        351.56240232647787,
        363.2811490706938,
        386.71864255912567,
        414.06238496229616,
        425.7811317065121,
        433.5936295359894,
        453.1248741096826,
        464.8436208538985,
        480.4686165128531,
        496.0936121718077
      ],
      "power": [
        3.299628462273002e-10,
        2.9868821456410985e-11,
        3.457079970834729e-11,
        2.5882722519444493e-11,
        2.5794322229112834e-11,
        2.428561953518222e-11,
        3.2492984791992627e-11,
        2.498795600800484e-11,
        2.0640768566361696e-11,
        3.2125498927808345e-11,
        3.172486159214479e-11,
        4.371669181964144e-11,
        2.818077570762259e-11,
        2.5828668022863705e-11,
        3.7461742661140955e-11,
        2.8016225513531388e-11,
        3.559456191994585e-11,
        2.804409634628336e-11,
        2.4707659034276423e-11,
        2.8714107673818102e-11,
        1.9744050884659312e-11,
        2.22169161118276e-11,
        2.534337932883786e-11,
        1.860306611405659e-11,
        5.0172123492443816e-11,
        3.209307567422095e-11,
        2.8310292644630525e-11,
        4.4021978097097334e-11,
        3.172026299535066e-11,
        4.165037462786905e-11,
        3.8694721081460445e-11,
        3.9902680176951907e-11
      ],
      "confidence": 0.7
    }
  ]
}