{
  "chunk": 2755,
  "total_chunks": 3600,
  "patterns_found": 2,
  "start_time": 2754.0007650002126,
  "end_time": 2754.999765277713,
  "patterns": [
    {
      "type": "spike",
      "count": 4,
      "times": [
        2754.4617651282683,
        2754.468765130213,
        2754.4827651341016,
        2754.5157651432683
      ],
      "amplitudes": [
        0.0017321410932057066,
        0.0017255747360557692,
        0.0017292158491323236,
        0.001713726033098167
      ],
      "confidence": 0.8
    },
    {
      "type": "oscillation",
      "frequencies": [
        3.9062489138504652,
        23.43749348310279,
        31.249991310803722,
        42.96873805235512,
        54.68748479390651,
        70.31248044930837,
        78.1249782770093,
        93.74997393241117,
        105.46872067396257,
        121.09371632936443,
        132.8124630709158,
        144.5312098124672,
        156.2499565540186,
        164.06245438171953,
        187.49994786482233,
        195.31244569252326,
        207.03119243407465,
        226.56243700332698,
        238.28118374487838,
        269.5311750556821,
        277.343672883383,
        289.0624196249344,
        304.68741528033627,
        320.31241093573817,
        328.12490876343907,
        343.74990441884097,
        351.56240224654186,
        359.3749000742428,
        371.0936468157942,
        386.71864247119606,
        398.43738921274746,
        406.24988704044836,
        421.87488269585026,
        433.59362943740166,
        453.12487400665395,
        464.84362074820535,
        488.28111423130815
      ],
      "power": [
        4.1478970720053597e-10,
        3.775603296983208e-11,
        3.737510938834676e-11,
        3.4715076528366804e-11,
        2.7088861393099962e-11,
        2.2171570562772163e-11,
        2.3886830366079058e-11,
        2.7607982431813196e-11,
        2.0464698439171184e-11,
        2.0477113958627303e-11,
        1.6942021184323895e-11,
        2.50195964772457e-11,
        2.1479394993778354e-11,
        2.2980690371765798e-11,
        2.1328031929117814e-11,
        1.5151104861715353e-11,
        1.926039197327969e-11,
        2.0597804280755347e-11,
        3.4188011428552856e-11,
        2.2529763199822642e-11,
        2.3799481013486135e-11,
        2.941896278049382e-11,
        2.5135597077053026e-11,
        2.127210327945493e-11,
        2.174797799537355e-11,
        2.613584432454235e-11,
        1.918049959457808e-11,
        3.20175002140225e-11,
        3.7661385365076926e-11,
        8.378592132997696e-12,
        2.5523129720836974e-11,
        3.1816215209408196e-11,
        1.6916685096983076e-11,
        2.4106605258547753e-11,
        1.949775779958697e-11,
        2.8280535994649053e-11,
        2.966868638875115e-11
      ],
      "confidence": 0.7
    }
  ]
}