{
  "chunk": 522,
  "total_chunks": 3600,
  "patterns_found": 2,
  "start_time": 521.0001447222625,
  "end_time": 521.9991449997625,
  "patterns": [
    {
      "type": "spike",
      "count": 13,
      "times": [
        521.0031447230958,
        521.0101447250403,
        521.0211447280958,
        521.0451447347624,
        521.8881449689292,
        521.9241449789292,
        521.9361449822625,
        521.9551449875403,
        521.9571449880958,
        521.9591449886514,
        521.9741449928181,
        521.9931449980959,
        521.9981449994848
      ],
      "amplitudes": [
        0.0010686215570305112,
        0.0010852990700423468,
        0.0010937522539712057,
        0.001112254839707545,
        0.0010780692397916387,
        0.0011245518635452604,
        0.0010672655443358255,
        0.0010562302331980622,
        0.0011038575684923627,
        0.0010760219575587236,
        0.0011556442638743386,
        0.001158592894106411,
        0.001072487464012965
      ],
      "confidence": 0.8
    },
    {
      "type": "oscillation",
      "frequencies": [
        3.906248915182732,
        15.624995660730928,
        35.156240236644585,
        46.87498698219278,
        58.59373372774098,
        66.40623155810644,
        74.21872938847191,
        82.03122721883737,
        89.84372504920283,
        109.37496962511649,
        121.0937163706647,
        128.90621420103017,
        140.62496094657834,
        152.34370769212654,
        160.156205522492,
        187.49994792877112,
        199.21869467431932,
        218.74993925023298,
        226.56243708059844,
        246.0936816565121,
        273.43742406279125,
        304.6874153842531,
        316.4061621298013,
        335.937406705715,
        343.7499045360804,
        371.09364694235956,
        386.7186426030905,
        398.43738934863865,
        417.9686339245523,
        429.68738067010054,
        441.4061274156487,
        453.1248741611969,
        464.8436209067451,
        472.65611873711055,
        484.3748654826588,
        496.09361222820695
      ],
      "power": [
        3.0196743737932774e-10,
        3.666168512195677e-11,
        4.037614719488018e-11,
        2.1840058915509928e-11,
        2.420524055079799e-11,
        2.2834495446171995e-11,
        2.040770590454556e-11,
        2.8053256151826324e-11,
        2.1856805095592585e-11,
        2.7862819053104178e-11,
        3.045731411340474e-11,
        2.8324062098141226e-11,
        1.5798986573685016e-11,
        1.908565581831355e-11,
        2.0569416849474977e-11,
        2.0117607556314274e-11,
        2.8403042613934118e-11,
        1.6525591949322323e-11,
        3.187583727501792e-11,
        3.417861119778685e-11,
        2.500921931007572e-11,
        4.3149572103605444e-11,
        6.402687170150209e-11,
        2.4211791689006052e-11,
        3.2983839107603194e-11,
        4.1430843534937374e-11,
        2.1147367132170396e-11,
        3.934910825053674e-11,
        4.805254732314711e-11,
        1.4476770840618374e-11,
        2.3700470348260583e-11,
        3.0991126424177234e-11,
        2.620278698979734e-11,
        2.8056315834978696e-11,
        2.58703859727045e-11,
        2.3672942684976594e-11
      ],
      "confidence": 0.7
    }
  ]
}