{
  "chunk": 2429,
  "total_chunks": 3600,
  "patterns_found": 2,
  "start_time": 2428.000674444632,
  "end_time": 2428.999674722132,
  "patterns": [
    {
      "type": "spike",
      "count": 7,
      "times": [
        2428.409674558243,
        2428.5026745840764,
        2428.5186745885208,
        2428.526674590743,
        2428.540674594632,
        2428.5546745985207,
        2428.6426746229654
      ],
      "amplitudes": [
        0.001695948352401122,
        0.0016980780631075964,
        0.001706937955811403,
        0.0017003041241071232,
        0.0016965641987469926,
        0.001723119333826545,
        0.0017186182692213693
      ],
      "confidence": 0.8
    },
    {
      "type": "oscillation",
      "frequencies": [
        3.9062489138504652,
        23.43749348310279,
        39.06248913850465,
        54.68748479390651,
        66.4062315354579,
        78.1249782770093,
        93.74997393241117,
        105.46872067396257,
        124.99996524321489,
        140.62496089861673,
        156.2499565540186,
        171.87495220942048,
        183.59369895097186,
        199.21869460637373,
        210.93744134792513,
        226.56243700332698,
        234.37493483102793,
        257.8124283141307,
        265.6249261418316,
        277.343672883383,
        296.8749174526354,
        312.4999131080372,
        320.31241093573817,
        339.84365550499047,
        359.3749000742428,
        378.9061446434951,
        394.531140298897,
        417.96863378199976,
        429.68738052355116,
        441.40612726510255,
        453.12487400665395,
        472.6561185759063,
        484.3748653174577,
        496.0936120590091
      ],
      "power": [
        2.83846593399203e-10,
        2.554068657932436e-11,
        2.2973357203230462e-11,
        3.75108500127167e-11,
        1.7386325201696343e-11,
        2.5086640456106947e-11,
        1.9161316814459788e-11,
        2.8198742305740454e-11,
        2.9588617558111394e-11,
        3.54291223034485e-11,
        1.277728868989718e-11,
        2.446925296407244e-11,
        2.2843968966500486e-11,
        2.6983612150214714e-11,
        2.20177861816558e-11,
        2.8293641917927274e-11,
        3.0073558391596916e-11,
        2.7878003636401035e-11,
        1.9789654122607474e-11,
        1.6114481866901543e-11,
        3.1617192528609316e-11,
        1.0565648891400567e-11,
        2.2365910144847623e-11,
        3.94943756952966e-11,
        4.4583162329491887e-11,
        3.10172723239433e-11,
        2.832664206489226e-11,
        1.1016807219952965e-11,
        1.1428476072427623e-11,
        2.374369348184208e-11,
        2.506587240651475e-11,
        2.602947579182114e-11,
        2.1784535550393532e-11,
        2.5392618637874334e-11
      ],
      "confidence": 0.7
    }
  ]
}