{
  "chunk": 2258,
  "total_chunks": 3600,
  "patterns_found": 2,
  "start_time": 2257.000626944619,
  "end_time": 2257.9996272221188,
  "patterns": [
    {
      "type": "spike",
      "count": 21,
      "times": [
        2257.0016269448965,
        2257.003626945452,
        2257.0066269462855,
        2257.008626946841,
        2257.020626950174,
        2257.041626956008,
        2257.054626959619,
        2257.0586269607297,
        2257.0636269621186,
        2257.084626967952,
        2257.1156269765634,
        2257.943627206563,
        2257.9476272076745,
        2257.9566272101742,
        2257.95862721073,
        2257.9686272135077,
        2257.97662721573,
        2257.98562721823,
        2257.9886272190633,
        2257.9936272204523,
        2257.998627221841
      ],
      "amplitudes": [
        0.0010739756256858525,
        0.0011068750302035254,
        0.0010780161301353747,
        0.0010732848966007653,
        0.001115459201082182,
        0.001072264027978465,
        0.0011056255611003912,
        0.001094417248363436,
        0.0011676070143503531,
        0.0010903204219532298,
        0.0010560272411212898,
        0.0011000450261235202,
        0.0010793988893628979,
        0.0011394366721564787,
        0.0011151794393015112,
        0.0011272924949474528,
        0.0011468356488247022,
        0.0010674784313729662,
        0.0010656974954180204,
        0.0013226065605651538,
        0.0011579337441105899
      ],
      "confidence": 0.8
    },
    {
      "type": "oscillation",
      "frequencies": [
        3.906248915626821,
        31.24999132501457,
        46.87498698752185,
        58.59373373440232,
        78.12497831253643,
        97.65622289067053,
        113.28121855317781,
        124.99996530005828,
        132.81246313131192,
        144.53120987819239,
        152.34370770944602,
        175.78120120320696,
        187.4999479500874,
        203.1249436125947,
        210.93744144384834,
        222.6561881907288,
        234.37493493760928,
        253.9061795157434,
        265.62492626262383,
        281.2499219251311,
        289.06241975638477,
        296.87491758763844,
        304.68741541889204,
        312.4999132501457,
        328.124908912653,
        343.74990457516026,
        359.37490023766753,
        382.8123937314285,
        394.53114047830894,
        406.2498872251894,
        417.9686339720699,
        425.7811318033235,
        441.4061274658308,
        449.21862529708443,
        460.9373720439649,
        476.5623677064722,
        488.28111445335264
      ],
      "power": [
        3.2841335051162893e-10,
        2.0717548722101976e-11,
        2.424224915007995e-11,
        2.01254269049372e-11,
        2.973302507669835e-11,
        1.7594339655098425e-11,
        2.605034685162371e-11,
        1.6471102538764523e-11,
        1.7805211410027693e-11,
        3.4694071873692135e-11,
        2.5883329039333764e-11,
        1.3151226339722229e-11,
        2.5953595803365135e-11,
        1.6168409059804664e-11,
        1.7640935044641264e-11,
        2.3523028256523345e-11,
        3.153897671191897e-11,
        2.354236245413952e-11,
        3.1089699493306465e-11,
        2.233874689336869e-11,
        1.3821591258901544e-11,
        1.9626600346349912e-11,
        1.9144104124537165e-11,
        2.8415517510359524e-11,
        2.83856691621876e-11,
        3.1265847416176066e-11,
        2.8884623341396068e-11,
        2.2581040407609723e-11,
        2.9258120194965855e-11,
        1.508710859612381e-11,
        2.9857125825724563e-11,
        3.2365638390771155e-11,
        3.6659906146654085e-11,
        3.827624620474463e-11,
        1.8517506374469887e-11,
        3.069958133988731e-11,
        4.7908817705419447e-11
      ],
      "confidence": 0.7
    }
  ]
}