{
  "chunk": 1533,
  "total_chunks": 3600,
  "patterns_found": 2,
  "start_time": 1532.000425555674,
  "end_time": 1532.999425833174,
  "patterns": [
    {
      "type": "spike",
      "count": 7,
      "times": [
        1532.418425671785,
        1532.4294256748406,
        1532.472425686785,
        1532.4874256909516,
        1532.5034256953961,
        1532.5604257112295,
        1532.6774257437294
      ],
      "amplitudes": [
        0.0017343014474101828,
        0.0017023632592690018,
        0.0017108825479799417,
        0.0016788379931781724,
        0.0017878110131892358,
        0.0016896926083977792,
        0.0016930948943881551
      ],
      "confidence": 0.8
    },
    {
      "type": "oscillation",
      "frequencies": [
        3.906248915626821,
        23.437493493760925,
        42.96873807189503,
        54.687484818775495,
        70.31248048128278,
        89.84372505941688,
        101.56247180629735,
        113.28121855317781,
        136.71871204693875,
        160.15620554069966,
        175.78120120320696,
        183.5936990344606,
        191.40619686571424,
        203.1249436125947,
        210.93744144384834,
        230.46868602198245,
        253.9061795157434,
        269.53117517825063,
        281.2499219251311,
        292.9686686720116,
        308.59366433451885,
        324.2186599970262,
        335.93740674390665,
        347.65615349078706,
        374.9998959001748,
        382.8123937314285,
        394.53114047830894,
        414.062385056443,
        425.7811318033235,
        433.59362963457716,
        445.3123763814576,
        453.12487421271123,
        468.74986987521856,
        480.46861662209903,
        496.0936122846063
      ],
      "power": [
        2.374676403236106e-10,
        3.395148162661082e-11,
        3.113984440894317e-11,
        3.971324798641708e-11,
        2.084564996428337e-11,
        1.964722594016208e-11,
        3.0271371468533664e-11,
        1.8883058828639163e-11,
        3.001497084962131e-11,
        2.1218072306936825e-11,
        1.4554701572123516e-11,
        2.3744089599470552e-11,
        2.8345404453257886e-11,
        2.29786241216328e-11,
        1.7181845573953124e-11,
        4.038165978136557e-11,
        4.0451937229601324e-11,
        3.435277652606347e-11,
        3.977995217098929e-11,
        2.958855270638154e-11,
        2.5603429556682807e-11,
        3.706604968109897e-11,
        1.2700052219465212e-11,
        2.7794690309544525e-11,
        2.95812429736926e-11,
        2.3597543396942852e-11,
        3.256410429652355e-11,
        3.512231510817376e-11,
        3.051170957796931e-11,
        2.1502973153260797e-11,
        1.8803679741485325e-11,
        7.895000396823068e-12,
        1.981587687457513e-11,
        1.0407070620364936e-11,
        3.0203195807585575e-11
      ],
      "confidence": 0.7
    }
  ]
}