{
  "chunk": 2879,
  "total_chunks": 3600,
  "patterns_found": 2,
  "start_time": 2878.000799444667,
  "end_time": 2878.9997997221667,
  "patterns": [
    {
      "type": "spike",
      "count": 6,
      "times": [
        2878.3957995543888,
        2878.4887995802223,
        2878.528799591333,
        2878.5557995988333,
        2878.6217996171667,
        2878.6317996199446
      ],
      "amplitudes": [
        0.001690550269808024,
        0.001725242476227416,
        0.0016902213553102586,
        0.0017052156443655596,
        0.0017183679822683664,
        0.0017158820865683076
      ],
      "confidence": 0.8
    },
    {
      "type": "oscillation",
      "frequencies": [
        3.906248915626821,
        23.437493493760925,
        35.15624024064139,
        58.59373373440232,
        66.40623156565596,
        78.12497831253643,
        97.65622289067053,
        113.28121855317781,
        124.99996530005828,
        132.81246313131192,
        144.53120987819239,
        156.24995662507285,
        167.96870337195332,
        175.78120120320696,
        191.40619686571424,
        199.21869469696787,
        214.84369035947518,
        234.37493493760928,
        242.18743276886292,
        249.99993060011656,
        277.3436730095043,
        285.15617084075797,
        300.78116650326524,
        312.4999132501457,
        328.124908912653,
        339.84365565953345,
        351.5624024064139,
        363.2811491532944,
        374.9998959001748,
        394.53114047830894,
        410.1561361408162,
        433.59362963457716,
        453.12487421271123,
        460.9373720439649,
        476.5623677064722,
        488.28111445335264,
        496.0936122846063
      ],
      "power": [
        2.932776668011785e-10,
        1.4986179199749325e-11,
        3.255617299925734e-11,
        1.903152243362242e-11,
        2.487614468923932e-11,
        1.569640234964724e-11,
        5.1538653951045334e-11,
        3.726525496859055e-11,
        3.2316740402981977e-11,
        3.210698066846155e-11,
        2.2643665503567334e-11,
        2.4532846380055095e-11,
        2.4092560697863576e-11,
        2.1719358360090815e-11,
        2.4963574648217882e-11,
        1.4168446410291747e-11,
        2.9516836829980245e-11,
        2.11397840063818e-11,
        1.4228966807272873e-11,
        1.8781510603075837e-11,
        1.7616258822474867e-11,
        2.01475607546894e-11,
        3.8666059782783076e-11,
        1.721091967931855e-11,
        2.407717081348102e-11,
        1.968568999591424e-11,
        2.1288431623438403e-11,
        1.7068820774332812e-11,
        1.55066778495004e-11,
        3.112008972974675e-11,
        2.9809578265990046e-11,
        2.385692899250905e-11,
        3.157875433043378e-11,
        3.2169884273749014e-11,
        3.134484289698828e-11,
        1.254688584855391e-11,
        1.9860841238390875e-11
      ],
      "confidence": 0.7
    }
  ]
}