{
  "chunk": 2588,
  "total_chunks": 3600,
  "patterns_found": 2,
  "start_time": 2587.0007186113107,
  "end_time": 2587.999718888811,
  "patterns": [
    {
      "type": "spike",
      "count": 32,
      "times": [
        2587.003718612144,
        2587.0057186126996,
        2587.0107186140885,
        2587.0167186157555,
        2587.0187186163107,
        2587.0247186179777,
        2587.0337186204774,
        2587.0397186221444,
        2587.0417186226996,
        2587.0467186240885,
        2587.048718624644,
        2587.0527186257555,
        2587.0607186279776,
        2587.0697186304774,
        2587.071718631033,
        2587.0927186368663,
        2587.136718649089,
        2587.1407186501997,
        2587.9067188629774,
        2587.9287188690887,
        2587.936718871311,
        2587.9387188718665,
        2587.9517188754776,
        2587.960718877978,
        2587.967718879922,
        2587.970718880755,
        2587.973718881589,
        2587.975718882144,
        2587.9797188832554,
        2587.9887188857556,
        2587.9927188868664,
        2587.9977188882553
      ],
      "amplitudes": [
        0.0010850938378811476,
        0.0011619283152256362,
        0.0010649436533727305,
        0.001094904138892788,
        0.0010602964402008919,
        0.0010832490638555024,
        0.001120338150163254,
        0.0010511711704630866,
        0.0010537200533726012,
        0.001165075865440029,
        0.001052999457721565,
        0.0011565745025084728,
        0.0010473395259353773,
        0.001096229876651775,
        0.0011068584208032538,
        0.0010731065543678861,
        0.001106976096462637,
        0.0010518822802107284,
        0.0010901467351210619,
        0.0010611648899590254,
        0.0011142857981486808,
        0.001071855224959824,
        0.0010454195704360093,
        0.001071246620189458,
        0.0012431960868849927,
        0.0011565116929664432,
        0.0010534780658291493,
        0.001068198124651702,
        0.0010966339749567773,
        0.0010987323963368599,
        0.0011870245936421416,
        0.0010796389086794908
      ],
      "confidence": 0.8
    },
    {
      "type": "oscillation",
      "frequencies": [
        3.9062489138504652,
        19.531244569252326,
        35.156240224654184,
        46.87498696620558,
        58.59373370775698,
        74.21872936315884,
        97.65622284626163,
        124.99996524321489,
        144.5312098124672,
        160.15620546786909,
        175.78120112327093,
        187.49994786482233,
        199.21869460637373,
        214.84369026177558,
        226.56243700332698,
        246.0936815725793,
        257.8124283141307,
        269.5311750556821,
        296.8749174526354,
        320.31241093573817,
        332.03115767728957,
        351.56240224654186,
        363.28114898809326,
        378.9061446434951,
        394.531140298897,
        402.3436381265979,
        414.0623848681493,
        433.59362943740166,
        441.40612726510255,
        453.12487400665395,
        472.6561185759063,
        496.0936120590091
      ],
      "power": [
        3.18329961058831e-10,
        4.480230604262734e-11,
        3.039694005071018e-11,
        3.229767006365332e-11,
        1.905346866835152e-11,
        3.300887578567079e-11,
        3.379919845802841e-11,
        3.268100732461127e-11,
        1.2436118665918992e-11,
        3.2760343136390395e-11,
        2.917883534099109e-11,
        1.808889444704108e-11,
        2.0500157918566613e-11,
        3.578628624117482e-11,
        4.535002881538843e-11,
        2.934391385230608e-11,
        2.6583173833339983e-11,
        2.7174727826906467e-11,
        3.195336610820639e-11,
        2.2554620017685416e-11,
        2.1187444783825157e-11,
        2.8750098494494046e-11,
        1.0442312723352768e-11,
        1.6371877349291045e-11,
        2.6330680565209782e-11,
        2.08105071861654e-11,
        1.3340784162695332e-11,
        1.6469084720703656e-11,
        1.2340231556962871e-11,
        2.981577535992008e-11,
        2.7656322902666654e-11,
        4.066152417252203e-11
      ],
      "confidence": 0.7
    }
  ]
}