{
  "chunk": 1363,
  "total_chunks": 3600,
  "patterns_found": 2,
  "start_time": 1362.0003783334384,
  "end_time": 1362.9993786109385,
  "patterns": [
    {
      "type": "spike",
      "count": 9,
      "times": [
        1362.367378435383,
        1362.4503784584385,
        1362.4553784598274,
        1362.4723784645496,
        1362.5063784739941,
        1362.551378486494,
        1362.5643784901051,
        1362.5943784984386,
        1362.6133785037164
      ],
      "amplitudes": [
        0.0017001380180953895,
        0.0016816332309237036,
        0.0017347320244623782,
        0.0016966539574615126,
        0.0016856142051731651,
        0.001741045231163917,
        0.0017055599942475588,
        0.0016883194993269385,
        0.001736046290883645
      ],
      "confidence": 0.8
    },
    {
      "type": "oscillation",
      "frequencies": [
        3.906248914738643,
        19.531244573693215,
        35.15624023264779,
        66.40623155055694,
        85.93747612425015,
        105.46872069794337,
        121.09371635689794,
        140.62496093059116,
        160.15620550428437,
        167.96870333376165,
        175.78120116323893,
        191.40619682219352,
        199.2186946516708,
        214.8436903106254,
        230.46868596957995,
        238.28118379905723,
        253.90617945801182,
        281.2499218611823,
        292.96866860539825,
        312.49991317909144,
        324.21865992330737,
        335.9374066675233,
        351.56240232647787,
        363.2811490706938,
        394.531140388603,
        406.2498871328189,
        425.7811317065121,
        445.31237628020534,
        476.56236759811446,
        488.2811143423304
      ],
      "power": [
        2.9367543631260617e-10,
        3.539064533662439e-11,
        2.761337988486277e-11,
        2.8074060325494955e-11,
        2.6461843905252054e-11,
        3.270784085260783e-11,
        1.092204888899676e-11,
        2.425012239083576e-11,
        2.43902334495152e-11,
        2.082777228656994e-11,
        2.091156218412874e-11,
        3.52155344533037e-11,
        2.946816263973945e-11,
        3.3985026612385875e-11,
        1.7808597368030357e-11,
        3.055197372863274e-11,
        3.434626946329787e-11,
        4.569913254597779e-11,
        2.888200562141394e-11,
        3.7329111025127995e-11,
        3.44859821397902e-11,
        4.5772331553892587e-11,
        2.4488441669114158e-11,
        2.3559665816107124e-11,
        2.6778285756064682e-11,
        3.087492610594624e-11,
        2.6733653813831006e-11,
        2.9793292326564096e-11,
        2.7775056839758035e-11,
        2.560006104279295e-11
      ],
      "confidence": 0.7
    }
  ]
}