{
  "chunk": 12,
  "total_chunks": 3600,
  "patterns_found": 2,
  "start_time": 11.000003055556405,
  "end_time": 11.999003333056482,
  "patterns": [
    {
      "type": "spike",
      "count": 20,
      "times": [
        11.004003056667516,
        11.009003058056406,
        11.013003059167517,
        11.015003059723073,
        11.020003061111963,
        11.027003063056407,
        11.03000306388974,
        11.036003065556407,
        11.04000306666752,
        11.056003071111965,
        11.0770030769453,
        11.903003306389808,
        11.912003308889808,
        11.94900331916759,
        11.975003326389814,
        11.977003326945368,
        11.982003328334258,
        11.991003330834259,
        11.994003331667592,
        11.996003332223149
      ],
      "amplitudes": [
        0.0011822490141438133,
        0.0011826395340551656,
        0.0011250300481070866,
        0.0010669047843427698,
        0.0010982038014852782,
        0.0011382542125933255,
        0.0011156070415741888,
        0.0010469363723275835,
        0.0011065311937745225,
        0.0010588679179788273,
        0.0011083427098861308,
        0.0011076130175089267,
        0.0011090114474568407,
        0.0010679954237576483,
        0.0011333334647912355,
        0.0012032633772554974,
        0.0010915418408635206,
        0.001064299432709855,
        0.0010448916718593876,
        0.001052322494612854
      ],
      "confidence": 0.8
    },
    {
      "type": "oscillation",
      "frequencies": [
        3.9062489149329322,
        15.624995659731729,
        27.343742404530527,
        39.06248914932932,
        46.874986979195185,
        58.593733723993985,
        74.21872938372572,
        85.93747612852451,
        93.74997395839037,
        109.37496961812211,
        121.0937163629209,
        128.90621419278676,
        160.1562055122502,
        171.87495225704902,
        183.59369900184782,
        199.21869466157955,
        214.84369032131127,
        226.56243706611008,
        242.1874327258418,
        257.8124283855735,
        273.43742404530525,
        285.15617079010406,
        308.59366427970167,
        328.1249088543663,
        339.8436555991651,
        359.37490017382976,
        374.9998958335615,
        398.4373893231591,
        417.96863389782374,
        429.68738064262254,
        441.40612738742135,
        460.937371962086,
        480.4686165367507,
        488.2811143666165
      ],
      "power": [
        3.014407404847698e-10,
        2.0134789917290842e-11,
        3.0693163349967034e-11,
        1.596029153808071e-11,
        1.7640954184985278e-11,
        2.1691868887400176e-11,
        2.7936804838157793e-11,
        2.620097421797171e-11,
        3.3230165700434735e-11,
        3.016291882696089e-11,
        2.793390978927664e-11,
        2.0579320505112613e-11,
        3.834215464774903e-11,
        2.060474200075387e-11,
        2.3999997475810534e-11,
        2.942904668203764e-11,
        2.6976875669476592e-11,
        2.237104867000099e-11,
        2.8447331760977555e-11,
        2.634937895158878e-11,
        2.3880078037314436e-11,
        3.416654359613028e-11,
        3.5642692219288865e-11,
        1.1959222036420615e-11,
        3.80584917976794e-11,
        5.80017555285186e-11,
        2.5554878792869038e-11,
        2.0037702175570785e-11,
        2.4219787016661778e-11,
        1.818601794194348e-11,
        2.18671717289143e-11,
        2.644291279356199e-11,
        2.2236475390937503e-11,
        2.990068607526963e-11
      ],
      "confidence": 0.7
    }
  ]
}