{
  "chunk": 43,
  "total_chunks": 3600,
  "patterns_found": 2,
  "start_time": 42.00001166666991,
  "end_time": 42.999011944169986,
  "patterns": [
    {
      "type": "spike",
      "count": 7,
      "times": [
        42.40501177916994,
        42.479011799725505,
        42.51701181028106,
        42.529011813614396,
        42.556011821114396,
        42.55801182166995,
        42.5740118261144
      ],
      "amplitudes": [
        0.0017147605044366128,
        0.0017038823696766884,
        0.0016936317160544316,
        0.0017143001480656962,
        0.001713856907371129,
        0.0017141453772212744,
        0.001705554354111809
      ],
      "confidence": 0.8
    },
    {
      "type": "oscillation",
      "frequencies": [
        3.9062489149329322,
        27.343742404530527,
        42.968738064262254,
        54.687484809061054,
        70.31248046879278,
        82.03122721359158,
        93.74997395839037,
        113.28121853305504,
        136.71871202265262,
        164.06245442718316,
        171.87495225704902,
        187.49994791678074,
        195.3124457466466,
        218.74993923624422,
        226.56243706611008,
        238.28118381090886,
        246.09368164077472,
        261.71867730050644,
        285.15617079010406,
        312.4999131946346,
        324.2186599394334,
        332.0311577692992,
        343.74990451409803,
        359.37490017382976,
        367.18739800369565,
        378.90614474849446,
        394.5311404082262,
        406.24988715302493,
        414.0623849828908,
        425.7811317276896,
        441.40612738742135,
        460.937371962086,
        472.6561187068848,
        484.3748654516836,
        496.0936121964824
      ],
      "power": [
        3.6005247877247157e-10,
        2.9362294777385996e-11,
        2.1636711113742815e-11,
        3.4715808503925745e-11,
        2.6285472638379837e-11,
        2.8233344994355634e-11,
        1.270218794988085e-11,
        6.122151475913311e-11,
        2.712456728248493e-11,
        2.9813851804994496e-11,
        2.217579654334554e-11,
        2.9291768556576116e-11,
        2.5480082085549795e-11,
        3.247397068580051e-11,
        3.02944183588562e-11,
        2.05919858980591e-11,
        2.071566943670087e-11,
        4.121519155736374e-11,
        4.2319582087878033e-11,
        2.7271948418561184e-11,
        2.5694149734223314e-11,
        3.0420838308201004e-11,
        2.5125168460082077e-11,
        2.3812794871795155e-11,
        2.893272086693857e-11,
        2.2027711810820454e-11,
        2.6731341787071862e-11,
        3.435653047091932e-11,
        3.7742462727027416e-11,
        1.927700526014955e-11,
        2.135506432936702e-11,
        2.8230600958472474e-11,
        1.6764626346970437e-11,
        1.4914710402540564e-11,
        3.299647546056754e-11
      ],
      "confidence": 0.7
    }
  ]
}