{
  "chunk": 3384,
  "total_chunks": 3600,
  "patterns_found": 2,
  "start_time": 3383.0009397224835,
  "end_time": 3383.9999399999833,
  "patterns": [
    {
      "type": "spike",
      "count": 23,
      "times": [
        3383.0049397235944,
        3383.007939724428,
        3383.0109397252613,
        3383.017939727206,
        3383.019939727761,
        3383.0219397283167,
        3383.02493972915,
        3383.0289397302613,
        3383.048939735817,
        3383.05193973665,
        3383.0709397419278,
        3383.88893996915,
        3383.92493997915,
        3383.9419399838725,
        3383.944939984706,
        3383.9599399888725,
        3383.962939989706,
        3383.9809399947057,
        3383.984939995817,
        3383.9869399963723,
        3383.9899399972055,
        3383.993939998317,
        3383.997939999428
      ],
      "amplitudes": [
        0.0011456790320533384,
        0.0011321969681198107,
        0.0010842143410448625,
        0.0011686401143254522,
        0.0011179358802888035,
        0.001081217031326102,
        0.0011440892179394326,
        0.0010910006394965696,
        0.001069790711905335,
        0.0010904298971592924,
        0.0010589621733942953,
        0.0010908766352720671,
        0.0011235840524035127,
        0.0010644552409647139,
        0.0010791093126525809,
        0.0011373210481493417,
        0.0010881060021458386,
        0.001077957694275906,
        0.0011190880134007907,
        0.001068594104994,
        0.001124663456336872,
        0.0012456570282294158,
        0.001175532775361395
      ],
      "confidence": 0.8
    },
    {
      "type": "oscillation",
      "frequencies": [
        3.906248915626821,
        15.624995662507285,
        27.343742409387747,
        39.062489156268214,
        46.87498698752185,
        62.49998265002914,
        78.12497831253643,
        93.7499739750437,
        105.46872072192417,
        121.09371638443146,
        136.71871204693875,
        156.24995662507285,
        164.0624544563265,
        175.78120120320696,
        195.31244578134107,
        218.74993927510198,
        230.46868602198245,
        242.18743276886292,
        269.53117517825063,
        277.3436730095043,
        285.15617084075797,
        300.78116650326524,
        316.4061621657725,
        328.124908912653,
        343.74990457516026,
        351.5624024064139,
        367.1873980689212,
        378.90614481580167,
        390.62489156268214,
        402.3436383095626,
        417.9686339720699,
        429.68738071895035,
        441.4061274658308,
        457.0311231283381,
        468.74986987521856,
        480.46861662209903,
        488.28111445335264
      ],
      "power": [
        3.606530856638734e-10,
        2.7390768929402206e-11,
        2.1709118227488233e-11,
        2.5789168490555478e-11,
        1.559357739461527e-11,
        4.099329532922236e-11,
        1.7132071942406232e-11,
        1.831734489509381e-11,
        2.0129015244533067e-11,
        3.036206286012592e-11,
        2.298701750119028e-11,
        3.150972596951795e-11,
        2.0722120042878697e-11,
        2.2226696551311186e-11,
        2.839369754314151e-11,
        2.1642257274421016e-11,
        3.599808022680872e-11,
        2.0830699085786892e-11,
        3.142051451126958e-11,
        2.090830065587254e-11,
        2.407295673263224e-11,
        8.257167764703044e-11,
        2.2131109374903918e-11,
        2.47719504736534e-11,
        2.2526283116898927e-11,
        2.6564727979838657e-11,
        2.3556913995863305e-11,
        1.4816930487965953e-11,
        1.8250100540345907e-11,
        2.6768552777055593e-11,
        3.0778429022805855e-11,
        2.4388626784199634e-11,
        1.5267403991603257e-11,
        3.260877634858248e-11,
        2.21302058773578e-11,
        1.657852571066041e-11,
        1.9878814919943455e-11
      ],
      "confidence": 0.7
    }
  ]
}