{
  "chunk": 466,
  "total_chunks": 3600,
  "patterns_found": 2,
  "start_time": 465.00012916670255,
  "end_time": 465.99912944420265,
  "patterns": [
    {
      "type": "spike",
      "count": 17,
      "times": [
        465.0011291669804,
        465.00812916892477,
        465.01612917114704,
        465.034129176147,
        465.05612918225813,
        465.0841291900359,
        465.8411294003138,
        465.86212940614706,
        465.9651294347582,
        465.96812943559155,
        465.9731294369804,
        465.975129437536,
        465.97712943809154,
        465.9861294405915,
        465.9921294422582,
        465.9951294430915,
        465.9971294436471
      ],
      "amplitudes": [
        0.0010830401247404347,
        0.0012239437654081062,
        0.0011036713057978446,
        0.0010874574716713858,
        0.0010932387546133166,
        0.0011681207585528355,
        0.0011270929956378485,
        0.0028642421947560276,
        0.0010883236420079878,
        0.00111519651653491,
        0.0010886341199976626,
        0.0012054818504695112,
        0.0011182707529518558,
        0.001153583289323644,
        0.001090994171306243,
        0.0011987611652520586,
        0.0010997871672908926
      ],
      "confidence": 0.8
    },
    {
      "type": "oscillation",
      "frequencies": [
        3.906248914738643,
        19.531244573693215,
        35.15624023264779,
        42.96873806212508,
        54.687484806341004,
        70.31248046529558,
        78.12497829477286,
        89.8437250389888,
        101.56247178320473,
        109.37496961268201,
        121.09371635689794,
        136.7187120158525,
        144.5312098453298,
        160.15620550428437,
        175.78120116323893,
        187.49994790745487,
        203.12494356640946,
        222.65618814010267,
        234.3749348843186,
        253.90617945801182,
        269.5311751169664,
        277.3436729464437,
        296.8749175201369,
        304.6874153496142,
        316.4061620938301,
        328.12490883804605,
        339.843655582262,
        355.46865124121655,
        371.0936469001711,
        382.81239364438704,
        394.531140388603,
        417.96863387703485,
        429.6873806212508,
        441.40612736546666,
        457.0311230244213,
        472.65611868337584,
        488.2811143423304
      ],
      "power": [
        2.9975457983612017e-10,
        1.9345092379931468e-11,
        1.5653050881367643e-11,
        2.479292794437016e-11,
        2.2532091742687248e-11,
        2.5202781292595425e-11,
        2.7327064726980576e-11,
        1.543056474929198e-11,
        3.82924780929285e-11,
        1.8062166185389005e-11,
        2.713751281091388e-11,
        3.807792847630647e-11,
        3.0838519023679575e-11,
        3.5624954471473225e-11,
        3.812625552551696e-11,
        3.086141237286582e-11,
        1.5092247316981528e-11,
        2.7446446842528894e-11,
        1.8112745771349463e-11,
        2.566685313033241e-11,
        1.9362828204367174e-11,
        2.7076786990500437e-11,
        2.4536147744560303e-11,
        1.1316704209358229e-11,
        1.7044750924781532e-11,
        3.2535047051429795e-11,
        2.1062138921744772e-11,
        1.8903847848231113e-11,
        2.183090711009953e-11,
        2.809490984862539e-11,
        1.830265776509083e-11,
        4.5652659923470306e-11,
        1.3720010667058285e-11,
        2.0147249492951938e-11,
        1.877400738121599e-11,
        2.637807700160567e-11,
        2.749661124190275e-11
      ],
      "confidence": 0.7
    }
  ]
}