{
  "chunk": 497,
  "total_chunks": 3600,
  "patterns_found": 2,
  "start_time": 496.00013777781606,
  "end_time": 496.99913805531617,
  "patterns": [
    {
      "type": "spike",
      "count": 6,
      "times": [
        496.392137886705,
        496.5201379222606,
        496.5511379308717,
        496.608137946705,
        496.6571379603161,
        496.7211379780939
      ],
      "amplitudes": [
        0.001814402470874514,
        0.0017020725987527234,
        0.0017130898155222941,
        0.0017470565150382658,
        0.0017083041749684253,
        0.0016952530713209518
      ],
      "confidence": 0.8
    },
    {
      "type": "oscillation",
      "frequencies": [
        3.906248914960688,
        23.437493489764126,
        35.15624023464619,
        46.87498697952825,
        58.59373372441032,
        66.4062315543317,
        78.12497829921375,
        93.7499739590565,
        124.99996527874201,
        144.53120985354545,
        164.0624544283489,
        171.87495225827027,
        187.499947918113,
        195.31244574803438,
        210.93744140787715,
        218.74993923779851,
        234.37493489764128,
        249.99993055748402,
        265.6249262173268,
        285.1561707921302,
        300.781166451973,
        308.59366428189435,
        332.03115777165846,
        347.6561534315012,
        371.09364692126536,
        382.8123936661474,
        394.53114041102947,
        410.1561360708722,
        425.78113173071495,
        437.49987847559703,
        457.0311230504005,
        468.74986979528256,
        480.4686165401646,
        492.1873632850467
      ],
      "power": [
        3.6925054939235856e-10,
        1.678481169058662e-11,
        2.271570127159694e-11,
        2.8121252133561856e-11,
        1.7705845079107352e-11,
        1.772203745470578e-11,
        3.850208975170605e-11,
        5.3690738317037905e-11,
        3.325255234173399e-11,
        3.181140941497851e-11,
        2.02574223277115e-11,
        2.2236765869397438e-11,
        2.2692339045821128e-11,
        2.4062697324747585e-11,
        4.2230905372791475e-11,
        4.664084015621753e-11,
        3.043788478781122e-11,
        2.8829570135868448e-11,
        3.096624167091126e-11,
        3.958466540917911e-11,
        2.7382851806335934e-11,
        3.024886328260914e-11,
        2.2934384455734722e-11,
        2.588717612816511e-11,
        1.837717514891481e-11,
        2.0998398118122704e-11,
        1.7014712385955518e-11,
        2.6659364046921878e-11,
        3.138458549218893e-11,
        2.447377658508288e-11,
        2.1533671086071366e-11,
        2.365397008049419e-11,
        2.6885828047077333e-11,
        4.512674055697369e-11
      ],
      "confidence": 0.7
    }
  ]
}