{
  "chunk": 185,
  "total_chunks": 3600,
  "patterns_found": 2,
  "start_time": 184.00005111112532,
  "end_time": 184.9990513886254,
  "patterns": [
    {
      "type": "spike",
      "count": 7,
      "times": [
        184.2860511905698,
        184.3850512180698,
        184.45005123612535,
        184.465051240292,
        184.48105124473648,
        184.49405124834757,
        184.5030512508476
      ],
      "amplitudes": [
        0.0017461288331037817,
        0.0017221785474219077,
        0.0017018807389940407,
        0.0017581928673154582,
        0.0017022602530282207,
        0.0017233571728496968,
        0.001722187187589116
      ],
      "confidence": 0.8
    },
    {
      "type": "oscillation",
      "frequencies": [
        3.906248914960688,
        31.249991319685503,
        46.87498697952825,
        66.4062315543317,
        101.56247178897789,
        113.28121853385994,
        128.9062141937027,
        144.53120985354545,
        160.1562055133882,
        183.59369900315232,
        195.31244574803438,
        222.6561881527592,
        234.37493489764128,
        246.09368164252334,
        257.8124283874054,
        273.43742404724816,
        281.2499218771695,
        292.9686686220516,
        308.59366428189435,
        316.4061621118157,
        332.03115777165846,
        351.5624023464619,
        363.281149091344,
        378.90614475118673,
        386.7186425811081,
        402.34363824095084,
        417.9686339007936,
        429.68738064567566,
        445.3123763055184,
        453.12487413543977,
        464.84362088032185,
        472.6561187102432,
        492.1873632850467
      ],
      "power": [
        2.985205778064866e-10,
        2.4949733129976505e-11,
        2.5056079474896714e-11,
        3.490862720523572e-11,
        1.0670341444606959e-11,
        1.5320920142356827e-11,
        2.5700965063604932e-11,
        1.6879191439939207e-11,
        2.5753640900696386e-11,
        1.8046209470191943e-11,
        2.384272068530273e-11,
        2.3292963159237375e-11,
        2.8270696090247674e-11,
        2.46092972665911e-11,
        3.337251513538497e-11,
        2.3214401780923833e-11,
        1.7632179371446455e-11,
        3.417808528819643e-11,
        2.3270110833263902e-11,
        3.0751624934889116e-11,
        4.753231800699251e-11,
        4.6118368546871604e-11,
        2.8715073869837122e-11,
        3.4568717492626915e-11,
        2.1816926652326307e-11,
        2.303882750845665e-11,
        1.9797668525821742e-11,
        2.3113436284868202e-11,
        3.733277838679895e-11,
        3.727646570323989e-11,
        2.93480455479737e-11,
        3.379179896014158e-11,
        2.326498818425344e-11
      ],
      "confidence": 0.7
    }
  ]
}