{
  "chunk": 96,
  "total_chunks": 3600,
  "patterns_found": 2,
  "start_time": 95.00002638889623,
  "end_time": 95.9990266663963,
  "patterns": [
    {
      "type": "spike",
      "count": 24,
      "times": [
        95.001026389174,
        95.00802639111845,
        95.01202639222956,
        95.01402639278511,
        95.01602639334067,
        95.02102639472956,
        95.02602639611845,
        95.02902639695178,
        95.04202640056289,
        95.04902640250734,
        95.09302641472956,
        95.16802643556291,
        95.95502665417408,
        95.96002665556297,
        95.96202665611852,
        95.96402665667408,
        95.9670266575074,
        95.97102665861853,
        95.9760266600074,
        95.9810266613963,
        95.98302666195185,
        95.98802666334075,
        95.99302666472964,
        95.99702666584075
      ],
      "amplitudes": [
        0.0010870267598300308,
        0.00110908476739903,
        0.001086179117956926,
        0.001045920646009245,
        0.0010993748153578186,
        0.0010507112880166483,
        0.0010953709996345613,
        0.0010551583276987764,
        0.001066408428075765,
        0.0010943983406756673,
        0.0011714024387743107,
        0.0010685476154263865,
        0.0010489815088497276,
        0.0010566925776532598,
        0.0011036095917721644,
        0.001099805315224135,
        0.0010666548479690244,
        0.0010827435765366064,
        0.0010577600646791442,
        0.0010910653670977903,
        0.0011430460143078951,
        0.0012130547503060344,
        0.0011364930960401406,
        0.0010849343189921249
      ],
      "confidence": 0.8
    },
    {
      "type": "oscillation",
      "frequencies": [
        3.906248914960688,
        23.437493489764126,
        35.15624023464619,
        50.781235894488944,
        58.59373372441032,
        70.31248046929238,
        93.7499739590565,
        105.46872070393857,
        117.18746744882064,
        132.8124631086634,
        175.78120117323095,
        183.59369900315232,
        195.31244574803438,
        203.12494357795578,
        222.6561881527592,
        238.28118381260197,
        257.8124283874054,
        277.3436729622088,
        292.9686686220516,
        304.68741536693364,
        335.93740668661917,
        347.6561534315012,
        367.18739800630465,
        386.7186425811081,
        402.34363824095084,
        425.78113173071495,
        437.49987847559703,
        453.12487413543977,
        464.84362088032185,
        480.4686165401646,
        496.0936122000073
      ],
      "power": [
        3.0432703939495876e-10,
        3.2055770217351734e-11,
        1.8098939061741393e-11,
        3.0240772622764706e-11,
        3.73732154830661e-11,
        2.4303073175980242e-11,
        1.9096072091237267e-11,
        3.3083033940700395e-11,
        2.945181246985647e-11,
        2.511752857020245e-11,
        3.1459820030758485e-11,
        2.9014987736206722e-11,
        2.1687766589081954e-11,
        2.4225418275417318e-11,
        2.4159542862066006e-11,
        4.196460168082166e-11,
        2.477399736867606e-11,
        2.1205028358818254e-11,
        3.96352402698145e-11,
        2.6137347435290058e-11,
        2.7104966027662173e-11,
        2.271871955438623e-11,
        1.7876406644212827e-11,
        2.2166241712531206e-11,
        2.4945170370157762e-11,
        2.52354062087322e-11,
        2.812734800709914e-11,
        3.728224660888732e-11,
        2.81390419596559e-11,
        1.135264648960441e-11,
        2.3110858736305477e-11
      ],
      "confidence": 0.7
    }
  ]
}