{
  "chunk": 1378,
  "total_chunks": 3600,
  "patterns_found": 2,
  "start_time": 1377.0003825001063,
  "end_time": 1377.9993827776063,
  "patterns": [
    {
      "type": "spike",
      "count": 18,
      "times": [
        1377.002382500662,
        1377.006382501773,
        1377.0123825034398,
        1377.019382505384,
        1377.0223825062174,
        1377.024382506773,
        1377.0263825073284,
        1377.0363825101063,
        1377.0633825176064,
        1377.9173827548286,
        1377.9513827642731,
        1377.9553827653842,
        1377.9683827689953,
        1377.9733827703842,
        1377.9753827709396,
        1377.9863827739953,
        1377.9943827762174,
        1377.996382776773
      ],
      "amplitudes": [
        0.0011013439981108141,
        0.0011447025639939965,
        0.0010847308927444852,
        0.001087847066361164,
        0.001050255254390385,
        0.0011026033940508499,
        0.0012191807655419647,
        0.001097312741649312,
        0.001049716362920609,
        0.0010555931882439164,
        0.0010528674924844576,
        0.0011305732364229547,
        0.001134314179456665,
        0.0011310784636720907,
        0.001209465362078418,
        0.001112055818181807,
        0.0011956660404055385,
        0.0011006253234883
      ],
      "confidence": 0.8
    },
    {
      "type": "oscillation",
      "frequencies": [
        3.906248914738643,
        15.624995658954573,
        46.87498697686372,
        62.49998263581829,
        70.31248046529558,
        93.74997395372743,
        101.56247178320473,
        113.28121852742065,
        128.90621418637522,
        136.7187120158525,
        152.3437076748071,
        167.96870333376165,
        179.6874500779776,
        191.40619682219352,
        199.2186946516708,
        210.93744139588674,
        226.5624370548413,
        238.28118379905723,
        257.81242837275045,
        285.15617077592094,
        296.8749175201369,
        308.5936642643528,
        328.12490883804605,
        351.56240232647787,
        367.1873979854325,
        386.71864255912567,
        398.4373893033416,
        410.15613604755754,
        429.6873806212508,
        449.21862519494397,
        457.0311230244213,
        476.56236759811446,
        484.37486542759177
      ],
      "power": [
        2.8672819259502725e-10,
        2.406602363396334e-11,
        2.1116678691335554e-11,
        2.830820078284173e-11,
        4.074442372167875e-11,
        1.801771196067215e-11,
        2.0842350550419436e-11,
        2.5604860460888363e-11,
        2.4712931704767643e-11,
        1.6719848953444367e-11,
        2.6311526093344272e-11,
        2.2160599934574577e-11,
        3.0315662726542196e-11,
        1.525527993709026e-11,
        1.8726569394925315e-11,
        2.920505781714115e-11,
        1.787161936697822e-11,
        1.1008824157780581e-11,
        4.1392537206790716e-11,
        2.0361277085082417e-11,
        1.639700034941198e-11,
        2.3660585512768257e-11,
        4.673722031263018e-11,
        2.0988285902782418e-11,
        2.1077106556421573e-11,
        1.6740245105977153e-11,
        3.3792375966155726e-11,
        3.279487085434981e-11,
        1.927677097992634e-11,
        1.6702846973367314e-11,
        2.1521865088107884e-11,
        3.430192180989115e-11,
        3.305886716251577e-11
      ],
      "confidence": 0.7
    }
  ]
}