{
  "chunk": 3573,
  "total_chunks": 3600,
  "patterns_found": 2,
  "start_time": 3572.000992222498,
  "end_time": 3572.999992499998,
  "patterns": [
    {
      "type": "spike",
      "count": 6,
      "times": [
        3572.3819923283313,
        3572.4499923472204,
        3572.546992374165,
        3572.554992376387,
        3572.614992393054,
        3572.6189923941647
      ],
      "amplitudes": [
        0.0016894283304752901,
        0.0017103199341615932,
        0.0017117013050336328,
        0.001712920540613421,
        0.0017878620939256286,
        0.001779933725925708
      ],
      "confidence": 0.8
    },
    {
      "type": "oscillation",
      "frequencies": [
        3.906248915626821,
        15.624995662507285,
        46.87498698752185,
        58.59373373440232,
        78.12497831253643,
        85.93747614379006,
        97.65622289067053,
        109.37496963755099,
        121.09371638443146,
        140.62496096256555,
        160.15620554069966,
        175.78120120320696,
        191.40619686571424,
        207.0311925282215,
        218.74993927510198,
        242.18743276886292,
        257.8124284313702,
        265.62492626262383,
        285.15617084075797,
        300.78116650326524,
        312.4999132501457,
        328.124908912653,
        343.74990457516026,
        371.093646984548,
        386.7186426470553,
        394.53114047830894,
        414.062385056443,
        421.8748828876967,
        441.4061274658308,
        453.12487421271123,
        472.65611879084537,
        488.28111445335264
      ],
      "power": [
        3.029173760240394e-10,
        4.4003769729041767e-11,
        5.64669859796789e-11,
        3.5768135306902224e-11,
        1.4529479505932432e-11,
        1.537190933844056e-11,
        2.4939263171852153e-11,
        3.0335945847731095e-11,
        2.226547984646492e-11,
        3.444383503486248e-11,
        3.5508459979451733e-11,
        3.086438289289896e-11,
        1.890921641847305e-11,
        4.061787767767306e-11,
        2.7365648059634436e-11,
        3.120232047968754e-11,
        2.356480241501776e-11,
        2.399443691198003e-11,
        2.959689031370086e-11,
        8.553997766760475e-12,
        1.617312808619564e-11,
        3.378251416402088e-11,
        2.008157357468494e-11,
        3.166654750988184e-11,
        1.9752266888334465e-11,
        1.7969889599432565e-11,
        2.215119798913316e-11,
        4.1314858147099736e-11,
        2.827824635618652e-11,
        2.1199326750742042e-11,
        2.268370060301788e-11,
        5.0980943035547825e-11
      ],
      "confidence": 0.7
    }
  ]
}