{
  "chunk": 1962,
  "total_chunks": 3600,
  "patterns_found": 2,
  "start_time": 1961.0005447223737,
  "end_time": 1961.9995449998737,
  "patterns": [
    {
      "type": "spike",
      "count": 17,
      "times": [
        1961.002544722929,
        1961.0185447273736,
        1961.021544728207,
        1961.0265447295958,
        1961.0385447329293,
        1961.0445447345958,
        1961.0655447404292,
        1961.0685447412625,
        1961.0835447454292,
        1961.0905447473735,
        1961.9245449790403,
        1961.926544979596,
        1961.9545449873738,
        1961.9675449909848,
        1961.9695449915405,
        1961.9725449923737,
        1961.989544997096
      ],
      "amplitudes": [
        0.0010663032856215308,
        0.0011023856842800616,
        0.0011256445356793068,
        0.0010649128947173717,
        0.0010817815269485171,
        0.0011787372142705792,
        0.0010535127043999695,
        0.001058858496471304,
        0.0010988211141077138,
        0.0011454336215953494,
        0.001054851205927421,
        0.0010856883730601694,
        0.0010577814159089965,
        0.001098751844109137,
        0.0012071359210893845,
        0.0010843227020833639,
        0.00115940640427498
      ],
      "confidence": 0.8
    },
    {
      "type": "oscillation",
      "frequencies": [
        3.906248914738643,
        15.624995658954573,
        27.343742403170502,
        39.06248914738643,
        54.687484806341004,
        66.40623155055694,
        74.21872938003422,
        93.74997395372743,
        113.28121852742065,
        132.81246310111388,
        140.62496093059116,
        171.8749522485003,
        179.6874500779776,
        187.49994790745487,
        195.31244573693215,
        230.46868596957995,
        242.18743271379589,
        265.62492620222775,
        277.3436729464437,
        296.8749175201369,
        316.4061620938301,
        332.0311577527847,
        339.843655582262,
        351.56240232647787,
        382.81239364438704,
        398.4373893033416,
        414.06238496229616,
        425.7811317065121,
        433.5936295359894,
        445.31237628020534,
        453.1248741096826,
        460.9373719391599,
        484.37486542759177
      ],
      "power": [
        3.016676174205009e-10,
        3.1351954535638955e-11,
        1.2021704341443168e-11,
        1.3945184373378387e-11,
        3.1195411615258394e-11,
        2.3209096838215914e-11,
        3.297589624791376e-11,
        4.1780210747831976e-11,
        1.9673517022937333e-11,
        1.9312321424114614e-11,
        3.619451951860912e-11,
        1.7677734648804404e-11,
        2.5509058506028864e-11,
        1.8298469863577328e-11,
        3.656996072741456e-11,
        3.9685399547636896e-11,
        3.3868790759771365e-11,
        3.246912888320332e-11,
        3.3774881478447215e-11,
        2.954740678365257e-11,
        5.464908638065563e-11,
        2.2017129632559486e-11,
        2.964609629471781e-11,
        3.2228226094550684e-11,
        2.6855937000008826e-11,
        4.429341138052939e-11,
        1.943038338160739e-11,
        2.716327813633448e-11,
        2.5532356597061736e-11,
        2.8975579918989454e-11,
        2.6173748496487666e-11,
        3.170164046613874e-11,
        2.5654776459381155e-11
      ],
      "confidence": 0.7
    }
  ]
}