{
  "chunk": 3408,
  "total_chunks": 3600,
  "patterns_found": 2,
  "start_time": 3407.000946389152,
  "end_time": 3407.9999466666522,
  "patterns": [
    {
      "type": "spike",
      "count": 27,
      "times": [
        3407.0049463902633,
        3407.0069463908185,
        3407.008946391374,
        3407.0119463922074,
        3407.018946394152,
        3407.031946397763,
        3407.0339463983187,
        3407.0359463988743,
        3407.059946405541,
        3407.086946413041,
        3407.1059464183186,
        3407.1519464310963,
        3407.91094664193,
        3407.920946644708,
        3407.9399466499854,
        3407.9429466508186,
        3407.9449466513743,
        3407.9479466522075,
        3407.951946653319,
        3407.9559466544297,
        3407.967946657763,
        3407.980946661374,
        3407.987946663319,
        3407.990946664152,
        3407.9949466652633,
        3407.9969466658185,
        3407.998946666374
      ],
      "amplitudes": [
        0.0011216338985874095,
        0.0010457828616543673,
        0.0010682274436172833,
        0.0011186307123420682,
        0.0011402437370059335,
        0.0012384225832709438,
        0.001106079435384153,
        0.001101099325124599,
        0.0010500303229524742,
        0.0010821135027779343,
        0.0010464327647088695,
        0.001119940239046286,
        0.0011388637336912433,
        0.0010619771111742967,
        0.0010494413827111786,
        0.0011623344333838489,
        0.0011048563099643263,
        0.001068964675874498,
        0.0010578680736292403,
        0.001058060892179523,
        0.00106124070624109,
        0.0010576435768685421,
        0.0011025884602617172,
        0.0010938436064209885,
        0.0011344623782873116,
        0.0010593896378640647,
        0.0010611159264555085
      ],
      "confidence": 0.8
    },
    {
      "type": "oscillation",
      "frequencies": [
        3.906248915626821,
        11.718746746880463,
        35.15624024064139,
        46.87498698752185,
        58.59373373440232,
        74.21872939690961,
        82.03122722816325,
        101.56247180629735,
        124.99996530005828,
        136.71871204693875,
        148.43745879381922,
        183.5936990344606,
        199.21869469696787,
        218.74993927510198,
        226.56243710635562,
        242.18743276886292,
        257.8124284313702,
        273.4374240938775,
        285.15617084075797,
        292.9686686720116,
        304.68741541889204,
        316.4061621657725,
        328.124908912653,
        339.84365565953345,
        355.4686513220407,
        382.8123937314285,
        402.3436383095626,
        410.1561361408162,
        421.8748828876967,
        433.59362963457716,
        453.12487421271123,
        460.9373720439649,
        480.46861662209903,
        496.0936122846063
      ],
      "power": [
        2.8788223026250515e-10,
        2.5642914478578152e-11,
        3.3311392992944546e-11,
        2.1742972017873034e-11,
        2.930207487888688e-11,
        1.905359538218616e-11,
        1.629601573564451e-11,
        1.619603904150533e-11,
        3.3913160825425107e-11,
        3.17312145993353e-11,
        4.2876585210465216e-11,
        2.7047922115498847e-11,
        2.1965316778881624e-11,
        2.816773951235333e-11,
        1.6819419989613117e-11,
        2.0692465570684535e-11,
        3.3701336803208155e-11,
        2.5658610874903157e-11,
        3.0280910916025484e-11,
        3.684707063878479e-11,
        1.4442494750536323e-11,
        2.1777872881835163e-11,
        3.012217097226726e-11,
        1.7136252425587278e-11,
        2.3945528677372645e-11,
        2.1834205598613246e-11,
        2.453714012095971e-11,
        2.3638338479377928e-11,
        2.949918455279477e-11,
        2.4808876172807514e-11,
        1.8429723639219185e-11,
        2.858161233987629e-11,
        1.8708890550379647e-11,
        3.321532604817619e-11
      ],
      "confidence": 0.7
    }
  ]
}