{
  "chunk": 3162,
  "total_chunks": 3600,
  "patterns_found": 2,
  "start_time": 3161.0008780557996,
  "end_time": 3161.9998783333,
  "patterns": [
    {
      "type": "spike",
      "count": 20,
      "times": [
        3161.003878056633,
        3161.0058780571885,
        3161.0088780580218,
        3161.011878058855,
        3161.0208780613552,
        3161.029878063855,
        3161.040878066911,
        3161.1098780860775,
        3161.8878783021887,
        3161.926878313022,
        3161.953878320522,
        3161.9558783210773,
        3161.958878321911,
        3161.9638783233,
        3161.971878325522,
        3161.9748783263553,
        3161.9818783283,
        3161.9858783294108,
        3161.989878330522,
        3161.993878331633
      ],
      "amplitudes": [
        0.0011470313197104458,
        0.0011285639418725283,
        0.0011440228055827476,
        0.0010984468749805816,
        0.001202003732022726,
        0.0010805218597367714,
        0.0011565167033762364,
        0.0010656677446232593,
        0.0010730010142972412,
        0.0010584285770530908,
        0.0010496793734332144,
        0.0010548082013769721,
        0.0010737659485951614,
        0.0011101226340715455,
        0.00107259190911286,
        0.0012009650176252676,
        0.0011369383708861283,
        0.0010674833763984247,
        0.0012092876972682556,
        0.0010728494710215027
      ],
      "confidence": 0.8
    },
    {
      "type": "oscillation",
      "frequencies": [
        3.906248915626821,
        15.624995662507285,
        23.437493493760925,
        42.96873807189503,
        50.781235903148676,
        66.40623156565596,
        74.21872939690961,
        85.93747614379006,
        97.65622289067053,
        105.46872072192417,
        117.18746746880464,
        132.81246313131192,
        144.53120987819239,
        160.15620554069966,
        179.68745011883377,
        195.31244578134107,
        207.0311925282215,
        222.6561881907288,
        242.18743276886292,
        257.8124284313702,
        273.4374240938775,
        292.9686686720116,
        312.4999132501457,
        320.3124110813993,
        328.124908912653,
        343.74990457516026,
        363.2811491532944,
        371.093646984548,
        382.8123937314285,
        398.43738939393575,
        410.1561361408162,
        421.8748828876967,
        441.4061274658308,
        453.12487421271123,
        476.5623677064722,
        496.0936122846063
      ],
      "power": [
        2.55221884099427e-10,
        2.8326707867169173e-11,
        2.1508124174908056e-11,
        3.77786599182492e-11,
        2.793917490066299e-11,
        1.4742123901311153e-11,
        1.5126617969126963e-11,
        2.556352999674558e-11,
        2.5764922992532057e-11,
        1.6038747070974537e-11,
        2.7372503011265973e-11,
        2.5407790817734232e-11,
        3.033751255709194e-11,
        2.5108241983649858e-11,
        3.350395398237437e-11,
        2.4460052491109828e-11,
        2.883295702036738e-11,
        2.602219391043948e-11,
        1.5812160522393642e-11,
        3.146336150582551e-11,
        3.499286249944675e-11,
        9.91068779776478e-12,
        2.6351807539640687e-11,
        2.5013574617444165e-11,
        1.958099973549647e-11,
        2.7888915420111414e-11,
        2.973393045103e-11,
        1.1796641563965992e-11,
        3.520270237495924e-11,
        2.0107129943460987e-11,
        2.5911636243413617e-11,
        2.949246990472989e-11,
        3.227405226549149e-11,
        3.779018949260207e-11,
        2.853008279872572e-11,
        1.4008009343687946e-11
      ],
      "confidence": 0.7
    }
  ]
}