{
  "chunk": 536,
  "total_chunks": 3600,
  "patterns_found": 2,
  "start_time": 535.0001486111524,
  "end_time": 535.9991488886525,
  "patterns": [
    {
      "type": "spike",
      "count": 22,
      "times": [
        535.0041486122635,
        535.0061486128191,
        535.0121486144858,
        535.029148619208,
        535.0391486219858,
        535.0421486228191,
        535.0441486233747,
        535.0511486253191,
        535.065148629208,
        535.0851486347635,
        535.8861488572636,
        535.8921488589302,
        535.9031488619859,
        535.9181488661525,
        535.9441488733747,
        535.9491488747636,
        535.9521488755969,
        535.9651488792081,
        535.9811488836525,
        535.9871488853191,
        535.9891488858747,
        535.992148886708
      ],
      "amplitudes": [
        0.0010845955060526775,
        0.0010703800118616173,
        0.0010595278257586314,
        0.0011179767487823897,
        0.0010627147970921319,
        0.0011090881570823667,
        0.0011302921458556084,
        0.001071842554390179,
        0.0011522467824263316,
        0.001132261535857721,
        0.001088756948254019,
        0.001091795627334193,
        0.0010766438977223413,
        0.0010606106880801198,
        0.0011158030548132638,
        0.0010766674879338564,
        0.0010705419764044529,
        0.0011708609680450832,
        0.0011057977782927533,
        0.0011255940630667388,
        0.0010683689567678584,
        0.0011604976761358284
      ],
      "confidence": 0.8
    },
    {
      "type": "oscillation",
      "frequencies": [
        3.906248915182732,
        23.43749349109639,
        42.96873806701005,
        54.687484812558246,
        74.21872938847191,
        89.84372504920283,
        101.56247179475103,
        117.18746745548196,
        124.99996528584742,
        140.62496094657834,
        156.2499566073093,
        164.06245443767475,
        179.68745009840566,
        191.40619684395386,
        214.84369033505027,
        230.4686859957812,
        242.1874327413294,
        253.9061794868776,
        265.62492623242576,
        277.343672977974,
        289.06241972352217,
        300.78116646907034,
        324.21865996016675,
        339.84365562089766,
        347.65615345126315,
        359.3749001968113,
        382.81239368790773,
        394.5311404334559,
        406.24988717900413,
        421.87488283973505,
        433.5936295852832,
        445.31237633083146,
        460.9373719915624,
        476.5623676522933,
        488.2811143978415
      ],
      "power": [
        3.2006175104147397e-10,
        2.8079556600173208e-11,
        3.830970268258423e-11,
        5.147996634014781e-11,
        2.2197453398225085e-11,
        2.6824164785740764e-11,
        2.49317520324363e-11,
        2.829460356597587e-11,
        2.431424050840277e-11,
        2.355028564449488e-11,
        2.820003994589555e-11,
        3.145238958927587e-11,
        3.49252332206159e-11,
        1.6433900625368225e-11,
        3.691418646303495e-11,
        2.1733103828815768e-11,
        2.3070204023365515e-11,
        1.5348672600951468e-11,
        1.8526192745522075e-11,
        2.772124844519083e-11,
        3.484423184555041e-11,
        2.818108762131111e-11,
        2.665348363551832e-11,
        1.745230848602614e-11,
        2.0806669381337578e-11,
        2.853809887996791e-11,
        2.6113446043182333e-11,
        2.721604975801371e-11,
        1.8340565837581185e-11,
        3.499469446658023e-11,
        3.2063023299745966e-11,
        2.2229481215326808e-11,
        2.3268394781685218e-11,
        1.730424583875802e-11,
        2.318268294808147e-11
      ],
      "confidence": 0.7
    }
  ]
}