{
  "chunk": 2412,
  "total_chunks": 3600,
  "patterns_found": 2,
  "start_time": 2411.0006697224085,
  "end_time": 2411.9996699999083,
  "patterns": [
    {
      "type": "spike",
      "count": 18,
      "times": [
        2411.001669722686,
        2411.0036697232417,
        2411.0056697237974,
        2411.0106697251863,
        2411.0316697310195,
        2411.0446697346306,
        2411.0526697368527,
        2411.0586697385197,
        2411.061669739353,
        2411.065669740464,
        2411.843669956575,
        2411.8826699674087,
        2411.937669982686,
        2411.9566699879642,
        2411.9696699915753,
        2411.9726699924086,
        2411.978669994075,
        2411.9906699974085
      ],
      "amplitudes": [
        0.00115173324626735,
        0.0011305863945324597,
        0.0010613559787669604,
        0.0011454431759707329,
        0.0010680052017973938,
        0.0011090841170068554,
        0.001045373111176342,
        0.001088062912626183,
        0.0010718070128184765,
        0.0010808842071589235,
        0.0010495367877418802,
        0.0011108475882588178,
        0.0010795616568677743,
        0.001047208554560466,
        0.0010942225134091587,
        0.0010726259077773483,
        0.0011123741745568854,
        0.001155989701089968
      ],
      "confidence": 0.8
    },
    {
      "type": "oscillation",
      "frequencies": [
        3.906248915626821,
        23.437493493760925,
        35.15624024064139,
        50.781235903148676,
        66.40623156565596,
        78.12497831253643,
        85.93747614379006,
        105.46872072192417,
        117.18746746880464,
        124.99996530005828,
        140.62496096256555,
        152.34370770944602,
        171.87495228758013,
        187.4999479500874,
        199.21869469696787,
        214.84369035947518,
        226.56243710635562,
        242.18743276886292,
        253.9061795157434,
        265.62492626262383,
        285.15617084075797,
        292.9686686720116,
        300.78116650326524,
        312.4999132501457,
        335.93740674390665,
        355.4686513220407,
        390.62489156268214,
        406.2498872251894,
        417.9686339720699,
        429.68738071895035,
        445.3123763814576,
        457.0311231283381,
        468.74986987521856,
        480.46861662209903,
        496.0936122846063
      ],
      "power": [
        3.0015629919326423e-10,
        1.7983744193138038e-11,
        3.020549427860688e-11,
        2.8161623002128807e-11,
        2.3587347004742675e-11,
        1.1746779506375387e-11,
        1.8214103493804906e-11,
        2.0639124267135944e-11,
        2.1306453266493766e-11,
        3.215090225806303e-11,
        1.734091976458371e-11,
        2.3726835385507082e-11,
        2.926150848584124e-11,
        2.3733921482368342e-11,
        2.0616652226928078e-11,
        5.66305540236223e-11,
        3.091073313821266e-11,
        1.7748263756097408e-11,
        2.5138901364218983e-11,
        3.211970687015782e-11,
        1.830993193070312e-11,
        2.172409414375267e-11,
        3.869980699793495e-11,
        2.0111299294516448e-11,
        2.4853764751577195e-11,
        3.957783698831828e-11,
        2.2844171263467232e-11,
        1.977298171879675e-11,
        2.148772326059338e-11,
        1.2637642022433111e-11,
        3.068401341172736e-11,
        1.748329903771369e-11,
        1.7594662466508375e-11,
        2.943000421531855e-11,
        1.5690390705871314e-11
      ],
      "confidence": 0.7
    }
  ]
}