{
  "chunk": 2653,
  "total_chunks": 3600,
  "patterns_found": 2,
  "start_time": 2652.0007366668715,
  "end_time": 2652.9997369443713,
  "patterns": [
    {
      "type": "spike",
      "count": 5,
      "times": [
        2652.2757367432605,
        2652.4697367971494,
        2652.484736801316,
        2652.528736813538,
        2652.566736824094
      ],
      "amplitudes": [
        0.001683312113083152,
        0.0017096441916195422,
        0.0016893436241968217,
        0.0018454719262267808,
        0.00170570679554466
      ],
      "confidence": 0.8
    },
    {
      "type": "oscillation",
      "frequencies": [
        3.906248915626821,
        23.437493493760925,
        46.87498698752185,
        54.687484818775495,
        62.49998265002914,
        74.21872939690961,
        93.7499739750437,
        128.9062142156851,
        140.62496096256555,
        156.24995662507285,
        167.96870337195332,
        187.4999479500874,
        207.0311925282215,
        214.84369035947518,
        230.46868602198245,
        238.2811838532361,
        249.99993060011656,
        261.718677346997,
        277.3436730095043,
        289.06241975638477,
        308.59366433451885,
        320.3124110813993,
        339.84365565953345,
        374.9998959001748,
        394.53114047830894,
        410.1561361408162,
        421.8748828876967,
        437.49987855020396,
        449.21862529708443,
        464.8436209595917,
        472.65611879084537,
        480.46861662209903,
        496.0936122846063
      ],
      "power": [
        2.921575903734785e-10,
        2.0995897277753787e-11,
        2.505492943670424e-11,
        2.8847713121892046e-11,
        2.0890136601361384e-11,
        3.552496435935095e-11,
        2.751996551372052e-11,
        3.040529710012546e-11,
        4.4770718092177904e-11,
        2.416726454935138e-11,
        1.335836477757881e-11,
        2.8127492376144803e-11,
        2.4222805495033393e-11,
        2.870208609945521e-11,
        1.2209382737623662e-11,
        1.7342111505836637e-11,
        3.063532514243654e-11,
        3.114359324778531e-11,
        3.6098172496089224e-11,
        2.25052473498352e-11,
        2.0598232131677162e-11,
        3.293389163024038e-11,
        4.6120993736838e-11,
        4.640294768300713e-11,
        2.229119066513199e-11,
        3.251526494818942e-11,
        2.620759345201105e-11,
        1.7294727988337966e-11,
        2.258077712432397e-11,
        2.0869021075384354e-11,
        1.1454463053065033e-11,
        1.0333102871549864e-11,
        1.9223110143321702e-11
      ],
      "confidence": 0.7
    }
  ]
}