{
  "chunk": 2378,
  "total_chunks": 3600,
  "patterns_found": 2,
  "start_time": 2377.0006602779613,
  "end_time": 2377.9996605554616,
  "patterns": [
    {
      "type": "spike",
      "count": 23,
      "times": [
        2377.00566027935,
        2377.0086602801834,
        2377.010660280739,
        2377.0266602851834,
        2377.0306602862947,
        2377.0346602874056,
        2377.051660292128,
        2377.069660297128,
        2377.0806603001834,
        2377.0846603012947,
        2377.915660532128,
        2377.9216605337947,
        2377.9266605351836,
        2377.933660537128,
        2377.938660538517,
        2377.9466605407392,
        2377.948660541295,
        2377.960660544628,
        2377.966660546295,
        2377.9766605490727,
        2377.9816605504616,
        2377.991660553239,
        2377.9946605540727
      ],
      "amplitudes": [
        0.0010637647819740593,
        0.0010813231958414036,
        0.0010592832046335662,
        0.001056641722350588,
        0.001054684510912629,
        0.0011220231336232529,
        0.0011309392422339747,
        0.0011054818421560436,
        0.0010808177233925461,
        0.001111211464617609,
        0.0010646390814024653,
        0.001080834962571999,
        0.0010790696569971854,
        0.0010544221089026726,
        0.0011481864551839882,
        0.0011179423644044047,
        0.001174829544598942,
        0.0011859500436472304,
        0.0012019544425313227,
        0.001049738055838272,
        0.0010997361041666814,
        0.0010565070263400657,
        0.00115453362115137
      ],
      "confidence": 0.8
    },
    {
      "type": "oscillation",
      "frequencies": [
        3.906248915626821,
        23.437493493760925,
        42.96873807189503,
        58.59373373440232,
        78.12497831253643,
        97.65622289067053,
        117.18746746880464,
        132.81246313131192,
        160.15620554069966,
        175.78120120320696,
        195.31244578134107,
        222.6561881907288,
        242.18743276886292,
        253.9061795157434,
        265.62492626262383,
        277.3436730095043,
        289.06241975638477,
        300.78116650326524,
        308.59366433451885,
        320.3124110813993,
        339.84365565953345,
        355.4686513220407,
        374.9998959001748,
        398.43738939393575,
        414.062385056443,
        429.68738071895035,
        445.3123763814576,
        457.0311231283381,
        464.8436209595917,
        472.65611879084537,
        488.28111445335264,
        496.0936122846063
      ],
      "power": [
        2.812632223207783e-10,
        1.9771047120056367e-11,
        2.8019384271487815e-11,
        2.2869959202949206e-11,
        2.987087952653182e-11,
        3.484141095386017e-11,
        3.30460713205394e-11,
        1.3904467581048285e-11,
        3.013411681387667e-11,
        2.5081003680087604e-11,
        4.080202357820174e-11,
        2.7611603793495256e-11,
        1.5690700956627522e-11,
        4.122622217395526e-11,
        2.1519784895174056e-11,
        9.093482115756155e-12,
        2.6557218068869503e-11,
        8.242658044722668e-12,
        1.9819779316267377e-11,
        4.0269776264872105e-11,
        1.6796733489121907e-11,
        4.384969151112045e-11,
        2.2723466922461202e-11,
        2.7275566570247242e-11,
        2.0729322145033663e-11,
        7.01199172731919e-11,
        2.395953560033285e-11,
        2.7409983951092845e-11,
        2.0292218812447843e-11,
        1.9448375115424673e-11,
        1.8446434563557393e-11,
        1.5124391365841338e-11
      ],
      "confidence": 0.7
    }
  ]
}