{
  "chunk": 1690,
  "total_chunks": 3600,
  "patterns_found": 2,
  "start_time": 1689.000469166797,
  "end_time": 1689.9994694442971,
  "patterns": [
    {
      "type": "spike",
      "count": 20,
      "times": [
        1689.0034691676303,
        1689.0074691687416,
        1689.009469169297,
        1689.0124691701303,
        1689.0204691723527,
        1689.0264691740192,
        1689.0344691762416,
        1689.0424691784638,
        1689.0484691801305,
        1689.050469180686,
        1689.0704691862416,
        1689.9204694223527,
        1689.9334694259637,
        1689.9584694329083,
        1689.9614694337415,
        1689.9754694376304,
        1689.9844694401304,
        1689.9884694412417,
        1689.9924694423528,
        1689.9974694437417
      ],
      "amplitudes": [
        0.0010557654613585813,
        0.0010783270124587667,
        0.0010611606684240767,
        0.0011118725696131768,
        0.0010801755023507834,
        0.001173138217387438,
        0.0010704453834672152,
        0.001075466240364358,
        0.0010645622488314542,
        0.0010815073242283891,
        0.001065531539613599,
        0.0010747500932936794,
        0.0011208182201595364,
        0.0010649210732716896,
        0.0011731527371273182,
        0.0011486552110896453,
        0.0011109248642112363,
        0.0011101230874857898,
        0.001116883707071965,
        0.0011699830252896706
      ],
      "confidence": 0.8
    },
    {
      "type": "oscillation",
      "frequencies": [
        3.906248914738643,
        15.624995658954573,
        27.343742403170502,
        35.15624023264779,
        42.96873806212508,
        54.687484806341004,
        70.31248046529558,
        82.03122720951151,
        105.46872069794337,
        113.28121852742065,
        128.90621418637522,
        136.7187120158525,
        152.3437076748071,
        164.06245441902303,
        171.8749522485003,
        187.49994790745487,
        214.8436903106254,
        226.5624370548413,
        242.18743271379589,
        249.99993054327317,
        261.7186772874891,
        273.437424031705,
        289.0624196906596,
        296.8749175201369,
        316.4061620938301,
        335.9374066675233,
        347.65615341173924,
        367.1873979854325,
        382.81239364438704,
        402.34363821808023,
        417.96863387703485,
        429.6873806212508,
        445.31237628020534,
        460.9373719391599,
        468.7498697686372,
        488.2811143423304
      ],
      "power": [
        3.48785485753515e-10,
        2.849601669063481e-11,
        2.971687409019137e-11,
        2.502922544498396e-11,
        2.3110343614231765e-11,
        4.5450004760276595e-11,
        2.0085423822260338e-11,
        2.2145543972019965e-11,
        2.042455148013942e-11,
        1.9179998723865037e-11,
        2.880744701656726e-11,
        2.1816343432558502e-11,
        1.2330583043481757e-11,
        2.9652782854623046e-11,
        4.108208836632672e-11,
        3.296325396607181e-11,
        2.2025571266055855e-11,
        2.6630572427616595e-11,
        3.6535554690381996e-11,
        3.0519705069078776e-11,
        2.4677754472521727e-11,
        1.911209765314254e-11,
        3.1260225054565684e-11,
        3.6497257098325715e-11,
        3.299496522493432e-11,
        4.023268311552035e-11,
        2.578200084815779e-11,
        1.775931522885502e-11,
        3.9967062514861165e-11,
        1.2485894786869363e-11,
        1.811298786782009e-11,
        2.6255487737815064e-11,
        2.4641186784949877e-11,
        1.7568150575477416e-11,
        2.14840652105599e-11,
        1.907499029746635e-11
      ],
      "confidence": 0.7
    }
  ]
}