{
  "chunk": 2888,
  "total_chunks": 3600,
  "patterns_found": 2,
  "start_time": 2887.0008019446673,
  "end_time": 2887.9998022221675,
  "patterns": [
    {
      "type": "spike",
      "count": 27,
      "times": [
        2887.0018019449453,
        2887.0038019455005,
        2887.0098019471675,
        2887.0168019491116,
        2887.0198019499453,
        2887.023801951056,
        2887.036801954667,
        2887.0398019555005,
        2887.051801958834,
        2887.0538019593896,
        2887.123801978834,
        2887.1368019824454,
        2887.194801998556,
        2887.894802193001,
        2887.9038021955007,
        2887.9188021996674,
        2887.9218022005007,
        2887.937802204945,
        2887.95380220939,
        2887.9598022110563,
        2887.9678022132784,
        2887.969802213834,
        2887.9728022146674,
        2887.9778022160563,
        2887.9818022171676,
        2887.9868022185565,
        2887.9938022205006
      ],
      "amplitudes": [
        0.0011436484199058687,
        0.0011520873719604314,
        0.001134998874055676,
        0.0011057320464030577,
        0.001096691855794444,
        0.0010998260979593012,
        0.0010517637037029239,
        0.0010603142883309049,
        0.0011743622127937687,
        0.0012036452200762397,
        0.0010859010703114873,
        0.0010637295045053316,
        0.001115531081150266,
        0.001062082209641752,
        0.0010570175197928307,
        0.0010665667325258428,
        0.0010483696427201282,
        0.0011248050498655804,
        0.0010837762335849958,
        0.0011252436603848288,
        0.0010648219486322297,
        0.0010474019030891305,
        0.0010865024006397213,
        0.001069920639528145,
        0.0010893212098244652,
        0.001064152674614878,
        0.0011093466469666085
      ],
      "confidence": 0.8
    },
    {
      "type": "oscillation",
      "frequencies": [
        3.9062489138504652,
        15.624995655401861,
        27.343742396953257,
        35.156240224654184,
        58.59373370775698,
        70.31248044930837,
        89.8437250185607,
        117.18746741551396,
        136.7187119847663,
        156.2499565540186,
        179.6874500371214,
        187.49994786482233,
        203.12494352022418,
        214.84369026177558,
        230.46868591717745,
        242.18743265872885,
        261.7186772279812,
        273.4374239695326,
        292.96866853878487,
        316.40616202188767,
        328.12490876343907,
        335.93740659114,
        347.6561533326914,
        363.28114898809326,
        374.99989572964466,
        386.71864247119606,
        414.0623848681493,
        425.7811316097007,
        441.40612726510255,
        449.2186250928035,
        464.84362074820535,
        480.4686164036072,
        496.0936120590091
      ],
      "power": [
        3.059591838061212e-10,
        2.540719140628589e-11,
        2.4210502669478934e-11,
        2.459911294260032e-11,
        2.313524796303104e-11,
        4.5366970198254684e-11,
        3.1999311286194956e-11,
        2.951697236666066e-11,
        3.219582410338095e-11,
        1.8175654909263313e-11,
        2.925176232838614e-11,
        3.191091138528334e-11,
        3.232263128123938e-11,
        2.4765852861238535e-11,
        1.1574061651485378e-11,
        3.858840237080251e-11,
        4.705901314577074e-11,
        2.1297313755249814e-11,
        2.669454153743724e-11,
        1.7437391705394765e-11,
        2.6502859976411464e-11,
        2.039540127249014e-11,
        1.2551781724917765e-11,
        2.9706113514997556e-11,
        2.2452849206304826e-11,
        3.3841141394600264e-11,
        2.5615821222097137e-11,
        1.2433826521220204e-11,
        2.9042423761674225e-11,
        3.054848729292795e-11,
        1.3312919232588379e-11,
        2.963641027674971e-11,
        4.5713727356873436e-11
      ],
      "confidence": 0.7
    }
  ]
}