{
  "chunk": 134,
  "total_chunks": 3600,
  "patterns_found": 2,
  "start_time": 133.0000369444547,
  "end_time": 133.99903722195478,
  "patterns": [
    {
      "type": "spike",
      "count": 21,
      "times": [
        133.0010369447325,
        133.0140369483436,
        133.01703694917694,
        133.02103695028805,
        133.02303695084362,
        133.0280369522325,
        133.0320369533436,
        133.03703695473249,
        133.04803695778804,
        133.0590369608436,
        133.07403696501027,
        133.9040371955659,
        133.93403720389924,
        133.94303720639923,
        133.96003721112146,
        133.96403721223257,
        133.97003721389925,
        133.97403721501036,
        133.97703721584367,
        133.98303721751034,
        133.998037221677
      ],
      "amplitudes": [
        0.001069229414016335,
        0.0010437007798848516,
        0.0011194923606026213,
        0.0011014128720637957,
        0.001084436321578145,
        0.0011659275767581649,
        0.0010761293879629236,
        0.0010641081025102828,
        0.001075777949434481,
        0.0011246617325464288,
        0.001055327613376921,
        0.0010661811722067597,
        0.0010616529246659518,
        0.0010503459107981947,
        0.0010880871852691728,
        0.0011012732241134217,
        0.0010540294160722254,
        0.0010853057577649003,
        0.0010550356143845872,
        0.0012267636539203854,
        0.0010737804080764963
      ],
      "confidence": 0.8
    },
    {
      "type": "oscillation",
      "frequencies": [
        3.9062489148496655,
        19.531244574248326,
        27.343742403947658,
        39.06248914849665,
        58.593733722744986,
        66.40623155244431,
        78.1249782969933,
        89.84372504154231,
        101.56247178609131,
        109.37496961579063,
        117.18746744548997,
        132.81246310488862,
        164.06245442368595,
        183.59369899793427,
        203.12494357218262,
        214.8436903167316,
        234.37493489097994,
        253.90617946522826,
        261.7186772949276,
        277.3436729543263,
        289.06241969887526,
        304.68741535827394,
        328.1249088473719,
        339.8436555919209,
        351.5624023364699,
        359.37490016616925,
        378.9061447404176,
        398.4373893146659,
        410.1561360592149,
        421.87488280376385,
        429.6873806334632,
        437.49987846316253,
        445.31237629286187,
        453.1248741225612,
        464.8436208671102,
        476.56236761165917,
        488.2811143562082
      ],
      "power": [
        2.7230776784221925e-10,
        2.0236519851596e-11,
        2.1876509092402615e-11,
        2.7260463355214927e-11,
        2.328385405396083e-11,
        1.4409289799349365e-11,
        2.0836506176316958e-11,
        1.3353936015841926e-11,
        2.2090144617874708e-11,
        1.8250199601691097e-11,
        1.2939948406574949e-11,
        2.5235605335026085e-11,
        4.2014321419954814e-11,
        5.3861613064465574e-11,
        2.3130121857295658e-11,
        2.5046145070257775e-11,
        4.023081780037564e-11,
        2.3527300301574416e-11,
        2.3410532239777284e-11,
        2.1275496158603676e-11,
        2.336162771692749e-11,
        2.2281266147308337e-11,
        2.5288078885292354e-11,
        2.5479465333113953e-11,
        1.3754784814843009e-11,
        1.2305912901807999e-11,
        6.392460628403782e-11,
        1.4463293701989984e-11,
        3.6630491030189416e-11,
        1.548327386458851e-11,
        1.5391852575026827e-11,
        2.0586235908788796e-11,
        2.652942920813889e-11,
        3.333396545381383e-11,
        2.343908463587241e-11,
        1.8099183719794046e-11,
        2.5461017836029255e-11
      ],
      "confidence": 0.7
    }
  ]
}