{
  "chunk": 1586,
  "total_chunks": 3600,
  "patterns_found": 2,
  "start_time": 1585.0004402779002,
  "end_time": 1585.9994405554003,
  "patterns": [
    {
      "type": "spike",
      "count": 16,
      "times": [
        1585.0084402801224,
        1585.0124402812335,
        1585.0254402848445,
        1585.0484402912334,
        1585.0534402926223,
        1585.0564402934558,
        1585.060440294567,
        1585.0664402962334,
        1585.928440535678,
        1585.937440538178,
        1585.9424405395669,
        1585.955440543178,
        1585.973440548178,
        1585.9774405492892,
        1585.9894405526225,
        1585.9974405548446
      ],
      "amplitudes": [
        0.0011340701446286778,
        0.0011057802836388325,
        0.001103953270174906,
        0.001125352049893913,
        0.0010568258421908905,
        0.0011481179872245045,
        0.001061407723267073,
        0.0010796401336970708,
        0.0010657029055053883,
        0.0010787255068849244,
        0.0010730707244526534,
        0.00107753215815647,
        0.001190932648600095,
        0.001067030241255574,
        0.00120839579273075,
        0.0010892543538305586
      ],
      "confidence": 0.8
    },
    {
      "type": "oscillation",
      "frequencies": [
        3.906248914738643,
        15.624995658954573,
        23.43749348843186,
        35.15624023264779,
        46.87498697686372,
        54.687484806341004,
        70.31248046529558,
        85.93747612425015,
        105.46872069794337,
        117.1874674421593,
        136.7187120158525,
        152.3437076748071,
        167.96870333376165,
        175.78120116323893,
        199.2186946516708,
        218.74993922536402,
        230.46868596957995,
        246.0936816285345,
        257.81242837275045,
        269.5311751169664,
        289.0624196906596,
        296.8749175201369,
        316.4061620938301,
        332.0311577527847,
        355.46865124121655,
        367.1873979854325,
        382.81239364438704,
        398.4373893033416,
        417.96863387703485,
        425.7811317065121,
        437.49987845072803,
        457.0311230244213,
        476.56236759811446,
        496.0936121718077
      ],
      "power": [
        3.1884562167787375e-10,
        3.815377812310003e-11,
        2.7840043088137154e-11,
        2.8886558122996565e-11,
        3.029286766092235e-11,
        3.384407143625566e-11,
        3.818548810718775e-11,
        2.7131624947363504e-11,
        2.3324031857632408e-11,
        1.881420394031116e-11,
        5.4998921730449473e-11,
        1.3990705214508252e-11,
        2.2166861327312076e-11,
        2.0863057768451167e-11,
        2.7106956741635608e-11,
        2.0991976331877218e-11,
        3.643198252602024e-11,
        2.017815342997053e-11,
        3.704913208539743e-11,
        3.272391328898899e-11,
        3.6139234993382324e-11,
        4.28332130312585e-11,
        4.420812110161853e-11,
        2.935459212615593e-11,
        3.773009464568552e-11,
        1.566852087256664e-11,
        2.902682319625944e-11,
        5.940971488555187e-11,
        3.1861311099223644e-11,
        3.0259101911618045e-11,
        2.5525508701181233e-11,
        3.4977399093401186e-11,
        2.9533099585256824e-11,
        2.533861480836048e-11
      ],
      "confidence": 0.7
    }
  ]
}