{
  "chunk": 2562,
  "total_chunks": 3600,
  "patterns_found": 2,
  "start_time": 2561.0007113890865,
  "end_time": 2561.999711666587,
  "patterns": [
    {
      "type": "spike",
      "count": 22,
      "times": [
        2561.0067113907535,
        2561.0087113913087,
        2561.0107113918643,
        2561.0137113926976,
        2561.0157113932532,
        2561.0197113943645,
        2561.0327113979756,
        2561.0497114026975,
        2561.0547114040864,
        2561.911711642142,
        2561.9237116454756,
        2561.93971164992,
        2561.94871165242,
        2561.962711656309,
        2561.9647116568644,
        2561.9747116596423,
        2561.976711660198,
        2561.9787116607536,
        2561.9867116629757,
        2561.989711663809,
        2561.99371166492,
        2561.9967116657535
      ],
      "amplitudes": [
        0.0011976874795053393,
        0.0010598153723625587,
        0.001177229588130375,
        0.0011102985630839482,
        0.0011281602271973248,
        0.0010916790667593011,
        0.0010638490668708953,
        0.0012286324804967536,
        0.0012377577581453622,
        0.0010776324503623837,
        0.0011204962483120113,
        0.0010652979196777948,
        0.0011401959386450162,
        0.0011399504103731509,
        0.0010796124438191247,
        0.0011278684604070566,
        0.0010678813859364158,
        0.001068183492964658,
        0.0010701476461982805,
        0.0011705997661999286,
        0.0011324192992845385,
        0.0011719375685574893
      ],
      "confidence": 0.8
    },
    {
      "type": "oscillation",
      "frequencies": [
        3.9062489138504652,
        23.43749348310279,
        50.781235880056045,
        70.31248044930837,
        78.1249782770093,
        89.8437250185607,
        101.56247176011209,
        113.28121850166349,
        128.90621415706536,
        136.7187119847663,
        156.2499565540186,
        171.87495220942048,
        179.6874500371214,
        195.31244569252326,
        214.84369026177558,
        222.65618808947653,
        238.28118374487838,
        246.0936815725793,
        261.7186772279812,
        281.24992179723347,
        292.96866853878487,
        304.68741528033627,
        320.31241093573817,
        328.12490876343907,
        347.6561533326914,
        355.4686511603923,
        374.99989572964466,
        386.71864247119606,
        394.531140298897,
        406.24988704044836,
        414.0623848681493,
        429.68738052355116,
        437.4998783512521,
        453.12487400665395,
        468.74986966205586,
        492.1873631451586
      ],
      "power": [
        3.2072457567184407e-10,
        3.562833092577749e-11,
        2.7153772904929232e-11,
        3.257706923345376e-11,
        4.7391499364675294e-11,
        2.0530151333142396e-11,
        4.2587124175989815e-11,
        2.1281185375035078e-11,
        2.7770065853226e-11,
        2.7789756614147936e-11,
        4.031537968183288e-11,
        2.648578719626753e-11,
        2.3718412499169173e-11,
        3.863892792336449e-11,
        3.2085088023558495e-11,
        1.7226124256081243e-11,
        1.6992138881452037e-11,
        2.887388617855055e-11,
        2.8346834436190052e-11,
        2.1422504808308632e-11,
        2.3475777554947632e-11,
        2.207510424092912e-11,
        3.885881627666069e-11,
        2.7765345039553072e-11,
        1.4213368778702435e-11,
        3.562638855486926e-11,
        8.449126693816485e-12,
        1.3929406752665847e-11,
        1.066575952242126e-11,
        1.5927876168680353e-11,
        1.3917442039035725e-11,
        1.6617735568358705e-11,
        2.9488372593833657e-11,
        1.76804712259846e-11,
        3.048213122859666e-11,
        2.1328746724538034e-11
      ],
      "confidence": 0.7
    }
  ]
}