{
  "chunk": 1823,
  "total_chunks": 3600,
  "patterns_found": 2,
  "start_time": 1822.0005061112518,
  "end_time": 1822.9995063887518,
  "patterns": [
    {
      "type": "spike",
      "count": 5,
      "times": [
        1822.4205062279184,
        1822.445506234863,
        1822.553506264863,
        1822.5745062706962,
        1822.5905062751408
      ],
      "amplitudes": [
        0.0017056507077820417,
        0.0017026890592459756,
        0.001752955130305983,
        0.0017233027674457937,
        0.001753070959126282
      ],
      "confidence": 0.8
    },
    {
      "type": "oscillation",
      "frequencies": [
        3.906248914738643,
        19.531244573693215,
        27.343742403170502,
        39.06248914738643,
        62.49998263581829,
        78.12497829477286,
        89.8437250389888,
        109.37496961268201,
        124.99996527163658,
        132.81246310111388,
        156.24995658954572,
        167.96870333376165,
        175.78120116323893,
        195.31244573693215,
        214.8436903106254,
        222.65618814010267,
        246.0936816285345,
        253.90617945801182,
        261.7186772874891,
        273.437424031705,
        296.8749175201369,
        304.6874153496142,
        316.4061620938301,
        324.21865992330737,
        332.0311577527847,
        351.56240232647787,
        367.1873979854325,
        382.81239364438704,
        398.4373893033416,
        406.2498871328189,
        421.8748827917735,
        429.6873806212508,
        441.40612736546666,
        453.1248741096826,
        464.8436208538985,
        484.37486542759177
      ],
      "power": [
        3.2845620376400405e-10,
        1.2959998042039587e-11,
        2.6226806950731877e-11,
        2.6390900724051887e-11,
        3.987171178607022e-11,
        2.0220404286934256e-11,
        1.6504947268294953e-11,
        3.2559721166457415e-11,
        2.0104453761649896e-11,
        3.201425259391299e-11,
        1.4758526936065707e-11,
        2.7667957497987954e-11,
        3.9825249845788975e-11,
        2.5213105714065766e-11,
        2.6865035442235225e-11,
        3.075711488190714e-11,
        2.1297260212196916e-11,
        1.8504804897817838e-11,
        2.2757986694787258e-11,
        1.5951163797212418e-11,
        2.064979909953985e-11,
        1.9756133796051188e-11,
        2.1189651686155296e-11,
        2.1651313743034656e-11,
        2.9061689875932922e-11,
        2.572771200799568e-11,
        2.0946152537327405e-11,
        1.76247364587127e-11,
        3.2120119872280566e-11,
        2.2442693890506364e-11,
        1.5099529980497978e-11,
        4.3411912435033407e-11,
        2.1466711009335886e-11,
        2.1482664910302557e-11,
        1.5215820518132837e-11,
        2.723767715335936e-11
      ],
      "confidence": 0.7
    }
  ]
}