{
  "chunk": 1722,
  "total_chunks": 3600,
  "patterns_found": 2,
  "start_time": 1721.0004780556885,
  "end_time": 1721.9994783331886,
  "patterns": [
    {
      "type": "spike",
      "count": 19,
      "times": [
        1721.002478056244,
        1721.0104780584663,
        1721.0164780601328,
        1721.0214780615217,
        1721.0324780645774,
        1721.0444780679106,
        1721.0484780690217,
        1721.0534780704106,
        1721.0574780715217,
        1721.916478310133,
        1721.943478317633,
        1721.9574783215219,
        1721.9594783220773,
        1721.9674783242997,
        1721.974478326244,
        1721.9824783284662,
        1721.9854783292997,
        1721.9914783309664,
        1721.996478332355
      ],
      "amplitudes": [
        0.0011628174853579765,
        0.0012251455188661566,
        0.0011259711413116624,
        0.001063196869284897,
        0.0010846724634709613,
        0.0010787537134538973,
        0.0011413872717722547,
        0.0010579076751092023,
        0.001105881294706429,
        0.0010521545748444926,
        0.0010882103227346273,
        0.0010995936057041976,
        0.0010458004263116146,
        0.0011074005945910259,
        0.0010797483230207355,
        0.0010507642151012732,
        0.0011315743774314184,
        0.0011000983824815689,
        0.0010585976439663003
      ],
      "confidence": 0.8
    },
    {
      "type": "oscillation",
      "frequencies": [
        3.906248915626821,
        19.531244578134107,
        31.24999132501457,
        70.31248048128278,
        82.03122722816325,
        93.7499739750437,
        109.37496963755099,
        128.9062142156851,
        148.43745879381922,
        171.87495228758013,
        179.68745011883377,
        191.40619686571424,
        203.1249436125947,
        214.84369035947518,
        242.18743276886292,
        249.99993060011656,
        269.53117517825063,
        289.06241975638477,
        296.87491758763844,
        308.59366433451885,
        320.3124110813993,
        332.0311578282798,
        351.5624024064139,
        363.2811491532944,
        378.90614481580167,
        390.62489156268214,
        414.062385056443,
        425.7811318033235,
        449.21862529708443,
        464.8436209595917,
        488.28111445335264,
        496.0936122846063
      ],
      "power": [
        2.7002852152502236e-10,
        2.572115493584076e-11,
        2.7812734431325156e-11,
        2.990066146198377e-11,
        2.3772096390760707e-11,
        1.664000068717568e-11,
        2.983930888168872e-11,
        1.7984453652301894e-11,
        3.972452155511104e-11,
        2.5628266465409734e-11,
        2.6982720383319383e-11,
        3.976439149299647e-11,
        3.131918495049821e-11,
        3.8864320178777584e-11,
        2.5820186054880392e-11,
        2.3896661272777507e-11,
        1.7925364157190966e-11,
        2.2317671462070428e-11,
        2.7254397438659305e-11,
        2.8472878533288062e-11,
        1.4680983587198537e-11,
        3.29239460541117e-11,
        1.5620479823478994e-11,
        2.1765515807060655e-11,
        2.8834504178928444e-11,
        2.6948641632592676e-11,
        2.996886720975158e-11,
        2.910980853078248e-11,
        2.432280691899998e-11,
        2.955972274620126e-11,
        5.167237903810043e-11,
        2.4990419101303758e-11
      ],
      "confidence": 0.7
    }
  ]
}