{
  "chunk": 3382,
  "total_chunks": 3600,
  "patterns_found": 2,
  "start_time": 3381.0009391669278,
  "end_time": 3381.9999394444276,
  "patterns": [
    {
      "type": "spike",
      "count": 24,
      "times": [
        3381.0019391672054,
        3381.0049391680386,
        3381.0069391685943,
        3381.0129391702612,
        3381.021939172761,
        3381.02693917415,
        3381.040939178039,
        3381.045939179428,
        3381.0559391822053,
        3381.058939183039,
        3381.066939185261,
        3381.0699391860944,
        3381.9389394274835,
        3381.9559394322055,
        3381.9659394349833,
        3381.972939436928,
        3381.975939437761,
        3381.9789394385944,
        3381.98093943915,
        3381.9839394399833,
        3381.9869394408165,
        3381.990939441928,
        3381.9929394424835,
        3381.9959394433167
      ],
      "amplitudes": [
        0.001072531857737463,
        0.0010959055967675,
        0.0010507766203125455,
        0.0010897215150448198,
        0.0010577355117087866,
        0.0011077168499937825,
        0.0010567442177077404,
        0.0010607166544921763,
        0.0011086109585349531,
        0.00106334751273038,
        0.001055931987064996,
        0.0011728013596107834,
        0.0010861970664136273,
        0.0010714331241662707,
        0.0010978323213465962,
        0.0010975883224518044,
        0.0011921205348324184,
        0.001150491246256144,
        0.0011696755476299974,
        0.001061254318477701,
        0.0011174602420163271,
        0.0010887774013185433,
        0.001113899542805848,
        0.0010857482530726116
      ],
      "confidence": 0.8
    },
    {
      "type": "oscillation",
      "frequencies": [
        3.906248915626821,
        19.531244578134107,
        31.24999132501457,
        39.062489156268214,
        54.687484818775495,
        66.40623156565596,
        78.12497831253643,
        89.84372505941688,
        101.56247180629735,
        117.18746746880464,
        128.9062142156851,
        140.62496096256555,
        160.15620554069966,
        171.87495228758013,
        183.5936990344606,
        203.1249436125947,
        222.6561881907288,
        238.2811838532361,
        261.718677346997,
        285.15617084075797,
        296.87491758763844,
        320.3124110813993,
        339.84365565953345,
        347.65615349078706,
        359.37490023766753,
        382.8123937314285,
        394.53114047830894,
        414.062385056443,
        433.59362963457716,
        449.21862529708443,
        457.0311231283381,
        468.74986987521856,
        476.5623677064722,
        488.28111445335264
      ],
      "power": [
        3.451140675567676e-10,
        3.234206609622618e-11,
        2.4043786066193694e-11,
        1.679413474916875e-11,
        1.774114678223081e-11,
        2.183222174362117e-11,
        1.1883304800839112e-11,
        3.0965447995157407e-11,
        2.8018328310076916e-11,
        2.2912934438182995e-11,
        4.884527811814091e-11,
        3.315215429919701e-11,
        1.6450588904012245e-11,
        2.694857184280108e-11,
        1.9014792761171287e-11,
        2.9883586466144205e-11,
        2.5381920335050118e-11,
        1.850353669338507e-11,
        3.8344743275965254e-11,
        1.9156998958436405e-11,
        3.648632768058191e-11,
        4.728252029502912e-11,
        2.5688386308405182e-11,
        1.6448183822817028e-11,
        5.174456978058981e-11,
        1.4049515158425178e-11,
        3.1434980143982205e-11,
        2.8081365279318806e-11,
        2.7505183799693257e-11,
        3.045080380298621e-11,
        2.530324890543927e-11,
        2.1953336995327402e-11,
        2.774605913971782e-11,
        2.8025065145209175e-11
      ],
      "confidence": 0.7
    }
  ]
}