{
  "chunk": 3169,
  "total_chunks": 3600,
  "patterns_found": 2,
  "start_time": 3168.0008800002447,
  "end_time": 3168.9998802777445,
  "patterns": [
    {
      "type": "spike",
      "count": 5,
      "times": [
        3168.3798801055223,
        3168.382880106356,
        3168.423880117745,
        3168.5368801491336,
        3168.583880162189
      ],
      "amplitudes": [
        0.0017180101847513876,
        0.0017010968231758522,
        0.001717190554484411,
        0.0017089862142447383,
        0.001743772340552348
      ],
      "confidence": 0.8
    },
    {
      "type": "oscillation",
      "frequencies": [
        3.906248915626821,
        23.437493493760925,
        42.96873807189503,
        62.49998265002914,
        70.31248048128278,
        82.03122722816325,
        101.56247180629735,
        113.28121855317781,
        121.09371638443146,
        144.53120987819239,
        152.34370770944602,
        164.0624544563265,
        171.87495228758013,
        179.68745011883377,
        191.40619686571424,
        207.0311925282215,
        218.74993927510198,
        230.46868602198245,
        246.09368168448972,
        253.9061795157434,
        277.3436730095043,
        304.68741541889204,
        316.4061621657725,
        335.93740674390665,
        347.65615349078706,
        367.1873980689212,
        382.8123937314285,
        402.3436383095626,
        421.8748828876967,
        433.59362963457716,
        445.3123763814576,
        464.8436209595917,
        480.46861662209903,
        488.28111445335264
      ],
      "power": [
        3.0520506434725856e-10,
        3.718847609706306e-11,
        1.0139502832705843e-11,
        2.949038661428658e-11,
        1.8532401836688607e-11,
        1.7974623013824783e-11,
        1.99629873048295e-11,
        2.896007580056201e-11,
        2.4818665610645052e-11,
        3.234862234217136e-11,
        2.1379774417327234e-11,
        1.3431149488340791e-11,
        1.4269350954366389e-11,
        3.02816028423493e-11,
        1.6344819562543577e-11,
        1.8223333438839937e-11,
        2.423487527066546e-11,
        2.3091800752297603e-11,
        2.4463023425372346e-11,
        2.9691610558565646e-11,
        4.0578370554379917e-11,
        4.002169999368482e-11,
        2.741673873360587e-11,
        2.7441834278046368e-11,
        2.2405100457652866e-11,
        1.724583292931969e-11,
        2.1741259813112332e-11,
        2.9935168948466924e-11,
        3.177954207799713e-11,
        5.0378273947636395e-11,
        2.786013019713754e-11,
        2.6957735810752555e-11,
        2.552988417434006e-11,
        2.8353477749409826e-11
      ],
      "confidence": 0.7
    }
  ]
}