{
  "chunk": 785,
  "total_chunks": 3600,
  "patterns_found": 2,
  "start_time": 784.0002177778383,
  "end_time": 784.9992180553384,
  "patterns": [
    {
      "type": "spike",
      "count": 7,
      "times": [
        784.3962178878384,
        784.4002178889494,
        784.4542179039495,
        784.4592179053384,
        784.4722179089495,
        784.564217934505,
        784.6102179472828
      ],
      "amplitudes": [
        0.0017129007191931441,
        0.00169579189822481,
        0.0017068966809940045,
        0.0017469404910798385,
        0.001736774111707343,
        0.0017221042048705336,
        0.0017096173887096592
      ],
      "confidence": 0.8
    },
    {
      "type": "oscillation",
      "frequencies": [
        3.906248914738643,
        31.249991317909146,
        42.96873806212508,
        54.687484806341004,
        82.03122720951151,
        89.8437250389888,
        121.09371635689794,
        136.7187120158525,
        160.15620550428437,
        167.96870333376165,
        187.49994790745487,
        222.65618814010267,
        234.3749348843186,
        246.0936816285345,
        261.7186772874891,
        281.2499218611823,
        304.6874153496142,
        316.4061620938301,
        324.21865992330737,
        339.843655582262,
        355.46865124121655,
        363.2811490706938,
        374.99989581490973,
        386.71864255912567,
        398.4373893033416,
        410.15613604755754,
        417.96863387703485,
        441.40612736546666,
        460.9373719391599,
        468.7498697686372,
        480.4686165128531,
        488.2811143423304
      ],
      "power": [
        3.005533010144015e-10,
        4.1205887106681196e-11,
        1.3605776758395527e-11,
        3.633037927128377e-11,
        2.106735960412978e-11,
        3.762264768455556e-11,
        2.5953799715984446e-11,
        3.281431702419838e-11,
        2.9173133073309386e-11,
        2.4523137114007995e-11,
        1.861387166884636e-11,
        3.80877348702115e-11,
        2.3268265758884624e-11,
        2.305502763297611e-11,
        2.8837631022299878e-11,
        2.809449690371851e-11,
        3.089158219824678e-11,
        2.851734009372379e-11,
        3.9703571044097854e-11,
        2.5777103207190996e-11,
        1.5532514649418744e-11,
        1.2835126253349744e-11,
        3.1016280352868365e-11,
        2.7591167608906277e-11,
        1.520902094513893e-11,
        2.4652578744026913e-11,
        2.0947819942810743e-11,
        6.404610382193008e-11,
        3.391047419284769e-11,
        3.633627442310661e-11,
        3.249868458365688e-11,
        1.9228486724768573e-11
      ],
      "confidence": 0.7
    }
  ]
}