{
  "chunk": 2100,
  "total_chunks": 3600,
  "patterns_found": 2,
  "start_time": 2099.0005830557175,
  "end_time": 2099.9995833332177,
  "patterns": [
    {
      "type": "spike",
      "count": 21,
      "times": [
        2099.002583056273,
        2099.004583056829,
        2099.0165830601622,
        2099.0185830607174,
        2099.020583061273,
        2099.0225830618288,
        2099.0275830632177,
        2099.0425830673844,
        2099.07158307544,
        2099.0835830787732,
        2099.0955830821067,
        2099.115583087662,
        2099.124583090162,
        2099.8795832998844,
        2099.9445833179398,
        2099.948583319051,
        2099.95358332044,
        2099.9735833259956,
        2099.979583327662,
        2099.984583329051,
        2099.9955833321064
      ],
      "amplitudes": [
        0.0011645969309475733,
        0.0011327036827905243,
        0.0011669532250211103,
        0.0011150841234889,
        0.001126734172938729,
        0.0010823957832530027,
        0.001058471227636775,
        0.0011134560609474457,
        0.0010656078716810636,
        0.001085335233988757,
        0.0012004178660449903,
        0.0010554220786752628,
        0.001079079092939592,
        0.0010606119799764584,
        0.0011457814029041291,
        0.0010677089445274622,
        0.0010888949002622775,
        0.001061407957739924,
        0.0010618107061917247,
        0.0010972128418495321,
        0.0011283832427242883
      ],
      "confidence": 0.8
    },
    {
      "type": "oscillation",
      "frequencies": [
        3.9062489138504652,
        19.531244569252326,
        31.249991310803722,
        50.781235880056045,
        70.31248044930837,
        85.93747610471024,
        97.65622284626163,
        113.28121850166349,
        124.99996524321489,
        144.5312098124672,
        160.15620546786909,
        179.6874500371214,
        191.4061967786728,
        207.03119243407465,
        226.56243700332698,
        253.90617940028025,
        269.5311750556821,
        289.0624196249344,
        300.7811663664858,
        312.4999131080372,
        328.12490876343907,
        339.84365550499047,
        355.4686511603923,
        371.0936468157942,
        386.71864247119606,
        402.3436381265979,
        421.87488269585026,
        437.4998783512521,
        449.2186250928035,
        460.9373718343549,
        484.3748653174577,
        492.1873631451586
      ],
      "power": [
        3.350041962202e-10,
        2.544934059350606e-11,
        2.3219503989249624e-11,
        2.052350339386638e-11,
        3.98276828728695e-11,
        4.4596329121292027e-11,
        1.6359261019959563e-11,
        3.0910202217106186e-11,
        3.2971530013495395e-11,
        2.5619717531361522e-11,
        2.5718054768786786e-11,
        2.5000264962044797e-11,
        2.3328960250773728e-11,
        3.008488120448009e-11,
        2.4357292383377597e-11,
        2.3832970168961245e-11,
        3.4223411984801026e-11,
        3.117622894452805e-11,
        1.6808435995300503e-11,
        2.0343640631463436e-11,
        3.5938546453313595e-11,
        4.767129202657966e-11,
        3.2549666764904764e-11,
        1.692243563311049e-11,
        2.5061371509895638e-11,
        2.832812027357619e-11,
        3.227322497967238e-11,
        4.310533520323418e-11,
        3.618711074219445e-11,
        3.361432371271766e-11,
        3.3450460661346764e-11,
        2.7813466941035128e-11
      ],
      "confidence": 0.7
    }
  ]
}