{
  "chunk": 3109,
  "total_chunks": 3600,
  "patterns_found": 2,
  "start_time": 3108.0008633335733,
  "end_time": 3108.9998636110736,
  "patterns": [
    {
      "type": "spike",
      "count": 6,
      "times": [
        3108.3228634230177,
        3108.354863431907,
        3108.4048634457954,
        3108.430863453018,
        3108.6758635210736,
        3108.6848635235733
      ],
      "amplitudes": [
        0.0017626022094614268,
        0.0017318337152195773,
        0.0017168977448339144,
        0.0016986883249127712,
        0.001712279763939235,
        0.001692924544356275
      ],
      "confidence": 0.8
    },
    {
      "type": "oscillation",
      "frequencies": [
        3.906248915626821,
        11.718746746880463,
        39.062489156268214,
        54.687484818775495,
        74.21872939690961,
        85.93747614379006,
        93.7499739750437,
        113.28121855317781,
        121.09371638443146,
        144.53120987819239,
        156.24995662507285,
        171.87495228758013,
        191.40619686571424,
        203.1249436125947,
        210.93744144384834,
        222.6561881907288,
        246.09368168448972,
        253.9061795157434,
        265.62492626262383,
        273.4374240938775,
        289.06241975638477,
        304.68741541889204,
        320.3124110813993,
        335.93740674390665,
        347.65615349078706,
        359.37490023766753,
        367.1873980689212,
        378.90614481580167,
        390.62489156268214,
        406.2498872251894,
        414.062385056443,
        429.68738071895035,
        457.0311231283381,
        464.8436209595917,
        488.28111445335264
      ],
      "power": [
        2.810801103150936e-10,
        2.579649713685072e-11,
        3.138557076735905e-11,
        2.256662662019272e-11,
        2.0307008915092005e-11,
        2.335096792976397e-11,
        2.8832382685403084e-11,
        2.0385873575350525e-11,
        1.7163864804132818e-11,
        2.74239967048147e-11,
        4.261099247277727e-11,
        2.4593237563886187e-11,
        1.5454326682761907e-11,
        1.6968478144031526e-11,
        2.963190460347098e-11,
        4.364991190380477e-11,
        3.1808936665637827e-11,
        2.492205730769668e-11,
        2.148676925103778e-11,
        1.924680100463255e-11,
        1.6680247330865344e-11,
        4.592241323868796e-11,
        3.067334726410359e-11,
        2.830401028519031e-11,
        2.5795780803098433e-11,
        4.2401526533662286e-11,
        4.2761162158838654e-11,
        2.667079870121806e-11,
        2.930343494032028e-11,
        2.3863632102234598e-11,
        2.1242132709113827e-11,
        1.6441596239017506e-11,
        2.9450937510477116e-11,
        2.3626111922679804e-11,
        2.3099969807217644e-11
      ],
      "confidence": 0.7
    }
  ]
}