{
  "chunk": 972,
  "total_chunks": 3600,
  "patterns_found": 2,
  "start_time": 971.0002697222972,
  "end_time": 971.9992699997973,
  "patterns": [
    {
      "type": "spike",
      "count": 16,
      "times": [
        971.0032697231305,
        971.0082697245194,
        971.0112697253528,
        971.0222697284083,
        971.0302697306305,
        971.0402697334083,
        971.0512697364638,
        971.0612697392417,
        971.100269750075,
        971.8572699603528,
        971.9092699747972,
        971.9452699847973,
        971.9672699909083,
        971.9722699922972,
        971.9852699959084,
        971.991269997575
      ],
      "amplitudes": [
        0.0012155514262315872,
        0.0011435661227022042,
        0.0011457806453081764,
        0.0010588216988913466,
        0.001053107302173493,
        0.0010517505249273023,
        0.0010930381842979295,
        0.0011082887188543942,
        0.0010944133232526374,
        0.0010553267626013019,
        0.0011227808020001725,
        0.0010456338688648586,
        0.0010585934032571274,
        0.0010488705721709852,
        0.0011164263179982968,
        0.001217552180970339
      ],
      "confidence": 0.8
    },
    {
      "type": "oscillation",
      "frequencies": [
        3.906248914738643,
        19.531244573693215,
        39.06248914738643,
        54.687484806341004,
        78.12497829477286,
        97.65622286846607,
        109.37496961268201,
        124.99996527163658,
        144.5312098453298,
        160.15620550428437,
        171.8749522485003,
        183.59369899271624,
        199.2186946516708,
        210.93744139588674,
        230.46868596957995,
        246.0936816285345,
        265.62492620222775,
        277.3436729464437,
        308.5936642643528,
        328.12490883804605,
        347.65615341173924,
        367.1873979854325,
        386.71864255912567,
        402.34363821808023,
        417.96863387703485,
        429.6873806212508,
        445.31237628020534,
        457.0311230244213,
        472.65611868337584,
        484.37486542759177,
        496.0936121718077
      ],
      "power": [
        2.492018756472595e-10,
        2.696477531393581e-11,
        3.281157983526748e-11,
        3.52750402503244e-11,
        3.770128936130195e-11,
        3.4973210455704315e-11,
        1.784635560516429e-11,
        2.9557964711045844e-11,
        1.9561483502138315e-11,
        2.9122285258490115e-11,
        4.765146988734631e-11,
        3.9453368766203736e-11,
        2.802257652827501e-11,
        3.2781830933442365e-11,
        2.7237307759322622e-11,
        1.3986895543798145e-11,
        3.9233234745362216e-11,
        2.4958738275820275e-11,
        3.536871103224995e-11,
        2.0296490242822436e-11,
        2.935548822154765e-11,
        3.00863313271924e-11,
        2.770636604277613e-11,
        3.7507014905740867e-11,
        2.2939588540591425e-11,
        2.3975896005836603e-11,
        1.850727859911897e-11,
        1.8497877802665942e-11,
        2.8758027109100116e-11,
        2.2217589035742086e-11,
        2.972956604543342e-11
      ],
      "confidence": 0.7
    }
  ]
}