{
  "chunk": 1043,
  "total_chunks": 3600,
  "patterns_found": 2,
  "start_time": 1042.000289444525,
  "end_time": 1042.999289722025,
  "patterns": [
    {
      "type": "spike",
      "count": 10,
      "times": [
        1042.4292895636916,
        1042.4532895703583,
        1042.463289573136,
        1042.4702895750804,
        1042.473289575914,
        1042.4802895778582,
        1042.4822895784139,
        1042.5582895995249,
        1042.5702896028583,
        1042.5732896036916
      ],
      "amplitudes": [
        0.001690272559686524,
        0.0016881403604742994,
        0.001680740386575623,
        0.001735195132560782,
        0.0016915520956698941,
        0.001760713829952562,
        0.0017690179306093848,
        0.0017533916062721208,
        0.0016923471568694476,
        0.0017234476309357634
      ],
      "confidence": 0.8
    },
    {
      "type": "oscillation",
      "frequencies": [
        3.906248914738643,
        23.43749348843186,
        35.15624023264779,
        46.87498697686372,
        54.687484806341004,
        70.31248046529558,
        82.03122720951151,
        89.8437250389888,
        101.56247178320473,
        109.37496961268201,
        124.99996527163658,
        144.5312098453298,
        175.78120116323893,
        187.49994790745487,
        210.93744139588674,
        234.3749348843186,
        246.0936816285345,
        261.7186772874891,
        273.437424031705,
        285.15617077592094,
        296.8749175201369,
        312.49991317909144,
        332.0311577527847,
        351.56240232647787,
        367.1873979854325,
        378.9061447296484,
        390.6248914738643,
        406.2498871328189,
        414.06238496229616,
        441.40612736546666,
        453.1248741096826,
        464.8436208538985,
        488.2811143423304
      ],
      "power": [
        3.2324865349876826e-10,
        2.234605778220419e-11,
        1.806117348785567e-11,
        1.0441810371168101e-11,
        1.9021475062427025e-11,
        2.3125187786044584e-11,
        3.191484717065837e-11,
        2.472014614359662e-11,
        1.4345181926942088e-11,
        2.5279076065403667e-11,
        2.9304326789778065e-11,
        3.550516400542118e-11,
        3.042140745325027e-11,
        1.51810982213547e-11,
        3.7697092969785366e-11,
        2.7844104807287253e-11,
        2.4043127592099195e-11,
        2.811370682308074e-11,
        1.759665877476784e-11,
        1.7273150572728112e-11,
        1.9852718090583382e-11,
        2.570849615977993e-11,
        3.105113434371337e-11,
        2.2677048873955758e-11,
        1.9328184393072564e-11,
        3.375862399698769e-11,
        1.9863154834846287e-11,
        2.732311805763476e-11,
        3.062282047372043e-11,
        2.9074070222960295e-11,
        2.8703684816156627e-11,
        4.1870390658143804e-11,
        2.6005956053792784e-11
      ],
      "confidence": 0.7
    }
  ]
}