{
  "chunk": 1925,
  "total_chunks": 3600,
  "patterns_found": 2,
  "start_time": 1924.000534444593,
  "end_time": 1924.9995347220931,
  "patterns": [
    {
      "type": "spike",
      "count": 9,
      "times": [
        1924.3705345473709,
        1924.400534555704,
        1924.4125345590376,
        1924.4385345662597,
        1924.4805345779264,
        1924.4875345798707,
        1924.513534587093,
        1924.540534594593,
        1924.671534630982
      ],
      "amplitudes": [
        0.0017060598146037087,
        0.0017470587570840817,
        0.0017150557185587221,
        0.001711254407151635,
        0.0016976015232994558,
        0.0017448083089594928,
        0.0017301225016376387,
        0.001735853346237227,
        0.0017646143911942966
      ],
      "confidence": 0.8
    },
    {
      "type": "oscillation",
      "frequencies": [
        3.906248915626821,
        11.718746746880463,
        27.343742409387747,
        39.062489156268214,
        46.87498698752185,
        58.59373373440232,
        66.40623156565596,
        78.12497831253643,
        97.65622289067053,
        121.09371638443146,
        148.43745879381922,
        175.78120120320696,
        191.40619686571424,
        199.21869469696787,
        210.93744144384834,
        222.6561881907288,
        238.2811838532361,
        253.9061795157434,
        265.62492626262383,
        273.4374240938775,
        285.15617084075797,
        292.9686686720116,
        316.4061621657725,
        339.84365565953345,
        359.37490023766753,
        374.9998959001748,
        386.7186426470553,
        402.3436383095626,
        421.8748828876967,
        433.59362963457716,
        441.4061274658308,
        472.65611879084537,
        480.46861662209903,
        488.28111445335264
      ],
      "power": [
        2.4656855372075074e-10,
        3.15327018889959e-11,
        2.1047548581748216e-11,
        1.9917928853301468e-11,
        1.529196138399755e-11,
        1.7111642145238576e-11,
        1.737423868785905e-11,
        2.9708139244791816e-11,
        4.9950073986956166e-11,
        2.338287459352412e-11,
        2.8257480279622283e-11,
        3.400251972115678e-11,
        2.5243535174008425e-11,
        2.4007947333888188e-11,
        1.918345510175446e-11,
        2.6796234761163904e-11,
        2.2056072621869858e-11,
        3.476247607155565e-11,
        3.500980597031876e-11,
        2.1300376771053035e-11,
        1.8853187649856033e-11,
        2.1612948703881525e-11,
        2.5955701700015898e-11,
        4.2383225821771705e-11,
        2.6877347008261853e-11,
        2.352198609650556e-11,
        2.2751322078780888e-11,
        3.515481151597085e-11,
        2.1645543277803196e-11,
        2.669412580523512e-11,
        1.787703016486528e-11,
        2.3711610893374698e-11,
        3.020236082649194e-11,
        3.2447015473625276e-11
      ],
      "confidence": 0.7
    }
  ]
}