{
  "chunk": 90,
  "total_chunks": 3600,
  "patterns_found": 2,
  "start_time": 89.0000247222291,
  "end_time": 89.99902499972917,
  "patterns": [
    {
      "type": "spike",
      "count": 18,
      "times": [
        89.00302472306242,
        89.02702472972909,
        89.03202473111799,
        89.04402473445133,
        89.0540247372291,
        89.06702474084021,
        89.0810247447291,
        89.93302498139583,
        89.94302498417362,
        89.9480249855625,
        89.95102498639584,
        89.96002498889584,
        89.96402499000695,
        89.9710249919514,
        89.9840249955625,
        89.98602499611806,
        89.99002499722917,
        89.99502499861806
      ],
      "amplitudes": [
        0.0011119703281699514,
        0.0010654599521173142,
        0.0011492851883975707,
        0.0010859985125438172,
        0.0011173091854479451,
        0.0011325192710590645,
        0.0010980827399315104,
        0.00105674247649,
        0.0010791559843833193,
        0.0011531209822871278,
        0.0011109936282677512,
        0.0011299542617068928,
        0.0011242048962639658,
        0.0010617945218673295,
        0.0010913027899339442,
        0.0010579885524088686,
        0.0010759149255871422,
        0.00114104347575649
      ],
      "confidence": 0.8
    },
    {
      "type": "oscillation",
      "frequencies": [
        3.906248914960688,
        19.531244574803438,
        35.15624023464619,
        46.87498697952825,
        58.59373372441032,
        82.03122721417445,
        105.46872070393857,
        113.28121853385994,
        132.8124631086634,
        152.34370768346682,
        164.0624544283489,
        171.87495225827027,
        179.68745008819164,
        187.499947918113,
        199.2186946629951,
        207.03119249291646,
        226.56243706771988,
        234.37493489764128,
        242.18743272756265,
        257.8124283874054,
        292.9686686220516,
        308.59366428189435,
        320.3124110267764,
        328.1249088566978,
        347.6561534315012,
        363.281149091344,
        378.90614475118673,
        386.7186425811081,
        414.0623849858329,
        421.8748828157543,
        449.2186252204791,
        457.0311230504005,
        472.6561187102432,
        496.0936122000073
      ],
      "power": [
        2.9728018872766707e-10,
        2.489918441670253e-11,
        2.2686469710672787e-11,
        1.9600632125039302e-11,
        2.7841776977823494e-11,
        1.961888479788872e-11,
        3.086647604657941e-11,
        2.7487904657463865e-11,
        2.8772102825714315e-11,
        2.8643502255498332e-11,
        2.9882068872996055e-11,
        2.0658853484568468e-11,
        1.9346391812328007e-11,
        1.9703150212234033e-11,
        1.938139397707972e-11,
        1.3413430010329623e-11,
        2.226482095129977e-11,
        1.9069052229431497e-11,
        1.7463237075376696e-11,
        3.105309080900882e-11,
        2.983988540432464e-11,
        2.7600634831618638e-11,
        2.1789912983302934e-11,
        1.8276130070825875e-11,
        2.9609604150804706e-11,
        3.472150729846375e-11,
        3.925548960933893e-11,
        2.2450551775464892e-11,
        2.9085687700194157e-11,
        2.930467618118809e-11,
        1.534023852327378e-11,
        1.7032257420543304e-11,
        3.997229448478982e-11,
        2.7237673678567184e-11
      ],
      "confidence": 0.7
    }
  ]
}