{
  "chunk": 2000,
  "total_chunks": 3600,
  "patterns_found": 2,
  "start_time": 1999.000555277932,
  "end_time": 1999.9995555554322,
  "patterns": [
    {
      "type": "spike",
      "count": 21,
      "times": [
        1999.0085552801543,
        1999.0125552812656,
        1999.023555284321,
        1999.0255552848766,
        1999.0305552862656,
        1999.032555286821,
        1999.0475552909877,
        1999.0535552926544,
        1999.0555552932099,
        1999.0785552995987,
        1999.1065553073765,
        1999.1735553259878,
        1999.8625555173767,
        1999.9355555376544,
        1999.9415555393211,
        1999.9535555426544,
        1999.9565555434879,
        1999.9615555448765,
        1999.9845555512654,
        1999.9905555529322,
        1999.9985555551543
      ],
      "amplitudes": [
        0.0010703489782296711,
        0.0011320173667955557,
        0.0011292178323887355,
        0.0011367803400711535,
        0.0010781068622335893,
        0.001060373889235004,
        0.0010708163998962507,
        0.0010976938813380553,
        0.0010700367767684093,
        0.0010550139527420602,
        0.001070286997506157,
        0.001065356251495127,
        0.0010925674654528412,
        0.001189874533238092,
        0.0010846858718812778,
        0.0012766786040454448,
        0.001087632515579048,
        0.0011395751041438117,
        0.0010704212972449027,
        0.0010787648581862643,
        0.0010993983328918707
      ],
      "confidence": 0.8
    },
    {
      "type": "oscillation",
      "frequencies": [
        3.906248914738643,
        23.43749348843186,
        39.06248914738643,
        58.59373372107965,
        74.21872938003422,
        93.74997395372743,
        113.28121852742065,
        132.81246310111388,
        152.3437076748071,
        160.15620550428437,
        171.8749522485003,
        179.6874500779776,
        191.40619682219352,
        199.2186946516708,
        210.93744139588674,
        230.46868596957995,
        249.99993054327317,
        261.7186772874891,
        285.15617077592094,
        312.49991317909144,
        324.21865992330737,
        339.843655582262,
        351.56240232647787,
        359.3749001559552,
        378.9061447296484,
        386.71864255912567,
        394.531140388603,
        433.5936295359894,
        441.40612736546666,
        457.0311230244213,
        468.7498697686372,
        480.4686165128531,
        496.0936121718077
      ],
      "power": [
        3.303866033392287e-10,
        3.7129030456778305e-11,
        3.024636375485187e-11,
        1.7465496239726396e-11,
        4.7454601189516554e-11,
        2.9766933265343686e-11,
        2.3886830443006707e-11,
        2.3866782579257953e-11,
        3.138241959894575e-11,
        2.6827002898889104e-11,
        3.7086097268123675e-11,
        2.644492965984934e-11,
        4.391873506555923e-11,
        3.6482151000930385e-11,
        4.397479365844539e-11,
        4.4824268579399987e-11,
        1.8602661234409864e-11,
        1.8785563303933436e-11,
        4.84453585682854e-11,
        2.498481394383789e-11,
        2.8991064691120115e-11,
        3.7937227653332576e-11,
        1.747649071514769e-11,
        2.4128022341895652e-11,
        3.652888216708589e-11,
        4.3547745354307485e-11,
        3.5716446541079735e-11,
        5.761836681390245e-11,
        3.0668485167590915e-11,
        2.6173601691878776e-11,
        2.669950542732593e-11,
        2.861549390113806e-11,
        1.774033846211745e-11
      ],
      "confidence": 0.7
    }
  ]
}