{
  "chunk": 3321,
  "total_chunks": 3600,
  "patterns_found": 2,
  "start_time": 3320.0009222224785,
  "end_time": 3320.9999224999788,
  "patterns": [
    {
      "type": "spike",
      "count": 6,
      "times": [
        3320.4239223399786,
        3320.442922345256,
        3320.452922348034,
        3320.511922364423,
        3320.569922380534,
        3320.68892241359
      ],
      "amplitudes": [
        0.0018011418154830507,
        0.001749412238315922,
        0.0016954034716118419,
        0.0017226548175943526,
        0.0017048075676155926,
        0.0017162927346242884
      ],
      "confidence": 0.8
    },
    {
      "type": "oscillation",
      "frequencies": [
        3.9062489138504652,
        11.718746741551396,
        27.343742396953257,
        42.96873805235512,
        54.68748479390651,
        70.31248044930837,
        89.8437250185607,
        105.46872067396257,
        117.18746741551396,
        128.90621415706536,
        140.62496089861673,
        160.15620546786909,
        171.87495220942048,
        187.49994786482233,
        203.12494352022418,
        218.74993917562605,
        238.28118374487838,
        249.99993048642978,
        265.6249261418316,
        285.156170711084,
        296.8749174526354,
        308.5936641941868,
        320.31241093573817,
        332.03115767728957,
        343.74990441884097,
        359.3749000742428,
        371.0936468157942,
        378.9061446434951,
        386.71864247119606,
        402.3436381265979,
        414.0623848681493,
        433.59362943740166,
        445.31237617895306,
        457.03112292050446,
        472.6561185759063,
        484.3748653174577,
        496.0936120590091
      ],
      "power": [
        3.403769716664347e-10,
        3.66749209313771e-11,
        1.9342777077100437e-11,
        1.673998174137429e-11,
        2.6225444287073425e-11,
        3.1691061874293364e-11,
        2.230748327272119e-11,
        1.8952790350518455e-11,
        2.54152058508112e-11,
        2.6194912853228366e-11,
        1.6776271879635058e-11,
        2.092019092207103e-11,
        4.110818880252506e-11,
        2.7785287583368043e-11,
        1.9336570175360954e-11,
        2.6802241405311655e-11,
        2.8563311123357246e-11,
        2.737058204428415e-11,
        2.6958576002176104e-11,
        1.2536688271913572e-11,
        2.7405633075378173e-11,
        3.5690055072776864e-11,
        2.6652107335106975e-11,
        3.733548064530555e-11,
        1.9090568031188664e-11,
        3.9215487894528056e-11,
        3.305241915988692e-11,
        2.898590306877418e-11,
        1.3669941857762533e-11,
        3.436118538445324e-11,
        3.002506893580695e-11,
        1.6064388645973643e-11,
        2.6290981996404122e-11,
        1.818710605940956e-11,
        2.3633076939327296e-11,
        2.119806100487975e-11,
        2.1298052136124787e-11
      ],
      "confidence": 0.7
    }
  ]
}