{
  "chunk": 2298,
  "total_chunks": 3600,
  "patterns_found": 2,
  "start_time": 2297.000638055733,
  "end_time": 2297.999638333233,
  "patterns": [
    {
      "type": "spike",
      "count": 21,
      "times": [
        2297.008638057955,
        2297.0116380587883,
        2297.0176380604553,
        2297.0206380612885,
        2297.022638061844,
        2297.0246380623994,
        2297.0286380635107,
        2297.0536380704552,
        2297.055638071011,
        2297.0796380776774,
        2297.089638080455,
        2297.107638085455,
        2297.882638300733,
        2297.9256383126776,
        2297.9326383146217,
        2297.9536383204554,
        2297.9586383218443,
        2297.964638323511,
        2297.967638324344,
        2297.9756383265662,
        2297.985638329344
      ],
      "amplitudes": [
        0.0010773086513866013,
        0.0010723193680573586,
        0.001075332001552893,
        0.0011048360301708022,
        0.0012347045454235933,
        0.0011103720034535318,
        0.0010931397514630699,
        0.00106641124236788,
        0.0010863003639343081,
        0.0010767514835780508,
        0.001070970840854196,
        0.0010971658177405493,
        0.0011911708422729485,
        0.001088148742376866,
        0.001084442076413189,
        0.0011246087612026504,
        0.0010668298329327597,
        0.0011699239125484019,
        0.0012348983703821758,
        0.001225923906865275,
        0.0010664994490072928
      ],
      "confidence": 0.8
    },
    {
      "type": "oscillation",
      "frequencies": [
        3.906248915626821,
        15.624995662507285,
        35.15624024064139,
        50.781235903148676,
        62.49998265002914,
        89.84372505941688,
        101.56247180629735,
        121.09371638443146,
        128.9062142156851,
        144.53120987819239,
        156.24995662507285,
        175.78120120320696,
        187.4999479500874,
        195.31244578134107,
        207.0311925282215,
        222.6561881907288,
        238.2811838532361,
        246.09368168448972,
        257.8124284313702,
        265.62492626262383,
        277.3436730095043,
        289.06241975638477,
        296.87491758763844,
        304.68741541889204,
        316.4061621657725,
        324.2186599970262,
        335.93740674390665,
        343.74990457516026,
        355.4686513220407,
        371.093646984548,
        378.90614481580167,
        390.62489156268214,
        406.2498872251894,
        414.062385056443,
        429.68738071895035,
        441.4061274658308,
        460.9373720439649,
        476.5623677064722,
        492.18736336897945
      ],
      "power": [
        3.326126695008171e-10,
        3.680818582959061e-11,
        2.4894473541359446e-11,
        1.8881400975180027e-11,
        3.788283974854459e-11,
        2.6971612803684264e-11,
        2.4028379066850383e-11,
        2.516606072041547e-11,
        1.9185534137388468e-11,
        1.6294020105516002e-11,
        2.818564590292581e-11,
        2.2053597876736237e-11,
        2.0357513289241134e-11,
        2.472811027527149e-11,
        2.4527084814322806e-11,
        2.3734699784915684e-11,
        2.5332847544250577e-11,
        2.2400020636157406e-11,
        2.7802086278650923e-11,
        3.464372357858382e-11,
        1.8605358629187963e-11,
        1.8587579818522325e-11,
        2.643597909515481e-11,
        3.143325453020333e-11,
        4.0707895912314203e-11,
        4.0715218639163094e-11,
        1.756090997296743e-11,
        1.7732052397689793e-11,
        2.5113186715345993e-11,
        2.0674110566862197e-11,
        1.9746945888358406e-11,
        3.849138040158978e-11,
        2.2319209397456122e-11,
        3.061860828592051e-11,
        1.9081983029013914e-11,
        2.1684284600645218e-11,
        3.007570627245032e-11,
        2.881438539793217e-11,
        2.655176271371114e-11
      ],
      "confidence": 0.7
    }
  ]
}