{
  "chunk": 451,
  "total_chunks": 3600,
  "patterns_found": 2,
  "start_time": 450.00012500003476,
  "end_time": 450.9991252775348,
  "patterns": [
    {
      "type": "spike",
      "count": 15,
      "times": [
        450.3011250836459,
        450.3911251086459,
        450.4161251155903,
        450.4191251164237,
        450.42412511781254,
        450.42912511920144,
        450.467125129757,
        450.4981251383681,
        450.56012515559036,
        450.57712516031256,
        450.59612516559037,
        450.61012516947926,
        450.6151251708681,
        450.62312517309033,
        450.6711251864237
      ],
      "amplitudes": [
        0.0017463972369312305,
        0.0016943667437301115,
        0.0017720669436522229,
        0.0017120217660768467,
        0.0017237503363816571,
        0.0017810990194969743,
        0.001746356745992708,
        0.001687647245872957,
        0.0018069488685612915,
        0.0016988523370737591,
        0.0016793535846914872,
        0.0017059023009771837,
        0.0017132092318641206,
        0.001747058639182651,
        0.0017455238714971782
      ],
      "confidence": 0.8
    },
    {
      "type": "oscillation",
      "frequencies": [
        3.906248914960688,
        11.718746744882063,
        27.343742404724814,
        35.15624023464619,
        42.96873806456757,
        50.781235894488944,
        62.499982639371005,
        82.03122721417445,
        93.7499739590565,
        109.37496961889926,
        124.99996527874201,
        136.71871202362408,
        148.43745876850613,
        171.87495225827027,
        199.2186946629951,
        214.84369032283783,
        230.46868598268057,
        238.28118381260197,
        246.09368164252334,
        261.7186773023661,
        277.3436729622088,
        289.0624197070909,
        312.499913196855,
        328.1249088566978,
        339.8436556015798,
        367.18739800630465,
        382.8123936661474,
        390.62489149606876,
        417.9686339007936,
        429.68738064567566,
        445.3123763055184,
        460.93737196536114,
        472.6561187102432,
        492.1873632850467
      ],
      "power": [
        2.8935094521794685e-10,
        2.3799935091678608e-11,
        2.184879779184221e-11,
        2.1897718016835682e-11,
        2.2026410745082248e-11,
        2.200335649102305e-11,
        1.978405658151961e-11,
        2.700376646766831e-11,
        1.9962777887344843e-11,
        2.1209624569872263e-11,
        3.339489013202366e-11,
        1.7779127757719577e-11,
        3.455928578685408e-11,
        2.556039679636531e-11,
        3.285402565169762e-11,
        4.3457745502403275e-11,
        2.1070630614734678e-11,
        2.7025998180510277e-11,
        2.906692755880897e-11,
        2.901244345178861e-11,
        2.499264198377871e-11,
        4.64849658133078e-11,
        3.368889482522529e-11,
        2.309446046799707e-11,
        2.3621804370568732e-11,
        3.443910299037458e-11,
        1.8315558236257423e-11,
        1.5108964597237756e-11,
        2.4982320068334927e-11,
        3.197264714614692e-11,
        2.5361738303528822e-11,
        1.946772303210132e-11,
        5.0338284723988825e-11,
        3.8212539453927086e-11
      ],
      "confidence": 0.7
    }
  ]
}