{
  "chunk": 1844,
  "total_chunks": 3600,
  "patterns_found": 2,
  "start_time": 1843.0005119445868,
  "end_time": 1843.9995122220869,
  "patterns": [
    {
      "type": "spike",
      "count": 19,
      "times": [
        1843.0025119451423,
        1843.004511945698,
        1843.0165119490312,
        1843.0205119501422,
        1843.0235119509757,
        1843.0335119537535,
        1843.0675119631978,
        1843.88551219042,
        1843.9325122034757,
        1843.940512205698,
        1843.9425122062535,
        1843.9445122068091,
        1843.9515122087535,
        1843.9555122098645,
        1843.962512211809,
        1843.9695122137534,
        1843.9745122151423,
        1843.9825122173645,
        1843.9965122212534
      ],
      "amplitudes": [
        0.0011475873122458805,
        0.001080115770890218,
        0.0010658084117421095,
        0.0011519878162866849,
        0.0011247949600158426,
        0.0010704161465127228,
        0.0011687318577210063,
        0.0010496086328711204,
        0.0010477819035674685,
        0.001044022981038014,
        0.0010543230608489936,
        0.0010561409904327299,
        0.001071409181854278,
        0.001063220828066051,
        0.0011809254670880137,
        0.001049267609814786,
        0.0011246310680383738,
        0.0011153932022733273,
        0.0011448229043628632
      ],
      "confidence": 0.8
    },
    {
      "type": "oscillation",
      "frequencies": [
        3.906248915626821,
        39.062489156268214,
        58.59373373440232,
        70.31248048128278,
        78.12497831253643,
        97.65622289067053,
        113.28121855317781,
        124.99996530005828,
        148.43745879381922,
        156.24995662507285,
        171.87495228758013,
        187.4999479500874,
        207.0311925282215,
        226.56243710635562,
        261.718677346997,
        285.15617084075797,
        304.68741541889204,
        320.3124110813993,
        328.124908912653,
        351.5624024064139,
        363.2811491532944,
        382.8123937314285,
        402.3436383095626,
        414.062385056443,
        421.8748828876967,
        433.59362963457716,
        445.3123763814576,
        457.0311231283381,
        464.8436209595917,
        476.5623677064722,
        496.0936122846063
      ],
      "power": [
        2.765757741022968e-10,
        3.831598809986602e-11,
        1.9996031872279028e-11,
        1.616961242770873e-11,
        1.9799731177691028e-11,
        2.4275616442258895e-11,
        2.3331693964742933e-11,
        2.6124955961309523e-11,
        2.3830181432970658e-11,
        1.5099851964906556e-11,
        2.0368676999900866e-11,
        2.5644057375712298e-11,
        2.2461876133476025e-11,
        3.4396443146636414e-11,
        2.325655339697544e-11,
        1.7012315273477093e-11,
        1.9438914914404216e-11,
        1.4611667116274515e-11,
        9.776120547708053e-12,
        4.4153580938202406e-11,
        2.1748873911155124e-11,
        1.805803858533998e-11,
        2.4452432363289636e-11,
        5.273124869672728e-11,
        2.7157175983140522e-11,
        2.808901519108906e-11,
        1.7662177768627877e-11,
        3.237134766182521e-11,
        3.1671713134152364e-11,
        2.3442119445336377e-11,
        3.2180558991607973e-11
      ],
      "confidence": 0.7
    }
  ]
}