{
  "chunk": 2984,
  "total_chunks": 3600,
  "patterns_found": 2,
  "start_time": 2983.0008286113416,
  "end_time": 2983.9998288888414,
  "patterns": [
    {
      "type": "spike",
      "count": 23,
      "times": [
        2983.001828611619,
        2983.0098286138414,
        2983.0128286146746,
        2983.0178286160635,
        2983.019828616619,
        2983.021828617175,
        2983.0318286199526,
        2983.0338286205083,
        2983.0358286210635,
        2983.0538286260635,
        2983.055828626619,
        2983.910828864119,
        2983.920828866897,
        2983.92382886773,
        2983.925828868286,
        2983.949828874953,
        2983.967828879953,
        2983.9718288810636,
        2983.9738288816193,
        2983.9848288846747,
        2983.9868288852304,
        2983.9908288863417,
        2983.9958288877306
      ],
      "amplitudes": [
        0.0011240819877802188,
        0.001082478678202548,
        0.0011462800772398722,
        0.0012482145491653333,
        0.0011519248641152504,
        0.0010571393839962156,
        0.0011224274186435678,
        0.0010586224420637193,
        0.0011346734850883246,
        0.001081173805078803,
        0.0010563344417332948,
        0.0010478998789015127,
        0.0010470905544891901,
        0.001145071164636311,
        0.0010693169788953702,
        0.0012004669591102392,
        0.001131285344066765,
        0.0011350341168911483,
        0.0010917416615810764,
        0.0010967323306627832,
        0.0011303243076713422,
        0.0010732175639224667,
        0.0010465477117400778
      ],
      "confidence": 0.8
    },
    {
      "type": "oscillation",
      "frequencies": [
        3.906248915626821,
        23.437493493760925,
        39.062489156268214,
        54.687484818775495,
        66.40623156565596,
        89.84372505941688,
        117.18746746880464,
        124.99996530005828,
        148.43745879381922,
        167.96870337195332,
        179.68745011883377,
        203.1249436125947,
        214.84369035947518,
        234.37493493760928,
        249.99993060011656,
        261.718677346997,
        273.4374240938775,
        281.2499219251311,
        289.06241975638477,
        304.68741541889204,
        320.3124110813993,
        332.0311578282798,
        343.74990457516026,
        351.5624024064139,
        367.1873980689212,
        378.90614481580167,
        398.43738939393575,
        410.1561361408162,
        429.68738071895035,
        441.4061274658308,
        457.0311231283381,
        484.37486553772584,
        496.0936122846063
      ],
      "power": [
        3.3278660483115643e-10,
        1.8043068007529085e-11,
        1.804139811365918e-11,
        2.5619914728421668e-11,
        4.096041020518438e-11,
        3.3983076985852615e-11,
        3.0056002086847835e-11,
        2.2056247844151826e-11,
        4.0462008149302104e-11,
        2.5057000356978277e-11,
        2.1098840232318418e-11,
        3.538746636885625e-11,
        3.1524072513621e-11,
        3.953642331140344e-11,
        1.4591892169830964e-11,
        1.3747093489684945e-11,
        1.983552623912956e-11,
        1.923812724040345e-11,
        2.9721559245436905e-11,
        3.785952521876375e-11,
        2.4145064151544166e-11,
        2.290821694826576e-11,
        1.8622072709227662e-11,
        2.6551405815317955e-11,
        3.3051912512377795e-11,
        2.9427574052248176e-11,
        2.8592828695884996e-11,
        1.4388917203026773e-11,
        3.5393500321486974e-11,
        2.2737468226947495e-11,
        2.4394580251107816e-11,
        1.944981269183696e-11,
        1.9997830142920017e-11
      ],
      "confidence": 0.7
    }
  ]
}