{
  "chunk": 3237,
  "total_chunks": 3600,
  "patterns_found": 2,
  "start_time": 3236.0008988891386,
  "end_time": 3236.999899166639,
  "patterns": [
    {
      "type": "spike",
      "count": 7,
      "times": [
        3236.4308990085833,
        3236.489899024972,
        3236.4938990260835,
        3236.5348990374723,
        3236.5528990424723,
        3236.590899053028,
        3236.628899063583
      ],
      "amplitudes": [
        0.0017221384537860782,
        0.001724942581731631,
        0.001736896552447134,
        0.0017155844140753374,
        0.0018749081695559236,
        0.0017254885029089786,
        0.0016931090751575975
      ],
      "confidence": 0.8
    },
    {
      "type": "oscillation",
      "frequencies": [
        3.9062489138504652,
        11.718746741551396,
        19.531244569252326,
        31.249991310803722,
        42.96873805235512,
        50.781235880056045,
        74.21872936315884,
        89.8437250185607,
        105.46872067396257,
        124.99996524321489,
        144.5312098124672,
        156.2499565540186,
        167.96870329557,
        179.6874500371214,
        191.4061967786728,
        207.03119243407465,
        218.74993917562605,
        226.56243700332698,
        238.28118374487838,
        257.8124283141307,
        273.4374239695326,
        285.156170711084,
        296.8749174526354,
        312.4999131080372,
        332.03115767728957,
        343.74990441884097,
        355.4686511603923,
        371.0936468157942,
        378.9061446434951,
        390.6248913850465,
        402.3436381265979,
        417.96863378199976,
        433.59362943740166,
        457.03112292050446,
        472.6561185759063,
        488.28111423130815,
        496.0936120590091
      ],
      "power": [
        2.8064794779459367e-10,
        3.0437354566629393e-11,
        2.1287106498748885e-11,
        3.439025071213144e-11,
        2.3414319644866957e-11,
        1.7764893754308032e-11,
        3.5102564313974865e-11,
        2.8264170351015238e-11,
        5.0047978577400916e-11,
        2.4477842539821035e-11,
        2.4126935964777076e-11,
        2.3671628196155627e-11,
        1.6765543388811484e-11,
        1.8916216384800806e-11,
        2.793852922478941e-11,
        2.2295823527499816e-11,
        3.264270132249777e-11,
        2.4378955029293954e-11,
        2.264503602209208e-11,
        3.286417896682129e-11,
        2.2911981987723663e-11,
        2.2688434533709842e-11,
        1.2643341730327507e-11,
        2.971617061257065e-11,
        1.3555604532209984e-11,
        2.7979053526743553e-11,
        1.54551243746419e-11,
        2.4807677509776276e-11,
        2.172172441339154e-11,
        2.28488746465316e-11,
        2.217356370380911e-11,
        2.022356471610791e-11,
        2.2929647988651e-11,
        3.3175252036166554e-11,
        3.691734400481785e-11,
        1.443814931522137e-11,
        1.5415541481490175e-11
      ],
      "confidence": 0.7
    }
  ]
}