{
  "chunk": 2038,
  "total_chunks": 3600,
  "patterns_found": 2,
  "start_time": 2037.0005658334906,
  "end_time": 2037.9995661109906,
  "patterns": [
    {
      "type": "spike",
      "count": 19,
      "times": [
        2037.0015658337684,
        2037.003565834324,
        2037.0135658371016,
        2037.0185658384905,
        2037.0245658401573,
        2037.0425658451572,
        2037.0465658462683,
        2037.0565658490461,
        2037.083565856546,
        2037.0875658576572,
        2037.0905658584907,
        2037.8965660823796,
        2037.939566094324,
        2037.9615661004352,
        2037.9775661048795,
        2037.9835661065463,
        2037.989566108213,
        2037.993566109324,
        2037.9955661098795
      ],
      "amplitudes": [
        0.001048239753401609,
        0.0011583783568785593,
        0.0010482517547213163,
        0.0011332367949662572,
        0.0010730939888830904,
        0.0010674756750557587,
        0.0010786988946741316,
        0.0010979493516875577,
        0.0011058328591323405,
        0.00122260395625559,
        0.0011895203553628816,
        0.0010818204267954437,
        0.0010530988703142303,
        0.001046508235403375,
        0.0011320234484796694,
        0.0011346283611767948,
        0.0012084627443383431,
        0.0011138758823106716,
        0.0011341178719213778
      ],
      "confidence": 0.8
    },
    {
      "type": "oscillation",
      "frequencies": [
        3.906248914738643,
        19.531244573693215,
        39.06248914738643,
        50.781235891602364,
        70.31248046529558,
        78.12497829477286,
        97.65622286846607,
        105.46872069794337,
        117.1874674421593,
        136.7187120158525,
        152.3437076748071,
        160.15620550428437,
        167.96870333376165,
        195.31244573693215,
        203.12494356640946,
        210.93744139588674,
        222.65618814010267,
        246.0936816285345,
        261.7186772874891,
        277.3436729464437,
        285.15617077592094,
        304.6874153496142,
        316.4061620938301,
        335.9374066675233,
        343.7499044970006,
        351.56240232647787,
        367.1873979854325,
        390.6248914738643,
        417.96863387703485,
        429.6873806212508,
        445.31237628020534,
        468.7498697686372,
        480.4686165128531,
        492.187363257069
      ],
      "power": [
        3.665994436683255e-10,
        2.2535692803682394e-11,
        1.6027116076475905e-11,
        3.91670882385271e-11,
        1.8521049431691195e-11,
        2.4063925314604697e-11,
        1.842926025747524e-11,
        1.8743973991016073e-11,
        2.7224686674851695e-11,
        2.996926733809614e-11,
        1.832274223692841e-11,
        1.68625182506143e-11,
        1.781292105355846e-11,
        3.232743206151337e-11,
        1.913545328459494e-11,
        3.033641412397e-11,
        1.742231788779836e-11,
        3.163992965358149e-11,
        3.1948322908203546e-11,
        2.6776021907917687e-11,
        2.7237367832778247e-11,
        2.5356753055505887e-11,
        3.0596313893010974e-11,
        1.4414366090403828e-11,
        1.0832538148927797e-11,
        3.065323239247158e-11,
        3.284333627658576e-11,
        2.7361397818824316e-11,
        2.39824215599324e-11,
        3.191432084729922e-11,
        1.9696671648003554e-11,
        2.9804859333046816e-11,
        2.298849404258968e-11,
        2.659287639390449e-11
      ],
      "confidence": 0.7
    }
  ]
}