{
  "chunk": 1718,
  "total_chunks": 3600,
  "patterns_found": 2,
  "start_time": 1717.000476944577,
  "end_time": 1717.999477222077,
  "patterns": [
    {
      "type": "spike",
      "count": 15,
      "times": [
        1717.0194769498548,
        1717.0254769515216,
        1717.0354769542992,
        1717.0394769554105,
        1717.0464769573548,
        1717.0504769584659,
        1717.058476960688,
        1717.067476963188,
        1717.0694769637437,
        1717.8924771923548,
        1717.9434772065215,
        1717.968477213466,
        1717.972477214577,
        1717.9854772181882,
        1717.9894772192993
      ],
      "amplitudes": [
        0.0010849822875744458,
        0.0011263516587500305,
        0.0010666020360027618,
        0.0011781094050804563,
        0.0011049870790113129,
        0.001150997269936929,
        0.00113661305284209,
        0.001060177563007484,
        0.0010938895599422423,
        0.0010472238306001515,
        0.001154564983102313,
        0.0011286230483773042,
        0.0010476991166751075,
        0.0010776152909210061,
        0.0010475123521220676
      ],
      "confidence": 0.8
    },
    {
      "type": "oscillation",
      "frequencies": [
        3.906248914738643,
        31.249991317909146,
        42.96873806212508,
        62.49998263581829,
        82.03122720951151,
        93.74997395372743,
        101.56247178320473,
        117.1874674421593,
        128.90621418637522,
        152.3437076748071,
        164.06245441902303,
        171.8749522485003,
        183.59369899271624,
        195.31244573693215,
        214.8436903106254,
        226.5624370548413,
        238.28118379905723,
        253.90617945801182,
        265.62492620222775,
        289.0624196906596,
        316.4061620938301,
        324.21865992330737,
        335.9374066675233,
        343.7499044970006,
        355.46865124121655,
        363.2811490706938,
        378.9061447296484,
        390.6248914738643,
        417.96863387703485,
        425.7811317065121,
        445.31237628020534,
        460.9373719391599,
        480.4686165128531,
        492.187363257069
      ],
      "power": [
        3.098274876251144e-10,
        1.8703012967941722e-11,
        2.8152474052572767e-11,
        2.9857800541320335e-11,
        2.0355850310234735e-11,
        2.9081630297030876e-11,
        3.5626001752461326e-11,
        2.758536699649094e-11,
        2.1592397025113017e-11,
        2.658256581016066e-11,
        2.3954397558717045e-11,
        2.4794346989983846e-11,
        2.166531883755165e-11,
        1.8081948131787152e-11,
        3.0589756006418045e-11,
        3.135591818284346e-11,
        1.8173912283902655e-11,
        2.7504464008740624e-11,
        1.870481192155026e-11,
        3.41207923686333e-11,
        4.4062845791741754e-11,
        2.8149079787836396e-11,
        2.015775731584678e-11,
        1.738375629791345e-11,
        3.871499593903282e-11,
        2.1939541785213133e-11,
        2.1620337652923807e-11,
        3.592133327626466e-11,
        2.3037530681532206e-11,
        3.013594507683404e-11,
        2.2402283938130608e-11,
        3.418804552146259e-11,
        3.4920531393848914e-11,
        2.705020029332405e-11
      ],
      "confidence": 0.7
    }
  ]
}