{
  "chunk": 1061,
  "total_chunks": 3600,
  "patterns_found": 2,
  "start_time": 1060.0002944445264,
  "end_time": 1060.9992947220264,
  "patterns": [
    {
      "type": "spike",
      "count": 9,
      "times": [
        1060.3112945309151,
        1060.4062945573041,
        1060.4142945595263,
        1060.4572945714708,
        1060.4802945778597,
        1060.528294591193,
        1060.555294598693,
        1060.5672946020263,
        1060.6242946178597
      ],
      "amplitudes": [
        0.0016816586538872433,
        0.0016992071332888356,
        0.0017143681193549547,
        0.0017419887067534605,
        0.0016865270806306117,
        0.0017377596609770471,
        0.0017177021808623327,
        0.0017806307863539378,
        0.0017410272394687027
      ],
      "confidence": 0.8
    },
    {
      "type": "oscillation",
      "frequencies": [
        3.906248915626821,
        27.343742409387747,
        42.96873807189503,
        50.781235903148676,
        74.21872939690961,
        85.93747614379006,
        101.56247180629735,
        117.18746746880464,
        128.9062142156851,
        156.24995662507285,
        183.5936990344606,
        203.1249436125947,
        210.93744144384834,
        230.46868602198245,
        253.9061795157434,
        265.62492626262383,
        285.15617084075797,
        292.9686686720116,
        300.78116650326524,
        316.4061621657725,
        324.2186599970262,
        355.4686513220407,
        367.1873980689212,
        382.8123937314285,
        414.062385056443,
        437.49987855020396,
        445.3123763814576,
        460.9373720439649,
        472.65611879084537,
        496.0936122846063
      ],
      "power": [
        3.514444239000987e-10,
        2.6262851526405964e-11,
        2.3665811816691497e-11,
        3.081115846858399e-11,
        2.916196397034809e-11,
        2.5910265640384953e-11,
        3.32219252677514e-11,
        3.617146951194897e-11,
        4.043615857631383e-11,
        3.258736340563481e-11,
        4.450236841931463e-11,
        3.5186564979459695e-11,
        4.638910551889663e-11,
        3.9172710308214824e-11,
        2.8584294917472152e-11,
        3.2545953580611556e-11,
        3.327346067324404e-11,
        3.118184794037273e-11,
        2.4219531377131664e-11,
        3.367397191654188e-11,
        2.6240234661547273e-11,
        1.7829714568483784e-11,
        5.904157849890748e-11,
        3.392999781219868e-11,
        1.9290872170299458e-11,
        2.225839528588231e-11,
        3.046289283591606e-11,
        2.5809895682190918e-11,
        3.050302827037167e-11,
        2.2807393209642898e-11
      ],
      "confidence": 0.7
    }
  ]
}