{
  "chunk": 2795,
  "total_chunks": 3600,
  "patterns_found": 2,
  "start_time": 2794.000776111327,
  "end_time": 2794.999776388827,
  "patterns": [
    {
      "type": "spike",
      "count": 11,
      "times": [
        2794.464776240216,
        2794.466776240771,
        2794.508776252438,
        2794.5117762532714,
        2794.526776257438,
        2794.5507762641046,
        2794.55277626466,
        2794.566776268549,
        2794.5737762704935,
        2794.5787762718824,
        2794.5997762777156
      ],
      "amplitudes": [
        0.0016966766933792174,
        0.0017669631181761515,
        0.0017146461709525189,
        0.0017213290814804241,
        0.0017235717365414135,
        0.0016934108037894515,
        0.0016898276534911948,
        0.001748555557337468,
        0.0018019329232437592,
        0.0017098088622779731,
        0.001689606398745862
      ],
      "confidence": 0.8
    },
    {
      "type": "oscillation",
      "frequencies": [
        3.906248915626821,
        35.15624024064139,
        46.87498698752185,
        58.59373373440232,
        70.31248048128278,
        89.84372505941688,
        109.37496963755099,
        132.81246313131192,
        152.34370770944602,
        160.15620554069966,
        179.68745011883377,
        195.31244578134107,
        203.1249436125947,
        226.56243710635562,
        242.18743276886292,
        257.8124284313702,
        269.53117517825063,
        289.06241975638477,
        312.4999132501457,
        328.124908912653,
        339.84365565953345,
        371.093646984548,
        378.90614481580167,
        390.62489156268214,
        410.1561361408162,
        449.21862529708443,
        464.8436209595917,
        476.5623677064722,
        492.18736336897945
      ],
      "power": [
        3.362645291038939e-10,
        2.2808936259281378e-11,
        3.3554853322759387e-11,
        1.139892721164943e-11,
        2.2577175961110727e-11,
        1.9078232367934073e-11,
        4.181609725761562e-11,
        3.0205552371618085e-11,
        1.9707755374870656e-11,
        2.8518820743487033e-11,
        2.175116383342063e-11,
        2.414970217902363e-11,
        2.5186879729796064e-11,
        3.3768150762890004e-11,
        4.059668080272111e-11,
        2.625396211274474e-11,
        2.8805296274499076e-11,
        2.5492164865347094e-11,
        5.554155345273366e-11,
        2.7538967202266117e-11,
        3.7486839511243594e-11,
        4.5231163446727686e-11,
        3.302539894117322e-11,
        2.557558679581082e-11,
        2.1734765513912516e-11,
        4.182887873916012e-11,
        4.3202419543486094e-11,
        2.635916880338116e-11,
        3.401281353626613e-11
      ],
      "confidence": 0.7
    }
  ]
}