{
  "chunk": 3294,
  "total_chunks": 3600,
  "patterns_found": 2,
  "start_time": 3293.0009147224764,
  "end_time": 3293.9999149999767,
  "patterns": [
    {
      "type": "spike",
      "count": 18,
      "times": [
        3293.002914723032,
        3293.0049147235877,
        3293.0149147263655,
        3293.025914729421,
        3293.0459147349766,
        3293.0559147377544,
        3293.069914741643,
        3293.920914978032,
        3293.942914984143,
        3293.9599149888654,
        3293.9639149899767,
        3293.96691499081,
        3293.974914993032,
        3293.9829149952543,
        3293.9909149974765,
        3293.992914998032,
        3293.9959149988654,
        3293.9989149996986
      ],
      "amplitudes": [
        0.001061439978124809,
        0.0010999423520386908,
        0.0010631336607633518,
        0.0010665600136314291,
        0.0010667214508508814,
        0.0011264615257523406,
        0.0010682267823867056,
        0.0010493216192770196,
        0.0010547911207197877,
        0.0011306828362964195,
        0.001136788390713892,
        0.001101021764661512,
        0.001081960134349937,
        0.0010630181123866373,
        0.0012621438918262316,
        0.0010672156501808938,
        0.0010743823798433786,
        0.0010680339367249475
      ],
      "confidence": 0.8
    },
    {
      "type": "oscillation",
      "frequencies": [
        3.9062489138504652,
        15.624995655401861,
        39.06248913850465,
        54.68748479390651,
        70.31248044930837,
        85.93747610471024,
        93.74997393241117,
        109.37496958781303,
        117.18746741551396,
        132.8124630709158,
        140.62496089861673,
        167.96870329557,
        179.6874500371214,
        187.49994786482233,
        207.03119243407465,
        222.65618808947653,
        238.28118374487838,
        253.90617940028025,
        273.4374239695326,
        285.156170711084,
        292.96866853878487,
        300.7811663664858,
        312.4999131080372,
        320.31241093573817,
        332.03115767728957,
        351.56240224654186,
        363.28114898809326,
        378.9061446434951,
        390.6248913850465,
        398.43738921274746,
        410.15613595429886,
        421.87488269585026,
        429.68738052355116,
        445.31237617895306,
        460.9373718343549,
        488.28111423130815,
        496.0936120590091
      ],
      "power": [
        2.902924559335365e-10,
        3.375430973946296e-11,
        1.812579451656719e-11,
        3.940756335977466e-11,
        2.1987164742418004e-11,
        1.567415079854337e-11,
        2.951814629808566e-11,
        2.6114156441492154e-11,
        3.3228072326008206e-11,
        2.613270354996186e-11,
        2.6271395625535393e-11,
        2.111204316110033e-11,
        2.321021672308825e-11,
        1.536264040167596e-11,
        3.857930129761427e-11,
        1.675644304103188e-11,
        4.674364642937542e-11,
        4.5863021058402605e-11,
        1.607620703969844e-11,
        1.577857162001646e-11,
        1.5995643627027095e-11,
        1.8065416871471774e-11,
        2.515424241000505e-11,
        2.7532269672669364e-11,
        2.1618136347027013e-11,
        3.745514857260279e-11,
        3.971712157314208e-11,
        4.409124343078326e-11,
        3.136399438492332e-11,
        1.744350778147733e-11,
        1.875676239011816e-11,
        1.4660580652464942e-11,
        2.1895205079647565e-11,
        3.590539045747449e-11,
        3.044012997694112e-11,
        1.4306785450474038e-11,
        2.1164073511547558e-11
      ],
      "confidence": 0.7
    }
  ]
}