{
  "chunk": 3472,
  "total_chunks": 3600,
  "patterns_found": 2,
  "start_time": 3471.000964166935,
  "end_time": 3471.9999644444347,
  "patterns": [
    {
      "type": "spike",
      "count": 28,
      "times": [
        3471.003964167768,
        3471.0069641686014,
        3471.021964172768,
        3471.0239641733237,
        3471.026964174157,
        3471.0289641747127,
        3471.0339641761016,
        3471.036964176935,
        3471.0419641783237,
        3471.0479641799902,
        3471.0569641824904,
        3471.0649641847126,
        3471.0739641872124,
        3471.098964194157,
        3471.1179641994345,
        3471.894964415268,
        3471.931964425546,
        3471.9399644277682,
        3471.9469644297124,
        3471.949964430546,
        3471.9639644344347,
        3471.9689644358236,
        3471.9789644386015,
        3471.9839644399904,
        3471.987964441101,
        3471.993964442768,
        3471.9969644436014,
        3471.998964444157
      ],
      "amplitudes": [
        0.0011504050201281508,
        0.001174516811503296,
        0.0011306242403487819,
        0.0010864623168134586,
        0.0010793988333528822,
        0.001106413787281588,
        0.001077826878060085,
        0.001133094531879063,
        0.0011230456525242775,
        0.0010962060495085073,
        0.0012541870997478698,
        0.0010870826738140368,
        0.0011029267638130317,
        0.0011255471895208632,
        0.0010650401672205054,
        0.0011748780150757504,
        0.0011322084711953792,
        0.0010760213782429872,
        0.0011127577831375856,
        0.0011241473575580381,
        0.0010819642835368543,
        0.0012728050918076733,
        0.0010640442729718067,
        0.0011524410791449488,
        0.0011393313520584657,
        0.0011264477379272478,
        0.0010643920063178997,
        0.001211200906704287
      ],
      "confidence": 0.8
    },
    {
      "type": "oscillation",
      "frequencies": [
        3.906248915626821,
        11.718746746880463,
        19.531244578134107,
        31.24999132501457,
        39.062489156268214,
        50.781235903148676,
        58.59373373440232,
        70.31248048128278,
        105.46872072192417,
        113.28121855317781,
        128.9062142156851,
        140.62496096256555,
        160.15620554069966,
        195.31244578134107,
        207.0311925282215,
        222.6561881907288,
        234.37493493760928,
        246.09368168448972,
        261.718677346997,
        269.53117517825063,
        296.87491758763844,
        308.59366433451885,
        320.3124110813993,
        332.0311578282798,
        347.65615349078706,
        355.4686513220407,
        371.093646984548,
        382.8123937314285,
        410.1561361408162,
        433.59362963457716,
        441.4061274658308,
        460.9373720439649,
        476.5623677064722,
        488.28111445335264,
        496.0936122846063
      ],
      "power": [
        3.0607945538427766e-10,
        2.1978027926358062e-11,
        1.9148658967753932e-11,
        3.279809706382437e-11,
        2.243368373474936e-11,
        1.7305521345084732e-11,
        2.124662598655121e-11,
        2.8527000887522974e-11,
        4.244672053412239e-11,
        2.993589656072482e-11,
        1.9520929863964327e-11,
        3.667315125825427e-11,
        3.45503026616738e-11,
        3.4631178632555854e-11,
        1.1891058000947599e-11,
        2.6464525639964983e-11,
        2.1757770341444233e-11,
        2.837891904358186e-11,
        2.4706730645707132e-11,
        2.232543197165239e-11,
        3.073105091937789e-11,
        1.5642238819267434e-11,
        1.7285591254330813e-11,
        1.8248737691396297e-11,
        2.306557711696095e-11,
        3.317979684268759e-11,
        2.6489749340506247e-11,
        2.1450945309063538e-11,
        2.5508058689402118e-11,
        2.8485252204768363e-11,
        3.6328884589920625e-11,
        2.5694284980282963e-11,
        2.4851817316978682e-11,
        2.7841333290094507e-11,
        2.5072940521977156e-11
      ],
      "confidence": 0.7
    }
  ]
}