{
  "chunk": 2732,
  "total_chunks": 3600,
  "patterns_found": 2,
  "start_time": 2731.000758611322,
  "end_time": 2731.9997588888223,
  "patterns": [
    {
      "type": "spike",
      "count": 24,
      "times": [
        2731.005758612711,
        2731.0097586138218,
        2731.0127586146555,
        2731.0157586154887,
        2731.018758616322,
        2731.0207586168776,
        2731.0297586193774,
        2731.036758621322,
        2731.0387586218776,
        2731.0427586229885,
        2731.044758623544,
        2731.0517586254887,
        2731.0697586304886,
        2731.0717586310443,
        2731.1017586393777,
        2731.918758866322,
        2731.9537588760445,
        2731.9617588782667,
        2731.963758878822,
        2731.9657588793775,
        2731.967758879933,
        2731.972758881322,
        2731.9767588824334,
        2731.987758885489
      ],
      "amplitudes": [
        0.0011799739085925072,
        0.001062198534421403,
        0.001132797643581534,
        0.0010549264806213247,
        0.0011678111828557947,
        0.0010798939212330978,
        0.0011043301585669542,
        0.0011287340299790181,
        0.001120710504295084,
        0.0011825944033077168,
        0.0010612796465414133,
        0.0010555185535871187,
        0.0010514551076898073,
        0.001118422900822593,
        0.0010824797523290926,
        0.0010817794342583226,
        0.0011574981083322155,
        0.0010763905603335478,
        0.0011352990679003537,
        0.0010749920431761158,
        0.001067534343151067,
        0.0010809608546078374,
        0.0011130933693004857,
        0.001067325936030115
      ],
      "confidence": 0.8
    },
    {
      "type": "oscillation",
      "frequencies": [
        3.906248915626821,
        31.24999132501457,
        50.781235903148676,
        62.49998265002914,
        82.03122722816325,
        89.84372505941688,
        97.65622289067053,
        121.09371638443146,
        136.71871204693875,
        148.43745879381922,
        160.15620554069966,
        171.87495228758013,
        195.31244578134107,
        207.0311925282215,
        222.6561881907288,
        238.2811838532361,
        249.99993060011656,
        265.62492626262383,
        273.4374240938775,
        285.15617084075797,
        292.9686686720116,
        304.68741541889204,
        328.124908912653,
        347.65615349078706,
        374.9998959001748,
        398.43738939393575,
        406.2498872251894,
        414.062385056443,
        437.49987855020396,
        449.21862529708443,
        457.0311231283381,
        468.74986987521856,
        480.46861662209903,
        492.18736336897945
      ],
      "power": [
        3.19562379057416e-10,
        3.1382534115954264e-11,
        2.5077447087640505e-11,
        2.63696420090768e-11,
        2.5452202218492332e-11,
        3.0374130882751195e-11,
        1.7840605349391834e-11,
        2.7485182736218117e-11,
        2.595307837606393e-11,
        3.313292966578193e-11,
        1.3179380001298453e-11,
        3.1871450030023456e-11,
        3.708693804484085e-11,
        3.680894904614913e-11,
        2.5436813513743645e-11,
        1.8930885960802732e-11,
        1.9658443354690564e-11,
        4.112133539602779e-11,
        2.523978604671477e-11,
        1.5456064510575094e-11,
        2.6669282859422774e-11,
        2.1946750279228277e-11,
        2.0953544681887976e-11,
        1.916534961339178e-11,
        3.565121670388176e-11,
        1.8858031120354017e-11,
        2.0539829128200354e-11,
        2.961133296488053e-11,
        2.1647315234296186e-11,
        2.648898488383258e-11,
        2.4559660218836232e-11,
        1.9111185300555528e-11,
        1.873773417014835e-11,
        1.9947915720220493e-11
      ],
      "confidence": 0.7
    }
  ]
}