{
  "chunk": 465,
  "total_chunks": 3600,
  "patterns_found": 2,
  "start_time": 464.00012888892473,
  "end_time": 464.9991291664248,
  "patterns": [
    {
      "type": "spike",
      "count": 8,
      "times": [
        464.3741289928136,
        464.4801290222581,
        464.503129028647,
        464.530129036147,
        464.54012903892476,
        464.58012905003585,
        464.5871290519803,
        464.63912906642474
      ],
      "amplitudes": [
        0.0016933915038045025,
        0.0017148461726395206,
        0.0017550255994219963,
        0.0016978625950057362,
        0.0017142572616133207,
        0.0017651963787046324,
        0.0018610558714895612,
        0.0017414583700674227
      ],
      "confidence": 0.8
    },
    {
      "type": "oscillation",
      "frequencies": [
        3.906248914960688,
        15.624995659842751,
        39.062489149606876,
        54.68748480944963,
        66.4062315543317,
        78.12497829921375,
        101.56247178897789,
        113.28121853385994,
        124.99996527874201,
        140.62496093858476,
        160.1562055133882,
        171.87495225827027,
        191.4061968330737,
        203.12494357795578,
        218.74993923779851,
        234.37493489764128,
        242.18743272756265,
        257.8124283874054,
        269.53117513228744,
        285.1561707921302,
        296.87491753701227,
        316.4061621118157,
        335.93740668661917,
        347.6561534315012,
        363.281149091344,
        378.90614475118673,
        386.7186425811081,
        402.34363824095084,
        421.8748828157543,
        437.49987847559703,
        449.2186252204791,
        468.74986979528256,
        480.4686165401646,
        496.0936122000073
      ],
      "power": [
        3.095570889568623e-10,
        3.624969833020302e-11,
        2.3277758485917568e-11,
        2.284505832706819e-11,
        1.1650004394640223e-11,
        3.6094106753602044e-11,
        3.916340113911752e-11,
        3.092681478959402e-11,
        2.3122417727709132e-11,
        2.0668934210127508e-11,
        2.1066254902812803e-11,
        1.8992371771814993e-11,
        2.4916900709074573e-11,
        1.5587261708088447e-11,
        2.6241486334236078e-11,
        2.2603837797523745e-11,
        3.0538042915553506e-11,
        3.569275499214621e-11,
        2.4219052016734142e-11,
        1.5203148044527615e-11,
        2.5005587415052107e-11,
        2.2369861542370915e-11,
        1.570012428066276e-11,
        1.8150565876872186e-11,
        4.0545523208650085e-11,
        2.6955842545251672e-11,
        2.7093193043327926e-11,
        1.9257631803645333e-11,
        2.667851952956197e-11,
        2.2241901967342963e-11,
        8.045100603397859e-12,
        2.5300168330574433e-11,
        2.6710858497354e-11,
        3.3616412001325356e-11
      ],
      "confidence": 0.7
    }
  ]
}