{
  "chunk": 1092,
  "total_chunks": 3600,
  "patterns_found": 2,
  "start_time": 1091.0003030556397,
  "end_time": 1091.9993033331398,
  "patterns": [
    {
      "type": "spike",
      "count": 21,
      "times": [
        1091.0023030561954,
        1091.0043030567508,
        1091.0183030606397,
        1091.0253030625843,
        1091.0273030631397,
        1091.0293030636954,
        1091.0323030645286,
        1091.0423030673064,
        1091.04530306814,
        1091.0513030698064,
        1091.058303071751,
        1091.9063033073066,
        1091.9123033089732,
        1091.9293033136955,
        1091.9413033170288,
        1091.9523033200844,
        1091.9543033206398,
        1091.9633033231398,
        1091.9663033239733,
        1091.9813033281398,
        1091.9873033298065
      ],
      "amplitudes": [
        0.0011272439487528601,
        0.0010699458050718938,
        0.0010560846538341996,
        0.001120723383041368,
        0.0010974930518557796,
        0.0010659468041656355,
        0.0010681132955138808,
        0.0010957104437177335,
        0.0011839409226117082,
        0.0010957247860229296,
        0.0010922068024946164,
        0.0011295875584747105,
        0.0010725629128003674,
        0.0010610128762780855,
        0.0010778842162093042,
        0.0010734946741214838,
        0.0010572638642124476,
        0.0010596528098016959,
        0.0011242192124972085,
        0.0010920164231999717,
        0.001267031544760696
      ],
      "confidence": 0.8
    },
    {
      "type": "oscillation",
      "frequencies": [
        3.906248914738643,
        23.43749348843186,
        35.15624023264779,
        46.87498697686372,
        58.59373372107965,
        78.12497829477286,
        89.8437250389888,
        101.56247178320473,
        113.28121852742065,
        140.62496093059116,
        152.3437076748071,
        164.06245441902303,
        179.6874500779776,
        191.40619682219352,
        210.93744139588674,
        226.5624370548413,
        238.28118379905723,
        249.99993054327317,
        261.7186772874891,
        269.5311751169664,
        296.8749175201369,
        328.12490883804605,
        347.65615341173924,
        371.0936469001711,
        394.531140388603,
        417.96863387703485,
        425.7811317065121,
        441.40612736546666,
        457.0311230244213,
        468.7498697686372,
        484.37486542759177,
        496.0936121718077
      ],
      "power": [
        3.5894447692741213e-10,
        2.0700383574774813e-11,
        1.5918047047701992e-11,
        2.8801028467786316e-11,
        1.3798012180770555e-11,
        2.2885848140751588e-11,
        2.3489053975752636e-11,
        1.9610596348665025e-11,
        3.166176285852295e-11,
        3.159973076995783e-11,
        4.283910398538784e-11,
        1.238331176330464e-11,
        2.0943534343419714e-11,
        2.927982187201956e-11,
        2.8255389212955705e-11,
        3.29567022173812e-11,
        2.4769202195585224e-11,
        2.6117745749635464e-11,
        2.7683716923682848e-11,
        2.0395706730306833e-11,
        4.318011935069607e-11,
        1.7856148721599877e-11,
        3.622519827902035e-11,
        2.7221488337111365e-11,
        3.041976408928481e-11,
        2.679067872326993e-11,
        3.138294437229787e-11,
        1.9877969354363477e-11,
        1.5864520170205742e-11,
        2.7945702479870303e-11,
        1.6272687088652787e-11,
        3.045010681181002e-11
      ],
      "confidence": 0.7
    }
  ]
}