{
  "chunk": 1467,
  "total_chunks": 3600,
  "patterns_found": 2,
  "start_time": 1466.0004072223355,
  "end_time": 1466.9994074998356,
  "patterns": [
    {
      "type": "spike",
      "count": 3,
      "times": [
        1466.5094073637244,
        1466.5344073706688,
        1466.5584073773355
      ],
      "amplitudes": [
        0.0016994776493744984,
        0.0016932075138356747,
        0.0017025826376171104
      ],
      "confidence": 0.8
    },
    {
      "type": "oscillation",
      "frequencies": [
        3.906248915626821,
        23.437493493760925,
        46.87498698752185,
        58.59373373440232,
        70.31248048128278,
        89.84372505941688,
        105.46872072192417,
        117.18746746880464,
        136.71871204693875,
        144.53120987819239,
        156.24995662507285,
        171.87495228758013,
        179.68745011883377,
        203.1249436125947,
        214.84369035947518,
        230.46868602198245,
        257.8124284313702,
        269.53117517825063,
        292.9686686720116,
        304.68741541889204,
        316.4061621657725,
        335.93740674390665,
        347.65615349078706,
        363.2811491532944,
        371.093646984548,
        378.90614481580167,
        390.62489156268214,
        406.2498872251894,
        421.8748828876967,
        433.59362963457716,
        453.12487421271123,
        460.9373720439649,
        480.46861662209903,
        488.28111445335264
      ],
      "power": [
        3.586517508498439e-10,
        3.115857530878733e-11,
        3.0423949253857214e-11,
        1.884512422733404e-11,
        1.5624072670981265e-11,
        2.547021232988389e-11,
        2.659702201194603e-11,
        3.059226098462378e-11,
        2.6411291320965375e-11,
        2.2456361457470527e-11,
        4.338248840729e-11,
        2.695973218163876e-11,
        4.7539736592531885e-11,
        1.660439574174569e-11,
        2.14672656607031e-11,
        2.923491092389751e-11,
        2.690140131830191e-11,
        2.352946719030009e-11,
        3.217796538989617e-11,
        1.6724165342499023e-11,
        2.201869079499718e-11,
        2.5580607166037653e-11,
        2.2978302493983712e-11,
        3.434694452104773e-11,
        2.6357810248755766e-11,
        2.6750747973265397e-11,
        3.731320008065935e-11,
        1.4291830709963951e-11,
        2.421786736383151e-11,
        2.1787375308700027e-11,
        2.847819225932516e-11,
        2.5170278429428564e-11,
        1.9535953594108404e-11,
        2.2650234136868965e-11
      ],
      "confidence": 0.7
    }
  ]
}