{
  "chunk": 1845,
  "total_chunks": 3600,
  "patterns_found": 2,
  "start_time": 1844.0005122223647,
  "end_time": 1844.9995124998647,
  "patterns": [
    {
      "type": "spike",
      "count": 6,
      "times": [
        1844.4575123493091,
        1844.4965123601423,
        1844.525512368198,
        1844.570512380698,
        1844.5745123818092,
        1844.5815123837535
      ],
      "amplitudes": [
        0.0017263821301887448,
        0.0017433896296374816,
        0.001688271816258418,
        0.0016916826810736793,
        0.0017001365293341992,
        0.0016893094807349908
      ],
      "confidence": 0.8
    },
    {
      "type": "oscillation",
      "frequencies": [
        3.906248915626821,
        15.624995662507285,
        42.96873807189503,
        70.31248048128278,
        82.03122722816325,
        101.56247180629735,
        121.09371638443146,
        128.9062142156851,
        148.43745879381922,
        160.15620554069966,
        183.5936990344606,
        191.40619686571424,
        230.46868602198245,
        246.09368168448972,
        269.53117517825063,
        292.9686686720116,
        300.78116650326524,
        308.59366433451885,
        324.2186599970262,
        339.84365565953345,
        351.5624024064139,
        363.2811491532944,
        374.9998959001748,
        398.43738939393575,
        417.9686339720699,
        437.49987855020396,
        449.21862529708443,
        457.0311231283381,
        472.65611879084537,
        488.28111445335264,
        496.0936122846063
      ],
      "power": [
        2.82761849538988e-10,
        4.2000804132534577e-11,
        2.4880707175189622e-11,
        3.5992789093443806e-11,
        3.048444764111846e-11,
        1.8433503216771876e-11,
        3.306170947351e-11,
        2.432939362290464e-11,
        1.5716860645919376e-11,
        3.6192277313492226e-11,
        4.043702784675226e-11,
        3.632162717409716e-11,
        2.96294735639e-11,
        1.7459411153836135e-11,
        3.4175058803215157e-11,
        3.39465985105076e-11,
        1.847204306050696e-11,
        2.194469910254419e-11,
        3.0088320019074807e-11,
        2.7508202796526213e-11,
        3.777296269036034e-11,
        2.3759369050549432e-11,
        3.2516581716742474e-11,
        2.572674620784475e-11,
        2.2337782471753084e-11,
        2.7034587314782717e-11,
        1.9572873705846853e-11,
        1.769495918812343e-11,
        1.4849887641639318e-11,
        1.296864521266608e-11,
        2.368554129214401e-11
      ],
      "confidence": 0.7
    }
  ]
}