{
  "chunk": 1854,
  "total_chunks": 3600,
  "patterns_found": 2,
  "start_time": 1853.0005147223653,
  "end_time": 1853.9995149998654,
  "patterns": [
    {
      "type": "spike",
      "count": 25,
      "times": [
        1853.0035147231986,
        1853.006514724032,
        1853.0105147251431,
        1853.0235147287542,
        1853.0285147301431,
        1853.033514731532,
        1853.0395147331985,
        1853.0685147412541,
        1853.0805147445876,
        1853.1565147656986,
        1853.8675149631988,
        1853.9035149731988,
        1853.9145149762542,
        1853.9185149773655,
        1853.924514979032,
        1853.9265149795876,
        1853.9395149831987,
        1853.9455149848654,
        1853.9535149870876,
        1853.9675149909765,
        1853.9745149929208,
        1853.9835149954208,
        1853.9865149962543,
        1853.9915149976432,
        1853.9945149984765
      ],
      "amplitudes": [
        0.0011872569395537504,
        0.0011418486981129771,
        0.0011608634975841326,
        0.0011061368149016544,
        0.0011406660480835073,
        0.0011465763062192072,
        0.0011572443435468854,
        0.001119183707558165,
        0.0010967570726971246,
        0.0010664832585354407,
        0.0010964546435713392,
        0.0010789017551611998,
        0.001084799998548252,
        0.0011281659123878191,
        0.0010683692002805437,
        0.001056761281108415,
        0.0011771628879427836,
        0.0011102714274764107,
        0.0011288470123996266,
        0.001137203622820703,
        0.0010672192169036666,
        0.0010998924357355274,
        0.0011323237269416815,
        0.0010684939524637188,
        0.0010996570536371954
      ],
      "confidence": 0.8
    },
    {
      "type": "oscillation",
      "frequencies": [
        3.906248914738643,
        11.71874674421593,
        23.43749348843186,
        31.249991317909146,
        46.87498697686372,
        54.687484806341004,
        62.49998263581829,
        78.12497829477286,
        89.8437250389888,
        101.56247178320473,
        117.1874674421593,
        128.90621418637522,
        140.62496093059116,
        152.3437076748071,
        160.15620550428437,
        183.59369899271624,
        203.12494356640946,
        222.65618814010267,
        230.46868596957995,
        257.81242837275045,
        285.15617077592094,
        292.96866860539825,
        304.6874153496142,
        316.4061620938301,
        335.9374066675233,
        351.56240232647787,
        359.3749001559552,
        382.81239364438704,
        390.6248914738643,
        398.4373893033416,
        410.15613604755754,
        425.7811317065121,
        437.49987845072803,
        457.0311230244213,
        468.7498697686372,
        476.56236759811446,
        488.2811143423304
      ],
      "power": [
        2.458268858452994e-10,
        3.936351278090802e-11,
        1.6574233799846453e-11,
        1.4455752775429542e-11,
        3.6426328750072726e-11,
        2.1417409727128467e-11,
        2.3391173574488007e-11,
        2.908514330109366e-11,
        2.5528991991785942e-11,
        2.3184452695316458e-11,
        2.228255099164839e-11,
        1.8860056458304097e-11,
        3.255603715672775e-11,
        2.8338626383123655e-11,
        1.465512268201406e-11,
        4.587864570340554e-11,
        2.1017647981549008e-11,
        2.3699769768415762e-11,
        1.949884869126642e-11,
        3.269372002119972e-11,
        2.310004931965785e-11,
        1.9254540304230333e-11,
        3.143050274188758e-11,
        3.861445081292794e-11,
        1.9448011096616715e-11,
        1.543217821836801e-11,
        2.773560901985549e-11,
        1.5493493203987986e-11,
        1.4710595813953472e-11,
        2.6538465758580562e-11,
        4.1766034305439905e-11,
        1.5204761812968113e-11,
        2.020664184615052e-11,
        2.5509651588151365e-11,
        2.2247830348999732e-11,
        2.077815611475375e-11,
        3.5476114614051675e-11
      ],
      "confidence": 0.7
    }
  ]
}