{
  "chunk": 265,
  "total_chunks": 3600,
  "patterns_found": 2,
  "start_time": 264.0000733333537,
  "end_time": 264.99907361085377,
  "patterns": [
    {
      "type": "spike",
      "count": 7,
      "times": [
        264.3890734414093,
        264.42207345057597,
        264.46807346335373,
        264.48607346835377,
        264.5020734727982,
        264.5100734750204,
        264.5800734944649
      ],
      "amplitudes": [
        0.0017040576648505602,
        0.0016905564545375805,
        0.0017840984461127865,
        0.0016835104860407103,
        0.0017436951303548415,
        0.0017042068188781012,
        0.0017133375210278603
      ],
      "confidence": 0.8
    },
    {
      "type": "oscillation",
      "frequencies": [
        3.906248914960688,
        50.781235894488944,
        62.499982639371005,
        78.12497829921375,
        93.7499739590565,
        105.46872070393857,
        124.99996527874201,
        140.62496093858476,
        148.43745876850613,
        175.78120117323095,
        195.31244574803438,
        203.12494357795578,
        210.93744140787715,
        230.46868598268057,
        242.18743272756265,
        249.99993055748402,
        257.8124283874054,
        265.6249262173268,
        292.9686686220516,
        304.68741536693364,
        312.499913196855,
        332.03115777165846,
        339.8436556015798,
        359.3749001763833,
        374.999895836226,
        394.53114041102947,
        406.24988715591155,
        425.78113173071495,
        437.49987847559703,
        453.12487413543977,
        472.6561187102432,
        480.4686165401646,
        496.0936122000073
      ],
      "power": [
        2.6956834112021506e-10,
        3.255128813456381e-11,
        6.478626194412866e-11,
        2.1271000913282673e-11,
        2.3204133510785666e-11,
        2.5923236223798875e-11,
        3.374163279027661e-11,
        2.913957351536012e-11,
        3.066283192266902e-11,
        3.870861243154045e-11,
        2.560894951632931e-11,
        1.9788716481939125e-11,
        2.3848899953722607e-11,
        2.8721488866526907e-11,
        3.5051949068783e-11,
        3.938131133891819e-11,
        3.724206003008378e-11,
        2.2817796649595998e-11,
        2.182460758988567e-11,
        2.3177392212921454e-11,
        2.5934172665742754e-11,
        2.8877946262166466e-11,
        2.9521474594879484e-11,
        2.2206958516180482e-11,
        3.623006376170156e-11,
        3.571746317798907e-11,
        3.222772736471721e-11,
        3.192305756028564e-11,
        2.8779806953296324e-11,
        2.491301846535558e-11,
        1.7133957883308536e-11,
        2.4202439251125934e-11,
        2.521701729986338e-11
      ],
      "confidence": 0.7
    }
  ]
}