{
  "chunk": 2848,
  "total_chunks": 3600,
  "patterns_found": 2,
  "start_time": 2847.0007908335533,
  "end_time": 2847.999791111053,
  "patterns": [
    {
      "type": "spike",
      "count": 23,
      "times": [
        2847.0037908343866,
        2847.010790836331,
        2847.0137908371644,
        2847.020790839109,
        2847.0257908404974,
        2847.043790845498,
        2847.0527908479976,
        2847.0577908493865,
        2847.061790850498,
        2847.090790858553,
        2847.916791087998,
        2847.923791089942,
        2847.9267910907756,
        2847.9367910935534,
        2847.945791096053,
        2847.9487910968865,
        2847.963791101053,
        2847.973791103831,
        2847.97879110522,
        2847.986791107442,
        2847.9897911082753,
        2847.9957911099423,
        2847.9987911107755
      ],
      "amplitudes": [
        0.0010634476681351099,
        0.0012304807393466993,
        0.0010862753814727475,
        0.0011535096630995016,
        0.0010606119406204484,
        0.0011121144561000247,
        0.0010892346837501584,
        0.00106312242769284,
        0.0010665147221291904,
        0.001073601120840593,
        0.0010736734749299949,
        0.0011418437159107207,
        0.001062021669853334,
        0.0010630648817906193,
        0.0010720537260060683,
        0.0010651346895546897,
        0.0010741600537876803,
        0.001110382575874943,
        0.0011059975885984842,
        0.0011402135527523167,
        0.0012327015843157905,
        0.0011404621996770408,
        0.0010928566222625038
      ],
      "confidence": 0.8
    },
    {
      "type": "oscillation",
      "frequencies": [
        3.906248915626821,
        23.437493493760925,
        42.96873807189503,
        58.59373373440232,
        74.21872939690961,
        85.93747614379006,
        97.65622289067053,
        117.18746746880464,
        132.81246313131192,
        152.34370770944602,
        167.96870337195332,
        183.5936990344606,
        199.21869469696787,
        222.6561881907288,
        242.18743276886292,
        249.99993060011656,
        257.8124284313702,
        273.4374240938775,
        281.2499219251311,
        296.87491758763844,
        316.4061621657725,
        328.124908912653,
        339.84365565953345,
        347.65615349078706,
        367.1873980689212,
        386.7186426470553,
        402.3436383095626,
        417.9686339720699,
        433.59362963457716,
        441.4061274658308,
        457.0311231283381,
        480.46861662209903,
        496.0936122846063
      ],
      "power": [
        3.073333731353017e-10,
        4.150067786055493e-11,
        2.266908735415777e-11,
        3.1486836843242135e-11,
        3.8455428538348355e-11,
        1.7259927378324088e-11,
        4.461648676178285e-11,
        2.5477006073552776e-11,
        2.967561366700113e-11,
        3.878879789631747e-11,
        1.7607168947641976e-11,
        2.071670127366703e-11,
        3.931497861447302e-11,
        1.9479123096851348e-11,
        2.7712032837871157e-11,
        2.7749189131252032e-11,
        3.43174009673539e-11,
        2.0341704243652026e-11,
        3.1460190137451116e-11,
        1.9606743342586978e-11,
        3.042274630466438e-11,
        4.877903926336097e-11,
        2.2262264479272997e-11,
        2.6205782108292638e-11,
        3.8869706144995464e-11,
        2.974660672052649e-11,
        2.3022197816699284e-11,
        3.0817697816494905e-11,
        2.2600554019068557e-11,
        2.5749083577450713e-11,
        3.044945889562135e-11,
        1.998078129002862e-11,
        2.043877887412245e-11
      ],
      "confidence": 0.7
    }
  ]
}