{
  "chunk": 684,
  "total_chunks": 3600,
  "patterns_found": 2,
  "start_time": 683.000189722275,
  "end_time": 683.999189999775,
  "patterns": [
    {
      "type": "spike",
      "count": 20,
      "times": [
        683.0021897228305,
        683.0071897242194,
        683.0141897261639,
        683.018189727275,
        683.0211897281083,
        683.0231897286639,
        683.0251897292194,
        683.0281897300528,
        683.0401897333861,
        683.0491897358861,
        683.0561897378306,
        683.081189744775,
        683.1391897608861,
        683.9321899811639,
        683.9431899842194,
        683.9631899897751,
        683.9671899908861,
        683.9691899914417,
        683.9841899956084,
        683.990189997275
      ],
      "amplitudes": [
        0.001191097267102041,
        0.0010354566616211365,
        0.0010607765070917094,
        0.0011045999506941583,
        0.0011640013882047604,
        0.0010792319101279963,
        0.001041442285257656,
        0.0010836666988910753,
        0.0010478934262000757,
        0.0010480592143244914,
        0.0010690415559529913,
        0.0010543912876395927,
        0.0010846260209230313,
        0.001051859156432791,
        0.0010417142493345623,
        0.001082826443994982,
        0.0010393377042829817,
        0.0010376779983909388,
        0.001167393935663735,
        0.001199253309344396
      ],
      "confidence": 0.8
    },
    {
      "type": "oscillation",
      "frequencies": [
        3.906248915182732,
        31.249991321461856,
        39.06248915182732,
        50.78123589737552,
        62.49998264292371,
        78.12497830365464,
        101.56247179475103,
        117.18746745548196,
        128.90621420103017,
        148.43745877694383,
        160.156205522492,
        167.9687033528575,
        175.78120118322295,
        203.12494358950207,
        214.84369033505027,
        230.4686859957812,
        238.28118382614664,
        249.99993057169485,
        257.81242840206033,
        273.43742406279125,
        285.1561708083394,
        312.4999132146186,
        328.1249088753495,
        347.65615345126315,
        359.3749001968113,
        367.1873980271768,
        378.906144772725,
        394.5311404334559,
        410.1561360941869,
        421.87488283973505,
        429.68738067010054,
        449.2186252460142,
        457.03112307637963,
        472.65611873711055,
        484.3748654826588,
        496.09361222820695
      ],
      "power": [
        3.025105650969192e-10,
        2.6408799381403918e-11,
        1.8943435345634802e-11,
        2.912541634509584e-11,
        2.5607840748769422e-11,
        3.158147290087008e-11,
        9.72058386451539e-12,
        2.127531985071572e-11,
        1.081445880565353e-11,
        2.781159500285303e-11,
        4.592758412058217e-11,
        3.370721671827135e-11,
        4.128585281740927e-11,
        1.4142396604394023e-11,
        1.3548808422700295e-11,
        2.5270697711220197e-11,
        2.4094206656307625e-11,
        1.3425207339553118e-11,
        1.5024077151880388e-11,
        2.002392846990934e-11,
        2.4951090800106326e-11,
        3.8114202351548135e-11,
        2.3732025358461763e-11,
        3.805701159695762e-11,
        3.4753830941884084e-11,
        2.1184735638394643e-11,
        3.8512325481856975e-11,
        1.624743881471629e-11,
        1.476274407996616e-11,
        2.7798566480464233e-11,
        2.9630841337075905e-11,
        2.6657968576287703e-11,
        2.074919703257638e-11,
        2.2365728775815254e-11,
        1.7123889130325127e-11,
        1.5295549078473055e-11
      ],
      "confidence": 0.7
    }
  ]
}