{
  "chunk": 88,
  "total_chunks": 3600,
  "patterns_found": 2,
  "start_time": 87.00002416667338,
  "end_time": 87.99902444417346,
  "patterns": [
    {
      "type": "spike",
      "count": 26,
      "times": [
        87.00102416695117,
        87.01002416945116,
        87.0130241702845,
        87.01502417084005,
        87.0170241713956,
        87.02102417250671,
        87.02302417306227,
        87.02902417472895,
        87.0310241752845,
        87.03802417722895,
        87.04602417945117,
        87.05902418306228,
        87.06202418389562,
        87.06902418584005,
        87.93602442667346,
        87.94002442778456,
        87.9480244300068,
        87.95302443139568,
        87.95602443222901,
        87.95802443278457,
        87.97502443750679,
        87.9790244386179,
        87.98402444000679,
        87.9880244411179,
        87.99002444167346,
        87.99802444389569
      ],
      "amplitudes": [
        0.001082106101396614,
        0.0011591527962265039,
        0.0011784071408970575,
        0.0010671192804886625,
        0.0011096844354400873,
        0.001123927069559952,
        0.001047646457438615,
        0.0010886282564249148,
        0.0010525461923484327,
        0.001206493790127799,
        0.0011115032849086705,
        0.001075982172482386,
        0.0010522440228871298,
        0.0010559143869733596,
        0.001156534315716611,
        0.0010997808296266632,
        0.0011150727299261234,
        0.0010677440039348917,
        0.0010645410713898086,
        0.001062415317447613,
        0.0010659059982215278,
        0.0010847231763717992,
        0.001112815865070173,
        0.0011397416216217583,
        0.0010659266991658856,
        0.0010476304503250606
      ],
      "confidence": 0.8
    },
    {
      "type": "oscillation",
      "frequencies": [
        3.9062489149051767,
        23.43749348943106,
        39.062489149051764,
        50.781235893767295,
        62.49998263848283,
        82.0312272130087,
        105.46872070243977,
        117.1874674471553,
        132.812463106776,
        144.53120985149152,
        156.24995659620706,
        175.78120117073294,
        195.31244574525883,
        210.93744140487954,
        222.65618814959507,
        234.3749348943106,
        257.81242838374163,
        277.3436729582675,
        289.06241970298305,
        312.4999131924141,
        320.31241102222447,
        332.03115776694,
        347.6561534265607,
        363.2811490861814,
        382.8123936607073,
        398.437389320328,
        410.15613606504354,
        417.9686338948539,
        433.5936295544746,
        449.2186252140953,
        457.03112304390567,
        468.7498697886212,
        476.56236761843155,
        484.3748654482419
      ],
      "power": [
        3.379723273837032e-10,
        2.443825579621192e-11,
        3.600822039164918e-11,
        2.316381899604022e-11,
        1.9549857739848125e-11,
        2.1002924773272583e-11,
        3.909830124320975e-11,
        1.654811331246932e-11,
        3.1530750811507886e-11,
        1.6294073296525824e-11,
        1.8333817183438965e-11,
        2.3034482706118047e-11,
        2.7115291381457398e-11,
        2.6417605001333578e-11,
        1.789616902502145e-11,
        1.4812209430406284e-11,
        2.1183742224381956e-11,
        2.8996785228324224e-11,
        1.434468318598811e-11,
        2.735480406564642e-11,
        3.896325359169138e-11,
        3.933346169182892e-11,
        3.657867342671898e-11,
        2.673865053218199e-11,
        4.1763095928938403e-11,
        1.5979217496989806e-11,
        3.432194265161982e-11,
        3.00528470459351e-11,
        3.174346386192895e-11,
        3.149837101341719e-11,
        3.0492838362216076e-11,
        2.5478333888610266e-11,
        2.600586519983394e-11,
        2.90667136822317e-11
      ],
      "confidence": 0.7
    }
  ]
}