{
  "chunk": 989,
  "total_chunks": 3600,
  "patterns_found": 2,
  "start_time": 988.0002744445208,
  "end_time": 988.9992747220208,
  "patterns": [
    {
      "type": "spike",
      "count": 6,
      "times": [
        988.4962745822985,
        988.512274586743,
        988.5722746034097,
        988.5742746039653,
        988.5762746045208,
        988.6942746372986
      ],
      "amplitudes": [
        0.0017786719503153337,
        0.0017883362465311555,
        0.0017052371929670877,
        0.0017242032771070286,
        0.0017841263116858764,
        0.0017317800119174874
      ],
      "confidence": 0.8
    },
    {
      "type": "oscillation",
      "frequencies": [
        3.906248915182732,
        15.624995660730928,
        31.249991321461856,
        42.96873806701005,
        58.59373372774098,
        66.40623155810644,
        74.21872938847191,
        85.9374761340201,
        97.6562228795683,
        124.99996528584742,
        132.81246311621288,
        140.62496094657834,
        164.06245443767475,
        179.68745009840566,
        191.40619684395386,
        214.84369033505027,
        226.56243708059844,
        238.28118382614664,
        249.99993057169485,
        273.43742406279125,
        289.06241972352217,
        304.6874153842531,
        320.312411044984,
        335.937406705715,
        359.3749001968113,
        382.81239368790773,
        398.43738934863865,
        410.1561360941869,
        421.87488283973505,
        449.2186252460142,
        457.03112307637963,
        476.5623676522933,
        484.3748654826588,
        492.1873633130242
      ],
      "power": [
        3.295585330376938e-10,
        3.0754585148683486e-11,
        2.9157616936110366e-11,
        2.2945292616123788e-11,
        2.0570736417979648e-11,
        1.6494379936119262e-11,
        1.1354098008843815e-11,
        2.382398092974436e-11,
        3.262416987961619e-11,
        4.37238392028425e-11,
        1.7812595502269797e-11,
        2.1886508399415728e-11,
        2.158439092780272e-11,
        2.979811803931651e-11,
        2.032834696313096e-11,
        2.237705185836518e-11,
        1.2038213085720934e-11,
        3.9315448107286627e-11,
        4.639802298943752e-11,
        3.3537994651563254e-11,
        2.137919232945989e-11,
        3.1135152726819986e-11,
        2.2976255074937983e-11,
        3.242954465866058e-11,
        2.4032696088200048e-11,
        1.971507989000594e-11,
        2.5333328729652154e-11,
        2.4686904914332585e-11,
        2.9590979566388836e-11,
        4.045541754279875e-11,
        2.3357569299091177e-11,
        2.1875958277169957e-11,
        3.6482240190834665e-11,
        3.665501883787205e-11
      ],
      "confidence": 0.7
    }
  ]
}