{
  "chunk": 940,
  "total_chunks": 3600,
  "patterns_found": 2,
  "start_time": 939.0002608334058,
  "end_time": 939.9992611109059,
  "patterns": [
    {
      "type": "spike",
      "count": 21,
      "times": [
        939.0022608339614,
        939.0132608370169,
        939.0162608378503,
        939.0232608397947,
        939.0252608403503,
        939.0322608422947,
        939.0502608472947,
        939.0542608484059,
        939.9012610836837,
        939.9282610911837,
        939.9342610928503,
        939.9442610956281,
        939.9642611011836,
        939.976261104517,
        939.9802611056282,
        939.9832611064614,
        939.985261107017,
        939.9872611075726,
        939.9912611086837,
        939.994261109517,
        939.9982611106282
      ],
      "amplitudes": [
        0.0011449324179995865,
        0.0012005878027972826,
        0.0011646124342958631,
        0.0010636517539513713,
        0.0011277637608994734,
        0.0010877542772107821,
        0.001058006220170518,
        0.0010664008993977554,
        0.0010514868931504938,
        0.0011157253378036177,
        0.0010697121993698466,
        0.0010502706406786987,
        0.001108871284407036,
        0.0011052548596707926,
        0.0011143345724936868,
        0.0011630986871832684,
        0.001078751661413894,
        0.0011165167805917981,
        0.0011310265771929916,
        0.0011477600349004663,
        0.0011243927961292273
      ],
      "confidence": 0.8
    },
    {
      "type": "oscillation",
      "frequencies": [
        3.906248914738643,
        27.343742403170502,
        46.87498697686372,
        66.40623155055694,
        82.03122720951151,
        93.74997395372743,
        105.46872069794337,
        121.09371635689794,
        140.62496093059116,
        152.3437076748071,
        175.78120116323893,
        191.40619682219352,
        210.93744139588674,
        222.65618814010267,
        238.28118379905723,
        246.0936816285345,
        253.90617945801182,
        265.62492620222775,
        281.2499218611823,
        292.96866860539825,
        300.7811664348755,
        316.4061620938301,
        328.12490883804605,
        351.56240232647787,
        359.3749001559552,
        367.1873979854325,
        382.81239364438704,
        394.531140388603,
        406.2498871328189,
        429.6873806212508,
        441.40612736546666,
        460.9373719391599,
        480.4686165128531,
        496.0936121718077
      ],
      "power": [
        3.006798935872594e-10,
        2.1478870421898954e-11,
        1.9099855338277367e-11,
        3.046540326608999e-11,
        2.4677696828462824e-11,
        3.118346277070327e-11,
        2.0379966545293998e-11,
        3.7893121897181796e-11,
        1.8351160855480097e-11,
        2.1569223949399376e-11,
        2.569084439136893e-11,
        1.3818892469975615e-11,
        3.343579797295458e-11,
        2.1484550277839705e-11,
        2.5565341909238446e-11,
        1.978828179802714e-11,
        2.3725355404473347e-11,
        4.670523333351209e-11,
        3.2945715355420615e-11,
        2.0674400291089958e-11,
        2.7228966373844617e-11,
        1.82118509181629e-11,
        1.530450583438931e-11,
        1.9273250603983887e-11,
        1.9036393804060405e-11,
        1.7195663822530604e-11,
        1.554514702839429e-11,
        2.508793343248764e-11,
        2.3296526715032144e-11,
        3.8755397724770123e-11,
        2.0526156025880556e-11,
        3.524285927932003e-11,
        2.793773762953007e-11,
        1.458759514809739e-11
      ],
      "confidence": 0.7
    }
  ]
}