{
  "chunk": 2688,
  "total_chunks": 3600,
  "patterns_found": 2,
  "start_time": 2687.0007463890965,
  "end_time": 2687.9997466665964,
  "patterns": [
    {
      "type": "spike",
      "count": 15,
      "times": [
        2687.0097463915963,
        2687.0227463952074,
        2687.0257463960406,
        2687.0587464052073,
        2687.081746411596,
        2687.1167464213186,
        2687.9127466424297,
        2687.9147466429854,
        2687.944746651319,
        2687.9557466543743,
        2687.964746656874,
        2687.9667466574297,
        2687.9827466618744,
        2687.988746663541,
        2687.9947466652075
      ],
      "amplitudes": [
        0.0010598740869067912,
        0.0011414116152145813,
        0.0010892389009090036,
        0.0011192768176810212,
        0.0010680718338579196,
        0.001088912850664873,
        0.001080835464960895,
        0.0011941826430020876,
        0.0011256732314344382,
        0.0010455532775465151,
        0.001073882287370418,
        0.0010433682126598021,
        0.0010509592060557508,
        0.0012103457615019594,
        0.0010421417756683433
      ],
      "confidence": 0.8
    },
    {
      "type": "oscillation",
      "frequencies": [
        3.906248915626821,
        11.718746746880463,
        27.343742409387747,
        39.062489156268214,
        58.59373373440232,
        70.31248048128278,
        89.84372505941688,
        101.56247180629735,
        113.28121855317781,
        121.09371638443146,
        136.71871204693875,
        164.0624544563265,
        183.5936990344606,
        191.40619686571424,
        203.1249436125947,
        218.74993927510198,
        234.37493493760928,
        242.18743276886292,
        257.8124284313702,
        269.53117517825063,
        285.15617084075797,
        296.87491758763844,
        308.59366433451885,
        320.3124110813993,
        339.84365565953345,
        351.5624024064139,
        359.37490023766753,
        371.093646984548,
        386.7186426470553,
        398.43738939393575,
        410.1561361408162,
        421.8748828876967,
        445.3123763814576,
        457.0311231283381,
        464.8436209595917,
        484.37486553772584,
        496.0936122846063
      ],
      "power": [
        2.4589292433286386e-10,
        3.4652813912919085e-11,
        2.0704794405731475e-11,
        2.8930138947362365e-11,
        3.031373386914956e-11,
        2.732291895211869e-11,
        1.7501874250131046e-11,
        2.8956381546008465e-11,
        2.5204839320212665e-11,
        2.6597009692871018e-11,
        3.3511973758995356e-11,
        2.9319003921605523e-11,
        2.4064926682753284e-11,
        2.0783673902964844e-11,
        2.6085768219686334e-11,
        1.8877503449137175e-11,
        2.3256947541188574e-11,
        1.7205024666231193e-11,
        2.7503453910370582e-11,
        3.342618742327239e-11,
        1.087276237410602e-11,
        1.8833413279161234e-11,
        3.078605575897294e-11,
        2.2768832837262675e-11,
        4.600684347735491e-11,
        2.1025508267783667e-11,
        1.9454626869815714e-11,
        2.40097913684891e-11,
        2.136529110267193e-11,
        2.1478263259158567e-11,
        2.4362491566173248e-11,
        4.434056065913815e-11,
        2.3306989235616137e-11,
        3.868161433145707e-11,
        2.7965377050866003e-11,
        1.873866933249522e-11,
        1.7985417419556015e-11
      ],
      "confidence": 0.7
    }
  ]
}