{
  "chunk": 2238,
  "total_chunks": 3600,
  "patterns_found": 2,
  "start_time": 2237.0006213890615,
  "end_time": 2237.999621666562,
  "patterns": [
    {
      "type": "spike",
      "count": 23,
      "times": [
        2237.0056213904504,
        2237.0116213921174,
        2237.0266213962836,
        2237.0326213979506,
        2237.035621398784,
        2237.0376213993395,
        2237.0406214001728,
        2237.043621401006,
        2237.0586214051727,
        2237.0656214071173,
        2237.0736214093395,
        2237.0766214101727,
        2237.0786214107284,
        2237.922621645173,
        2237.9496216526727,
        2237.9726216590616,
        2237.976621660173,
        2237.9786216607285,
        2237.9866216629507,
        2237.989621663784,
        2237.9916216643396,
        2237.9956216654505,
        2237.997621666006
      ],
      "amplitudes": [
        0.0011857466350283948,
        0.0011718526731471527,
        0.0011795063218467312,
        0.0010762632582333824,
        0.0010640538900156499,
        0.0010676686378400192,
        0.0011516357398973333,
        0.0010675755412080361,
        0.001122256417816194,
        0.0010876407876811778,
        0.001138595318580368,
        0.0010493992322587642,
        0.001046806994920847,
        0.0010475425320391196,
        0.0010830136208400828,
        0.0010531866022592548,
        0.0010995975085508105,
        0.0011198014405593326,
        0.0010812686563413912,
        0.0010537323183343456,
        0.0010524641953230324,
        0.001184930403673541,
        0.001132062630378728
      ],
      "confidence": 0.8
    },
    {
      "type": "oscillation",
      "frequencies": [
        3.9062489138504652,
        19.531244569252326,
        35.156240224654184,
        50.781235880056045,
        66.4062315354579,
        78.1249782770093,
        97.65622284626163,
        109.37496958781303,
        117.18746741551396,
        128.90621415706536,
        136.7187119847663,
        152.34370764016813,
        164.06245438171953,
        175.78120112327093,
        195.31244569252326,
        210.93744134792513,
        238.28118374487838,
        269.5311750556821,
        281.24992179723347,
        296.8749174526354,
        308.5936641941868,
        324.2186598495886,
        347.6561533326914,
        359.3749000742428,
        371.0936468157942,
        390.6248913850465,
        402.3436381265979,
        417.96863378199976,
        437.4998783512521,
        457.03112292050446,
        472.6561185759063,
        496.0936120590091
      ],
      "power": [
        2.981400423075764e-10,
        2.652556366137084e-11,
        1.4571991341536377e-11,
        2.7354165888938003e-11,
        3.3911943902893255e-11,
        1.9450108420818523e-11,
        4.557208919833902e-11,
        2.5846728125147252e-11,
        2.1594391957662003e-11,
        1.8502053425190367e-11,
        2.834827328101681e-11,
        4.229113271133502e-11,
        3.06443293575598e-11,
        2.085914010215908e-11,
        2.3529629474317717e-11,
        2.2709168358438585e-11,
        2.9691967615542544e-11,
        2.605630000446739e-11,
        2.7792300837451334e-11,
        2.1716858571978833e-11,
        1.2082302443363168e-11,
        5.937911224371752e-11,
        3.150733792915142e-11,
        2.08814813987297e-11,
        2.335199702642321e-11,
        2.111380163874734e-11,
        4.56447542125174e-11,
        3.219389040124738e-11,
        3.606158883803619e-11,
        1.7011551966604805e-11,
        2.5868912245174177e-11,
        1.775833071667592e-11
      ],
      "confidence": 0.7
    }
  ]
}