{
  "chunk": 208,
  "total_chunks": 3600,
  "patterns_found": 2,
  "start_time": 207.00005750001597,
  "end_time": 207.99905777751607,
  "patterns": [
    {
      "type": "spike",
      "count": 24,
      "times": [
        207.0040575011271,
        207.01005750279376,
        207.01405750390487,
        207.01805750501597,
        207.02905750807153,
        207.03205750890487,
        207.04705751307154,
        207.05105751418265,
        207.07005751946042,
        207.89705774918272,
        207.92305775640494,
        207.93205775890493,
        207.93605776001607,
        207.94205776168272,
        207.96005776668272,
        207.96405776779383,
        207.9690577691827,
        207.97305777029385,
        207.9790577719605,
        207.9830577730716,
        207.98505777362718,
        207.99005777501606,
        207.9930577758494,
        207.9970577769605
      ],
      "amplitudes": [
        0.001131095493590363,
        0.0011695182682514918,
        0.001107121471793767,
        0.001129288247817667,
        0.001092799798489934,
        0.0011635081048342974,
        0.0011355752942185631,
        0.0010703636007598398,
        0.0011188010297631743,
        0.0010787590419734565,
        0.001068386652395373,
        0.0011336150870825215,
        0.0011193948125723277,
        0.0012183359680440048,
        0.0010616008173682462,
        0.001094931959385342,
        0.0011305482903601176,
        0.0010721190492554333,
        0.0010979738930923441,
        0.0010542895277412781,
        0.0010755321593708255,
        0.001074693401719443,
        0.0010894772492532124,
        0.0011585577501135806
      ],
      "confidence": 0.8
    },
    {
      "type": "oscillation",
      "frequencies": [
        3.9062489148496655,
        23.437493489097992,
        35.15624023364699,
        46.874986978195984,
        62.49998263759465,
        85.93747612669264,
        105.46872070094096,
        124.9999652751893,
        140.62496093458796,
        156.2499565939866,
        183.59369899793427,
        199.21869465733295,
        218.74993923158127,
        242.18743272067925,
        249.9999305503786,
        261.7186772949276,
        269.53117512462694,
        281.2499218691759,
        296.8749175285746,
        304.68741535827394,
        320.31241101767256,
        328.1249088473719,
        339.8436555919209,
        351.5624023364699,
        363.2811490810189,
        371.09364691071823,
        382.8123936552672,
        394.5311403998162,
        402.34363822951553,
        410.1561360592149,
        421.87488280376385,
        429.6873806334632,
        441.40612737801223,
        449.2186252077115,
        464.8436208671102,
        480.46861652650887,
        492.18736327105785
      ],
      "power": [
        3.170308538870131e-10,
        1.9546140649760062e-11,
        2.5023348020741995e-11,
        1.6794576473991296e-11,
        1.4171590786082895e-11,
        3.399104357363494e-11,
        2.337561425075281e-11,
        2.7288838199976395e-11,
        2.3269127340535315e-11,
        4.0192176383435684e-11,
        3.032145665190114e-11,
        3.133542485175397e-11,
        3.3644562141883114e-11,
        2.536043041530667e-11,
        3.142750985690617e-11,
        3.677635815360332e-11,
        3.4011598503884824e-11,
        2.300074410716685e-11,
        9.447894499646094e-12,
        1.7757696747684578e-11,
        2.4957830452235753e-11,
        3.085980458440028e-11,
        3.071522121297632e-11,
        2.9102029687800686e-11,
        1.637864811511384e-11,
        2.4899980980158866e-11,
        2.3391382013703677e-11,
        3.527741930375776e-11,
        3.092515739318584e-11,
        4.664374812025241e-11,
        2.801748261296585e-11,
        1.3644015261952917e-11,
        1.829734096621553e-11,
        2.3039304993026313e-11,
        2.8573852763613057e-11,
        5.124653745454174e-11,
        1.5246120079046328e-11
      ],
      "confidence": 0.7
    }
  ]
}