{
  "chunk": 1455,
  "total_chunks": 3600,
  "patterns_found": 2,
  "start_time": 1454.000403889001,
  "end_time": 1454.9994041665013,
  "patterns": [
    {
      "type": "spike",
      "count": 10,
      "times": [
        1454.3824039951123,
        1454.43740401039,
        1454.4654040181679,
        1454.4724040201122,
        1454.4834040231679,
        1454.49140402539,
        1454.5164040323345,
        1454.5354040376124,
        1454.5764040490012,
        1454.6294040637235
      ],
      "amplitudes": [
        0.001682687425725129,
        0.0017118400783441312,
        0.0016855817746984619,
        0.0017489318533672068,
        0.0016834462416797996,
        0.0017468236669844327,
        0.0017323205198360317,
        0.0016766382900783782,
        0.0016948956941684158,
        0.0017818866459054141
      ],
      "confidence": 0.8
    },
    {
      "type": "oscillation",
      "frequencies": [
        3.906248914738643,
        19.531244573693215,
        35.15624023264779,
        46.87498697686372,
        58.59373372107965,
        66.40623155055694,
        82.03122720951151,
        93.74997395372743,
        109.37496961268201,
        128.90621418637522,
        144.5312098453298,
        152.3437076748071,
        164.06245441902303,
        179.6874500779776,
        191.40619682219352,
        203.12494356640946,
        226.5624370548413,
        238.28118379905723,
        257.81242837275045,
        277.3436729464437,
        289.0624196906596,
        300.7811664348755,
        316.4061620938301,
        324.21865992330737,
        347.65615341173924,
        363.2811490706938,
        374.99989581490973,
        390.6248914738643,
        406.2498871328189,
        414.06238496229616,
        453.1248741096826,
        460.9373719391599,
        468.7498697686372,
        492.187363257069
      ],
      "power": [
        2.7350203035811847e-10,
        2.2562453780803502e-11,
        2.1745239394602844e-11,
        2.6878628744749533e-11,
        2.431026280502038e-11,
        2.7820310763747875e-11,
        3.5616651456726154e-11,
        3.115380822264044e-11,
        2.8821465568521086e-11,
        1.8384961692036687e-11,
        2.4660836526206698e-11,
        2.8457411551258634e-11,
        2.5023338939339876e-11,
        2.449742397386565e-11,
        1.9159824326743444e-11,
        3.879575259236987e-11,
        1.714466365991949e-11,
        1.7665885747814418e-11,
        3.369185273508e-11,
        2.6920498046650165e-11,
        2.81817926789671e-11,
        3.9756406775394156e-11,
        2.339710391804273e-11,
        2.34955961751168e-11,
        3.6201471508876386e-11,
        1.487629325796259e-11,
        2.8568451057032066e-11,
        2.1577135682707753e-11,
        2.277715138379618e-11,
        2.3446121365100546e-11,
        3.2668222370235453e-11,
        2.3275557469402657e-11,
        2.3939378801236386e-11,
        2.4064501251146273e-11
      ],
      "confidence": 0.7
    }
  ]
}