{
  "chunk": 1869,
  "total_chunks": 3600,
  "patterns_found": 2,
  "start_time": 1868.0005188890332,
  "end_time": 1868.9995191665332,
  "patterns": [
    {
      "type": "spike",
      "count": 4,
      "times": [
        1868.3845189956999,
        1868.4445190123665,
        1868.4795190220887,
        1868.7085190857
      ],
      "amplitudes": [
        0.0016987698166628122,
        0.0016882113384917622,
        0.0017433582342640036,
        0.0016890615636468997
      ],
      "confidence": 0.8
    },
    {
      "type": "oscillation",
      "frequencies": [
        3.906248914738643,
        19.531244573693215,
        31.249991317909146,
        54.687484806341004,
        66.40623155055694,
        78.12497829477286,
        93.74997395372743,
        101.56247178320473,
        124.99996527163658,
        148.43745876006844,
        164.06245441902303,
        175.78120116323893,
        191.40619682219352,
        203.12494356640946,
        214.8436903106254,
        242.18743271379589,
        253.90617945801182,
        273.437424031705,
        296.8749175201369,
        304.6874153496142,
        312.49991317909144,
        324.21865992330737,
        332.0311577527847,
        347.65615341173924,
        359.3749001559552,
        371.0936469001711,
        394.531140388603,
        406.2498871328189,
        421.8748827917735,
        437.49987845072803,
        453.1248741096826,
        464.8436208538985,
        476.56236759811446,
        492.187363257069
      ],
      "power": [
        3.4442770637323235e-10,
        1.908083737261923e-11,
        2.728235981787802e-11,
        1.4538489141142249e-11,
        2.721970189939768e-11,
        3.752252323073959e-11,
        2.0497567885218895e-11,
        1.5098735952402757e-11,
        3.6016675374261954e-11,
        4.1372938301357676e-11,
        3.3376447226381145e-11,
        2.900799420159688e-11,
        4.065179303194833e-11,
        2.3777134098785926e-11,
        4.425884163837904e-11,
        2.0428474151896596e-11,
        3.0003907889224806e-11,
        2.9956643912992375e-11,
        2.021875555391472e-11,
        2.162952403852909e-11,
        2.351556457162162e-11,
        2.2363386736624214e-11,
        2.5343936336091015e-11,
        2.979180158883316e-11,
        1.8058872948058944e-11,
        2.0507253591506946e-11,
        3.913745537150185e-11,
        1.5410379748273027e-11,
        2.1267896262642897e-11,
        3.0616921326201324e-11,
        2.53104055374625e-11,
        2.192101841552824e-11,
        1.3568106640154354e-11,
        3.2957358258584636e-11
      ],
      "confidence": 0.7
    }
  ]
}