{
  "chunk": 1833,
  "total_chunks": 3600,
  "patterns_found": 2,
  "start_time": 1832.0005088890302,
  "end_time": 1832.9995091665305,
  "patterns": [
    {
      "type": "spike",
      "count": 4,
      "times": [
        1832.353508987086,
        1832.4855090237527,
        1832.514509031808,
        1832.5975090548636
      ],
      "amplitudes": [
        0.001730413865742919,
        0.001705947544381764,
        0.00168537287888531,
        0.0017107366387939449
      ],
      "confidence": 0.8
    },
    {
      "type": "oscillation",
      "frequencies": [
        3.906248914738643,
        19.531244573693215,
        35.15624023264779,
        62.49998263581829,
        70.31248046529558,
        89.8437250389888,
        124.99996527163658,
        144.5312098453298,
        167.96870333376165,
        183.59369899271624,
        199.2186946516708,
        207.03119248114808,
        218.74993922536402,
        226.5624370548413,
        234.3749348843186,
        242.18743271379589,
        249.99993054327317,
        265.62492620222775,
        285.15617077592094,
        304.6874153496142,
        324.21865992330737,
        332.0311577527847,
        343.7499044970006,
        363.2811490706938,
        378.9061447296484,
        390.6248914738643,
        398.4373893033416,
        406.2498871328189,
        421.8748827917735,
        433.5936295359894,
        449.21862519494397,
        460.9373719391599,
        476.56236759811446,
        488.2811143423304
      ],
      "power": [
        3.354715766020436e-10,
        2.085514779554702e-11,
        1.5135377173690583e-11,
        3.335771828556972e-11,
        3.152344623431467e-11,
        2.7754643816440764e-11,
        3.5837249736974296e-11,
        2.1255019354048165e-11,
        3.570592514525501e-11,
        2.151389477022143e-11,
        3.0177147240088456e-11,
        2.2849890148117486e-11,
        2.2583806720495472e-11,
        1.5935287364964942e-11,
        1.5268825118419312e-11,
        2.4350958467536967e-11,
        2.4173298635651707e-11,
        2.5579200971006736e-11,
        3.305675951592596e-11,
        5.034312276830282e-11,
        3.2025650580668693e-11,
        2.5401826881425135e-11,
        2.8948818311186303e-11,
        2.153706166700019e-11,
        2.5569788542462176e-11,
        3.967310750758983e-11,
        1.8263204256864862e-11,
        3.259238379062041e-11,
        2.3406793173682587e-11,
        2.3354643596671264e-11,
        3.298596318420548e-11,
        2.944399118277131e-11,
        1.7500138177855183e-11,
        3.022944888347322e-11
      ],
      "confidence": 0.7
    }
  ]
}