{
  "chunk": 2721,
  "total_chunks": 3600,
  "patterns_found": 2,
  "start_time": 2720.0007555557654,
  "end_time": 2720.9997558332657,
  "patterns": [
    {
      "type": "spike",
      "count": 7,
      "times": [
        2720.3667556574323,
        2720.4187556718766,
        2720.567755713266,
        2720.5727557146547,
        2720.58375571771,
        2720.585755718266,
        2720.61975572771
      ],
      "amplitudes": [
        0.0016807916692030043,
        0.0017074563924282732,
        0.0016985076738245798,
        0.0016844430642504859,
        0.0016962765662695508,
        0.0017886299532277644,
        0.00177262197595848
      ],
      "confidence": 0.8
    },
    {
      "type": "oscillation",
      "frequencies": [
        3.9062489138504652,
        23.43749348310279,
        35.156240224654184,
        46.87498696620558,
        58.59373370775698,
        66.4062315354579,
        85.93747610471024,
        93.74997393241117,
        109.37496958781303,
        121.09371632936443,
        148.4374587263177,
        156.2499565540186,
        171.87495220942048,
        183.59369895097186,
        203.12494352022418,
        210.93744134792513,
        230.46868591717745,
        249.99993048642978,
        265.6249261418316,
        281.24992179723347,
        292.96866853878487,
        304.68741528033627,
        324.2186598495886,
        339.84365550499047,
        351.56240224654186,
        363.28114898809326,
        371.0936468157942,
        386.71864247119606,
        394.531140298897,
        406.24988704044836,
        417.96863378199976,
        429.68738052355116,
        441.40612726510255,
        464.84362074820535,
        472.6561185759063,
        484.3748653174577,
        496.0936120590091
      ],
      "power": [
        3.062957034116146e-10,
        2.0803191092832666e-11,
        1.596985954320652e-11,
        1.7535411545328728e-11,
        3.179466826185585e-11,
        1.8016709650015075e-11,
        2.0503061808190403e-11,
        1.19719919765712e-11,
        1.2315998265607576e-11,
        3.7465286852402435e-11,
        3.182286638236828e-11,
        3.332697181836276e-11,
        4.0585231468073965e-11,
        3.909924930401323e-11,
        2.1015524464217837e-11,
        2.510553264009943e-11,
        1.5539469837114792e-11,
        3.3835136154281785e-11,
        3.558814407702915e-11,
        1.872804903899468e-11,
        2.893704202140113e-11,
        2.3969075532377832e-11,
        3.256221305079567e-11,
        2.1512811909823335e-11,
        1.9932297399112585e-11,
        1.9089157132392658e-11,
        3.2294060818489746e-11,
        2.3680788804541308e-11,
        3.179858731207384e-11,
        2.7306586841084592e-11,
        1.959645697675552e-11,
        2.273638197567265e-11,
        2.270949678946536e-11,
        3.263600675094083e-11,
        3.0179840279040666e-11,
        2.5728470276162345e-11,
        2.538376778618903e-11
      ],
      "confidence": 0.7
    }
  ]
}