{
  "chunk": 2656,
  "total_chunks": 3600,
  "patterns_found": 2,
  "start_time": 2655.000737500205,
  "end_time": 2655.999737777705,
  "patterns": [
    {
      "type": "spike",
      "count": 19,
      "times": [
        2655.0017375004827,
        2655.0067375018716,
        2655.009737502705,
        2655.035737509927,
        2655.0507375140937,
        2655.0897375249274,
        2655.0947375263163,
        2655.1237375343717,
        2655.9107377529826,
        2655.9247377568718,
        2655.940737761316,
        2655.9487377635382,
        2655.950737764094,
        2655.9567377657604,
        2655.966737768538,
        2655.968737769094,
        2655.972737770205,
        2655.9787377718717,
        2655.984737773538
      ],
      "amplitudes": [
        0.0010880580775577023,
        0.0011150664052210159,
        0.0011228282066970342,
        0.0010763318678871224,
        0.001066768083187201,
        0.001058266165998104,
        0.0010506731094474643,
        0.0010692936396825845,
        0.0011381390965581031,
        0.0011745454602804222,
        0.0010565689566640899,
        0.0010490463828301741,
        0.0011000221806242911,
        0.0010678673761773333,
        0.0010873975650675177,
        0.0011414635799395884,
        0.0010482149592983166,
        0.001149685047367719,
        0.0012001482839849096
      ],
      "confidence": 0.8
    },
    {
      "type": "oscillation",
      "frequencies": [
        3.906248915626821,
        19.531244578134107,
        31.24999132501457,
        42.96873807189503,
        50.781235903148676,
        66.40623156565596,
        74.21872939690961,
        101.56247180629735,
        113.28121855317781,
        124.99996530005828,
        140.62496096256555,
        152.34370770944602,
        171.87495228758013,
        179.68745011883377,
        191.40619686571424,
        210.93744144384834,
        230.46868602198245,
        246.09368168448972,
        261.718677346997,
        269.53117517825063,
        281.2499219251311,
        292.9686686720116,
        304.68741541889204,
        316.4061621657725,
        335.93740674390665,
        343.74990457516026,
        355.4686513220407,
        371.093646984548,
        378.90614481580167,
        394.53114047830894,
        402.3436383095626,
        421.8748828876967,
        437.49987855020396,
        468.74986987521856,
        488.28111445335264,
        496.0936122846063
      ],
      "power": [
        2.8677181067671654e-10,
        3.107200914345505e-11,
        2.7976093232754297e-11,
        2.6521958678284534e-11,
        2.6371772295342418e-11,
        1.331645813217312e-11,
        1.805880712844159e-11,
        2.941171552861655e-11,
        2.5245812421191016e-11,
        2.6223436306020053e-11,
        2.4170554675798808e-11,
        2.4534487802755617e-11,
        2.338289651029397e-11,
        2.0192183851988066e-11,
        1.5066889778330037e-11,
        3.500887414137654e-11,
        2.6610720094866657e-11,
        3.6086423808191865e-11,
        1.4972314912482388e-11,
        2.779208425297854e-11,
        1.4826483200632755e-11,
        2.3379021608203517e-11,
        2.6115731752580434e-11,
        3.7868388746686014e-11,
        3.881002368610206e-11,
        2.001825052602933e-11,
        3.4028228168511027e-11,
        2.852691110012163e-11,
        2.861380424449217e-11,
        2.8907223093116794e-11,
        1.374520198124441e-11,
        2.9226921745956225e-11,
        2.605487867179709e-11,
        3.74284496481431e-11,
        2.01800536081938e-11,
        2.3052694581887293e-11
      ],
      "confidence": 0.7
    }
  ]
}