{
  "chunk": 1515,
  "total_chunks": 3600,
  "patterns_found": 2,
  "start_time": 1514.0004205556725,
  "end_time": 1514.9994208331725,
  "patterns": [
    {
      "type": "spike",
      "count": 6,
      "times": [
        1514.4174206715059,
        1514.4324206756726,
        1514.4814206892836,
        1514.4924206923392,
        1514.538420705117,
        1514.7114207531724
      ],
      "amplitudes": [
        0.0016924665640224074,
        0.0017139574597187421,
        0.0018164946394092127,
        0.0017156378865612137,
        0.001762928730676347,
        0.0017123951991250413
      ],
      "confidence": 0.8
    },
    {
      "type": "oscillation",
      "frequencies": [
        3.906248914738643,
        15.624995658954573,
        31.249991317909146,
        46.87498697686372,
        58.59373372107965,
        70.31248046529558,
        89.8437250389888,
        97.65622286846607,
        117.1874674421593,
        124.99996527163658,
        152.3437076748071,
        160.15620550428437,
        171.8749522485003,
        183.59369899271624,
        195.31244573693215,
        214.8436903106254,
        222.65618814010267,
        234.3749348843186,
        246.0936816285345,
        257.81242837275045,
        269.5311751169664,
        281.2499218611823,
        289.0624196906596,
        300.7811664348755,
        320.31241100856874,
        328.12490883804605,
        355.46865124121655,
        363.2811490706938,
        390.6248914738643,
        398.4373893033416,
        410.15613604755754,
        425.7811317065121,
        433.5936295359894,
        445.31237628020534,
        457.0311230244213,
        472.65611868337584,
        484.37486542759177,
        496.0936121718077
      ],
      "power": [
        3.716087685134764e-10,
        2.898378289865098e-11,
        2.4503689508334174e-11,
        1.988940816796069e-11,
        3.115158480243829e-11,
        2.670189954795653e-11,
        1.3330996146840321e-11,
        1.712482529783504e-11,
        3.5493774876511156e-11,
        3.285533604316697e-11,
        1.9054522030129803e-11,
        1.7560792569498417e-11,
        3.283936139501257e-11,
        3.8496662966924436e-11,
        2.807911168416798e-11,
        2.985646225939307e-11,
        2.7734003190745246e-11,
        2.6040572514736315e-11,
        9.738763276057312e-12,
        2.4273415146466232e-11,
        4.0114947864632705e-11,
        2.6323594129489157e-11,
        2.491558299629911e-11,
        3.767875838670407e-11,
        3.7730848915402966e-11,
        2.7428705316805106e-11,
        2.8360128580720704e-11,
        3.230487194781576e-11,
        1.850934198262617e-11,
        1.9469395830075462e-11,
        2.6591285325279888e-11,
        3.115957383795066e-11,
        2.932953231657373e-11,
        2.018774931556654e-11,
        3.0577549354696617e-11,
        5.102134374091485e-11,
        2.5688113566092924e-11,
        2.4940930393865788e-11
      ],
      "confidence": 0.7
    }
  ]
}