{
  "chunk": 2195,
  "total_chunks": 3600,
  "patterns_found": 2,
  "start_time": 2194.000609444614,
  "end_time": 2194.9996097221137,
  "patterns": [
    {
      "type": "spike",
      "count": 5,
      "times": [
        2194.3096095304472,
        2194.476609576836,
        2194.552609597947,
        2194.580609605725,
        2194.616609615725
      ],
      "amplitudes": [
        0.001806125230896199,
        0.0017296337404328808,
        0.00177478649430426,
        0.0017760286616268282,
        0.0016971740108112422
      ],
      "confidence": 0.8
    },
    {
      "type": "oscillation",
      "frequencies": [
        3.906248915626821,
        19.531244578134107,
        39.062489156268214,
        54.687484818775495,
        74.21872939690961,
        89.84372505941688,
        109.37496963755099,
        117.18746746880464,
        132.81246313131192,
        156.24995662507285,
        167.96870337195332,
        183.5936990344606,
        203.1249436125947,
        210.93744144384834,
        230.46868602198245,
        249.99993060011656,
        269.53117517825063,
        277.3436730095043,
        289.06241975638477,
        308.59366433451885,
        320.3124110813993,
        332.0311578282798,
        347.65615349078706,
        367.1873980689212,
        382.8123937314285,
        390.62489156268214,
        402.3436383095626,
        421.8748828876967,
        441.4061274658308,
        453.12487421271123,
        460.9373720439649,
        468.74986987521856,
        480.46861662209903,
        492.18736336897945
      ],
      "power": [
        3.620663355900132e-10,
        2.2403088681556432e-11,
        1.6173814083150844e-11,
        2.353780098980165e-11,
        2.6852763584878788e-11,
        1.771278924644738e-11,
        1.8333308249266602e-11,
        9.435570657660579e-12,
        2.0543767388701147e-11,
        2.8464722431538206e-11,
        2.0164141621291575e-11,
        3.3896666147040965e-11,
        4.453242536684194e-11,
        2.355284707084405e-11,
        2.159113824637462e-11,
        1.8698909624700765e-11,
        3.308912305957978e-11,
        2.8951644312675515e-11,
        2.909941256312917e-11,
        1.822708087673597e-11,
        2.7216142086318284e-11,
        3.343693030650164e-11,
        2.4763898552742466e-11,
        3.115478204715482e-11,
        2.045978286824681e-11,
        1.6027516123598664e-11,
        3.040991740922744e-11,
        3.9634107200593756e-11,
        2.577396656052141e-11,
        3.1205196675064095e-11,
        2.6566172405541715e-11,
        2.7685415122577562e-11,
        2.155295889227767e-11,
        1.6987128435384303e-11
      ],
      "confidence": 0.7
    }
  ]
}