{
  "chunk": 1928,
  "total_chunks": 3600,
  "patterns_found": 2,
  "start_time": 1927.0005352779265,
  "end_time": 1927.9995355554267,
  "patterns": [
    {
      "type": "spike",
      "count": 19,
      "times": [
        1927.0015352782043,
        1927.020535283482,
        1927.0235352843154,
        1927.0315352865377,
        1927.0405352890377,
        1927.04853529126,
        1927.0635352954266,
        1927.8875355243156,
        1927.9285355357044,
        1927.9325355368155,
        1927.9435355398712,
        1927.9475355409822,
        1927.9565355434822,
        1927.9645355457044,
        1927.9675355465376,
        1927.971535547649,
        1927.9785355495933,
        1927.9945355540378,
        1927.997535554871
      ],
      "amplitudes": [
        0.00125832682238454,
        0.001083191610139977,
        0.001142278690946631,
        0.0011708710009443876,
        0.0011346629162676527,
        0.0011183767063767884,
        0.001098468243691074,
        0.0011470331020227396,
        0.0010745495047111652,
        0.0011060326171786685,
        0.0012027455089278771,
        0.0010964573456842546,
        0.0011416449451285284,
        0.0011712500615874634,
        0.0011299072477611272,
        0.0011255042961367855,
        0.0011224798008064225,
        0.0011843333649430633,
        0.0011890268455085067
      ],
      "confidence": 0.8
    },
    {
      "type": "oscillation",
      "frequencies": [
        3.906248914738643,
        19.531244573693215,
        35.15624023264779,
        58.59373372107965,
        66.40623155055694,
        78.12497829477286,
        85.93747612425015,
        97.65622286846607,
        132.81246310111388,
        140.62496093059116,
        156.24995658954572,
        171.8749522485003,
        199.2186946516708,
        210.93744139588674,
        226.5624370548413,
        234.3749348843186,
        246.0936816285345,
        253.90617945801182,
        269.5311751169664,
        289.0624196906596,
        300.7811664348755,
        312.49991317909144,
        328.12490883804605,
        343.7499044970006,
        363.2811490706938,
        374.99989581490973,
        386.71864255912567,
        414.06238496229616,
        429.6873806212508,
        457.0311230244213,
        468.7498697686372,
        480.4686165128531,
        492.187363257069
      ],
      "power": [
        3.6739452666523354e-10,
        2.7851906722532033e-11,
        2.169973659078867e-11,
        2.5490862404367718e-11,
        2.7731871893507927e-11,
        1.8250499356419197e-11,
        2.3196482648796922e-11,
        1.5687056456121132e-11,
        2.474346394238345e-11,
        4.0189208642694314e-11,
        3.883808830768308e-11,
        3.411534791694891e-11,
        3.392192088957919e-11,
        2.29750739606344e-11,
        2.290909088646981e-11,
        2.1902898843051313e-11,
        2.22004880009457e-11,
        2.031440752796079e-11,
        2.384835695698758e-11,
        2.866958906372994e-11,
        3.196831053380909e-11,
        2.3072059953555277e-11,
        3.087421049955367e-11,
        1.7568005181016573e-11,
        2.3122050894770423e-11,
        3.2205878812703895e-11,
        3.0690578022147596e-11,
        2.598542551732491e-11,
        2.4724271668354936e-11,
        3.433485147417123e-11,
        2.971189657153091e-11,
        1.1758939024541636e-11,
        2.992341456776383e-11
      ],
      "confidence": 0.7
    }
  ]
}