{
  "chunk": 1050,
  "total_chunks": 3600,
  "patterns_found": 2,
  "start_time": 1049.0002913889698,
  "end_time": 1049.99929166647,
  "patterns": [
    {
      "type": "spike",
      "count": 21,
      "times": [
        1049.0072913909144,
        1049.0102913917476,
        1049.0172913936922,
        1049.0192913942476,
        1049.0252913959143,
        1049.0432914009143,
        1049.0652914070254,
        1049.0692914081365,
        1049.089291413692,
        1049.9302916473032,
        1049.9332916481367,
        1049.9392916498032,
        1049.9522916534145,
        1049.9612916559145,
        1049.96329165647,
        1049.9702916584145,
        1049.9792916609144,
        1049.9812916614699,
        1049.9872916631366,
        1049.9932916648033,
        1049.9972916659144
      ],
      "amplitudes": [
        0.001066876251388836,
        0.0011002678206747053,
        0.0011486277227050169,
        0.00114084939385599,
        0.001065117234526005,
        0.0010593702223796826,
        0.0010842472436779287,
        0.0010628363611036274,
        0.001167364792311002,
        0.0011614000738657477,
        0.0010625448582643816,
        0.0011779027070092608,
        0.0010744449378701072,
        0.0010952816152025187,
        0.0010525474348423384,
        0.0012018899538881558,
        0.0011470597583441414,
        0.0011062686437739318,
        0.0011835408624364745,
        0.0011669861627402161,
        0.0011120662906493753
      ],
      "confidence": 0.8
    },
    {
      "type": "oscillation",
      "frequencies": [
        3.906248914738643,
        31.249991317909146,
        39.06248914738643,
        46.87498697686372,
        66.40623155055694,
        78.12497829477286,
        89.8437250389888,
        109.37496961268201,
        117.1874674421593,
        124.99996527163658,
        144.5312098453298,
        156.24995658954572,
        164.06245441902303,
        171.8749522485003,
        191.40619682219352,
        207.03119248114808,
        230.46868596957995,
        238.28118379905723,
        257.81242837275045,
        265.62492620222775,
        273.437424031705,
        304.6874153496142,
        316.4061620938301,
        328.12490883804605,
        343.7499044970006,
        351.56240232647787,
        371.0936469001711,
        390.6248914738643,
        398.4373893033416,
        425.7811317065121,
        433.5936295359894,
        457.0311230244213,
        472.65611868337584,
        480.4686165128531,
        496.0936121718077
      ],
      "power": [
        3.423163083526613e-10,
        2.01677013472763e-11,
        1.1499284787248888e-11,
        1.46367779976615e-11,
        1.8029118145822943e-11,
        3.0625770502966315e-11,
        2.1646212054436406e-11,
        2.9325576663977544e-11,
        2.4373398407500456e-11,
        1.4837358378416616e-11,
        2.941008272578537e-11,
        2.0451086266932038e-11,
        1.7488390389076832e-11,
        1.2177677945161073e-11,
        3.060018987307045e-11,
        2.905531321582917e-11,
        2.208881601399237e-11,
        2.800948862523026e-11,
        1.8732864194300672e-11,
        1.2930108107637354e-11,
        1.712129599849151e-11,
        5.585226069207902e-11,
        2.9134003972564046e-11,
        2.3199109918246497e-11,
        2.4468486229690862e-11,
        2.6138659461005744e-11,
        2.249172041890722e-11,
        3.321884615780504e-11,
        3.422548421919141e-11,
        2.3577935803499063e-11,
        2.678402677882548e-11,
        2.6647391015018423e-11,
        4.232074586642132e-11,
        2.5786617515143752e-11,
        2.199079505205341e-11
      ],
      "confidence": 0.7
    }
  ]
}