{
  "chunk": 3369,
  "total_chunks": 3600,
  "patterns_found": 2,
  "start_time": 3368.0009355558154,
  "end_time": 3368.9999358333157,
  "patterns": [
    {
      "type": "spike",
      "count": 6,
      "times": [
        3368.3649356569267,
        3368.4629356841488,
        3368.4909356919266,
        3368.5379357049824,
        3368.552935709149,
        3368.56593571276
      ],
      "amplitudes": [
        0.0017397346260662988,
        0.00176296839797257,
        0.0017106039985887887,
        0.0017771945752708294,
        0.001726253592582756,
        0.0017207258503502995
      ],
      "confidence": 0.8
    },
    {
      "type": "oscillation",
      "frequencies": [
        3.9062489138504652,
        27.343742396953257,
        39.06248913850465,
        54.68748479390651,
        78.1249782770093,
        85.93747610471024,
        101.56247176011209,
        113.28121850166349,
        132.8124630709158,
        156.2499565540186,
        171.87495220942048,
        183.59369895097186,
        195.31244569252326,
        210.93744134792513,
        218.74993917562605,
        230.46868591717745,
        246.0936815725793,
        253.90617940028025,
        261.7186772279812,
        285.156170711084,
        296.8749174526354,
        304.68741528033627,
        328.12490876343907,
        359.3749000742428,
        374.99989572964466,
        386.71864247119606,
        402.3436381265979,
        410.15613595429886,
        433.59362943740166,
        445.31237617895306,
        460.9373718343549,
        472.6561185759063,
        492.1873631451586
      ],
      "power": [
        3.778613758815322e-10,
        5.852853122935315e-11,
        2.8421164900395044e-11,
        2.3987738762996265e-11,
        1.738325491469026e-11,
        1.8816020228107228e-11,
        4.58990064223137e-11,
        4.267241261823542e-11,
        2.900470839189041e-11,
        3.4426127137931635e-11,
        2.1062384460005588e-11,
        3.021468260844389e-11,
        2.1631395602494533e-11,
        3.222652108817936e-11,
        1.8919399887663858e-11,
        2.30177441481268e-11,
        3.3152262061446185e-11,
        3.227734157499044e-11,
        2.276118500763105e-11,
        4.0880594940104194e-11,
        1.942220100598857e-11,
        1.4184218305907957e-11,
        4.383256949409353e-11,
        2.8114154994364064e-11,
        2.49829516443558e-11,
        2.1630446200185947e-11,
        2.944508461292804e-11,
        2.950558206844386e-11,
        2.927134013574058e-11,
        2.4057360238340687e-11,
        2.2769325902393558e-11,
        2.983360247392059e-11,
        3.4712236022921705e-11
      ],
      "confidence": 0.7
    }
  ]
}