{
  "chunk": 2355,
  "total_chunks": 3600,
  "patterns_found": 2,
  "start_time": 2354.0006538890707,
  "end_time": 2354.9996541665705,
  "patterns": [
    {
      "type": "spike",
      "count": 8,
      "times": [
        2354.346653985182,
        2354.4736540204594,
        2354.475654021015,
        2354.5006540279596,
        2354.511654031015,
        2354.519654033237,
        2354.5956540543484,
        2354.665654073793
      ],
      "amplitudes": [
        0.0016811331140683676,
        0.001747164090964789,
        0.0017411108698586744,
        0.0016859050199492403,
        0.0017351146572095783,
        0.0016892268531905328,
        0.0017063006071082877,
        0.0017130199876472837
      ],
      "confidence": 0.8
    },
    {
      "type": "oscillation",
      "frequencies": [
        3.906248915626821,
        15.624995662507285,
        31.24999132501457,
        54.687484818775495,
        62.49998265002914,
        74.21872939690961,
        85.93747614379006,
        101.56247180629735,
        109.37496963755099,
        124.99996530005828,
        148.43745879381922,
        160.15620554069966,
        167.96870337195332,
        175.78120120320696,
        187.4999479500874,
        203.1249436125947,
        210.93744144384834,
        226.56243710635562,
        253.9061795157434,
        265.62492626262383,
        273.4374240938775,
        281.2499219251311,
        300.78116650326524,
        312.4999132501457,
        320.3124110813993,
        328.124908912653,
        343.74990457516026,
        355.4686513220407,
        363.2811491532944,
        382.8123937314285,
        390.62489156268214,
        410.1561361408162,
        433.59362963457716,
        453.12487421271123,
        460.9373720439649,
        476.5623677064722,
        492.18736336897945
      ],
      "power": [
        3.191137452950791e-10,
        2.15209634996142e-11,
        4.3191095778543433e-11,
        2.1971698087761227e-11,
        2.4559765555350633e-11,
        2.719047380923129e-11,
        1.626094017873232e-11,
        2.8784633788135822e-11,
        3.313289798393052e-11,
        3.799789924186323e-11,
        2.3264061499429288e-11,
        1.4526466364955837e-11,
        1.475458832132935e-11,
        1.9415715227673173e-11,
        3.036144958085555e-11,
        2.4127047224820898e-11,
        2.4326180922328882e-11,
        4.2968198855037356e-11,
        3.750731526362528e-11,
        2.1877691800250424e-11,
        2.5983387354045782e-11,
        3.011698743108089e-11,
        1.8168423932747358e-11,
        2.350766438631299e-11,
        3.0436567509182835e-11,
        2.7297418522034597e-11,
        2.7453768060756584e-11,
        2.7727620047846327e-11,
        2.356194886965817e-11,
        2.8438850585712878e-11,
        2.9953658056233905e-11,
        2.8271476635016176e-11,
        2.4663729277058782e-11,
        2.4589274755384037e-11,
        3.893877997726781e-11,
        2.929679405884694e-11,
        1.739003670797846e-11
      ],
      "confidence": 0.7
    }
  ]
}