{
  "chunk": 994,
  "total_chunks": 3600,
  "patterns_found": 2,
  "start_time": 993.00027583341,
  "end_time": 993.99927611091,
  "patterns": [
    {
      "type": "spike",
      "count": 24,
      "times": [
        993.0192758386878,
        993.0212758392433,
        993.0242758400767,
        993.0292758414656,
        993.0332758425767,
        993.0382758439656,
        993.0442758456322,
        993.0522758478545,
        993.8402760667434,
        993.9122760867434,
        993.914276087299,
        993.91827608841,
        993.9422760950767,
        993.9532760981323,
        993.9602761000767,
        993.9632761009101,
        993.9702761028545,
        993.9742761039656,
        993.9802761056324,
        993.9822761061879,
        993.9872761075768,
        993.9902761084101,
        993.9932761092434,
        993.9972761103545
      ],
      "amplitudes": [
        0.0010754489006725306,
        0.001072185463723005,
        0.0010957356584382998,
        0.0010422560395039321,
        0.0010977734730569816,
        0.0011019151777690297,
        0.0011342833045257625,
        0.0011091273964935985,
        0.0010474036551670674,
        0.0010496909555468535,
        0.0010702927654803087,
        0.0010520195678754712,
        0.0010898211161177293,
        0.0010561778911091484,
        0.0011337995697560924,
        0.001051345082258895,
        0.0010568730335644985,
        0.0011086924852791588,
        0.001081546736995956,
        0.0010928087005638216,
        0.001159761501362125,
        0.0010860346428108346,
        0.001329160251476876,
        0.0010976593080441464
      ],
      "confidence": 0.8
    },
    {
      "type": "oscillation",
      "frequencies": [
        3.906248914738643,
        15.624995658954573,
        23.43749348843186,
        35.15624023264779,
        54.687484806341004,
        70.31248046529558,
        82.03122720951151,
        89.8437250389888,
        101.56247178320473,
        113.28121852742065,
        128.90621418637522,
        144.5312098453298,
        160.15620550428437,
        167.96870333376165,
        175.78120116323893,
        187.49994790745487,
        199.2186946516708,
        207.03119248114808,
        218.74993922536402,
        246.0936816285345,
        261.7186772874891,
        269.5311751169664,
        289.0624196906596,
        300.7811664348755,
        316.4061620938301,
        335.9374066675233,
        347.65615341173924,
        359.3749001559552,
        378.9061447296484,
        394.531140388603,
        417.96863387703485,
        433.5936295359894,
        445.31237628020534,
        453.1248741096826,
        464.8436208538985,
        484.37486542759177,
        492.187363257069
      ],
      "power": [
        2.8239056860051577e-10,
        2.070876138950959e-11,
        2.8962596537520624e-11,
        2.2613940856935284e-11,
        3.094606712269654e-11,
        2.480290219191586e-11,
        1.9683731868584184e-11,
        1.769928616812041e-11,
        1.9883226513801226e-11,
        2.8330506322672137e-11,
        2.833035158477233e-11,
        3.193541522730044e-11,
        2.3432357452595737e-11,
        1.856116226125167e-11,
        1.726969723687555e-11,
        3.894941090946971e-11,
        2.089681856603046e-11,
        2.239845720326896e-11,
        2.3830304969443094e-11,
        2.6041510080576637e-11,
        2.7847237031746766e-11,
        3.0304166776088105e-11,
        3.624547590605214e-11,
        3.1287616537342894e-11,
        2.3151694533531616e-11,
        2.4444549830484314e-11,
        2.345253765674702e-11,
        2.310783723637978e-11,
        4.041400359271113e-11,
        2.449124957793312e-11,
        3.4771588509130525e-11,
        7.37294698347988e-12,
        1.8016499903585872e-11,
        1.919661602385036e-11,
        4.577525634370558e-11,
        1.592360476686108e-11,
        3.562039431432884e-11
      ],
      "confidence": 0.7
    }
  ]
}