{
  "chunk": 3268,
  "total_chunks": 3600,
  "patterns_found": 2,
  "start_time": 3267.000907500252,
  "end_time": 3267.9999077777525,
  "patterns": [
    {
      "type": "spike",
      "count": 19,
      "times": [
        3267.0019075005303,
        3267.0049075013635,
        3267.0069075019187,
        3267.0219075060854,
        3267.0269075074743,
        3267.033907509419,
        3267.036907510252,
        3267.8769077435854,
        3267.9319077588634,
        3267.943907762197,
        3267.959907766641,
        3267.96490776803,
        3267.9679077688634,
        3267.9719077699747,
        3267.974907770808,
        3267.9869077741414,
        3267.992907775808,
        3267.9949077763636,
        3267.996907776919
      ],
      "amplitudes": [
        0.0010729146588683916,
        0.0010511253811339607,
        0.0011641151299217592,
        0.0011080775254986533,
        0.0010618034922465242,
        0.001068890303155756,
        0.0010859513641246737,
        0.0011161716027177117,
        0.0011391772925822138,
        0.0011027620307406123,
        0.0011477465492852254,
        0.0012784361060635635,
        0.0010652630645984912,
        0.0011387558705224052,
        0.0010743309830264808,
        0.0010729839958895458,
        0.0011169641475983897,
        0.0010686429934436657,
        0.001048127416190335
      ],
      "confidence": 0.8
    },
    {
      "type": "oscillation",
      "frequencies": [
        3.9062489138504652,
        23.43749348310279,
        35.156240224654184,
        50.781235880056045,
        70.31248044930837,
        82.03122719085977,
        89.8437250185607,
        101.56247176011209,
        117.18746741551396,
        132.8124630709158,
        140.62496089861673,
        164.06245438171953,
        175.78120112327093,
        191.4061967786728,
        214.84369026177558,
        222.65618808947653,
        242.18743265872885,
        257.8124283141307,
        273.4374239695326,
        285.156170711084,
        292.96866853878487,
        308.5936641941868,
        320.31241093573817,
        335.93740659114,
        363.28114898809326,
        382.8123935573456,
        402.3436381265979,
        414.0623848681493,
        425.7811316097007,
        441.40612726510255,
        453.12487400665395,
        460.9373718343549,
        468.74986966205586,
        480.4686164036072,
        496.0936120590091
      ],
      "power": [
        2.7066544596077104e-10,
        2.343235344505593e-11,
        2.938778912622658e-11,
        3.974009997933947e-11,
        2.490439697533806e-11,
        3.459065618226806e-11,
        2.8550470062103296e-11,
        2.057898093893721e-11,
        3.5015290993084985e-11,
        2.4375711720808608e-11,
        3.1232029522815874e-11,
        3.2646066636121875e-11,
        3.572256915621083e-11,
        1.6681332029778286e-11,
        3.681092624289244e-11,
        2.921577643554624e-11,
        2.2085398619559275e-11,
        1.9517175688265608e-11,
        1.682992044261242e-11,
        2.802228375517506e-11,
        2.262667757049483e-11,
        2.312441907763609e-11,
        3.091150184649912e-11,
        3.007132539263084e-11,
        2.5005674397203222e-11,
        2.458373832211503e-11,
        2.767712495949692e-11,
        2.0793621263483915e-11,
        5.0139742569985565e-11,
        1.9590191408383208e-11,
        1.961905815566851e-11,
        1.602018747522887e-11,
        1.5221699229842275e-11,
        1.886596128869296e-11,
        2.0920997736129935e-11
      ],
      "confidence": 0.7
    }
  ]
}