{
  "chunk": 1108,
  "total_chunks": 3600,
  "patterns_found": 2,
  "start_time": 1107.0003075000855,
  "end_time": 1107.9993077775855,
  "patterns": [
    {
      "type": "spike",
      "count": 22,
      "times": [
        1107.0013075003633,
        1107.0053075014744,
        1107.0133075036965,
        1107.01630750453,
        1107.0183075050854,
        1107.0223075061965,
        1107.0273075075854,
        1107.0313075086965,
        1107.03430750953,
        1107.0403075111965,
        1107.0573075159189,
        1107.0623075173078,
        1107.9423077617523,
        1107.9663077684188,
        1107.9693077692523,
        1107.9753077709188,
        1107.9783077717523,
        1107.9803077723077,
        1107.9863077739744,
        1107.98830777453,
        1107.9903077750855,
        1107.9983077773077
      ],
      "amplitudes": [
        0.0012093390367944798,
        0.001140546907002161,
        0.0011628553014095318,
        0.0011470396147745714,
        0.0011413613935168812,
        0.0010863413667346416,
        0.0011256108307825454,
        0.001074530432256944,
        0.0011078369858443819,
        0.0012296042417485739,
        0.0010740790558284405,
        0.0011332127900308302,
        0.0010636863322174618,
        0.0010709668652243724,
        0.0010732031350066734,
        0.0011366969607889943,
        0.0011080954616449938,
        0.0010853181084851964,
        0.0011513371220411542,
        0.001163775834705145,
        0.0010999212520236786,
        0.0010772003377216008
      ],
      "confidence": 0.8
    },
    {
      "type": "oscillation",
      "frequencies": [
        3.906248914738643,
        15.624995658954573,
        27.343742403170502,
        39.06248914738643,
        50.781235891602364,
        70.31248046529558,
        78.12497829477286,
        85.93747612425015,
        105.46872069794337,
        121.09371635689794,
        136.7187120158525,
        156.24995658954572,
        164.06245441902303,
        179.6874500779776,
        191.40619682219352,
        207.03119248114808,
        218.74993922536402,
        234.3749348843186,
        261.7186772874891,
        281.2499218611823,
        289.0624196906596,
        300.7811664348755,
        316.4061620938301,
        335.9374066675233,
        347.65615341173924,
        359.3749001559552,
        378.9061447296484,
        390.6248914738643,
        402.34363821808023,
        421.8748827917735,
        433.5936295359894,
        441.40612736546666,
        453.1248741096826,
        476.56236759811446,
        492.187363257069
      ],
      "power": [
        3.219836434178073e-10,
        2.4972620412631713e-11,
        3.448188579354172e-11,
        3.828510275924912e-11,
        2.356283165821669e-11,
        4.235404404155233e-11,
        3.757929702576559e-11,
        2.617871424495601e-11,
        2.9534932408740906e-11,
        3.132634532517723e-11,
        2.4973953151946793e-11,
        3.354821003168422e-11,
        2.603393306276704e-11,
        1.1242607437724216e-11,
        2.5873297980885023e-11,
        2.3543002156491138e-11,
        2.938620573816197e-11,
        3.3325105474085166e-11,
        1.9363026535344614e-11,
        1.0400832261179475e-11,
        1.740856272518315e-11,
        2.2636882698805922e-11,
        2.132856543818874e-11,
        3.500210324155762e-11,
        1.2099694032002502e-11,
        1.7515413056260495e-11,
        3.7792001925976374e-11,
        2.5069608786189736e-11,
        1.335699925939931e-11,
        2.1918243676503073e-11,
        2.3554286830622076e-11,
        2.5073058730596783e-11,
        2.6476525941472606e-11,
        2.4935254007586807e-11,
        1.8659903837510298e-11
      ],
      "confidence": 0.7
    }
  ]
}