{
  "chunk": 2407,
  "total_chunks": 3600,
  "patterns_found": 2,
  "start_time": 2406.000668333519,
  "end_time": 2406.9996686110194,
  "patterns": [
    {
      "type": "spike",
      "count": 7,
      "times": [
        2406.4086684468525,
        2406.4536684593527,
        2406.4766684657416,
        2406.52666847963,
        2406.528668480186,
        2406.5886684968523,
        2406.621668506019
      ],
      "amplitudes": [
        0.0016846251597336921,
        0.0017321847926034272,
        0.0016971299146096752,
        0.0017005261409640108,
        0.0017267424428452037,
        0.0016920160731014294,
        0.0017039155079782904
      ],
      "confidence": 0.8
    },
    {
      "type": "oscillation",
      "frequencies": [
        3.906248915626821,
        19.531244578134107,
        27.343742409387747,
        39.062489156268214,
        50.781235903148676,
        62.49998265002914,
        78.12497831253643,
        89.84372505941688,
        124.99996530005828,
        140.62496096256555,
        152.34370770944602,
        167.96870337195332,
        179.68745011883377,
        187.4999479500874,
        203.1249436125947,
        218.74993927510198,
        226.56243710635562,
        246.09368168448972,
        257.8124284313702,
        265.62492626262383,
        277.3436730095043,
        289.06241975638477,
        300.78116650326524,
        308.59366433451885,
        316.4061621657725,
        328.124908912653,
        347.65615349078706,
        355.4686513220407,
        367.1873980689212,
        374.9998959001748,
        386.7186426470553,
        402.3436383095626,
        421.8748828876967,
        433.59362963457716,
        453.12487421271123,
        464.8436209595917,
        480.46861662209903,
        496.0936122846063
      ],
      "power": [
        2.9082871350344295e-10,
        3.947531316641649e-11,
        2.6326454160384346e-11,
        2.0561902303325412e-11,
        2.8374545345654245e-11,
        1.897950486896166e-11,
        1.2263750707626967e-11,
        2.404427830581538e-11,
        4.119421625499447e-11,
        3.124756708572396e-11,
        1.159940098023781e-11,
        1.8714371423897913e-11,
        4.1125626049882693e-11,
        2.824244977936604e-11,
        2.495059975571799e-11,
        2.5416777525495108e-11,
        2.5720981267653872e-11,
        2.5600963608861726e-11,
        1.9057766660876606e-11,
        2.41965522221839e-11,
        1.551188676072085e-11,
        3.639239162420277e-11,
        2.778231477655499e-11,
        1.6871320636279617e-11,
        1.7225923090689378e-11,
        4.246783246281454e-11,
        2.0125133841779563e-11,
        2.0589459278271007e-11,
        2.8368822374632526e-11,
        2.983522058068522e-11,
        2.1157656201966088e-11,
        4.253895433406914e-11,
        2.7158150848292347e-11,
        2.3265429409877524e-11,
        2.646818929648965e-11,
        3.1520530600612715e-11,
        2.5846553940808423e-11,
        2.4835509484104194e-11
      ],
      "confidence": 0.7
    }
  ]
}