{
  "chunk": 858,
  "total_chunks": 3600,
  "patterns_found": 2,
  "start_time": 857.0002380556217,
  "end_time": 857.9992383331218,
  "patterns": [
    {
      "type": "spike",
      "count": 22,
      "times": [
        857.0022380561772,
        857.0052380570106,
        857.0112380586772,
        857.0142380595106,
        857.0162380600661,
        857.0232380620106,
        857.0252380625661,
        857.035238065344,
        857.0452380681218,
        857.0552380708995,
        857.0642380733996,
        857.080238077844,
        857.1032380842329,
        857.9022383061773,
        857.9192383108996,
        857.9552383208995,
        857.9632383231218,
        857.9662383239552,
        857.9692383247884,
        857.9752383264552,
        857.9872383297885,
        857.9952383320107
      ],
      "amplitudes": [
        0.0011127203204079547,
        0.0011962554637868275,
        0.0010862496493093006,
        0.0011134824327826923,
        0.0010949946983446507,
        0.0010909849987692129,
        0.0011171223755921465,
        0.001050746856954401,
        0.001045058380094487,
        0.001071165600453435,
        0.0010889881845186614,
        0.0010657149785607957,
        0.001060612793293701,
        0.0010815236047429383,
        0.001058209152641401,
        0.0010775621358838326,
        0.0010979949851346506,
        0.0011053801250518215,
        0.0010510363249510556,
        0.0010508369985680786,
        0.0011017620811205624,
        0.0010886310528907257
      ],
      "confidence": 0.8
    },
    {
      "type": "oscillation",
      "frequencies": [
        3.906248914738643,
        15.624995658954573,
        35.15624023264779,
        46.87498697686372,
        54.687484806341004,
        62.49998263581829,
        78.12497829477286,
        85.93747612425015,
        101.56247178320473,
        117.1874674421593,
        140.62496093059116,
        156.24995658954572,
        164.06245441902303,
        179.6874500779776,
        195.31244573693215,
        203.12494356640946,
        218.74993922536402,
        238.28118379905723,
        249.99993054327317,
        269.5311751169664,
        277.3436729464437,
        285.15617077592094,
        296.8749175201369,
        324.21865992330737,
        343.7499044970006,
        363.2811490706938,
        386.71864255912567,
        394.531140388603,
        410.15613604755754,
        421.8748827917735,
        437.49987845072803,
        457.0311230244213,
        476.56236759811446,
        496.0936121718077
      ],
      "power": [
        3.0048312745315785e-10,
        3.578628757661117e-11,
        4.7193620036707493e-11,
        3.5986743787615204e-11,
        2.768303189137947e-11,
        2.1371102233542845e-11,
        2.1328838136618966e-11,
        3.481278451460646e-11,
        2.2436386135367106e-11,
        4.6076209139809195e-11,
        4.0540800325810946e-11,
        3.90343295532573e-11,
        2.310334460904514e-11,
        4.259645607410192e-11,
        1.7339507234217898e-11,
        1.7068476083834062e-11,
        3.3758803503953115e-11,
        1.3989326475646031e-11,
        2.4256133110537208e-11,
        2.01667597603225e-11,
        2.5455019388910577e-11,
        2.970180162121312e-11,
        4.2074790133978136e-11,
        2.8297236499729204e-11,
        2.2675649615566233e-11,
        3.527237934540085e-11,
        1.703229968918885e-11,
        1.855923196382447e-11,
        4.518879697918871e-11,
        2.4815984767175292e-11,
        2.843666302694374e-11,
        3.55660944310129e-11,
        2.6645541743472598e-11,
        2.3357626552877285e-11
      ],
      "confidence": 0.7
    }
  ]
}