{
  "chunk": 1985,
  "total_chunks": 3600,
  "patterns_found": 2,
  "start_time": 1984.0005511112643,
  "end_time": 1984.9995513887643,
  "patterns": [
    {
      "type": "spike",
      "count": 11,
      "times": [
        1984.3965512212644,
        1984.4455512348754,
        1984.45255123682,
        1984.4555512376533,
        1984.4715512420976,
        1984.4845512457089,
        1984.5075512520978,
        1984.5315512587642,
        1984.5355512598755,
        1984.5975512770976,
        1984.63255128682
      ],
      "amplitudes": [
        0.0016914449827947042,
        0.0017086346443577144,
        0.0016953220982925698,
        0.0016951430839280076,
        0.001687814694267504,
        0.0017076343969885117,
        0.001689087520970548,
        0.0016908609983732896,
        0.001696402074629243,
        0.0017283911594193858,
        0.0017118868793024686
      ],
      "confidence": 0.8
    },
    {
      "type": "oscillation",
      "frequencies": [
        3.906248914738643,
        27.343742403170502,
        39.06248914738643,
        46.87498697686372,
        54.687484806341004,
        62.49998263581829,
        78.12497829477286,
        85.93747612425015,
        97.65622286846607,
        117.1874674421593,
        132.81246310111388,
        144.5312098453298,
        164.06245441902303,
        179.6874500779776,
        191.40619682219352,
        210.93744139588674,
        222.65618814010267,
        238.28118379905723,
        253.90617945801182,
        265.62492620222775,
        277.3436729464437,
        292.96866860539825,
        312.49991317909144,
        324.21865992330737,
        335.9374066675233,
        351.56240232647787,
        371.0936469001711,
        386.71864255912567,
        410.15613604755754,
        429.6873806212508,
        441.40612736546666,
        457.0311230244213,
        468.7498697686372,
        480.4686165128531,
        488.2811143423304
      ],
      "power": [
        2.9214571519777796e-10,
        1.575523728107329e-11,
        1.990191533055482e-11,
        1.854257579771494e-11,
        1.556908745824355e-11,
        1.1232308371776985e-11,
        2.2062959657712406e-11,
        2.4145255425803304e-11,
        2.4610752024462604e-11,
        3.595477555144862e-11,
        3.408560083077608e-11,
        4.088471554678113e-11,
        2.8321812180499997e-11,
        2.223285096242875e-11,
        3.5357662030002276e-11,
        3.43320238588208e-11,
        2.4853555812218528e-11,
        4.159120979650746e-11,
        2.244263061746229e-11,
        1.924914332719464e-11,
        3.654712972512261e-11,
        2.8217004526830618e-11,
        2.825468987017175e-11,
        2.990849594028439e-11,
        4.889058936738888e-11,
        3.291797132477995e-11,
        2.8255109846467e-11,
        3.628866694402947e-11,
        6.28761516852333e-11,
        2.414161503469617e-11,
        2.733362226137757e-11,
        1.4076250800196139e-11,
        1.709555945885163e-11,
        2.4682643416255957e-11,
        3.178633369564792e-11
      ],
      "confidence": 0.7
    }
  ]
}