{
  "chunk": 1820,
  "total_chunks": 3600,
  "patterns_found": 2,
  "start_time": 1819.0005052779181,
  "end_time": 1819.9995055554184,
  "patterns": [
    {
      "type": "spike",
      "count": 25,
      "times": [
        1819.0025052784738,
        1819.0045052790294,
        1819.0065052795849,
        1819.0125052812516,
        1819.0175052826405,
        1819.0245052845848,
        1819.0265052851405,
        1819.0295052859738,
        1819.032505286807,
        1819.0365052879183,
        1819.0435052898627,
        1819.0585052940294,
        1819.0685052968072,
        1819.0705052973626,
        1819.0725052979183,
        1819.0835053009737,
        1819.0895053026404,
        1819.928505535696,
        1819.933505537085,
        1819.9405055390293,
        1819.942505539585,
        1819.9705055473628,
        1819.9765055490295,
        1819.9885055523628,
        1819.995505554307
      ],
      "amplitudes": [
        0.001120117202748026,
        0.0011009614848716857,
        0.0011832342276299997,
        0.0011027912487483972,
        0.0010733511314775887,
        0.001086960341352812,
        0.001061358200048441,
        0.0010441296587205984,
        0.0011326146017766679,
        0.001085026115532839,
        0.0010654068517942884,
        0.0011107659867108503,
        0.0010888326645686825,
        0.00107300392762818,
        0.0010425873192155164,
        0.0010863921961339425,
        0.0010614967368777935,
        0.001045796753365283,
        0.0011497071045467374,
        0.0010659374785320001,
        0.0010592394921546252,
        0.0010419013362347562,
        0.0010672823036253847,
        0.001227672540940648,
        0.0010585978286580468
      ],
      "confidence": 0.8
    },
    {
      "type": "oscillation",
      "frequencies": [
        3.906248914738643,
        11.71874674421593,
        23.43749348843186,
        39.06248914738643,
        46.87498697686372,
        58.59373372107965,
        70.31248046529558,
        89.8437250389888,
        101.56247178320473,
        117.1874674421593,
        128.90621418637522,
        148.43745876006844,
        160.15620550428437,
        175.78120116323893,
        187.49994790745487,
        207.03119248114808,
        230.46868596957995,
        249.99993054327317,
        269.5311751169664,
        296.8749175201369,
        312.49991317909144,
        320.31241100856874,
        335.9374066675233,
        347.65615341173924,
        355.46865124121655,
        371.0936469001711,
        382.81239364438704,
        390.6248914738643,
        402.34363821808023,
        417.96863387703485,
        429.6873806212508,
        441.40612736546666,
        449.21862519494397,
        460.9373719391599,
        472.65611868337584,
        492.187363257069
      ],
      "power": [
        2.57290733781587e-10,
        4.093233600005784e-11,
        3.70775321288845e-11,
        1.474148810668921e-11,
        1.3318728206921495e-11,
        2.079254104903108e-11,
        3.941645754049878e-11,
        3.578976670950136e-11,
        2.472577294260642e-11,
        3.303291693883003e-11,
        2.511326873606818e-11,
        1.5044273460344585e-11,
        2.031829404209375e-11,
        1.8538224142593682e-11,
        2.338168672255504e-11,
        3.2619370703311974e-11,
        3.814233365445151e-11,
        3.080711095070866e-11,
        3.202720572933663e-11,
        2.2943508918968935e-11,
        2.5933381349216498e-11,
        2.3415478139196395e-11,
        2.6918257986755066e-11,
        3.751146467627541e-11,
        3.324348948932234e-11,
        2.6353874823082057e-11,
        3.581373476127045e-11,
        2.4169041674903784e-11,
        2.5307567212885324e-11,
        1.4079682921491381e-11,
        2.002927480261893e-11,
        2.201105418031979e-11,
        1.870106381645497e-11,
        2.8228309866329557e-11,
        3.087989001247875e-11,
        2.2795180576087955e-11
      ],
      "confidence": 0.7
    }
  ]
}