{
  "chunk": 434,
  "total_chunks": 3600,
  "patterns_found": 2,
  "start_time": 433.0001202778112,
  "end_time": 433.99912055531126,
  "patterns": [
    {
      "type": "spike",
      "count": 20,
      "times": [
        433.001120278089,
        433.00712027975567,
        433.0201202833668,
        433.02712028531124,
        433.03312028697786,
        433.03612028781123,
        433.0811203003112,
        433.0851203014223,
        433.1191203108668,
        433.8911205253113,
        433.9331205369779,
        433.9401205389224,
        433.94612054058905,
        433.9491205414224,
        433.9521205422557,
        433.9621205450335,
        433.96512054586685,
        433.97712054920015,
        433.9861205517002,
        433.9891205525335
      ],
      "amplitudes": [
        0.0010458589479747011,
        0.0010608986581388678,
        0.0011355282260406346,
        0.0011909174616510703,
        0.001078918953767316,
        0.0010939582675673857,
        0.0010691129327506507,
        0.0010607662145940392,
        0.0010549456792421294,
        0.0010776222510192842,
        0.0010447326619575689,
        0.0011549534857021333,
        0.0010568954841674986,
        0.001050171157052602,
        0.0010433583273868514,
        0.0010888332955931246,
        0.0011169816249610447,
        0.001148072724100251,
        0.0011124226279557404,
        0.0010439055915203008
      ],
      "confidence": 0.8
    },
    {
      "type": "oscillation",
      "frequencies": [
        3.906248914960688,
        23.437493489764126,
        35.15624023464619,
        50.781235894488944,
        58.59373372441032,
        70.31248046929238,
        93.7499739590565,
        121.09371636378133,
        144.53120985354545,
        156.2499565984275,
        167.96870334330958,
        187.499947918113,
        195.31244574803438,
        210.93744140787715,
        222.6561881527592,
        230.46868598268057,
        242.18743272756265,
        261.7186773023661,
        273.43742404724816,
        304.68741536693364,
        316.4061621118157,
        328.1249088566978,
        339.8436556015798,
        351.5624023464619,
        363.281149091344,
        378.90614475118673,
        390.62489149606876,
        402.34363824095084,
        410.1561360708722,
        425.78113173071495,
        437.49987847559703,
        449.2186252204791,
        460.93737196536114,
        484.3748654551253,
        492.1873632850467
      ],
      "power": [
        2.925705513432897e-10,
        2.423530169780083e-11,
        2.2108351957784944e-11,
        2.656313351698075e-11,
        3.216399191216674e-11,
        2.006988349333536e-11,
        3.312534478883482e-11,
        2.5435705160204622e-11,
        2.6466946336702984e-11,
        3.3945021144068914e-11,
        3.5419760078594736e-11,
        3.841590078594545e-11,
        1.6919188374159648e-11,
        2.2426608084263943e-11,
        1.695989347304189e-11,
        2.3056666215470776e-11,
        2.6290384222231774e-11,
        4.144012540111894e-11,
        1.6586444703527005e-11,
        3.102456310602203e-11,
        2.00746183270778e-11,
        2.4099105407299976e-11,
        2.0618612821717536e-11,
        1.2644135468842215e-11,
        2.4630433610745126e-11,
        2.8970179022649237e-11,
        3.691650695277998e-11,
        1.0492059689481672e-11,
        1.536839217630048e-11,
        3.057289553527478e-11,
        2.5500792369028617e-11,
        2.8943951739640045e-11,
        3.439745570767665e-11,
        3.391292211512929e-11,
        1.87245006733517e-11
      ],
      "confidence": 0.7
    }
  ]
}