{
  "chunk": 991,
  "total_chunks": 3600,
  "patterns_found": 2,
  "start_time": 990.0002750000765,
  "end_time": 990.9992752775765,
  "patterns": [
    {
      "type": "spike",
      "count": 7,
      "times": [
        990.4242751178542,
        990.4332751203542,
        990.4592751275765,
        990.5092751414654,
        990.5232751453542,
        990.5792751609098,
        990.5912751642431
      ],
      "amplitudes": [
        0.0017226492663857296,
        0.0017086582541587167,
        0.0017527084157310181,
        0.0017294794720510394,
        0.0016906993802350495,
        0.0017075125520312124,
        0.0017187421029381754
      ],
      "confidence": 0.8
    },
    {
      "type": "oscillation",
      "frequencies": [
        3.906248915182732,
        19.53124457591366,
        27.343742406279123,
        39.06248915182732,
        46.87498698219278,
        58.59373372774098,
        78.12497830365464,
        85.9374761340201,
        105.46872070993376,
        121.0937163706647,
        136.71871203139563,
        148.43745877694383,
        160.156205522492,
        171.8749522680402,
        183.5936990135884,
        199.21869467431932,
        210.93744141986753,
        218.74993925023298,
        234.37493491096393,
        249.99993057169485,
        265.62492623242576,
        273.43742406279125,
        285.1561708083394,
        300.78116646907034,
        312.4999132146186,
        324.21865996016675,
        332.03115779053223,
        343.7499045360804,
        355.46865128162864,
        374.99989585754224,
        382.81239368790773,
        402.3436382638214,
        417.9686339245523,
        433.5936295852832,
        445.31237633083146,
        460.9373719915624,
        480.46861656747603,
        492.1873633130242
      ],
      "power": [
        2.9715384190800075e-10,
        2.485099348436782e-11,
        2.5871009196185645e-11,
        2.0599458096062287e-11,
        1.7352789646676314e-11,
        1.822201115435248e-11,
        3.8648527081087203e-11,
        3.777872372076784e-11,
        3.93691920691122e-11,
        2.028655205260442e-11,
        2.0394834385998242e-11,
        3.324255920036336e-11,
        1.5789509758498564e-11,
        2.2927562553171215e-11,
        1.7005607535008774e-11,
        2.8166802366982585e-11,
        2.754597453059419e-11,
        2.3046084727116346e-11,
        2.8102671075385376e-11,
        1.9777188504102313e-11,
        2.237610555267439e-11,
        2.1247787606400394e-11,
        2.5168951237016036e-11,
        1.4736790728127913e-11,
        1.993377422609504e-11,
        2.416240013741891e-11,
        1.7702043621659974e-11,
        2.3595662090485783e-11,
        2.82098522350859e-11,
        3.4170239811971145e-11,
        1.5330298288760872e-11,
        3.086538727595598e-11,
        3.9291944879813616e-11,
        2.4188774034555792e-11,
        3.7332558418128043e-11,
        2.5315468280031725e-11,
        2.1994039868962502e-11,
        2.0822314914530414e-11
      ],
      "confidence": 0.7
    }
  ]
}