{
  "chunk": 2026,
  "total_chunks": 3600,
  "patterns_found": 2,
  "start_time": 2025.0005625001563,
  "end_time": 2025.9995627776564,
  "patterns": [
    {
      "type": "spike",
      "count": 20,
      "times": [
        2025.0015625004341,
        2025.0075625021009,
        2025.0105625029341,
        2025.028562507934,
        2025.0325625090452,
        2025.0365625101563,
        2025.051562514323,
        2025.064562517934,
        2025.073562520434,
        2025.0915625254343,
        2025.9045627512676,
        2025.9175627548786,
        2025.9415627615454,
        2025.9715627698786,
        2025.9735627704342,
        2025.9785627718231,
        2025.9815627726564,
        2025.9855627737675,
        2025.9905627751564,
        2025.997562777101
      ],
      "amplitudes": [
        0.0011420875995187367,
        0.0010664367722728733,
        0.0010943448692341327,
        0.0010937264015365743,
        0.0010506409408160406,
        0.0010774372453229892,
        0.001055166599536668,
        0.0011131738540459245,
        0.0010518466804037884,
        0.0011149843462772689,
        0.0010832480228383672,
        0.0010777506459562706,
        0.001048140743911125,
        0.0011479915897401013,
        0.0010490827473161094,
        0.0010604608511934632,
        0.0012303603707020162,
        0.0011233706010719746,
        0.0010475290778369797,
        0.0011002650485127943
      ],
      "confidence": 0.8
    },
    {
      "type": "oscillation",
      "frequencies": [
        3.906248914738643,
        11.71874674421593,
        23.43749348843186,
        31.249991317909146,
        46.87498697686372,
        58.59373372107965,
        70.31248046529558,
        82.03122720951151,
        101.56247178320473,
        109.37496961268201,
        117.1874674421593,
        136.7187120158525,
        160.15620550428437,
        171.8749522485003,
        195.31244573693215,
        203.12494356640946,
        210.93744139588674,
        218.74993922536402,
        230.46868596957995,
        246.0936816285345,
        257.81242837275045,
        277.3436729464437,
        292.96866860539825,
        320.31241100856874,
        335.9374066675233,
        355.46865124121655,
        367.1873979854325,
        378.9061447296484,
        398.4373893033416,
        410.15613604755754,
        417.96863387703485,
        433.5936295359894,
        445.31237628020534,
        457.0311230244213,
        484.37486542759177,
        496.0936121718077
      ],
      "power": [
        2.729259607729598e-10,
        3.1223471365185936e-11,
        2.4036783712775236e-11,
        2.079738487264114e-11,
        2.8250899818668496e-11,
        2.8572556125993634e-11,
        2.383614235069193e-11,
        2.2319507535874823e-11,
        2.857218251957192e-11,
        2.4096044145667482e-11,
        3.282129489192726e-11,
        2.3607287901056153e-11,
        3.7601761904376364e-11,
        2.3920993250308338e-11,
        2.4595031934904892e-11,
        3.4810617018064766e-11,
        3.269033935800719e-11,
        2.2203492285908414e-11,
        2.139969416282074e-11,
        2.3698376967146024e-11,
        2.573231661314328e-11,
        2.525912824096253e-11,
        1.4727079350094573e-11,
        3.954604890746163e-11,
        5.907573149865415e-11,
        1.368850374175304e-11,
        2.7463945353016633e-11,
        3.848836070455984e-11,
        1.966767721840886e-11,
        1.8795462960673252e-11,
        1.824858763869292e-11,
        2.5066252861075077e-11,
        3.5737668862501194e-11,
        1.468604078927861e-11,
        3.28399745949148e-11,
        3.448800619074526e-11
      ],
      "confidence": 0.7
    }
  ]
}