{
  "chunk": 3018,
  "total_chunks": 3600,
  "patterns_found": 2,
  "start_time": 3017.0008380557883,
  "end_time": 3017.9998383332886,
  "patterns": [
    {
      "type": "spike",
      "count": 20,
      "times": [
        3017.008838058011,
        3017.010838058566,
        3017.016838060233,
        3017.021838061622,
        3017.028838063566,
        3017.0378380660663,
        3017.074838076344,
        3017.0918380810663,
        3017.1048380846773,
        3017.9278383132887,
        3017.9528383202332,
        3017.9638383232887,
        3017.9678383243995,
        3017.969838324955,
        3017.9728383257884,
        3017.9788383274554,
        3017.9818383282886,
        3017.9868383296775,
        3017.989838330511,
        3017.9968383324554
      ],
      "amplitudes": [
        0.0010511066554872847,
        0.0012683704926312956,
        0.0010804788256746933,
        0.001183766210063472,
        0.0010365389595505888,
        0.0011576413911307626,
        0.0011215628778476765,
        0.0010692651140151268,
        0.0010446739588678721,
        0.0010419998492805494,
        0.0010903907810618058,
        0.0010474476926819873,
        0.0010715899815702242,
        0.0010669903320755549,
        0.0010427012903571986,
        0.001039006355220754,
        0.0012319908807262366,
        0.0010374568597242121,
        0.0010698263907075308,
        0.001134762544166145
      ],
      "confidence": 0.8
    },
    {
      "type": "oscillation",
      "frequencies": [
        3.9062489138504652,
        15.624995655401861,
        27.343742396953257,
        46.87498696620558,
        58.59373370775698,
        70.31248044930837,
        89.8437250185607,
        101.56247176011209,
        124.99996524321489,
        140.62496089861673,
        156.2499565540186,
        164.06245438171953,
        183.59369895097186,
        207.03119243407465,
        218.74993917562605,
        226.56243700332698,
        238.28118374487838,
        253.90617940028025,
        265.6249261418316,
        273.4374239695326,
        281.24992179723347,
        292.96866853878487,
        308.5936641941868,
        316.40616202188767,
        335.93740659114,
        347.6561533326914,
        359.3749000742428,
        382.8123935573456,
        394.531140298897,
        406.24988704044836,
        421.87488269585026,
        445.31237617895306,
        460.9373718343549,
        480.4686164036072,
        496.0936120590091
      ],
      "power": [
        2.5578685641327086e-10,
        3.03374540641035e-11,
        1.8854144131991126e-11,
        3.7530501355045503e-11,
        3.246571135176401e-11,
        2.5923718584944166e-11,
        5.1449751144655826e-11,
        4.42533057017453e-11,
        5.277856082664461e-11,
        2.2933445708621016e-11,
        5.42444123171543e-11,
        4.0746055716419783e-11,
        1.654855367831482e-11,
        2.698541174713199e-11,
        3.725262226980252e-11,
        1.626141358465608e-11,
        2.3944516156219705e-11,
        1.4223412885773487e-11,
        1.3265429049172179e-11,
        1.1374226368333856e-11,
        1.485891880736656e-11,
        2.7810098982229286e-11,
        2.5865487387245724e-11,
        1.5091960002106978e-11,
        3.863222944627747e-11,
        2.4094705549152474e-11,
        2.5948532121072026e-11,
        2.8073490084948135e-11,
        1.92079850169305e-11,
        2.1314276680402174e-11,
        2.515769702986452e-11,
        3.16307449007313e-11,
        2.961980057287601e-11,
        2.7930046498299638e-11,
        2.083004451678836e-11
      ],
      "confidence": 0.7
    }
  ]
}