{
  "chunk": 2311,
  "total_chunks": 3600,
  "patterns_found": 2,
  "start_time": 2310.0006416668452,
  "end_time": 2310.999641944345,
  "patterns": [
    {
      "type": "spike",
      "count": 8,
      "times": [
        2310.4666417962894,
        2310.4746417985116,
        2310.512641809067,
        2310.5206418112894,
        2310.5576418215674,
        2310.5626418229563,
        2310.5706418251784,
        2310.7086418635117
      ],
      "amplitudes": [
        0.0017204299492048522,
        0.0017071781068084928,
        0.0017232141138691446,
        0.0017195066025531747,
        0.0018136139870279602,
        0.0016887378758378836,
        0.0017206698091724456,
        0.001694906925399739
      ],
      "confidence": 0.8
    },
    {
      "type": "oscillation",
      "frequencies": [
        3.906248915626821,
        15.624995662507285,
        27.343742409387747,
        39.062489156268214,
        54.687484818775495,
        70.31248048128278,
        82.03122722816325,
        101.56247180629735,
        113.28121855317781,
        124.99996530005828,
        140.62496096256555,
        152.34370770944602,
        167.96870337195332,
        183.5936990344606,
        199.21869469696787,
        218.74993927510198,
        238.2811838532361,
        261.718677346997,
        281.2499219251311,
        289.06241975638477,
        304.68741541889204,
        312.4999132501457,
        339.84365565953345,
        351.5624024064139,
        374.9998959001748,
        386.7186426470553,
        402.3436383095626,
        414.062385056443,
        421.8748828876967,
        437.49987855020396,
        453.12487421271123,
        472.65611879084537,
        488.28111445335264
      ],
      "power": [
        3.40761225041487e-10,
        2.407427558604002e-11,
        2.2569594696702055e-11,
        4.117334312698437e-11,
        4.9538778219125576e-11,
        2.2280783744965108e-11,
        4.3957401079269734e-11,
        4.425806952846872e-11,
        2.8347958731377392e-11,
        3.5740641571351413e-11,
        2.7469711783463782e-11,
        2.9156591236857096e-11,
        3.0645541765628943e-11,
        1.9440083753060886e-11,
        2.7327340929371226e-11,
        2.815583576397286e-11,
        2.8801288227089342e-11,
        3.291820392175698e-11,
        1.651603737971932e-11,
        1.976148378561072e-11,
        2.9525376208272705e-11,
        3.1271642305603354e-11,
        1.7347208395262263e-11,
        3.8185871242312176e-11,
        2.2919520151301006e-11,
        2.7195664960928737e-11,
        3.9818275827181767e-11,
        1.5607029377426596e-11,
        2.509314894770917e-11,
        3.0519418454593496e-11,
        3.4710126396046947e-11,
        2.2295960396724585e-11,
        1.2823463843520268e-11
      ],
      "confidence": 0.7
    }
  ]
}