{
  "chunk": 2249,
  "total_chunks": 3600,
  "patterns_found": 2,
  "start_time": 2248.000624444618,
  "end_time": 2248.999624722118,
  "patterns": [
    {
      "type": "spike",
      "count": 7,
      "times": [
        2248.3896245526735,
        2248.406624557396,
        2248.433624564896,
        2248.4486245690623,
        2248.492624581285,
        2248.5736246037845,
        2248.608624613507
      ],
      "amplitudes": [
        0.0017594624952771871,
        0.001725982881769924,
        0.0017419595742400107,
        0.0017088245974290015,
        0.0017289083448284058,
        0.0017368140540090001,
        0.0017733638517210407
      ],
      "confidence": 0.8
    },
    {
      "type": "oscillation",
      "frequencies": [
        3.906248915626821,
        27.343742409387747,
        35.15624024064139,
        50.781235903148676,
        74.21872939690961,
        82.03122722816325,
        89.84372505941688,
        101.56247180629735,
        113.28121855317781,
        140.62496096256555,
        160.15620554069966,
        175.78120120320696,
        191.40619686571424,
        207.0311925282215,
        218.74993927510198,
        234.37493493760928,
        246.09368168448972,
        257.8124284313702,
        273.4374240938775,
        281.2499219251311,
        300.78116650326524,
        312.4999132501457,
        320.3124110813993,
        332.0311578282798,
        343.74990457516026,
        371.093646984548,
        382.8123937314285,
        398.43738939393575,
        410.1561361408162,
        425.7811318033235,
        441.4061274658308,
        457.0311231283381,
        468.74986987521856,
        480.46861662209903,
        496.0936122846063
      ],
      "power": [
        2.9029874144337453e-10,
        1.3075218134381603e-11,
        2.482805093547954e-11,
        3.337647786332056e-11,
        1.9274293118406176e-11,
        1.7006979428198127e-11,
        1.6664099662375155e-11,
        3.6668824835161426e-11,
        3.4651183260156435e-11,
        2.6725064753645954e-11,
        2.9604719612218347e-11,
        3.493071789061086e-11,
        3.2823586280504634e-11,
        4.84140742942836e-11,
        3.053554550854682e-11,
        3.1245752252303805e-11,
        3.434706960855301e-11,
        2.1354161176396108e-11,
        4.951264496112362e-11,
        2.5278304848454433e-11,
        3.1493641140346734e-11,
        1.9535983897160153e-11,
        1.771666393411564e-11,
        4.8633256434775206e-11,
        2.2738876317901472e-11,
        1.4437594409210174e-11,
        2.979372851764582e-11,
        2.4971308801894394e-11,
        1.2070000936417947e-11,
        2.0549443675735983e-11,
        3.5072852479120756e-11,
        2.6244713248406905e-11,
        1.519740506221484e-11,
        2.0723099488376396e-11,
        3.129221549800153e-11
      ],
      "confidence": 0.7
    }
  ]
}