{
  "chunk": 2548,
  "total_chunks": 3600,
  "patterns_found": 2,
  "start_time": 2547.0007075001968,
  "end_time": 2547.9997077776966,
  "patterns": [
    {
      "type": "spike",
      "count": 26,
      "times": [
        2547.0017075004744,
        2547.0067075018633,
        2547.0097075026965,
        2547.011707503252,
        2547.016707504641,
        2547.0227075063076,
        2547.026707507419,
        2547.029707508252,
        2547.034707509641,
        2547.0367075101967,
        2547.0427075118632,
        2547.049707513808,
        2547.0547075151967,
        2547.05770751603,
        2547.078707521863,
        2547.884707745752,
        2547.904707751308,
        2547.9247077568634,
        2547.933707759363,
        2547.935707759919,
        2547.953707764919,
        2547.97570777103,
        2547.9817077726966,
        2547.98470777353,
        2547.9897077749188,
        2547.9947077763077
      ],
      "amplitudes": [
        0.0011961388031728694,
        0.0011147251527291629,
        0.0011293314336245383,
        0.0012146705846904382,
        0.0011413253279999645,
        0.001090960546354217,
        0.0010435030889912964,
        0.001041560123900711,
        0.0010751720130219163,
        0.0010617868378129981,
        0.0010502490185000928,
        0.0010482262880200813,
        0.001082879858689176,
        0.0010633745976341962,
        0.0010857932393557638,
        0.0010656838166611094,
        0.0010752499112058036,
        0.0010852074783800412,
        0.0010840602832091018,
        0.0010689119776061981,
        0.0010686545764044863,
        0.0011156858673082534,
        0.0011157434309576311,
        0.001042887973589613,
        0.0011675864054836458,
        0.0010425992384776263
      ],
      "confidence": 0.8
    },
    {
      "type": "oscillation",
      "frequencies": [
        3.906248915626821,
        23.437493493760925,
        35.15624024064139,
        54.687484818775495,
        66.40623156565596,
        97.65622289067053,
        109.37496963755099,
        128.9062142156851,
        140.62496096256555,
        148.43745879381922,
        167.96870337195332,
        183.5936990344606,
        195.31244578134107,
        203.1249436125947,
        222.6561881907288,
        238.2811838532361,
        246.09368168448972,
        265.62492626262383,
        285.15617084075797,
        300.78116650326524,
        316.4061621657725,
        332.0311578282798,
        351.5624024064139,
        386.7186426470553,
        406.2498872251894,
        421.8748828876967,
        429.68738071895035,
        441.4061274658308,
        449.21862529708443,
        460.9373720439649,
        472.65611879084537,
        488.28111445335264
      ],
      "power": [
        2.77202680664099e-10,
        2.4394136611220963e-11,
        2.545257189993062e-11,
        3.366380423002211e-11,
        3.197546674200315e-11,
        2.9093873139428313e-11,
        2.984062539483445e-11,
        3.345471519921667e-11,
        2.3840640895631336e-11,
        2.5629245190587977e-11,
        3.1545253150711975e-11,
        4.081909226951997e-11,
        1.21434389787612e-11,
        2.2902408872744852e-11,
        3.4251378664013717e-11,
        2.759887943750271e-11,
        2.6934085836063615e-11,
        2.008844729049241e-11,
        2.635968464441166e-11,
        1.8181761342197906e-11,
        3.3358913406383845e-11,
        2.4572687598969966e-11,
        2.2237162647699217e-11,
        3.1112061256871275e-11,
        2.8738863457691756e-11,
        1.1624137579300594e-11,
        1.1359588053230515e-11,
        1.6066357979816238e-11,
        2.0425958899103544e-11,
        2.6591882613322277e-11,
        3.984173363051389e-11,
        1.98266454743402e-11
      ],
      "confidence": 0.7
    }
  ]
}