{
  "chunk": 1463,
  "total_chunks": 3600,
  "patterns_found": 2,
  "start_time": 1462.000406111224,
  "end_time": 1462.999406388724,
  "patterns": [
    {
      "type": "spike",
      "count": 8,
      "times": [
        1462.2844061901128,
        1462.3264062017795,
        1462.391406219835,
        1462.405406223724,
        1462.4334062315017,
        1462.4744062428906,
        1462.5594062665018,
        1462.5904062751129
      ],
      "amplitudes": [
        0.0016992402776591616,
        0.001701218390320767,
        0.00171118832954018,
        0.0017468878731378892,
        0.0017397732335431015,
        0.0017153197152782994,
        0.0017458108318167019,
        0.0017367885796696152
      ],
      "confidence": 0.8
    },
    {
      "type": "oscillation",
      "frequencies": [
        3.906248914738643,
        23.43749348843186,
        35.15624023264779,
        54.687484806341004,
        62.49998263581829,
        74.21872938003422,
        85.93747612425015,
        105.46872069794337,
        121.09371635689794,
        128.90621418637522,
        136.7187120158525,
        144.5312098453298,
        160.15620550428437,
        171.8749522485003,
        183.59369899271624,
        191.40619682219352,
        210.93744139588674,
        234.3749348843186,
        257.81242837275045,
        269.5311751169664,
        281.2499218611823,
        304.6874153496142,
        316.4061620938301,
        332.0311577527847,
        339.843655582262,
        359.3749001559552,
        378.9061447296484,
        410.15613604755754,
        417.96863387703485,
        441.40612736546666,
        457.0311230244213,
        468.7498697686372,
        476.56236759811446,
        496.0936121718077
      ],
      "power": [
        3.0890261709993665e-10,
        1.9768340475280022e-11,
        2.438724435912663e-11,
        2.0906995673122278e-11,
        2.7286550935677072e-11,
        3.8934264802437535e-11,
        2.4963078379864153e-11,
        1.064945324538802e-11,
        2.002093172790883e-11,
        3.254111792181727e-11,
        1.9679643151529136e-11,
        1.8638259693982988e-11,
        4.3524461024365314e-11,
        2.2355410923631298e-11,
        3.259254807612165e-11,
        2.1461557546647542e-11,
        3.634979860667874e-11,
        3.775157870340396e-11,
        3.072795690369938e-11,
        1.8339416045631832e-11,
        2.2773745817966728e-11,
        4.418219881240878e-11,
        1.9942068797181362e-11,
        1.5355732733003483e-11,
        1.2331282961972039e-11,
        3.891903757534927e-11,
        4.229531756009397e-11,
        4.0927110782338505e-11,
        2.942277237034196e-11,
        5.022083990953013e-11,
        4.4057668960451124e-11,
        1.7978624080908186e-11,
        2.6129226425500835e-11,
        1.8340068774609293e-11
      ],
      "confidence": 0.7
    }
  ]
}