{
  "chunk": 2833,
  "total_chunks": 3600,
  "patterns_found": 2,
  "start_time": 2832.0007866668852,
  "end_time": 2832.9997869443855,
  "patterns": [
    {
      "type": "spike",
      "count": 7,
      "times": [
        2832.4597867943853,
        2832.4627867952186,
        2832.471786797719,
        2832.506786807441,
        2832.5307868141076,
        2832.541786817163,
        2832.572786825774
      ],
      "amplitudes": [
        0.001730007740435474,
        0.0017634601130027423,
        0.0018039137017235541,
        0.001778584376037077,
        0.0017093995922197495,
        0.001700080721005112,
        0.0017205410736464422
      ],
      "confidence": 0.8
    },
    {
      "type": "oscillation",
      "frequencies": [
        3.9062489138504652,
        15.624995655401861,
        27.343742396953257,
        42.96873805235512,
        62.499982621607444,
        74.21872936315884,
        85.93747610471024,
        105.46872067396257,
        117.18746741551396,
        124.99996524321489,
        140.62496089861673,
        164.06245438171953,
        179.6874500371214,
        195.31244569252326,
        210.93744134792513,
        230.46868591717745,
        242.18743265872885,
        253.90617940028025,
        269.5311750556821,
        289.0624196249344,
        308.5936641941868,
        320.31241093573817,
        328.12490876343907,
        343.74990441884097,
        359.3749000742428,
        371.0936468157942,
        378.9061446434951,
        394.531140298897,
        406.24988704044836,
        425.7811316097007,
        445.31237617895306,
        460.9373718343549,
        472.6561185759063,
        480.4686164036072,
        496.0936120590091
      ],
      "power": [
        2.887728988013982e-10,
        4.647935125817583e-11,
        3.146408157045648e-11,
        1.6974921179178366e-11,
        4.1740342056469714e-11,
        4.7187076101354866e-11,
        2.7267489871322322e-11,
        1.5943387169301663e-11,
        1.5189657600294076e-11,
        1.5185377911342736e-11,
        2.945976584494578e-11,
        3.487800200926829e-11,
        1.8460876723925206e-11,
        2.6764559434971683e-11,
        2.1967064753170325e-11,
        3.304822084767551e-11,
        3.027644908658856e-11,
        2.0825966774021545e-11,
        2.5914470414329857e-11,
        3.34325650612607e-11,
        3.836333995697703e-11,
        3.014691823666195e-11,
        2.8521154052268537e-11,
        3.652238852766589e-11,
        3.696470865896199e-11,
        1.9886571343777694e-11,
        2.493161919076575e-11,
        2.6369830732677067e-11,
        2.8954456947431973e-11,
        2.3298400705810492e-11,
        1.9570694594086208e-11,
        2.5157671499398453e-11,
        2.1917379047211443e-11,
        1.8821294284128298e-11,
        1.8785238975900444e-11
      ],
      "confidence": 0.7
    }
  ]
}