{
  "chunk": 381,
  "total_chunks": 3600,
  "patterns_found": 2,
  "start_time": 380.0001055555849,
  "end_time": 380.99910583308497,
  "patterns": [
    {
      "type": "spike",
      "count": 9,
      "times": [
        380.41210567002935,
        380.4331056758627,
        380.4581056828072,
        380.4781056883627,
        380.4881056911405,
        380.508105696696,
        380.54410570669603,
        380.6321057311405,
        380.6821057450294
      ],
      "amplitudes": [
        0.001744295355685773,
        0.0017317758370229072,
        0.0017265426195663838,
        0.0017114861655838074,
        0.0017151753443340693,
        0.001689788553014546,
        0.0017301869088731368,
        0.0016908646754071584,
        0.0017289233653342915
      ],
      "confidence": 0.8
    },
    {
      "type": "oscillation",
      "frequencies": [
        3.906248914960688,
        19.531244574803438,
        27.343742404724814,
        42.96873806456757,
        50.781235894488944,
        62.499982639371005,
        78.12497829921375,
        85.93747612913513,
        97.65622287401719,
        109.37496961889926,
        117.18746744882064,
        132.8124631086634,
        148.43745876850613,
        164.0624544283489,
        175.78120117323095,
        187.499947918113,
        199.2186946629951,
        214.84369032283783,
        246.09368164252334,
        257.8124283874054,
        277.3436729622088,
        292.9686686220516,
        308.59366428189435,
        324.2186599417371,
        347.6561534315012,
        363.281149091344,
        390.62489149606876,
        398.4373893259902,
        410.1561360708722,
        421.8748828157543,
        433.5936295606364,
        441.40612739055774,
        457.0311230504005,
        472.6561187102432,
        492.1873632850467
      ],
      "power": [
        2.934082404637806e-10,
        2.768895890182675e-11,
        2.2275284065248215e-11,
        2.477668304685947e-11,
        2.462150687518281e-11,
        2.6312644696434763e-11,
        2.209964010196019e-11,
        1.4728467412158574e-11,
        1.447955237427162e-11,
        3.024851058552074e-11,
        1.9371510619895277e-11,
        2.3183880001241386e-11,
        2.404753775001339e-11,
        2.0903745103031016e-11,
        1.6321544766286294e-11,
        3.2813294014409663e-11,
        4.3328742097525555e-11,
        2.6864562866470113e-11,
        3.805208998801212e-11,
        1.354610880255663e-11,
        3.292962198010175e-11,
        2.4215568139819885e-11,
        3.183286707531385e-11,
        2.875459278305228e-11,
        1.3948561100323026e-11,
        2.074260808266515e-11,
        3.728736806765423e-11,
        4.370021673995184e-11,
        3.335112459399205e-11,
        3.261240549835436e-11,
        4.3405786173747283e-11,
        3.712747080246904e-11,
        3.15904295139888e-11,
        2.148135722517142e-11,
        4.012593659851749e-11
      ],
      "confidence": 0.7
    }
  ]
}