{
  "chunk": 468,
  "total_chunks": 3600,
  "patterns_found": 2,
  "start_time": 467.0001297222583,
  "end_time": 467.99912999975834,
  "patterns": [
    {
      "type": "spike",
      "count": 20,
      "times": [
        467.0031297230916,
        467.00612972392497,
        467.0111297253138,
        467.01512972642496,
        467.02112972809164,
        467.03812973281384,
        467.0401297333694,
        467.0711297419805,
        467.08612974614715,
        467.08812974670275,
        467.09212974781383,
        467.85912996086944,
        467.9581299883695,
        467.96412999003616,
        467.9711299919806,
        467.98212999503613,
        467.9841299955917,
        467.98612999614727,
        467.9881299967028,
        467.9911299975361
      ],
      "amplitudes": [
        0.001091537533650652,
        0.0010499725723909635,
        0.0010738196533436415,
        0.0011168780755698984,
        0.0010806950505081083,
        0.0010455000141915104,
        0.0010957442588217768,
        0.0011269582891736795,
        0.0010500760802950912,
        0.0012198173042420606,
        0.0010389176832615542,
        0.001072717235087957,
        0.001110477207967098,
        0.0010765680552900611,
        0.0011108536903219756,
        0.0011668975091715815,
        0.0010396459647856989,
        0.0010862729151585118,
        0.0011162827454322688,
        0.0010800012886487947
      ],
      "confidence": 0.8
    },
    {
      "type": "oscillation",
      "frequencies": [
        3.906248914960688,
        15.624995659842751,
        23.437493489764126,
        31.249991319685503,
        39.062489149606876,
        50.781235894488944,
        58.59373372441032,
        78.12497829921375,
        97.65622287401719,
        113.28121853385994,
        124.99996527874201,
        136.71871202362408,
        164.0624544283489,
        171.87495225827027,
        191.4061968330737,
        203.12494357795578,
        218.74993923779851,
        234.37493489764128,
        253.9061794724447,
        273.43742404724816,
        292.9686686220516,
        312.499913196855,
        324.2186599417371,
        343.74990451654054,
        367.18739800630465,
        374.999895836226,
        394.53114041102947,
        410.1561360708722,
        425.78113173071495,
        441.40612739055774,
        468.74986979528256,
        480.4686165401646,
        492.1873632850467
      ],
      "power": [
        3.3260638979707817e-10,
        2.7254436728808722e-11,
        1.7376291515644855e-11,
        1.8338014098296986e-11,
        3.3100707980768066e-11,
        2.530598580661901e-11,
        3.0167301095543255e-11,
        2.170862271009639e-11,
        2.6271069319269195e-11,
        2.467472094055034e-11,
        2.6731163015645828e-11,
        2.560006636212849e-11,
        3.6921719796996246e-11,
        2.1507638655762218e-11,
        2.434780812190921e-11,
        1.7898798902354152e-11,
        2.3889871114726824e-11,
        3.55983583805463e-11,
        3.2012183194217944e-11,
        2.7032840514841767e-11,
        1.4946344542081464e-11,
        2.878189388652874e-11,
        2.3909160030755148e-11,
        2.91582911412316e-11,
        2.077558838458022e-11,
        2.0581726973945362e-11,
        2.526428516613438e-11,
        2.2326304313276722e-11,
        2.975564199421527e-11,
        2.3899132098089988e-11,
        2.6889493083375306e-11,
        2.3848098181643736e-11,
        4.003109902414288e-11
      ],
      "confidence": 0.7
    }
  ]
}