{
  "chunk": 1492,
  "total_chunks": 3600,
  "patterns_found": 2,
  "start_time": 1491.0004141667819,
  "end_time": 1491.999414444282,
  "patterns": [
    {
      "type": "spike",
      "count": 23,
      "times": [
        1491.0014141670595,
        1491.0074141687262,
        1491.0114141698373,
        1491.0144141706708,
        1491.0184141717818,
        1491.0204141723373,
        1491.0234141731707,
        1491.0254141737262,
        1491.0284141745597,
        1491.0334141759486,
        1491.0584141828929,
        1491.0604141834485,
        1491.0934141926152,
        1491.8924144145597,
        1491.9394144276152,
        1491.963414434282,
        1491.9684144356709,
        1491.9774144381709,
        1491.9794144387263,
        1491.9864144406708,
        1491.989414441504,
        1491.9924144423373,
        1491.9964144434484
      ],
      "amplitudes": [
        0.0010573490985690917,
        0.0010478986431899484,
        0.0011075867378821218,
        0.0012011402462004197,
        0.0011480548514076511,
        0.0010665895187940038,
        0.0011275215156657695,
        0.0010513789485506356,
        0.001079824844013276,
        0.0010462872528100174,
        0.0010837493770766502,
        0.0010466291545040303,
        0.0010555635488786505,
        0.0010645277700898027,
        0.0010461317652509254,
        0.0011221661768962673,
        0.0011680144347573115,
        0.0011516620992921168,
        0.0010555787629142894,
        0.0011264237488212143,
        0.0010756553432080566,
        0.001153329416400254,
        0.0011245836526587222
      ],
      "confidence": 0.8
    },
    {
      "type": "oscillation",
      "frequencies": [
        3.906248915626821,
        27.343742409387747,
        46.87498698752185,
        54.687484818775495,
        66.40623156565596,
        82.03122722816325,
        93.7499739750437,
        101.56247180629735,
        109.37496963755099,
        124.99996530005828,
        148.43745879381922,
        171.87495228758013,
        183.5936990344606,
        210.93744144384834,
        218.74993927510198,
        230.46868602198245,
        253.9061795157434,
        269.53117517825063,
        277.3436730095043,
        292.9686686720116,
        316.4061621657725,
        324.2186599970262,
        332.0311578282798,
        347.65615349078706,
        367.1873980689212,
        382.8123937314285,
        398.43738939393575,
        414.062385056443,
        429.68738071895035,
        453.12487421271123,
        464.8436209595917,
        492.18736336897945
      ],
      "power": [
        3.39405660762564e-10,
        2.8673111543600618e-11,
        2.1427986304111706e-11,
        1.4262515516160855e-11,
        2.2383550780804885e-11,
        4.436768218381668e-11,
        2.1808341874910868e-11,
        2.721220416682086e-11,
        2.017862150006245e-11,
        1.5314586987764614e-11,
        2.954043468584336e-11,
        3.5204160126002583e-11,
        1.9977216855940646e-11,
        2.2537014045245764e-11,
        2.097163399463986e-11,
        1.8565032909142122e-11,
        2.5694840866247687e-11,
        3.0405090277428226e-11,
        2.2084726170199397e-11,
        2.6683546739399586e-11,
        2.814699654728528e-11,
        2.6026645331020638e-11,
        1.6857096482840653e-11,
        1.7506216301354505e-11,
        2.7506273413791354e-11,
        1.922560342591789e-11,
        4.6590770231313804e-11,
        4.40296416809535e-11,
        2.202599624674481e-11,
        3.56802123092104e-11,
        3.154586325139085e-11,
        4.3138720243306825e-11
      ],
      "confidence": 0.7
    }
  ]
}