{
  "chunk": 2393,
  "total_chunks": 3600,
  "patterns_found": 2,
  "start_time": 2392.0006644446294,
  "end_time": 2392.999664722129,
  "patterns": [
    {
      "type": "spike",
      "count": 7,
      "times": [
        2392.398664555185,
        2392.4226645618514,
        2392.473664576018,
        2392.5156645876846,
        2392.540664594629,
        2392.58966460824,
        2392.626664618518
      ],
      "amplitudes": [
        0.001692932306417725,
        0.001733482794066936,
        0.001694783683255842,
        0.0016998997505914167,
        0.0017440918002830357,
        0.0016972631198593022,
        0.0017353215954706847
      ],
      "confidence": 0.8
    },
    {
      "type": "oscillation",
      "frequencies": [
        3.906248915626821,
        11.718746746880463,
        23.437493493760925,
        31.24999132501457,
        46.87498698752185,
        62.49998265002914,
        93.7499739750437,
        109.37496963755099,
        121.09371638443146,
        136.71871204693875,
        152.34370770944602,
        164.0624544563265,
        179.68745011883377,
        191.40619686571424,
        210.93744144384834,
        230.46868602198245,
        242.18743276886292,
        253.9061795157434,
        269.53117517825063,
        285.15617084075797,
        300.78116650326524,
        308.59366433451885,
        332.0311578282798,
        339.84365565953345,
        359.37490023766753,
        378.90614481580167,
        390.62489156268214,
        398.43738939393575,
        406.2498872251894,
        414.062385056443,
        429.68738071895035,
        441.4061274658308,
        453.12487421271123,
        464.8436209595917,
        480.46861662209903,
        492.18736336897945
      ],
      "power": [
        3.012148510898756e-10,
        3.75894048168275e-11,
        2.0310363159469383e-11,
        2.2627909874469263e-11,
        2.357573843240349e-11,
        4.1056542226549356e-11,
        2.5801337704624677e-11,
        1.6133932187063947e-11,
        2.6787382236775167e-11,
        9.925177876148942e-12,
        3.2661521824372237e-11,
        1.9151259163096665e-11,
        2.1313290510168623e-11,
        4.2515460554803545e-11,
        2.285883206720025e-11,
        1.7294238807666717e-11,
        2.898195236305538e-11,
        4.128116584926125e-11,
        1.6444541223035614e-11,
        2.7600520283346777e-11,
        3.06462929630387e-11,
        2.3939838904896603e-11,
        5.0105418263083055e-11,
        3.6666714624378923e-11,
        3.901631566282717e-11,
        2.933004660982794e-11,
        2.7023370897090504e-11,
        2.0184685135322265e-11,
        2.1845846673708362e-11,
        2.2990322887679576e-11,
        3.874578216737715e-11,
        1.161271132468034e-11,
        2.157881123712913e-11,
        2.3041853552673765e-11,
        2.2605953801671358e-11,
        3.5119295391933824e-11
      ],
      "confidence": 0.7
    }
  ]
}