{
  "chunk": 2787,
  "total_chunks": 3600,
  "patterns_found": 2,
  "start_time": 2786.000773889104,
  "end_time": 2786.9997741666043,
  "patterns": [
    {
      "type": "spike",
      "count": 11,
      "times": [
        2786.3677739910486,
        2786.432774009104,
        2786.435774009937,
        2786.4577740160485,
        2786.468774019104,
        2786.541774039382,
        2786.563774045493,
        2786.5797740499374,
        2786.5977740549374,
        2786.612774059104,
        2786.6317740643817
      ],
      "amplitudes": [
        0.0017271296523398575,
        0.0017037446093858043,
        0.001775745993654653,
        0.001735326600963255,
        0.0016971010760314176,
        0.001744279772835141,
        0.0017052311569320114,
        0.0016926149160509895,
        0.001693082624032582,
        0.001729791246407209,
        0.0017335491515550327
      ],
      "confidence": 0.8
    },
    {
      "type": "oscillation",
      "frequencies": [
        3.906248915626821,
        39.062489156268214,
        46.87498698752185,
        54.687484818775495,
        66.40623156565596,
        82.03122722816325,
        101.56247180629735,
        113.28121855317781,
        124.99996530005828,
        136.71871204693875,
        148.43745879381922,
        164.0624544563265,
        179.68745011883377,
        191.40619686571424,
        207.0311925282215,
        230.46868602198245,
        242.18743276886292,
        249.99993060011656,
        261.718677346997,
        277.3436730095043,
        300.78116650326524,
        320.3124110813993,
        339.84365565953345,
        359.37490023766753,
        367.1873980689212,
        378.90614481580167,
        386.7186426470553,
        394.53114047830894,
        406.2498872251894,
        414.062385056443,
        425.7811318033235,
        441.4061274658308,
        453.12487421271123,
        468.74986987521856,
        492.18736336897945
      ],
      "power": [
        3.10691143188896e-10,
        3.855346809249001e-11,
        3.13447133577896e-11,
        2.555236011129773e-11,
        2.363763271363022e-11,
        2.3308785063381397e-11,
        2.5485880246617884e-11,
        1.8472596094112666e-11,
        1.9359405636769575e-11,
        1.8089614870488874e-11,
        2.6171603432096046e-11,
        1.78767857819863e-11,
        3.841239180883218e-11,
        2.955565677694271e-11,
        3.242405141650175e-11,
        2.1197657364032933e-11,
        1.709979332746411e-11,
        1.6238211259583563e-11,
        2.0369583793630488e-11,
        2.8501638068894662e-11,
        2.5422571136431166e-11,
        1.834680086808541e-11,
        2.860089631940483e-11,
        2.6402247609921013e-11,
        3.218726448524163e-11,
        2.374235087092451e-11,
        2.0049793831221314e-11,
        2.169084218733731e-11,
        3.491218904565655e-11,
        2.8752031181863584e-11,
        3.2898735138612934e-11,
        4.6804473861816054e-11,
        2.6508159197418387e-11,
        3.598777058761373e-11,
        1.9403998936714767e-11
      ],
      "confidence": 0.7
    }
  ]
}