{
  "chunk": 3339,
  "total_chunks": 3600,
  "patterns_found": 2,
  "start_time": 3338.00092722248,
  "end_time": 3338.99992749998,
  "patterns": [
    {
      "type": "spike",
      "count": 6,
      "times": [
        3338.3799273277577,
        3338.411927336647,
        3338.454927348591,
        3338.554927376369,
        3338.581927383869,
        3338.5869273852577
      ],
      "amplitudes": [
        0.001760092516516008,
        0.0016997602737993118,
        0.0017332682626347486,
        0.0017876298600562105,
        0.001698134208651845,
        0.0017317157804497942
      ],
      "confidence": 0.8
    },
    {
      "type": "oscillation",
      "frequencies": [
        3.906248915626821,
        15.624995662507285,
        31.24999132501457,
        39.062489156268214,
        50.781235903148676,
        58.59373373440232,
        74.21872939690961,
        85.93747614379006,
        105.46872072192417,
        117.18746746880464,
        128.9062142156851,
        140.62496096256555,
        160.15620554069966,
        179.68745011883377,
        199.21869469696787,
        210.93744144384834,
        226.56243710635562,
        234.37493493760928,
        253.9061795157434,
        265.62492626262383,
        281.2499219251311,
        292.9686686720116,
        308.59366433451885,
        316.4061621657725,
        332.0311578282798,
        339.84365565953345,
        359.37490023766753,
        371.093646984548,
        386.7186426470553,
        414.062385056443,
        425.7811318033235,
        433.59362963457716,
        453.12487421271123,
        488.28111445335264
      ],
      "power": [
        3.595695944041958e-10,
        3.830471499997586e-11,
        2.7776201580556216e-11,
        2.2387400169577093e-11,
        2.395890362849938e-11,
        1.9171835432470665e-11,
        2.7730359873819842e-11,
        3.466350334177508e-11,
        2.3343361385515255e-11,
        2.7382625582369373e-11,
        2.7585905323298204e-11,
        2.0928300381043764e-11,
        3.0375813565726194e-11,
        3.726394997135283e-11,
        3.220849512908944e-11,
        1.840345087608933e-11,
        1.934031146991251e-11,
        1.6858680274626963e-11,
        4.437383931510886e-11,
        5.336121288569484e-11,
        3.026974473790831e-11,
        2.966320886186882e-11,
        2.192171977483553e-11,
        1.6720826828313924e-11,
        3.33142924847318e-11,
        2.1423043645177488e-11,
        2.866865144944577e-11,
        2.7976086563135904e-11,
        2.0559517880144063e-11,
        2.3781109859571294e-11,
        2.3009202571035148e-11,
        2.7359161660761606e-11,
        3.2691123610658056e-11,
        3.0999683049442525e-11
      ],
      "confidence": 0.7
    }
  ]
}