{
  "chunk": 695,
  "total_chunks": 3600,
  "patterns_found": 2,
  "start_time": 694.0001927778313,
  "end_time": 694.9991930553315,
  "patterns": [
    {
      "type": "spike",
      "count": 9,
      "times": [
        694.2461928461647,
        694.3421928728314,
        694.393192886998,
        694.4321928978314,
        694.4411929003314,
        694.4601929056092,
        694.4871929131092,
        694.5191929219981,
        694.5581929328314
      ],
      "amplitudes": [
        0.0017182932237597163,
        0.0017350043757817883,
        0.001689430627036187,
        0.0017400410380156283,
        0.0017057613087773332,
        0.0017231337734819145,
        0.0016975286084414422,
        0.0017133548820127266,
        0.001761947211281954
      ],
      "confidence": 0.8
    },
    {
      "type": "oscillation",
      "frequencies": [
        3.906248914738643,
        35.15624023264779,
        54.687484806341004,
        66.40623155055694,
        78.12497829477286,
        93.74997395372743,
        109.37496961268201,
        128.90621418637522,
        156.24995658954572,
        171.8749522485003,
        187.49994790745487,
        207.03119248114808,
        214.8436903106254,
        234.3749348843186,
        253.90617945801182,
        273.437424031705,
        289.0624196906596,
        300.7811664348755,
        312.49991317909144,
        335.9374066675233,
        355.46865124121655,
        382.81239364438704,
        390.6248914738643,
        410.15613604755754,
        425.7811317065121,
        445.31237628020534,
        464.8436208538985,
        476.56236759811446,
        488.2811143423304,
        496.0936121718077
      ],
      "power": [
        3.464618585717567e-10,
        2.306249790419903e-11,
        3.597013605029395e-11,
        2.8486504743801496e-11,
        9.368509977949499e-12,
        3.2350192350087726e-11,
        2.5835110694509233e-11,
        3.1927520865805045e-11,
        2.8500416147764853e-11,
        3.2828915353145083e-11,
        2.978005232044545e-11,
        2.5613693375051747e-11,
        2.958122713883918e-11,
        3.279483706630265e-11,
        3.870378795872708e-11,
        2.164716836566681e-11,
        2.938526560040678e-11,
        2.18559068582349e-11,
        2.9466993888291855e-11,
        1.8652896804237158e-11,
        3.192728548018518e-11,
        1.8501169077865788e-11,
        2.5950406235614258e-11,
        2.6920277799263093e-11,
        2.381054797661525e-11,
        3.545527393175454e-11,
        2.0653506213913694e-11,
        2.652105944487638e-11,
        2.531742936946624e-11,
        2.991247988790278e-11
      ],
      "confidence": 0.7
    }
  ]
}