{
  "chunk": 2764,
  "total_chunks": 3600,
  "patterns_found": 2,
  "start_time": 2763.0007675002134,
  "end_time": 2763.9997677777133,
  "patterns": [
    {
      "type": "spike",
      "count": 19,
      "times": [
        2763.00676750188,
        2763.009767502713,
        2763.011767503269,
        2763.0167675046578,
        2763.0317675088245,
        2763.04276751188,
        2763.0447675124356,
        2763.0537675149358,
        2763.0587675163247,
        2763.0677675188244,
        2763.9487677635466,
        2763.9617677671577,
        2763.968767769102,
        2763.9717677699355,
        2763.9777677716024,
        2763.9827677729913,
        2763.9847677735465,
        2763.9937677760468,
        2763.99676777688
      ],
      "amplitudes": [
        0.00105998468761001,
        0.0010493340991494413,
        0.001059756126672427,
        0.0010842006426659547,
        0.0011072903330217193,
        0.0010849942480080671,
        0.0010888779032556162,
        0.0010701144422420208,
        0.001064502575681627,
        0.001048573198745243,
        0.0010513780296982714,
        0.0010548379160839117,
        0.0012046822698502672,
        0.0010986813911763025,
        0.0010495567803197705,
        0.0011317563835996035,
        0.0010820515689232153,
        0.0011481806672477195,
        0.0012308546453729534
      ],
      "confidence": 0.8
    },
    {
      "type": "oscillation",
      "frequencies": [
        3.906248915626821,
        19.531244578134107,
        46.87498698752185,
        62.49998265002914,
        78.12497831253643,
        89.84372505941688,
        105.46872072192417,
        121.09371638443146,
        136.71871204693875,
        152.34370770944602,
        167.96870337195332,
        179.68745011883377,
        195.31244578134107,
        210.93744144384834,
        222.6561881907288,
        234.37493493760928,
        242.18743276886292,
        253.9061795157434,
        261.718677346997,
        269.53117517825063,
        285.15617084075797,
        300.78116650326524,
        324.2186599970262,
        355.4686513220407,
        374.9998959001748,
        382.8123937314285,
        398.43738939393575,
        414.062385056443,
        421.8748828876967,
        441.4061274658308,
        464.8436209595917,
        496.0936122846063
      ],
      "power": [
        3.013622270048824e-10,
        2.69761623447802e-11,
        2.0591434294771127e-11,
        2.109628503038307e-11,
        1.2963079892392876e-11,
        3.226653279767184e-11,
        3.2497350915692233e-11,
        3.3880945725095506e-11,
        1.7656335435838157e-11,
        4.615814833974193e-11,
        2.6545547699424454e-11,
        3.3612324276729905e-11,
        2.5840344097382383e-11,
        2.4976174841187623e-11,
        2.638044131695116e-11,
        1.6105036302807028e-11,
        2.7303592771295703e-11,
        1.906944476977122e-11,
        2.8018211684494792e-11,
        2.77080867071945e-11,
        1.4387070242625368e-11,
        2.845371765458012e-11,
        2.939300879659831e-11,
        3.73306681883295e-11,
        1.9588522487650504e-11,
        3.2929602539224416e-11,
        2.567295097755494e-11,
        2.492735025176641e-11,
        1.77765753087299e-11,
        2.60205593379799e-11,
        3.0645093758530157e-11,
        2.873605051591295e-11
      ],
      "confidence": 0.7
    }
  ]
}