{
  "chunk": 1289,
  "total_chunks": 3600,
  "patterns_found": 2,
  "start_time": 1288.0003577778773,
  "end_time": 1288.9993580553773,
  "patterns": [
    {
      "type": "spike",
      "count": 5,
      "times": [
        1288.402357889544,
        1288.446357901766,
        1288.5153579209327,
        1288.532357925655,
        1288.5813579392661
      ],
      "amplitudes": [
        0.0016944696877193481,
        0.0017248851043021292,
        0.0016949670511130248,
        0.0017240067708721336,
        0.0017163432440244321
      ],
      "confidence": 0.8
    },
    {
      "type": "oscillation",
      "frequencies": [
        3.906248915626821,
        19.531244578134107,
        42.96873807189503,
        54.687484818775495,
        70.31248048128278,
        93.7499739750437,
        109.37496963755099,
        128.9062142156851,
        156.24995662507285,
        167.96870337195332,
        183.5936990344606,
        203.1249436125947,
        218.74993927510198,
        246.09368168448972,
        265.62492626262383,
        277.3436730095043,
        289.06241975638477,
        300.78116650326524,
        320.3124110813993,
        328.124908912653,
        335.93740674390665,
        343.74990457516026,
        363.2811491532944,
        371.093646984548,
        386.7186426470553,
        398.43738939393575,
        414.062385056443,
        425.7811318033235,
        433.59362963457716,
        453.12487421271123,
        464.8436209595917,
        484.37486553772584,
        496.0936122846063
      ],
      "power": [
        3.9539451102629767e-10,
        2.8849569291100525e-11,
        2.2229046105401892e-11,
        1.85282835765305e-11,
        2.3570108675933284e-11,
        2.1974847906989973e-11,
        2.3554081996222175e-11,
        5.0878062162541813e-11,
        3.2186857984914245e-11,
        4.933923959820656e-11,
        2.1373595109226276e-11,
        1.474223901551517e-11,
        2.5729869224368324e-11,
        4.445866225528456e-11,
        1.9040976178025706e-11,
        3.156080058575926e-11,
        1.8371675285572407e-11,
        1.8088785784254167e-11,
        1.9034052067767034e-11,
        1.821060012474583e-11,
        1.566253212816594e-11,
        1.5533807249811777e-11,
        3.0724253617603946e-11,
        1.713728761979454e-11,
        1.9264239269760414e-11,
        1.6457639222687998e-11,
        2.2292275719019506e-11,
        1.7974371296753132e-11,
        1.8199509630431688e-11,
        2.3032477914620074e-11,
        1.7640936326457683e-11,
        3.2392945910216904e-11,
        1.4425753524218422e-11
      ],
      "confidence": 0.7
    }
  ]
}