{
  "chunk": 3292,
  "total_chunks": 3600,
  "patterns_found": 2,
  "start_time": 3291.0009141669207,
  "end_time": 3291.999914444421,
  "patterns": [
    {
      "type": "spike",
      "count": 16,
      "times": [
        3291.0069141685876,
        3291.009914169421,
        3291.0119141699765,
        3291.01491417081,
        3291.030914175254,
        3291.0339141760874,
        3291.044914179143,
        3291.1509142085874,
        3291.8439144010877,
        3291.913914420532,
        3291.9649144346986,
        3291.967914435532,
        3291.971914436643,
        3291.975914437754,
        3291.9789144385877,
        3291.9829144396986
      ],
      "amplitudes": [
        0.001059931400702452,
        0.0010787535312136807,
        0.0012160493477394207,
        0.0010765722987777417,
        0.001140417176572382,
        0.0010574972883248461,
        0.001050181140114822,
        0.0010543459214125083,
        0.0010671312035687342,
        0.0010821692644944925,
        0.0010964905630049203,
        0.0010755001760760462,
        0.0010821256898865207,
        0.001107389456527037,
        0.0011054265728671687,
        0.0010751916574689995
      ],
      "confidence": 0.8
    },
    {
      "type": "oscillation",
      "frequencies": [
        3.9062489138504652,
        15.624995655401861,
        31.249991310803722,
        42.96873805235512,
        50.781235880056045,
        62.499982621607444,
        74.21872936315884,
        85.93747610471024,
        93.74997393241117,
        109.37496958781303,
        121.09371632936443,
        132.8124630709158,
        144.5312098124672,
        171.87495220942048,
        183.59369895097186,
        191.4061967786728,
        207.03119243407465,
        218.74993917562605,
        230.46868591717745,
        246.0936815725793,
        265.6249261418316,
        277.343672883383,
        292.96866853878487,
        304.68741528033627,
        312.4999131080372,
        328.12490876343907,
        339.84365550499047,
        359.3749000742428,
        371.0936468157942,
        386.71864247119606,
        398.43738921274746,
        417.96863378199976,
        429.68738052355116,
        464.84362074820535,
        476.56236748975675,
        492.1873631451586
      ],
      "power": [
        3.3126299717482306e-10,
        2.969375316551827e-11,
        3.025375619047191e-11,
        3.660101834895494e-11,
        3.10633208561482e-11,
        1.348327606081572e-11,
        9.469234158234465e-12,
        2.5665906389965875e-11,
        2.330438046526517e-11,
        1.6756324119716477e-11,
        1.4625192074080905e-11,
        1.8370134126438854e-11,
        3.103900774864068e-11,
        2.0915116663918416e-11,
        1.8947587110709933e-11,
        1.8409003762598577e-11,
        1.9434047785738926e-11,
        2.230600056047379e-11,
        3.036646462859645e-11,
        3.003067768656482e-11,
        2.8224442753026187e-11,
        3.058940545774849e-11,
        1.2867566480995665e-11,
        1.0735436557433805e-11,
        2.021992110007621e-11,
        2.1370542673088615e-11,
        2.1621445037926137e-11,
        2.810652345095175e-11,
        2.7249849426234993e-11,
        3.288745669894757e-11,
        2.0266136519482473e-11,
        2.1914284258663248e-11,
        2.4871669512491734e-11,
        4.334872230194115e-11,
        4.857310770356231e-11,
        2.182197843838825e-11
      ],
      "confidence": 0.7
    }
  ]
}