{
  "chunk": 2323,
  "total_chunks": 3600,
  "patterns_found": 2,
  "start_time": 2322.0006450001792,
  "end_time": 2322.9996452776795,
  "patterns": [
    {
      "type": "spike",
      "count": 9,
      "times": [
        2322.398645110735,
        2322.4726451312904,
        2322.474645131846,
        2322.4856451349015,
        2322.4906451362904,
        2322.492645136846,
        2322.5346451485125,
        2322.5506451529573,
        2322.555645154346
      ],
      "amplitudes": [
        0.0018241061711714982,
        0.0016853860019303613,
        0.0016866889673561622,
        0.0017317479521476345,
        0.0016915505954159923,
        0.0016945243532879314,
        0.001729188163746681,
        0.0016842794794383162,
        0.0017154990720434384
      ],
      "confidence": 0.8
    },
    {
      "type": "oscillation",
      "frequencies": [
        3.906248915626821,
        15.624995662507285,
        23.437493493760925,
        35.15624024064139,
        42.96873807189503,
        78.12497831253643,
        93.7499739750437,
        113.28121855317781,
        121.09371638443146,
        128.9062142156851,
        144.53120987819239,
        156.24995662507285,
        167.96870337195332,
        183.5936990344606,
        199.21869469696787,
        210.93744144384834,
        230.46868602198245,
        253.9061795157434,
        277.3436730095043,
        292.9686686720116,
        312.4999132501457,
        339.84365565953345,
        347.65615349078706,
        355.4686513220407,
        371.093646984548,
        394.53114047830894,
        406.2498872251894,
        425.7811318033235,
        445.3123763814576,
        460.9373720439649,
        476.5623677064722,
        492.18736336897945
      ],
      "power": [
        2.587047338715699e-10,
        2.2728155744704275e-11,
        1.894775809894609e-11,
        2.1052364903974008e-11,
        2.0742567814169333e-11,
        4.037871624690561e-11,
        2.235444682874327e-11,
        2.326797086096485e-11,
        2.2139441256712464e-11,
        2.279890209624601e-11,
        2.8544980648348993e-11,
        2.034467558590368e-11,
        2.0783971378169534e-11,
        5.130500733867428e-11,
        3.345175378823468e-11,
        1.338784163698981e-11,
        3.8234018515991854e-11,
        3.2457231546359116e-11,
        2.6182655341398045e-11,
        3.057525387648158e-11,
        1.9884672732139065e-11,
        4.1886945391100265e-11,
        2.4738544432651332e-11,
        1.851856403180647e-11,
        2.90241353376803e-11,
        4.876750676359973e-11,
        1.9007655332969113e-11,
        3.554486569685628e-11,
        3.275381695893226e-11,
        1.4817199843567024e-11,
        2.6527346918335842e-11,
        1.233379617039927e-11
      ],
      "confidence": 0.7
    }
  ]
}