{
  "chunk": 514,
  "total_chunks": 3600,
  "patterns_found": 2,
  "start_time": 513.0001425000396,
  "end_time": 513.9991427775396,
  "patterns": [
    {
      "type": "spike",
      "count": 21,
      "times": [
        513.0091425025396,
        513.012142503373,
        513.0151425042063,
        513.0181425050396,
        513.021142505873,
        513.0231425064285,
        513.0271425075396,
        513.0311425086508,
        513.0571425158729,
        513.1161425322618,
        513.8551427375397,
        513.9061427517064,
        513.921142755873,
        513.9331427592064,
        513.9571427658731,
        513.9631427675397,
        513.9721427700397,
        513.9821427728175,
        513.9901427750397,
        513.9941427761509,
        513.9971427769841
      ],
      "amplitudes": [
        0.0011735031397165244,
        0.0011384861563313836,
        0.001051132154285296,
        0.0010826220887403017,
        0.0011484699267074242,
        0.0010842533399636144,
        0.0011102970157542697,
        0.0010845864867167925,
        0.0010955525557496582,
        0.001053106239178766,
        0.0011332832648686085,
        0.0013153873083194421,
        0.0010808304339663636,
        0.0010603547557687977,
        0.0010824715513707414,
        0.0010638727630602716,
        0.0010524400108808825,
        0.0010934917393368192,
        0.0011696327335734159,
        0.001178382146932515,
        0.0011891098751800441
      ],
      "confidence": 0.8
    },
    {
      "type": "oscillation",
      "frequencies": [
        3.906248914738643,
        23.43749348843186,
        46.87498697686372,
        54.687484806341004,
        62.49998263581829,
        78.12497829477286,
        97.65622286846607,
        113.28121852742065,
        128.90621418637522,
        152.3437076748071,
        164.06245441902303,
        171.8749522485003,
        183.59369899271624,
        199.2186946516708,
        234.3749348843186,
        242.18743271379589,
        265.62492620222775,
        273.437424031705,
        285.15617077592094,
        296.8749175201369,
        312.49991317909144,
        335.9374066675233,
        351.56240232647787,
        359.3749001559552,
        367.1873979854325,
        386.71864255912567,
        398.4373893033416,
        414.06238496229616,
        429.6873806212508,
        449.21862519494397,
        464.8436208538985,
        480.4686165128531,
        492.187363257069
      ],
      "power": [
        3.360061534209472e-10,
        2.84538794327467e-11,
        2.5926834868911e-11,
        2.8182759898972765e-11,
        3.074502863732094e-11,
        3.235716789541246e-11,
        1.515968004796065e-11,
        2.859963965244553e-11,
        2.4534859738042985e-11,
        3.862223786202384e-11,
        2.9805710853305507e-11,
        2.8533596220877976e-11,
        1.9587065694261993e-11,
        4.190504139081688e-11,
        3.285937887541929e-11,
        3.0893642151926135e-11,
        1.8356927002968242e-11,
        5.2135052633967475e-11,
        2.448135341490419e-11,
        2.3474574046397185e-11,
        3.082324542197602e-11,
        2.3587473481969952e-11,
        2.7310499327574542e-11,
        2.3590586423196062e-11,
        2.599486430245627e-11,
        2.6741709897323542e-11,
        3.394216921301062e-11,
        4.366248275493099e-11,
        3.859270244894261e-11,
        2.210113507311337e-11,
        2.1520082817244354e-11,
        2.725093059522864e-11,
        2.7849554191617475e-11
      ],
      "confidence": 0.7
    }
  ]
}