{
  "chunk": 1181,
  "total_chunks": 3600,
  "patterns_found": 2,
  "start_time": 1180.000327777869,
  "end_time": 1180.999328055369,
  "patterns": [
    {
      "type": "spike",
      "count": 8,
      "times": [
        1180.4353278987023,
        1180.4523279034245,
        1180.4583279050912,
        1180.477327910369,
        1180.4943279150912,
        1180.50832791898,
        1180.5503279306467,
        1180.5943279428689
      ],
      "amplitudes": [
        0.0016775559321900557,
        0.0016793459680094491,
        0.0017105505400646407,
        0.0017257782824354763,
        0.0017702706421535803,
        0.0017317927613503322,
        0.001678660397540119,
        0.0017573452554485642
      ],
      "confidence": 0.8
    },
    {
      "type": "oscillation",
      "frequencies": [
        3.906248915626821,
        27.343742409387747,
        35.15624024064139,
        46.87498698752185,
        66.40623156565596,
        78.12497831253643,
        93.7499739750437,
        117.18746746880464,
        128.9062142156851,
        140.62496096256555,
        148.43745879381922,
        160.15620554069966,
        175.78120120320696,
        187.4999479500874,
        199.21869469696787,
        207.0311925282215,
        218.74993927510198,
        230.46868602198245,
        253.9061795157434,
        265.62492626262383,
        277.3436730095043,
        296.87491758763844,
        312.4999132501457,
        320.3124110813993,
        335.93740674390665,
        359.37490023766753,
        386.7186426470553,
        402.3436383095626,
        410.1561361408162,
        421.8748828876967,
        437.49987855020396,
        453.12487421271123,
        460.9373720439649,
        472.65611879084537,
        480.46861662209903,
        492.18736336897945
      ],
      "power": [
        2.7325330932077933e-10,
        1.2890528149817144e-11,
        1.4509528230978441e-11,
        4.005776184627014e-11,
        2.3249586501326175e-11,
        2.1809645901457643e-11,
        2.081595077973631e-11,
        1.752881437693008e-11,
        2.2484309248472156e-11,
        2.953271003091199e-11,
        3.1761934146110243e-11,
        9.83122840162747e-12,
        2.8555295696875362e-11,
        1.7900850613915318e-11,
        1.9173477179774995e-11,
        1.8336434972795534e-11,
        3.049165425959084e-11,
        4.6026984386523954e-11,
        2.5624263398906487e-11,
        3.191248629014932e-11,
        2.1454121239759294e-11,
        2.579228029204301e-11,
        2.006392915505312e-11,
        2.032312865827512e-11,
        2.473755353502969e-11,
        1.8249041289817705e-11,
        3.2323928557392654e-11,
        2.8054489108918134e-11,
        2.7052188022867207e-11,
        1.663434672957674e-11,
        2.3525118659940598e-11,
        2.1486453952245577e-11,
        2.7390034200331724e-11,
        2.1612869465697246e-11,
        1.778484127465621e-11,
        1.845333677306105e-11
      ],
      "confidence": 0.7
    }
  ]
}