{
  "chunk": 1213,
  "total_chunks": 3600,
  "patterns_found": 2,
  "start_time": 1212.0003366667602,
  "end_time": 1212.9993369442602,
  "patterns": [
    {
      "type": "spike",
      "count": 7,
      "times": [
        1212.3283367578713,
        1212.3953367764825,
        1212.4223367839825,
        1212.4413367892603,
        1212.5243368123158,
        1212.5353368153715,
        1212.5433368175936
      ],
      "amplitudes": [
        0.0016899400396175725,
        0.001702414544560822,
        0.0017769208040500305,
        0.0016989973381598765,
        0.0016857386713426382,
        0.0017665529314167547,
        0.001722129630780393
      ],
      "confidence": 0.8
    },
    {
      "type": "oscillation",
      "frequencies": [
        3.906248914738643,
        15.624995658954573,
        27.343742403170502,
        35.15624023264779,
        58.59373372107965,
        78.12497829477286,
        105.46872069794337,
        117.1874674421593,
        136.7187120158525,
        152.3437076748071,
        164.06245441902303,
        175.78120116323893,
        187.49994790745487,
        199.2186946516708,
        214.8436903106254,
        226.5624370548413,
        246.0936816285345,
        257.81242837275045,
        285.15617077592094,
        304.6874153496142,
        316.4061620938301,
        332.0311577527847,
        347.65615341173924,
        363.2811490706938,
        374.99989581490973,
        382.81239364438704,
        410.15613604755754,
        425.7811317065121,
        445.31237628020534,
        460.9373719391599,
        480.4686165128531,
        492.187363257069
      ],
      "power": [
        3.062060065156557e-10,
        3.259581498363198e-11,
        3.3436741995507914e-11,
        4.578127420768178e-11,
        2.3517165229575534e-11,
        3.308613959699086e-11,
        1.7648219467867838e-11,
        3.363256846449797e-11,
        1.7533867619069747e-11,
        1.5680676914375644e-11,
        2.726574341333083e-11,
        4.111289772809005e-11,
        3.14321876848106e-11,
        2.1709815055609154e-11,
        1.4059072582051398e-11,
        3.1563988294597345e-11,
        2.603822677283264e-11,
        2.918109145555286e-11,
        2.3862260647093216e-11,
        2.4115122317481123e-11,
        3.779828989969816e-11,
        2.266098454569269e-11,
        1.995722651207296e-11,
        3.467562577997513e-11,
        2.0457063242460125e-11,
        1.998690625455492e-11,
        4.308514956909497e-11,
        2.2193341375493866e-11,
        5.225320643365401e-11,
        1.8236397407461917e-11,
        2.7085479360704993e-11,
        3.1086569060295466e-11
      ],
      "confidence": 0.7
    }
  ]
}