{
  "chunk": 762,
  "total_chunks": 3600,
  "patterns_found": 2,
  "start_time": 761.0002113889476,
  "end_time": 761.9992116664478,
  "patterns": [
    {
      "type": "spike",
      "count": 20,
      "times": [
        761.0012113892254,
        761.0132113925588,
        761.0192113942254,
        761.0242113956143,
        761.0292113970032,
        761.0312113975588,
        761.0362113989477,
        761.0412114003366,
        761.0432114008921,
        761.0532114036698,
        761.075211409781,
        761.0952114153365,
        761.9372116492254,
        761.9522116533922,
        761.9592116553366,
        761.96221165617,
        761.9662116572811,
        761.9732116592255,
        761.9872116631144,
        761.9982116661699
      ],
      "amplitudes": [
        0.0011540147819447213,
        0.0011146327116048776,
        0.0010660689591897835,
        0.001064190301758152,
        0.0010916994294563641,
        0.0010817962600084966,
        0.0011051485071844108,
        0.001061743938964047,
        0.0012001712155582404,
        0.0010793583401373667,
        0.0010736200915622404,
        0.0010840095254568585,
        0.0010915073779275987,
        0.001108749111684589,
        0.0010669227962227703,
        0.001119400157973395,
        0.0011423426493289987,
        0.0011756350558207711,
        0.0010832022446770043,
        0.0011470008027179952
      ],
      "confidence": 0.8
    },
    {
      "type": "oscillation",
      "frequencies": [
        3.906248914738643,
        23.43749348843186,
        42.96873806212508,
        54.687484806341004,
        66.40623155055694,
        82.03122720951151,
        89.8437250389888,
        105.46872069794337,
        128.90621418637522,
        140.62496093059116,
        160.15620550428437,
        175.78120116323893,
        187.49994790745487,
        203.12494356640946,
        226.5624370548413,
        238.28118379905723,
        246.0936816285345,
        269.5311751169664,
        281.2499218611823,
        292.96866860539825,
        308.5936642643528,
        316.4061620938301,
        328.12490883804605,
        339.843655582262,
        351.56240232647787,
        359.3749001559552,
        367.1873979854325,
        386.71864255912567,
        402.34363821808023,
        410.15613604755754,
        421.8748827917735,
        433.5936295359894,
        445.31237628020534,
        460.9373719391599,
        484.37486542759177,
        492.187363257069
      ],
      "power": [
        3.1092477869442614e-10,
        3.575021563083614e-11,
        2.4979732802058166e-11,
        3.306934999298732e-11,
        4.011330846694739e-11,
        2.97567936215657e-11,
        1.8404358185735142e-11,
        4.847338195833154e-11,
        3.154140743233145e-11,
        1.7221841989536992e-11,
        3.4935306152056136e-11,
        1.2656837345784434e-11,
        2.4815671174576808e-11,
        1.815912460485376e-11,
        2.4227909780424734e-11,
        4.1095054437489874e-11,
        3.620517227316961e-11,
        1.864092446766236e-11,
        2.938091681529089e-11,
        3.358817817852232e-11,
        2.8439971620173466e-11,
        2.393863033390868e-11,
        4.442312959573094e-11,
        1.5537323853622547e-11,
        1.6065812680983417e-11,
        1.916269979399397e-11,
        2.1864168251893807e-11,
        1.809478537999536e-11,
        2.6257922353942132e-11,
        2.0825196606953413e-11,
        1.5207258313974097e-11,
        1.9542751253643664e-11,
        2.8641731848139952e-11,
        3.094605654337489e-11,
        2.442901559967418e-11,
        1.8867003176476612e-11
      ],
      "confidence": 0.7
    }
  ]
}