{
  "chunk": 3357,
  "total_chunks": 3600,
  "patterns_found": 2,
  "start_time": 3356.0009322224814,
  "end_time": 3356.9999324999812,
  "patterns": [
    {
      "type": "spike",
      "count": 9,
      "times": [
        3356.3349323152593,
        3356.33893231637,
        3356.4649323513704,
        3356.474932354148,
        3356.479932355537,
        3356.4909323585925,
        3356.522932367481,
        3356.5539323760927,
        3356.6039323899813
      ],
      "amplitudes": [
        0.0017206795562975604,
        0.0016800434317500578,
        0.0017304932948778566,
        0.0016817522117091822,
        0.0016863790174957973,
        0.001765811536238557,
        0.0016928899535126793,
        0.0017018657533969818,
        0.0017115859289993825
      ],
      "confidence": 0.8
    },
    {
      "type": "oscillation",
      "frequencies": [
        3.906248915626821,
        23.437493493760925,
        35.15624024064139,
        46.87498698752185,
        58.59373373440232,
        82.03122722816325,
        117.18746746880464,
        124.99996530005828,
        136.71871204693875,
        144.53120987819239,
        167.96870337195332,
        179.68745011883377,
        203.1249436125947,
        230.46868602198245,
        242.18743276886292,
        249.99993060011656,
        269.53117517825063,
        289.06241975638477,
        296.87491758763844,
        308.59366433451885,
        316.4061621657725,
        324.2186599970262,
        332.0311578282798,
        343.74990457516026,
        351.5624024064139,
        363.2811491532944,
        378.90614481580167,
        390.62489156268214,
        402.3436383095626,
        417.9686339720699,
        441.4061274658308,
        457.0311231283381,
        480.46861662209903
      ],
      "power": [
        2.72807893363572e-10,
        2.1021704453747696e-11,
        1.7731027151547522e-11,
        4.0710237058589916e-11,
        2.526385242417757e-11,
        2.944422745477085e-11,
        2.940695500936162e-11,
        1.7508328289867196e-11,
        2.4397542543143712e-11,
        2.0503454173655668e-11,
        3.594130164019152e-11,
        3.90735541207483e-11,
        5.474957170634814e-11,
        2.1630331727906196e-11,
        2.075314866009773e-11,
        2.680333068332639e-11,
        2.73088959604399e-11,
        1.57970729413262e-11,
        2.0198848655182908e-11,
        2.093307386216249e-11,
        2.644508926875466e-11,
        1.3378467645016939e-11,
        2.844607426530124e-11,
        2.435526103452487e-11,
        1.1521463636200257e-11,
        2.1201138947208645e-11,
        2.2642303761121058e-11,
        1.3651010317489276e-11,
        1.8810453321397066e-11,
        2.531882250540334e-11,
        1.9773492291151364e-11,
        3.412123217384691e-11,
        4.0851273623936085e-11
      ],
      "confidence": 0.7
    }
  ]
}