{
  "chunk": 3371,
  "total_chunks": 3600,
  "patterns_found": 2,
  "start_time": 3370.000936111371,
  "end_time": 3370.9999363888714,
  "patterns": [
    {
      "type": "spike",
      "count": 11,
      "times": [
        3370.3559362099822,
        3370.3919362199827,
        3370.4189362274824,
        3370.475936243316,
        3370.4899362472047,
        3370.5079362522047,
        3370.515936254427,
        3370.528936258038,
        3370.55493626526,
        3370.5929362758156,
        3370.59993627776
      ],
      "amplitudes": [
        0.0017088397947499722,
        0.0017127965308773652,
        0.0017150609082156425,
        0.0018399554720723162,
        0.0017570155598250837,
        0.0018390019598117347,
        0.001693458931420005,
        0.0016985465921179187,
        0.001701202295355096,
        0.0018367523762755273,
        0.0016996333000394396
      ],
      "confidence": 0.8
    },
    {
      "type": "oscillation",
      "frequencies": [
        3.9062489138504652,
        23.43749348310279,
        46.87498696620558,
        62.499982621607444,
        74.21872936315884,
        82.03122719085977,
        93.74997393241117,
        105.46872067396257,
        113.28121850166349,
        128.90621415706536,
        152.34370764016813,
        167.96870329557,
        191.4061967786728,
        203.12494352022418,
        218.74993917562605,
        230.46868591717745,
        249.99993048642978,
        281.24992179723347,
        304.68741528033627,
        316.40616202188767,
        332.03115767728957,
        351.56240224654186,
        359.3749000742428,
        378.9061446434951,
        386.71864247119606,
        402.3436381265979,
        425.7811316097007,
        433.59362943740166,
        441.40612726510255,
        457.03112292050446,
        468.74986966205586,
        480.4686164036072,
        492.1873631451586
      ],
      "power": [
        3.463613270308922e-10,
        3.090654508756725e-11,
        1.5049994529258977e-11,
        2.4719719268431536e-11,
        3.0290316718572116e-11,
        2.1295069639164615e-11,
        4.137710376513956e-11,
        2.9483515444188135e-11,
        2.912120353789242e-11,
        2.7211301132647068e-11,
        3.083525696754688e-11,
        1.8162460934869247e-11,
        2.5897382268945084e-11,
        1.8186300938747593e-11,
        1.311768991150229e-11,
        2.5897002383687075e-11,
        2.365480542781791e-11,
        3.014561862946048e-11,
        3.593260814336987e-11,
        3.142738736724306e-11,
        2.7912249978928188e-11,
        1.4975042145180153e-11,
        1.98821500737327e-11,
        4.3894380068529036e-11,
        3.538247626286604e-11,
        2.8492540507107992e-11,
        2.8255879699485753e-11,
        1.46951292664368e-11,
        1.7306240599298755e-11,
        2.763856650531397e-11,
        2.445140625075958e-11,
        2.326726268363617e-11,
        1.3016050162119742e-11
      ],
      "confidence": 0.7
    }
  ]
}