{
  "chunk": 1288,
  "total_chunks": 3600,
  "patterns_found": 2,
  "start_time": 1287.0003575000994,
  "end_time": 1287.9993577775995,
  "patterns": [
    {
      "type": "spike",
      "count": 16,
      "times": [
        1287.0013575003773,
        1287.0033575009327,
        1287.006357501766,
        1287.0143575039883,
        1287.0163575045437,
        1287.0203575056548,
        1287.0243575067661,
        1287.0303575084326,
        1287.0343575095437,
        1287.047357513155,
        1287.0723575200993,
        1287.0773575214882,
        1287.9363577600996,
        1287.9803577723217,
        1287.9873577742662,
        1287.992357775655
      ],
      "amplitudes": [
        0.0012074981785085376,
        0.001057017149067011,
        0.0012065091346334471,
        0.0011377206807039236,
        0.0011412379195296712,
        0.0011196849327438961,
        0.0011214253459397381,
        0.0011310112234133717,
        0.0011412003995940347,
        0.0010647254249068585,
        0.0010688177618479115,
        0.0010528795646788515,
        0.0011167726266907655,
        0.0011027530332670277,
        0.0011997190090939655,
        0.0011177855628153866
      ],
      "confidence": 0.8
    },
    {
      "type": "oscillation",
      "frequencies": [
        3.906248914738643,
        27.343742403170502,
        35.15624023264779,
        46.87498697686372,
        66.40623155055694,
        85.93747612425015,
        97.65622286846607,
        124.99996527163658,
        132.81246310111388,
        144.5312098453298,
        156.24995658954572,
        167.96870333376165,
        175.78120116323893,
        187.49994790745487,
        195.31244573693215,
        214.8436903106254,
        226.5624370548413,
        238.28118379905723,
        253.90617945801182,
        261.7186772874891,
        273.437424031705,
        285.15617077592094,
        292.96866860539825,
        304.6874153496142,
        328.12490883804605,
        339.843655582262,
        351.56240232647787,
        363.2811490706938,
        374.99989581490973,
        390.6248914738643,
        402.34363821808023,
        417.96863387703485,
        429.6873806212508,
        445.31237628020534,
        464.8436208538985,
        472.65611868337584,
        492.187363257069
      ],
      "power": [
        2.837542359334608e-10,
        2.5374117496885934e-11,
        2.4298895502265245e-11,
        2.1465399860288767e-11,
        2.239460678987989e-11,
        3.37148345260624e-11,
        2.7486504360485112e-11,
        2.4970936551668884e-11,
        1.2199999372102576e-11,
        2.1567587073450933e-11,
        2.3368973864965044e-11,
        3.141062253236672e-11,
        3.1916143215133135e-11,
        2.5359477245666715e-11,
        2.0198390096103026e-11,
        3.133864035265301e-11,
        1.583286553314583e-11,
        3.824065621733477e-11,
        2.130931858820028e-11,
        1.7272315731506135e-11,
        3.5766999208854267e-11,
        3.2539739621178896e-11,
        3.231900046756177e-11,
        3.308918170014222e-11,
        3.7261268209803503e-11,
        2.8138452537575146e-11,
        2.359545292674466e-11,
        1.8093834626886985e-11,
        2.6500893121638596e-11,
        1.9716939876682756e-11,
        1.9496276870805578e-11,
        2.523519242730969e-11,
        2.589022710729102e-11,
        2.0350144528704174e-11,
        2.486646168132548e-11,
        3.095706640985877e-11,
        3.0015295914380075e-11
      ],
      "confidence": 0.7
    }
  ]
}