{
  "chunk": 1751,
  "total_chunks": 3600,
  "patterns_found": 2,
  "start_time": 1750.0004861112463,
  "end_time": 1750.9994863887464,
  "patterns": [
    {
      "type": "spike",
      "count": 6,
      "times": [
        1750.3954862209685,
        1750.4274862298573,
        1750.4304862306908,
        1750.4754862431907,
        1750.5154862543018,
        1750.644486290135
      ],
      "amplitudes": [
        0.0018003626898840332,
        0.0016964721532084215,
        0.0017190802846841855,
        0.001697465379215076,
        0.0016979817003156261,
        0.0016948886420232949
      ],
      "confidence": 0.8
    },
    {
      "type": "oscillation",
      "frequencies": [
        3.906248915626821,
        23.437493493760925,
        31.24999132501457,
        50.781235903148676,
        66.40623156565596,
        89.84372505941688,
        109.37496963755099,
        121.09371638443146,
        140.62496096256555,
        152.34370770944602,
        179.68745011883377,
        199.21869469696787,
        218.74993927510198,
        230.46868602198245,
        246.09368168448972,
        257.8124284313702,
        273.4374240938775,
        289.06241975638477,
        300.78116650326524,
        312.4999132501457,
        335.93740674390665,
        351.5624024064139,
        367.1873980689212,
        374.9998959001748,
        414.062385056443,
        421.8748828876967,
        437.49987855020396,
        449.21862529708443,
        457.0311231283381,
        464.8436209595917,
        480.46861662209903,
        492.18736336897945
      ],
      "power": [
        3.14999040301727e-10,
        2.633471913106349e-11,
        2.038319703997895e-11,
        3.321438491557613e-11,
        2.0426054278739117e-11,
        2.7631977218296867e-11,
        1.2226299228156938e-11,
        2.3700002347759794e-11,
        4.649237419428007e-11,
        2.292406358252824e-11,
        3.189991870498878e-11,
        2.4759054422871105e-11,
        2.432129434019686e-11,
        1.755653947380252e-11,
        4.1422029929945725e-11,
        1.8386485595597038e-11,
        2.5758759338544443e-11,
        2.576024016492175e-11,
        2.280951734522279e-11,
        3.512904969627816e-11,
        2.4681486591361205e-11,
        1.718044964338972e-11,
        3.728658872847419e-11,
        3.41691946590221e-11,
        3.458166043249096e-11,
        3.0370044795170274e-11,
        3.577904715431172e-11,
        5.078882774408287e-11,
        3.006213364995365e-11,
        4.863186124186691e-11,
        1.7163719188144825e-11,
        3.0090698071820466e-11
      ],
      "confidence": 0.7
    }
  ]
}