{
  "chunk": 2141,
  "total_chunks": 3600,
  "patterns_found": 2,
  "start_time": 2140.0005944446098,
  "end_time": 2140.9995947221096,
  "patterns": [
    {
      "type": "spike",
      "count": 7,
      "times": [
        2140.32459453461,
        2140.4295945637764,
        2140.435594565443,
        2140.488594580165,
        2140.5675946021097,
        2140.5745946040543,
        2140.619594616554
      ],
      "amplitudes": [
        0.00171695050188681,
        0.001749828236061964,
        0.0017199708168852993,
        0.0017571326409726007,
        0.0016941875822452683,
        0.0017194634839101362,
        0.0016943032854715252
      ],
      "confidence": 0.8
    },
    {
      "type": "oscillation",
      "frequencies": [
        3.906248915626821,
        27.343742409387747,
        35.15624024064139,
        54.687484818775495,
        74.21872939690961,
        89.84372505941688,
        101.56247180629735,
        117.18746746880464,
        128.9062142156851,
        148.43745879381922,
        160.15620554069966,
        171.87495228758013,
        179.68745011883377,
        187.4999479500874,
        199.21869469696787,
        210.93744144384834,
        222.6561881907288,
        249.99993060011656,
        269.53117517825063,
        281.2499219251311,
        296.87491758763844,
        312.4999132501457,
        332.0311578282798,
        347.65615349078706,
        355.4686513220407,
        367.1873980689212,
        394.53114047830894,
        414.062385056443,
        429.68738071895035,
        445.3123763814576,
        460.9373720439649,
        476.5623677064722,
        488.28111445335264,
        496.0936122846063
      ],
      "power": [
        3.716434182118639e-10,
        2.7328621215183074e-11,
        1.9189339508243618e-11,
        2.396054000687006e-11,
        3.577251926876547e-11,
        2.932712847860673e-11,
        2.5737696144385362e-11,
        3.132573463105407e-11,
        3.142361574657298e-11,
        1.5853327871157337e-11,
        3.046444654260274e-11,
        1.5056390628749836e-11,
        1.1626283365902986e-11,
        1.4152857277319408e-11,
        4.970473854127046e-11,
        3.764055368804757e-11,
        3.266371083178731e-11,
        3.799245214507387e-11,
        3.822020295304593e-11,
        2.6479349073956937e-11,
        2.7801716780695484e-11,
        2.8399941091275334e-11,
        4.2540897291534395e-11,
        2.1418616286487147e-11,
        3.2599348361563296e-11,
        3.273244252731168e-11,
        2.3294983801156233e-11,
        1.3319668527826013e-11,
        2.5585385970331185e-11,
        1.905855875884082e-11,
        2.807984699914073e-11,
        3.1866324248772294e-11,
        2.2865586722704317e-11,
        8.797393933398467e-12
      ],
      "confidence": 0.7
    }
  ]
}