{
  "chunk": 887,
  "total_chunks": 3600,
  "patterns_found": 2,
  "start_time": 886.0002461111795,
  "end_time": 886.9992463886796,
  "patterns": [
    {
      "type": "spike",
      "count": 4,
      "times": [
        886.4812462447907,
        886.5342462595129,
        886.5882462745129,
        886.6902463028463
      ],
      "amplitudes": [
        0.0016950484604329916,
        0.0017180664376659767,
        0.0017082135081764537,
        0.001704420247098804
      ],
      "confidence": 0.8
    },
    {
      "type": "oscillation",
      "frequencies": [
        3.906248915182732,
        23.43749349109639,
        39.06248915182732,
        46.87498698219278,
        70.31248047328917,
        78.12497830365464,
        93.74997396438556,
        109.37496962511649,
        132.81246311621288,
        148.43745877694383,
        160.156205522492,
        171.8749522680402,
        199.21869467431932,
        210.93744141986753,
        226.56243708059844,
        234.37493491096393,
        246.0936816565121,
        253.9061794868776,
        273.43742406279125,
        285.1561708083394,
        304.6874153842531,
        316.4061621298013,
        332.03115779053223,
        355.46865128162864,
        363.28114911199407,
        382.81239368790773,
        394.5311404334559,
        410.1561360941869,
        421.87488283973505,
        449.2186252460142,
        457.03112307637963,
        484.3748654826588,
        496.09361222820695
      ],
      "power": [
        3.207165675570206e-10,
        2.1213964357503995e-11,
        2.28773346627699e-11,
        2.942824669280681e-11,
        1.9234479470279532e-11,
        2.128193217046811e-11,
        2.1605690202254817e-11,
        3.147388385215812e-11,
        1.6352969679076995e-11,
        2.8636058145122625e-11,
        2.1154648316729832e-11,
        3.397034606034555e-11,
        1.6569392301719145e-11,
        2.777466225593391e-11,
        2.6907669871553084e-11,
        2.1220647071900178e-11,
        1.9973965111602334e-11,
        3.1382853377094896e-11,
        2.76847611831884e-11,
        1.6312327684063916e-11,
        2.3751847837422154e-11,
        3.3543160567832306e-11,
        3.147269914479928e-11,
        4.021427955449923e-11,
        3.3941023548988965e-11,
        2.060556520961899e-11,
        1.3104522131604464e-11,
        2.2007799297148595e-11,
        1.4444850614375487e-11,
        2.07718946549779e-11,
        2.5960037007970498e-11,
        3.264711880904292e-11,
        1.6875713536112545e-11
      ],
      "confidence": 0.7
    }
  ]
}