{
  "chunk": 1085,
  "total_chunks": 3600,
  "patterns_found": 2,
  "start_time": 1084.0003011111949,
  "end_time": 1084.999301388695,
  "patterns": [
    {
      "type": "spike",
      "count": 10,
      "times": [
        1084.3923012200837,
        1084.4003012223059,
        1084.4093012248059,
        1084.5383012606394,
        1084.5563012656394,
        1084.566301268417,
        1084.5783012717504,
        1084.5843012734172,
        1084.5933012759172,
        1084.647301290917
      ],
      "amplitudes": [
        0.0017396155351723412,
        0.0017708414391293603,
        0.001783589711286176,
        0.00169598918944421,
        0.0017058419146003193,
        0.0017230234358645113,
        0.001709301720630429,
        0.0017183069266512303,
        0.0016943019766584608,
        0.0017672820562456997
      ],
      "confidence": 0.8
    },
    {
      "type": "oscillation",
      "frequencies": [
        3.906248914738643,
        23.43749348843186,
        35.15624023264779,
        70.31248046529558,
        78.12497829477286,
        89.8437250389888,
        101.56247178320473,
        121.09371635689794,
        136.7187120158525,
        156.24995658954572,
        171.8749522485003,
        187.49994790745487,
        199.2186946516708,
        218.74993922536402,
        230.46868596957995,
        246.0936816285345,
        257.81242837275045,
        265.62492620222775,
        289.0624196906596,
        304.6874153496142,
        316.4061620938301,
        324.21865992330737,
        343.7499044970006,
        351.56240232647787,
        367.1873979854325,
        378.9061447296484,
        406.2498871328189,
        421.8748827917735,
        429.6873806212508,
        445.31237628020534,
        464.8436208538985,
        480.4686165128531,
        492.187363257069
      ],
      "power": [
        3.6520919225025297e-10,
        3.282062914772214e-11,
        3.195917940387112e-11,
        3.5774122415765085e-11,
        2.4692165562448783e-11,
        1.8850759691313903e-11,
        6.014294955222704e-11,
        3.354884482906598e-11,
        3.370969009488272e-11,
        1.965031464603389e-11,
        2.1074507210251087e-11,
        5.1241220827037926e-11,
        3.82804169856068e-11,
        3.256117983351277e-11,
        1.629750676993646e-11,
        2.2759201695950387e-11,
        1.1906405797392399e-11,
        1.7549391515765553e-11,
        2.8733619007018135e-11,
        1.8680324923653967e-11,
        3.6308721496201726e-11,
        2.878129211639976e-11,
        2.475505276362024e-11,
        1.9014178275641462e-11,
        1.3416991229154172e-11,
        2.028262891557046e-11,
        4.226941872756885e-11,
        2.5331351457924162e-11,
        3.216203585761731e-11,
        2.423337968387557e-11,
        2.54775769983508e-11,
        1.322565560181689e-11,
        2.1769483687358882e-11
      ],
      "confidence": 0.7
    }
  ]
}