{
  "chunk": 1873,
  "total_chunks": 3600,
  "patterns_found": 2,
  "start_time": 1872.0005200001444,
  "end_time": 1872.9995202776447,
  "patterns": [
    {
      "type": "spike",
      "count": 8,
      "times": [
        1872.4515201254223,
        1872.4645201290334,
        1872.4785201329223,
        1872.5055201404223,
        1872.5405201501446,
        1872.5625201562557,
        1872.5675201576446,
        1872.6165201712556
      ],
      "amplitudes": [
        0.0017235377425342023,
        0.0017397089342568821,
        0.0017234275608174008,
        0.001691188305359507,
        0.001749971170884501,
        0.0017074554939275153,
        0.0017261029270707639,
        0.0017107982451211759
      ],
      "confidence": 0.8
    },
    {
      "type": "oscillation",
      "frequencies": [
        3.906248914738643,
        11.71874674421593,
        19.531244573693215,
        35.15624023264779,
        50.781235891602364,
        62.49998263581829,
        70.31248046529558,
        89.8437250389888,
        121.09371635689794,
        132.81246310111388,
        144.5312098453298,
        175.78120116323893,
        191.40619682219352,
        218.74993922536402,
        234.3749348843186,
        249.99993054327317,
        261.7186772874891,
        281.2499218611823,
        296.8749175201369,
        316.4061620938301,
        335.9374066675233,
        347.65615341173924,
        355.46865124121655,
        374.99989581490973,
        390.6248914738643,
        406.2498871328189,
        417.96863387703485,
        429.6873806212508,
        437.49987845072803,
        457.0311230244213,
        464.8436208538985,
        480.4686165128531,
        492.187363257069
      ],
      "power": [
        2.8220323872001713e-10,
        3.694704813718814e-11,
        2.5079977385474048e-11,
        1.8444084506327698e-11,
        3.0709765075511124e-11,
        2.7049141510008965e-11,
        2.4136363443299575e-11,
        3.256186636619275e-11,
        1.6587014400879768e-11,
        2.0342319871387706e-11,
        4.996788807185965e-11,
        2.329323225618299e-11,
        3.3660740559663976e-11,
        4.419210451168397e-11,
        2.0804329825189682e-11,
        2.627216151975244e-11,
        2.7732310448331927e-11,
        2.962495581757835e-11,
        2.4500296860415985e-11,
        3.6469210965385065e-11,
        2.385653744465275e-11,
        1.7489359190995545e-11,
        3.143547329198868e-11,
        1.2707838602382797e-11,
        2.795396221930716e-11,
        1.9683816794931664e-11,
        2.473432643906795e-11,
        4.2591480708997344e-11,
        1.5379590408711264e-11,
        2.9713083288785634e-11,
        2.3124660190889658e-11,
        2.965900542203039e-11,
        2.4528192234115815e-11
      ],
      "confidence": 0.7
    }
  ]
}