{
  "chunk": 1282,
  "total_chunks": 3600,
  "patterns_found": 2,
  "start_time": 1281.0003558334322,
  "end_time": 1281.9993561109322,
  "patterns": [
    {
      "type": "spike",
      "count": 20,
      "times": [
        1281.0033558342657,
        1281.0093558359322,
        1281.0123558367657,
        1281.024355840099,
        1281.02835584121,
        1281.050355847321,
        1281.0653558514878,
        1281.0693558525988,
        1281.114355865099,
        1281.9003560834324,
        1281.915356087599,
        1281.9293560914878,
        1281.9343560928767,
        1281.9493560970434,
        1281.9573560992656,
        1281.965356101488,
        1281.969356102599,
        1281.9713561031544,
        1281.9863561073212,
        1281.992356108988
      ],
      "amplitudes": [
        0.0011954655645300286,
        0.0012045279830582626,
        0.0011507534546930538,
        0.0011497002918799293,
        0.0011509449348437025,
        0.001105161771754261,
        0.0010750475563464635,
        0.0010542277130553663,
        0.0010594174556971365,
        0.0010997230123661076,
        0.0011205723151710913,
        0.0010797230047257535,
        0.0010867029676273105,
        0.0011227791607761049,
        0.001073552454874386,
        0.0010651026206044568,
        0.0012579105185871158,
        0.0011642950210203134,
        0.0010875906216972356,
        0.001076141394515902
      ],
      "confidence": 0.8
    },
    {
      "type": "oscillation",
      "frequencies": [
        3.906248914738643,
        23.43749348843186,
        46.87498697686372,
        66.40623155055694,
        78.12497829477286,
        89.8437250389888,
        101.56247178320473,
        117.1874674421593,
        132.81246310111388,
        152.3437076748071,
        160.15620550428437,
        175.78120116323893,
        195.31244573693215,
        230.46868596957995,
        249.99993054327317,
        261.7186772874891,
        289.0624196906596,
        300.7811664348755,
        312.49991317909144,
        328.12490883804605,
        347.65615341173924,
        359.3749001559552,
        378.9061447296484,
        402.34363821808023,
        421.8748827917735,
        441.40612736546666,
        449.21862519494397,
        460.9373719391599,
        468.7498697686372,
        488.2811143423304,
        496.0936121718077
      ],
      "power": [
        2.521183793393109e-10,
        4.403136561859196e-11,
        1.8549999524391045e-11,
        1.785212805568555e-11,
        2.398086874340517e-11,
        3.0733724568953635e-11,
        3.1931693869920474e-11,
        2.10853617304423e-11,
        2.703397890827805e-11,
        3.0875384555243725e-11,
        3.906331730443549e-11,
        2.274729615523841e-11,
        4.2629609364322356e-11,
        8.618848383443533e-12,
        3.404642050850598e-11,
        4.07146900827729e-11,
        3.2969243145359214e-11,
        4.2231269731549074e-11,
        1.6321451394218404e-11,
        1.7266810547189364e-11,
        3.154336299082821e-11,
        3.426929462850477e-11,
        2.0694356412453753e-11,
        5.378614476763963e-11,
        2.14975588130605e-11,
        3.8409292973947564e-11,
        3.3011008081660386e-11,
        2.2783836864172116e-11,
        2.0402000379774597e-11,
        2.0245988964532123e-11,
        1.687196847749384e-11
      ],
      "confidence": 0.7
    }
  ]
}