{
  "chunk": 3262,
  "total_chunks": 3600,
  "patterns_found": 2,
  "start_time": 3261.000905833585,
  "end_time": 3261.9999061110852,
  "patterns": [
    {
      "type": "spike",
      "count": 25,
      "times": [
        3261.001905833863,
        3261.0049058346963,
        3261.006905835252,
        3261.0129058369184,
        3261.0209058391406,
        3261.0289058413628,
        3261.032905842474,
        3261.036905843585,
        3261.060905850252,
        3261.063905851085,
        3261.0669058519184,
        3261.0729058535853,
        3261.9119060866406,
        3261.9459060960853,
        3261.947906096641,
        3261.951906097752,
        3261.954906098585,
        3261.964906101363,
        3261.967906102196,
        3261.97090610303,
        3261.9799061055296,
        3261.9849061069185,
        3261.9899061083074,
        3261.9929061091407,
        3261.9979061105296
      ],
      "amplitudes": [
        0.001160748091703218,
        0.0010903569989306951,
        0.0013538102996809,
        0.0010829033690605398,
        0.0010814417044918258,
        0.001120915579686324,
        0.001087288353671675,
        0.0010738779586189312,
        0.0011193966122414797,
        0.001130271104509745,
        0.001152323079964773,
        0.0011382033305172093,
        0.0010994424406643236,
        0.001052564922887406,
        0.0010880436145629974,
        0.0011207711768368204,
        0.001063898589930687,
        0.0011587480631546092,
        0.0011033907581656478,
        0.0010879955054898208,
        0.0010774616334981223,
        0.0011315958662367074,
        0.0011416679851746106,
        0.001113505885914293,
        0.0011484120124145073
      ],
      "confidence": 0.8
    },
    {
      "type": "oscillation",
      "frequencies": [
        3.9062489138504652,
        23.43749348310279,
        31.249991310803722,
        42.96873805235512,
        58.59373370775698,
        82.03122719085977,
        93.74997393241117,
        128.90621415706536,
        140.62496089861673,
        152.34370764016813,
        160.15620546786909,
        171.87495220942048,
        179.6874500371214,
        199.21869460637373,
        210.93744134792513,
        230.46868591717745,
        242.18743265872885,
        253.90617940028025,
        269.5311750556821,
        281.24992179723347,
        296.8749174526354,
        312.4999131080372,
        332.03115767728957,
        347.6561533326914,
        359.3749000742428,
        374.99989572964466,
        390.6248913850465,
        410.15613595429886,
        421.87488269585026,
        441.40612726510255,
        449.2186250928035,
        457.03112292050446,
        472.6561185759063,
        484.3748653174577,
        496.0936120590091
      ],
      "power": [
        2.773183809816902e-10,
        1.8761586391260333e-11,
        1.8325691221906338e-11,
        3.551519879036122e-11,
        2.984784831596005e-11,
        3.2399824038270404e-11,
        1.2404325653622721e-11,
        2.4325428281995017e-11,
        4.180680964808443e-11,
        3.710068399903885e-11,
        2.493364132697624e-11,
        1.9557210748569564e-11,
        2.197110238506208e-11,
        2.607911391402611e-11,
        3.6213423758975444e-11,
        3.0320016019514814e-11,
        1.4084236168827055e-11,
        3.0041192531591036e-11,
        3.194882405378449e-11,
        2.2167378569682957e-11,
        4.28016528032054e-11,
        3.661105918609133e-11,
        5.4795416836908597e-11,
        3.591995110368551e-11,
        2.6323430888678556e-11,
        2.5061445142968798e-11,
        1.9143950733058296e-11,
        1.7923417589180468e-11,
        2.4694878424472994e-11,
        2.146455050531326e-11,
        1.956499875006932e-11,
        2.7401793581681082e-11,
        1.7949185395327203e-11,
        1.5381339328951396e-11,
        2.0896050742566428e-11
      ],
      "confidence": 0.7
    }
  ]
}