{
  "chunk": 2678,
  "total_chunks": 3600,
  "patterns_found": 2,
  "start_time": 2677.000743611318,
  "end_time": 2677.999743888818,
  "patterns": [
    {
      "type": "spike",
      "count": 19,
      "times": [
        2677.004743612429,
        2677.0077436132624,
        2677.018743616318,
        2677.0207436168735,
        2677.022743617429,
        2677.0257436182624,
        2677.0287436190956,
        2677.032743620207,
        2677.0417436227067,
        2677.0467436240956,
        2677.0597436277067,
        2677.070743630762,
        2677.1097436415957,
        2677.9637438788177,
        2677.9687438802066,
        2677.9797438832625,
        2677.985743884929,
        2677.993743887151,
        2677.99874388854
      ],
      "amplitudes": [
        0.0011104950152566258,
        0.0010531049365948943,
        0.0010504742720080491,
        0.0010766797906374922,
        0.0010847722065601252,
        0.0011095860601612639,
        0.0010643341575119472,
        0.0011709379545306086,
        0.0011259234520802474,
        0.0010917183836162741,
        0.0011525509305098513,
        0.0010647958288643416,
        0.0011036910226589842,
        0.001068096339044288,
        0.0010691028634323334,
        0.0011901806866291371,
        0.001182422400272457,
        0.0010939914955523274,
        0.0011070034348421758
      ],
      "confidence": 0.8
    },
    {
      "type": "oscillation",
      "frequencies": [
        3.906248915626821,
        27.343742409387747,
        39.062489156268214,
        54.687484818775495,
        70.31248048128278,
        89.84372505941688,
        101.56247180629735,
        117.18746746880464,
        136.71871204693875,
        152.34370770944602,
        167.96870337195332,
        175.78120120320696,
        195.31244578134107,
        207.0311925282215,
        222.6561881907288,
        234.37493493760928,
        246.09368168448972,
        257.8124284313702,
        273.4374240938775,
        285.15617084075797,
        292.9686686720116,
        304.68741541889204,
        312.4999132501457,
        328.124908912653,
        343.74990457516026,
        367.1873980689212,
        382.8123937314285,
        394.53114047830894,
        406.2498872251894,
        425.7811318033235,
        437.49987855020396,
        453.12487421271123,
        460.9373720439649,
        476.5623677064722,
        484.37486553772584,
        496.0936122846063
      ],
      "power": [
        3.116298007466203e-10,
        1.9408194935182388e-11,
        1.910033568236901e-11,
        3.8151197769883154e-11,
        3.529161132800909e-11,
        4.287842505060953e-11,
        2.1986167730904784e-11,
        3.624816365044638e-11,
        1.5065425004894316e-11,
        1.6621150114466153e-11,
        1.2507270809790882e-11,
        2.4292092397598117e-11,
        3.491776774925283e-11,
        1.9537745792583465e-11,
        1.9799888439512297e-11,
        2.1863724593150816e-11,
        3.21249224994962e-11,
        2.215065941091289e-11,
        1.7488701181136727e-11,
        1.9775397401698067e-11,
        1.788991712078495e-11,
        2.055745074034775e-11,
        1.5100387050420185e-11,
        2.0874850565301783e-11,
        1.9647280942975915e-11,
        1.8667439425668665e-11,
        1.9114453854547002e-11,
        1.8068793501343128e-11,
        4.221543622331181e-11,
        2.1448169871665e-11,
        4.013924339534349e-11,
        2.594255981668259e-11,
        1.8492708067781065e-11,
        2.6095897438220474e-11,
        1.9495906130119038e-11,
        6.004835481569254e-11
      ],
      "confidence": 0.7
    }
  ]
}