{
  "chunk": 2680,
  "total_chunks": 3600,
  "patterns_found": 2,
  "start_time": 2679.0007441668736,
  "end_time": 2679.9997444443734,
  "patterns": [
    {
      "type": "spike",
      "count": 27,
      "times": [
        2679.001744167151,
        2679.0057441682625,
        2679.0097441693733,
        2679.0147441707622,
        2679.017744171596,
        2679.019744172151,
        2679.043744178818,
        2679.053744181596,
        2679.066744185207,
        2679.074744187429,
        2679.0867441907626,
        2679.8997444165957,
        2679.916744421318,
        2679.9307444252067,
        2679.934744426318,
        2679.9367444268737,
        2679.9417444282626,
        2679.9487444302067,
        2679.962744434096,
        2679.9767444379845,
        2679.97874443854,
        2679.9817444393734,
        2679.983744439929,
        2679.9877444410404,
        2679.9907444418736,
        2679.9927444424293,
        2679.99674444354
      ],
      "amplitudes": [
        0.0010639803125158261,
        0.0010551596785255122,
        0.0010790470385950988,
        0.0010935819802877242,
        0.001090928393055187,
        0.0010444037161409436,
        0.001084693915632251,
        0.0011301387566233392,
        0.0011379140592000716,
        0.0011544621762928445,
        0.001050957960657588,
        0.0010648448094975876,
        0.0010908738580388973,
        0.001134824044658255,
        0.001139649211082885,
        0.0010919627459457229,
        0.0010496256842580434,
        0.0010796837361682378,
        0.0011007246837423648,
        0.0012146756840697003,
        0.0010586833868525623,
        0.0010707489535202522,
        0.0010959133977252527,
        0.0011507419093061031,
        0.0011160212148430457,
        0.0011896796770545276,
        0.001112975429769814
      ],
      "confidence": 0.8
    },
    {
      "type": "oscillation",
      "frequencies": [
        3.906248915626821,
        19.531244578134107,
        31.24999132501457,
        50.781235903148676,
        58.59373373440232,
        66.40623156565596,
        78.12497831253643,
        93.7499739750437,
        101.56247180629735,
        113.28121855317781,
        121.09371638443146,
        132.81246313131192,
        144.53120987819239,
        156.24995662507285,
        171.87495228758013,
        195.31244578134107,
        214.84369035947518,
        222.6561881907288,
        234.37493493760928,
        246.09368168448972,
        265.62492626262383,
        277.3436730095043,
        292.9686686720116,
        308.59366433451885,
        332.0311578282798,
        343.74990457516026,
        363.2811491532944,
        374.9998959001748,
        390.62489156268214,
        421.8748828876967,
        441.4061274658308,
        457.0311231283381,
        468.74986987521856,
        496.0936122846063
      ],
      "power": [
        2.7914116020607336e-10,
        2.5084380044425832e-11,
        4.927338797311799e-11,
        2.633654046213666e-11,
        2.6525871259367973e-11,
        1.8962741505579156e-11,
        2.4651272790946632e-11,
        2.2243315761574226e-11,
        2.070699023666062e-11,
        1.2423800023120308e-11,
        1.613739442063025e-11,
        2.3249324762434037e-11,
        2.7435422973718697e-11,
        3.3011108887530835e-11,
        2.354166000549106e-11,
        3.49521338206178e-11,
        3.199343381289455e-11,
        1.7975822933077626e-11,
        3.2764596107196884e-11,
        3.013955770016146e-11,
        3.157197068658718e-11,
        1.967668247891281e-11,
        1.802268695557697e-11,
        2.6711705599096218e-11,
        3.459176688441119e-11,
        3.087220582295049e-11,
        1.8575589781244477e-11,
        2.7417848395704302e-11,
        3.736125959713916e-11,
        2.817415432625707e-11,
        3.241085766328327e-11,
        2.9930994061680486e-11,
        5.602406591171492e-11,
        3.287751773751119e-11
      ],
      "confidence": 0.7
    }
  ]
}