{
  "chunk": 1994,
  "total_chunks": 3600,
  "patterns_found": 2,
  "start_time": 1993.000553611265,
  "end_time": 1993.9995538887651,
  "patterns": [
    {
      "type": "spike",
      "count": 21,
      "times": [
        1993.0025536118205,
        1993.0065536129316,
        1993.009553613765,
        1993.0165536157094,
        1993.0225536173762,
        1993.0315536198761,
        1993.0375536215429,
        1993.0435536232094,
        1993.0465536240429,
        1993.0535536259872,
        1993.063553628765,
        1993.0895536359872,
        1993.8685538523762,
        1993.941553872654,
        1993.950553875154,
        1993.9565538768206,
        1993.9585538773763,
        1993.9675538798763,
        1993.9775538826539,
        1993.9865538851539,
        1993.9905538862652
      ],
      "amplitudes": [
        0.001206708457751113,
        0.001121276364453921,
        0.001139781607237666,
        0.0010569097687326517,
        0.0010510491779538668,
        0.0011349912062829537,
        0.0010903956534015437,
        0.0011004887135720631,
        0.0010537006304139338,
        0.0010568587983454082,
        0.0010624272465003548,
        0.001042390190349854,
        0.001060986179769488,
        0.001047229153935163,
        0.001133041840816667,
        0.0010692658091710533,
        0.0010740293784271809,
        0.0010675929869219932,
        0.0010922159229545044,
        0.0010769223102290327,
        0.0010561182885824422
      ],
      "confidence": 0.8
    },
    {
      "type": "oscillation",
      "frequencies": [
        3.906248915626821,
        15.624995662507285,
        39.062489156268214,
        46.87498698752185,
        58.59373373440232,
        70.31248048128278,
        89.84372505941688,
        101.56247180629735,
        121.09371638443146,
        140.62496096256555,
        160.15620554069966,
        179.68745011883377,
        191.40619686571424,
        203.1249436125947,
        214.84369035947518,
        226.56243710635562,
        238.2811838532361,
        261.718677346997,
        281.2499219251311,
        289.06241975638477,
        316.4061621657725,
        328.124908912653,
        339.84365565953345,
        355.4686513220407,
        371.093646984548,
        390.62489156268214,
        417.9686339720699,
        433.59362963457716,
        445.3123763814576,
        457.0311231283381,
        476.5623677064722,
        488.28111445335264
      ],
      "power": [
        2.942752065539256e-10,
        3.070267678824825e-11,
        3.264104860131399e-11,
        2.589542713685468e-11,
        2.5807734171416354e-11,
        3.7286403956679614e-11,
        2.367820101130245e-11,
        4.408293435241471e-11,
        2.27606490812099e-11,
        3.9906977144608336e-11,
        2.1724954454934232e-11,
        3.035887662731422e-11,
        2.2908581507307844e-11,
        2.2642010088360796e-11,
        2.1205435809498766e-11,
        1.4620391008210078e-11,
        2.3425264862236953e-11,
        3.061859342878793e-11,
        1.5177804473581857e-11,
        1.7612579696233767e-11,
        4.530338926342068e-11,
        1.6623359442976612e-11,
        4.604624326719734e-11,
        2.0553973925704323e-11,
        1.1554337565275919e-11,
        2.7869587035240767e-11,
        3.165692055042005e-11,
        2.966899709539082e-11,
        1.5763606854456858e-11,
        2.000652788929582e-11,
        2.16484369795665e-11,
        2.9945509503315275e-11
      ],
      "confidence": 0.7
    }
  ]
}