{
  "chunk": 2296,
  "total_chunks": 3600,
  "patterns_found": 2,
  "start_time": 2295.000637500177,
  "end_time": 2295.9996377776774,
  "patterns": [
    {
      "type": "spike",
      "count": 27,
      "times": [
        2295.0036375010104,
        2295.005637501566,
        2295.0086375023993,
        2295.0126375035106,
        2295.0176375048995,
        2295.0216375060104,
        2295.0346375096215,
        2295.0526375146214,
        2295.0586375162884,
        2295.073637520455,
        2295.078637521844,
        2295.1126375312883,
        2295.8856377460106,
        2295.928637757955,
        2295.9316377587884,
        2295.956637765733,
        2295.959637766566,
        2295.964637767955,
        2295.9666377685107,
        2295.969637769344,
        2295.9786377718438,
        2295.9836377732327,
        2295.9856377737883,
        2295.9896377748996,
        2295.9916377754553,
        2295.9946377762885,
        2295.9966377768437
      ],
      "amplitudes": [
        0.0010616601636298179,
        0.0010806831371585088,
        0.0011059078316072136,
        0.0010860443874441534,
        0.0011699590583139122,
        0.0011073960917972168,
        0.0011195982595894954,
        0.0010490646533491829,
        0.001045652972958509,
        0.001065823694306199,
        0.001058776126781521,
        0.0011111928757227495,
        0.0010994603868830892,
        0.001098236207502103,
        0.0010742655658992908,
        0.00105509654171007,
        0.0011215528129928768,
        0.0010906560845949213,
        0.0010758535555023777,
        0.0011008923835567216,
        0.0010790297186835866,
        0.001139556261783085,
        0.0010425852558910874,
        0.001051323004166572,
        0.001052656456515298,
        0.0010487060710126972,
        0.0011283475940150143
      ],
      "confidence": 0.8
    },
    {
      "type": "oscillation",
      "frequencies": [
        3.906248915626821,
        27.343742409387747,
        35.15624024064139,
        42.96873807189503,
        54.687484818775495,
        74.21872939690961,
        89.84372505941688,
        109.37496963755099,
        121.09371638443146,
        140.62496096256555,
        148.43745879381922,
        175.78120120320696,
        183.5936990344606,
        191.40619686571424,
        210.93744144384834,
        234.37493493760928,
        242.18743276886292,
        249.99993060011656,
        265.62492626262383,
        273.4374240938775,
        285.15617084075797,
        300.78116650326524,
        324.2186599970262,
        335.93740674390665,
        343.74990457516026,
        363.2811491532944,
        390.62489156268214,
        414.062385056443,
        433.59362963457716,
        453.12487421271123,
        468.74986987521856,
        480.46861662209903,
        492.18736336897945
      ],
      "power": [
        3.4516617290778047e-10,
        2.4720543679853406e-11,
        2.249063775006844e-11,
        1.8453259547488845e-11,
        3.440660480296919e-11,
        1.498415822793723e-11,
        3.746679334027921e-11,
        2.5318122257285157e-11,
        1.961046664595892e-11,
        3.3765297201403334e-11,
        2.20638711293338e-11,
        3.26979195324201e-11,
        3.2203151736042446e-11,
        3.353155989819291e-11,
        3.4370004567120316e-11,
        2.4623864790748398e-11,
        2.1216319632017073e-11,
        1.867411648860702e-11,
        2.4066391981039575e-11,
        2.331240249650732e-11,
        1.575671344556559e-11,
        2.918605758429291e-11,
        2.6623041996617693e-11,
        3.39469802247636e-11,
        3.8042936258484604e-11,
        3.0385228409851465e-11,
        4.253541548407785e-11,
        1.3760590503072872e-11,
        1.9493578044144005e-11,
        3.5998643686056476e-11,
        3.4445820932311273e-11,
        2.6097196586980435e-11,
        1.918332620590642e-11
      ],
      "confidence": 0.7
    }
  ]
}