{
  "chunk": 1784,
  "total_chunks": 3600,
  "patterns_found": 2,
  "start_time": 1783.0004952779154,
  "end_time": 1783.9994955554155,
  "patterns": [
    {
      "type": "spike",
      "count": 21,
      "times": [
        1783.0014952781933,
        1783.0034952787487,
        1783.0064952795822,
        1783.0174952826376,
        1783.0194952831932,
        1783.03449528736,
        1783.0414952893043,
        1783.051495292082,
        1783.0534952926378,
        1783.060495294582,
        1783.08849530236,
        1783.1044953068044,
        1783.924495534582,
        1783.9464955406934,
        1783.9554955431934,
        1783.9644955456934,
        1783.9674955465266,
        1783.9714955476377,
        1783.9754955487488,
        1783.97949554986,
        1783.9984955551377
      ],
      "amplitudes": [
        0.001169004498021129,
        0.0011034001969749065,
        0.001097176818224782,
        0.0010445595760331151,
        0.0012700752375759759,
        0.001063343214185524,
        0.0011174508016870996,
        0.001089318218004144,
        0.0011228693608552921,
        0.0010426247779785891,
        0.0010513346332919318,
        0.001101965601763629,
        0.0010424189866070572,
        0.0011036640821104388,
        0.00105162837909568,
        0.0012760519064053896,
        0.0010938535909773687,
        0.0011439427226969964,
        0.0011177476398463284,
        0.0011607799811339968,
        0.0011319124065269563
      ],
      "confidence": 0.8
    },
    {
      "type": "oscillation",
      "frequencies": [
        3.906248914738643,
        27.343742403170502,
        58.59373372107965,
        70.31248046529558,
        82.03122720951151,
        97.65622286846607,
        105.46872069794337,
        113.28121852742065,
        128.90621418637522,
        136.7187120158525,
        148.43745876006844,
        167.96870333376165,
        183.59369899271624,
        191.40619682219352,
        207.03119248114808,
        218.74993922536402,
        246.0936816285345,
        269.5311751169664,
        277.3436729464437,
        289.0624196906596,
        304.6874153496142,
        320.31241100856874,
        328.12490883804605,
        335.9374066675233,
        347.65615341173924,
        374.99989581490973,
        406.2498871328189,
        421.8748827917735,
        437.49987845072803,
        449.21862519494397,
        464.8436208538985,
        476.56236759811446,
        488.2811143423304
      ],
      "power": [
        3.011602475143258e-10,
        4.071307514534128e-11,
        3.64747580992091e-11,
        2.9903226665425246e-11,
        4.003188911116225e-11,
        2.3053310706606684e-11,
        1.3334054418192592e-11,
        1.4320458685639974e-11,
        3.9120340435859746e-11,
        2.6509330771518264e-11,
        2.802250005484804e-11,
        1.3686505599391472e-11,
        2.506614112823304e-11,
        2.3472197296587152e-11,
        1.6407308410172336e-11,
        2.2526539072667737e-11,
        1.496504497984297e-11,
        3.0232050476663716e-11,
        1.8368988061492676e-11,
        1.168060437780234e-11,
        3.87706651096017e-11,
        1.5959681683816582e-11,
        1.4389237501871867e-11,
        1.0141711011445681e-11,
        3.256891305805248e-11,
        4.2965749130087596e-11,
        2.7268050283940963e-11,
        2.1920635550337028e-11,
        3.217106588796039e-11,
        1.4914483962644863e-11,
        3.3620409525957855e-11,
        2.632873206400816e-11,
        1.2859651524831615e-11
      ],
      "confidence": 0.7
    }
  ]
}