{
  "chunk": 3595,
  "total_chunks": 3600,
  "patterns_found": 2,
  "start_time": 3594.000998333611,
  "end_time": 3594.999998611111,
  "patterns": [
    {
      "type": "spike",
      "count": 5,
      "times": [
        3594.485998468333,
        3594.508998474722,
        3594.581998495,
        3594.6139985038885,
        3594.625998507222
      ],
      "amplitudes": [
        0.0017635692043761408,
        0.0016942348832216674,
        0.0016799504961778047,
        0.0016960394478578937,
        0.0016980959494420638
      ],
      "confidence": 0.8
    },
    {
      "type": "oscillation",
      "frequencies": [
        3.906248915626821,
        15.624995662507285,
        31.24999132501457,
        46.87498698752185,
        66.40623156565596,
        93.7499739750437,
        113.28121855317781,
        136.71871204693875,
        152.34370770944602,
        164.0624544563265,
        183.5936990344606,
        203.1249436125947,
        218.74993927510198,
        242.18743276886292,
        257.8124284313702,
        281.2499219251311,
        300.78116650326524,
        312.4999132501457,
        335.93740674390665,
        343.74990457516026,
        355.4686513220407,
        374.9998959001748,
        394.53114047830894,
        406.2498872251894,
        414.062385056443,
        421.8748828876967,
        433.59362963457716,
        441.4061274658308,
        453.12487421271123,
        464.8436209595917,
        476.5623677064722,
        492.18736336897945
      ],
      "power": [
        3.5337181349802003e-10,
        1.6815893338277044e-11,
        2.6179894166188285e-11,
        4.235917971405742e-11,
        2.213787368646435e-11,
        3.314502838744977e-11,
        3.0009035082679804e-11,
        1.9639665279375124e-11,
        2.9024443174587615e-11,
        3.762242417774599e-11,
        2.4661283199243323e-11,
        1.7783889013280464e-11,
        2.9679133913108495e-11,
        4.717087991720523e-11,
        2.5087976170650325e-11,
        2.6449834429216476e-11,
        2.4879240613852577e-11,
        3.7301744825916805e-11,
        3.521612685189216e-11,
        2.7978574992328854e-11,
        2.6209899506424614e-11,
        3.7105308067355114e-11,
        1.5353740179288536e-11,
        2.046834725022739e-11,
        2.2825214588210825e-11,
        3.866351777359964e-11,
        3.031766225613519e-11,
        1.852634303141295e-11,
        1.9462363113903986e-11,
        3.19413715097657e-11,
        3.175259104118816e-11,
        3.3842282276559283e-11
      ],
      "confidence": 0.7
    }
  ]
}