{
  "chunk": 3420,
  "total_chunks": 3600,
  "patterns_found": 2,
  "start_time": 3419.0009497224864,
  "end_time": 3419.9999499999863,
  "patterns": [
    {
      "type": "spike",
      "count": 23,
      "times": [
        3419.0029497230416,
        3419.0089497247086,
        3419.010949725264,
        3419.0129497258195,
        3419.0189497274864,
        3419.0209497280416,
        3419.0269497297086,
        3419.0419497338753,
        3419.0669497408194,
        3419.0839497455418,
        3419.0909497474863,
        3419.8859499683194,
        3419.892949970264,
        3419.8959499710973,
        3419.9359499822085,
        3419.949949986097,
        3419.9569499880417,
        3419.9589499885974,
        3419.9679499910976,
        3419.9749499930417,
        3419.986949996375,
        3419.9899499972084,
        3419.9959499988754
      ],
      "amplitudes": [
        0.0011111097351859495,
        0.0010762608021060009,
        0.00104805391474609,
        0.001055565301574021,
        0.0010655517883671958,
        0.001127884399092696,
        0.0010554454066209098,
        0.0010494027017977341,
        0.001063993019749957,
        0.0010639385152591487,
        0.0011342065613325135,
        0.0010968410453888388,
        0.0010588665829933753,
        0.0010791175502685873,
        0.0010647980612933424,
        0.0010592452305300457,
        0.0010508521245597348,
        0.0010759104449140906,
        0.001105564093058145,
        0.0011383855889348358,
        0.0011006291652608095,
        0.0011420254563588297,
        0.0010869165158765982
      ],
      "confidence": 0.8
    },
    {
      "type": "oscillation",
      "frequencies": [
        3.906248915626821,
        11.718746746880463,
        27.343742409387747,
        42.96873807189503,
        54.687484818775495,
        70.31248048128278,
        82.03122722816325,
        105.46872072192417,
        121.09371638443146,
        132.81246313131192,
        140.62496096256555,
        152.34370770944602,
        167.96870337195332,
        179.68745011883377,
        199.21869469696787,
        214.84369035947518,
        234.37493493760928,
        246.09368168448972,
        257.8124284313702,
        265.62492626262383,
        273.4374240938775,
        292.9686686720116,
        300.78116650326524,
        328.124908912653,
        343.74990457516026,
        355.4686513220407,
        367.1873980689212,
        378.90614481580167,
        386.7186426470553,
        398.43738939393575,
        406.2498872251894,
        421.8748828876967,
        433.59362963457716,
        441.4061274658308,
        464.8436209595917,
        492.18736336897945
      ],
      "power": [
        3.427758171905459e-10,
        2.6934817710957536e-11,
        3.42084047561416e-11,
        1.7746359231539882e-11,
        1.3477725004729399e-11,
        2.4762484489519912e-11,
        2.443909215556164e-11,
        2.0901840483366984e-11,
        1.6292437847068714e-11,
        1.7977088327095042e-11,
        1.4997472354434945e-11,
        2.7045868307712825e-11,
        2.4143432460728247e-11,
        1.870624960767529e-11,
        4.244558304818789e-11,
        1.1163500654817093e-11,
        2.530198751439754e-11,
        2.3528838039568456e-11,
        1.7060900257806276e-11,
        2.0237688201781892e-11,
        1.488679388251548e-11,
        2.347093507921569e-11,
        2.0709171090203133e-11,
        4.408443772793426e-11,
        1.694103452489778e-11,
        3.4739062711129056e-11,
        4.796316672267498e-11,
        2.2234961219210063e-11,
        2.3493940868177704e-11,
        2.5179516046518633e-11,
        2.5777581603635637e-11,
        2.1379590789103415e-11,
        1.656041909433941e-11,
        1.5604977710541926e-11,
        3.7407394094083256e-11,
        2.582396442830334e-11
      ],
      "confidence": 0.7
    }
  ]
}