{
  "chunk": 2801,
  "total_chunks": 3600,
  "patterns_found": 2,
  "start_time": 2800.000777777994,
  "end_time": 2800.999778055494,
  "patterns": [
    {
      "type": "spike",
      "count": 7,
      "times": [
        2800.379777883272,
        2800.460777905772,
        2800.4937779149386,
        2800.499777916605,
        2800.5057779182716,
        2800.540777927994,
        2800.5567779324383
      ],
      "amplitudes": [
        0.001717383644377056,
        0.0016953577062545251,
        0.0017935410511437642,
        0.0017550695876086663,
        0.0016958768440706908,
        0.0017187282753647881,
        0.0017092180573601034
      ],
      "confidence": 0.8
    },
    {
      "type": "oscillation",
      "frequencies": [
        3.9062489138504652,
        23.43749348310279,
        31.249991310803722,
        54.68748479390651,
        62.499982621607444,
        82.03122719085977,
        93.74997393241117,
        105.46872067396257,
        124.99996524321489,
        152.34370764016813,
        175.78120112327093,
        187.49994786482233,
        199.21869460637373,
        214.84369026177558,
        226.56243700332698,
        242.18743265872885,
        257.8124283141307,
        281.24992179723347,
        308.5936641941868,
        320.31241093573817,
        328.12490876343907,
        343.74990441884097,
        367.1873979019437,
        382.8123935573456,
        394.531140298897,
        421.87488269585026,
        429.68738052355116,
        441.40612726510255,
        460.9373718343549,
        476.56236748975675,
        484.3748653174577
      ],
      "power": [
        2.961527670271879e-10,
        3.6211157709894615e-11,
        2.508962637840507e-11,
        1.9619937635705314e-11,
        2.308178256153327e-11,
        2.831307412363928e-11,
        2.2065797235469115e-11,
        2.937168837476109e-11,
        3.1899810910702565e-11,
        3.583744059941659e-11,
        2.880946675000147e-11,
        2.777411502641188e-11,
        2.7370156176593514e-11,
        2.277444330542641e-11,
        1.5109361396473092e-11,
        2.6411426639792488e-11,
        2.0425111269664744e-11,
        1.7923659959484255e-11,
        2.4521015420836096e-11,
        3.9109613302168655e-11,
        1.951629438227064e-11,
        4.0737475682052326e-11,
        2.3310743630414967e-11,
        3.3969377054819136e-11,
        2.0524296431917985e-11,
        3.692132242274036e-11,
        3.32835421383268e-11,
        1.9051351303615273e-11,
        4.2010670211251645e-11,
        3.078998794818709e-11,
        3.301493158358909e-11
      ],
      "confidence": 0.7
    }
  ]
}