{
  "chunk": 1183,
  "total_chunks": 3600,
  "patterns_found": 2,
  "start_time": 1182.0003283334247,
  "end_time": 1182.9993286109247,
  "patterns": [
    {
      "type": "spike",
      "count": 3,
      "times": [
        1182.4083284467579,
        1182.4343284539802,
        1182.5273284798136
      ],
      "amplitudes": [
        0.0016906244245194618,
        0.001710729197591277,
        0.0017280820499488124
      ],
      "confidence": 0.8
    },
    {
      "type": "oscillation",
      "frequencies": [
        3.906248915626821,
        15.624995662507285,
        42.96873807189503,
        74.21872939690961,
        89.84372505941688,
        109.37496963755099,
        117.18746746880464,
        128.9062142156851,
        136.71871204693875,
        156.24995662507285,
        171.87495228758013,
        179.68745011883377,
        191.40619686571424,
        199.21869469696787,
        207.0311925282215,
        226.56243710635562,
        234.37493493760928,
        246.09368168448972,
        265.62492626262383,
        281.2499219251311,
        296.87491758763844,
        316.4061621657725,
        328.124908912653,
        343.74990457516026,
        355.4686513220407,
        367.1873980689212,
        386.7186426470553,
        402.3436383095626,
        414.062385056443,
        429.68738071895035,
        445.3123763814576,
        464.8436209595917,
        492.18736336897945
      ],
      "power": [
        2.663207670110834e-10,
        3.521813033515452e-11,
        1.7642319155036066e-11,
        3.5307989899172824e-11,
        2.795273274966199e-11,
        3.2189840916023725e-11,
        2.176627121241882e-11,
        1.675044357323504e-11,
        2.6806275018072475e-11,
        2.0480948675657818e-11,
        2.1752467259947167e-11,
        2.932850125341065e-11,
        2.33503272329341e-11,
        2.499111261982589e-11,
        2.676175491516975e-11,
        3.005326023546415e-11,
        1.6352631274448424e-11,
        2.6602083360820805e-11,
        2.5235488804170646e-11,
        2.3182284284822003e-11,
        2.904548447370868e-11,
        3.019361903214938e-11,
        1.1994574982739382e-11,
        2.516264455278846e-11,
        2.466054331477603e-11,
        4.333689651959137e-11,
        3.1289486446345776e-11,
        1.9260624669490812e-11,
        1.7244783671765342e-11,
        3.955105232970641e-11,
        2.1219896264463168e-11,
        2.633360491836991e-11,
        2.8632357568332104e-11
      ],
      "confidence": 0.7
    }
  ]
}