{
  "chunk": 3316,
  "total_chunks": 3600,
  "patterns_found": 2,
  "start_time": 3315.000920833589,
  "end_time": 3315.9999211110894,
  "patterns": [
    {
      "type": "spike",
      "count": 22,
      "times": [
        3315.0049208347004,
        3315.0139208372,
        3315.016920838034,
        3315.018920838589,
        3315.0259208405337,
        3315.0309208419226,
        3315.037920843867,
        3315.0569208491447,
        3315.0639208510893,
        3315.0669208519225,
        3315.083920856645,
        3315.771921047756,
        3315.8599210722004,
        3315.8829210785893,
        3315.9149210874784,
        3315.9329210924784,
        3315.938921094145,
        3315.9719211033116,
        3315.978921105256,
        3315.983921106645,
        3315.988921108034,
        3315.990921108589
      ],
      "amplitudes": [
        0.0011207505340831284,
        0.0010973618774563743,
        0.001097635145962419,
        0.0010773002938342124,
        0.0010794380398028397,
        0.0010840532331896956,
        0.0010832645555446968,
        0.001194227344195764,
        0.0010576984235447927,
        0.0010762701654776741,
        0.001076659373412107,
        0.0011054185460516231,
        0.001083557718834877,
        0.0010752448297992666,
        0.0010745718741931884,
        0.0010839104465325204,
        0.0010570384166474615,
        0.0011291333966051756,
        0.001085478932300831,
        0.0011421436126126307,
        0.001058102245800656,
        0.0011780978763217182
      ],
      "confidence": 0.8
    },
    {
      "type": "oscillation",
      "frequencies": [
        3.9062489138504652,
        19.531244569252326,
        35.156240224654184,
        54.68748479390651,
        74.21872936315884,
        105.46872067396257,
        117.18746741551396,
        124.99996524321489,
        140.62496089861673,
        148.4374587263177,
        167.96870329557,
        179.6874500371214,
        187.49994786482233,
        195.31244569252326,
        210.93744134792513,
        226.56243700332698,
        234.37493483102793,
        249.99993048642978,
        277.343672883383,
        292.96866853878487,
        304.68741528033627,
        324.2186598495886,
        339.84365550499047,
        347.6561533326914,
        363.28114898809326,
        374.99989572964466,
        386.71864247119606,
        406.24988704044836,
        421.87488269585026,
        429.68738052355116,
        445.31237617895306,
        453.12487400665395,
        472.6561185759063,
        484.3748653174577
      ],
      "power": [
        3.4908541583458324e-10,
        3.106238362780291e-11,
        3.7882622539881655e-11,
        3.4005388136054145e-11,
        3.015192936537806e-11,
        3.8984342274616276e-11,
        2.68358381540038e-11,
        2.8571437766705183e-11,
        3.05350433943772e-11,
        2.5974823619348964e-11,
        4.257922441186983e-11,
        1.6094379240912027e-11,
        1.8774684384572215e-11,
        3.516508333996072e-11,
        2.78078958337568e-11,
        1.566825040924273e-11,
        1.4252027527375418e-11,
        1.6812431044069943e-11,
        4.066349902791505e-11,
        3.788016125102062e-11,
        1.7780018542457207e-11,
        2.0905257656691755e-11,
        1.2253586973068672e-11,
        1.2899160224793482e-11,
        3.641867694311611e-11,
        3.007459981359952e-11,
        2.625134916754994e-11,
        4.8500314262321843e-11,
        2.7678002093370023e-11,
        2.2338766085441753e-11,
        2.927196331488464e-11,
        2.7389445524732948e-11,
        3.8100133133214674e-11,
        2.5152775156207518e-11
      ],
      "confidence": 0.7
    }
  ]
}