{
  "chunk": 1263,
  "total_chunks": 3600,
  "patterns_found": 2,
  "start_time": 1262.000350555653,
  "end_time": 1262.9993508331531,
  "patterns": [
    {
      "type": "spike",
      "count": 8,
      "times": [
        1262.374350659542,
        1262.414350670653,
        1262.4213506725976,
        1262.4493506803753,
        1262.4883506912086,
        1262.5153506987085,
        1262.518350699542,
        1262.6913507475974
      ],
      "amplitudes": [
        0.0016916275686734493,
        0.0017574323268819397,
        0.0016837032505593406,
        0.0016885597526578437,
        0.0016943642799321862,
        0.0017003509293745558,
        0.0016978906796977055,
        0.001748946348402487
      ],
      "confidence": 0.8
    },
    {
      "type": "oscillation",
      "frequencies": [
        3.906248915626821,
        15.624995662507285,
        39.062489156268214,
        58.59373373440232,
        70.31248048128278,
        85.93747614379006,
        105.46872072192417,
        113.28121855317781,
        124.99996530005828,
        132.81246313131192,
        144.53120987819239,
        160.15620554069966,
        167.96870337195332,
        183.5936990344606,
        191.40619686571424,
        207.0311925282215,
        214.84369035947518,
        226.56243710635562,
        238.2811838532361,
        269.53117517825063,
        292.9686686720116,
        308.59366433451885,
        316.4061621657725,
        335.93740674390665,
        343.74990457516026,
        351.5624024064139,
        371.093646984548,
        382.8123937314285,
        398.43738939393575,
        406.2498872251894,
        421.8748828876967,
        429.68738071895035,
        453.12487421271123,
        460.9373720439649,
        468.74986987521856,
        488.28111445335264
      ],
      "power": [
        2.993361374825536e-10,
        3.296943014501278e-11,
        2.1649167228333322e-11,
        2.4710678782529983e-11,
        1.2095376351623735e-11,
        1.8904693537728605e-11,
        2.595892454838799e-11,
        2.7774856615227103e-11,
        2.683536599504521e-11,
        2.7044242669419958e-11,
        1.6836111341370137e-11,
        2.6348857591969855e-11,
        2.5893394734109732e-11,
        1.860694133846499e-11,
        1.200896579734281e-11,
        2.304443305524844e-11,
        2.7992278734873908e-11,
        1.5348527687986078e-11,
        2.8814347762042903e-11,
        1.652736895315441e-11,
        1.2577797989663351e-11,
        2.608074451206263e-11,
        2.3978574540295682e-11,
        2.8875386546193572e-11,
        2.8001142796077966e-11,
        2.264297433581427e-11,
        2.3194232071900345e-11,
        3.726252497808967e-11,
        1.4276637058259982e-11,
        2.201783352616704e-11,
        3.0872841233806327e-11,
        3.19925137757556e-11,
        3.3651499314916416e-11,
        1.848663204763698e-11,
        2.3802029532627525e-11,
        2.5617427745566032e-11
      ],
      "confidence": 0.7
    }
  ]
}