{
  "chunk": 537,
  "total_chunks": 3600,
  "patterns_found": 2,
  "start_time": 536.0001488889303,
  "end_time": 536.9991491664304,
  "patterns": [
    {
      "type": "spike",
      "count": 8,
      "times": [
        536.4061490017081,
        536.474149020597,
        536.4811490225414,
        536.4991490275414,
        536.5181490328192,
        536.5681490467081,
        536.6061490572637,
        536.6761490767082
      ],
      "amplitudes": [
        0.0017057581983167334,
        0.0017724134375386056,
        0.0017043831936102841,
        0.0017272097392002834,
        0.0016968222004048778,
        0.0018058992274403636,
        0.0017863529440806884,
        0.0017100628918961885
      ],
      "confidence": 0.8
    },
    {
      "type": "oscillation",
      "frequencies": [
        3.906248915182732,
        23.43749349109639,
        31.249991321461856,
        50.78123589737552,
        58.59373372774098,
        74.21872938847191,
        82.03122721883737,
        101.56247179475103,
        113.28121854029922,
        124.99996528584742,
        140.62496094657834,
        156.2499566073093,
        167.9687033528575,
        183.5936990135884,
        203.12494358950207,
        210.93744141986753,
        222.65618816541573,
        234.37493491096393,
        246.0936816565121,
        253.9061794868776,
        269.5311751476085,
        289.06241972352217,
        296.87491755388766,
        320.312411044984,
        343.7499045360804,
        351.5624023664459,
        363.28114911199407,
        382.81239368790773,
        394.5311404334559,
        414.06238500936956,
        425.7811317549178,
        433.5936295852832,
        453.1248741611969,
        468.74986982192786
      ],
      "power": [
        3.059518684179123e-10,
        2.1091185134089332e-11,
        2.975746084334001e-11,
        2.1219156919028534e-11,
        1.7984480927649217e-11,
        1.275546503989303e-11,
        3.0358667356041863e-11,
        2.3567717159253693e-11,
        2.0807917855460948e-11,
        1.870323780301437e-11,
        3.127628904158918e-11,
        4.3349210352994545e-11,
        2.439795868525901e-11,
        2.492532702207403e-11,
        2.424672312083762e-11,
        2.686933566487721e-11,
        2.139885649818279e-11,
        1.1339755162789206e-11,
        2.8991387821958186e-11,
        1.9030312737364418e-11,
        2.2425590734646946e-11,
        1.4761737852307853e-11,
        1.6848569561996392e-11,
        2.1960216862449177e-11,
        2.931508148686e-11,
        2.870424584411384e-11,
        3.4081628945587055e-11,
        2.965117767938828e-11,
        2.308356003063639e-11,
        3.4679402190210997e-11,
        1.726555718789302e-11,
        2.1523848007089874e-11,
        2.1448207191368322e-11,
        3.269453636119142e-11
      ],
      "confidence": 0.7
    }
  ]
}