{
  "chunk": 1709,
  "total_chunks": 3600,
  "patterns_found": 2,
  "start_time": 1708.0004744445764,
  "end_time": 1708.9994747220765,
  "patterns": [
    {
      "type": "spike",
      "count": 7,
      "times": [
        1708.348474541243,
        1708.3824745506874,
        1708.4044745567985,
        1708.4634745731876,
        1708.4944745817986,
        1708.5384745940207,
        1708.6084746134652
      ],
      "amplitudes": [
        0.0017136616125605615,
        0.0016785102261069138,
        0.001725915495249912,
        0.0017083698011825812,
        0.0017342242580437395,
        0.0016942918330906398,
        0.0016859351192921067
      ],
      "confidence": 0.8
    },
    {
      "type": "oscillation",
      "frequencies": [
        3.906248915626821,
        19.531244578134107,
        31.24999132501457,
        42.96873807189503,
        54.687484818775495,
        66.40623156565596,
        78.12497831253643,
        101.56247180629735,
        109.37496963755099,
        117.18746746880464,
        140.62496096256555,
        156.24995662507285,
        164.0624544563265,
        183.5936990344606,
        199.21869469696787,
        207.0311925282215,
        222.6561881907288,
        230.46868602198245,
        238.2811838532361,
        249.99993060011656,
        257.8124284313702,
        273.4374240938775,
        292.9686686720116,
        304.68741541889204,
        312.4999132501457,
        332.0311578282798,
        343.74990457516026,
        351.5624024064139,
        359.37490023766753,
        371.093646984548,
        382.8123937314285,
        394.53114047830894,
        421.8748828876967,
        437.49987855020396,
        460.9373720439649,
        476.5623677064722,
        492.18736336897945
      ],
      "power": [
        2.8700363267206793e-10,
        2.964989995252739e-11,
        2.0464503535792908e-11,
        1.6992812536219708e-11,
        3.944320284997748e-11,
        3.471839861163036e-11,
        3.4406711253106264e-11,
        1.7339511234948097e-11,
        1.5583564002076816e-11,
        1.8565042028057053e-11,
        2.014343800207703e-11,
        2.5642748495591924e-11,
        2.501933764918223e-11,
        3.325087088021997e-11,
        2.4675632048023607e-11,
        2.4972455189419582e-11,
        2.4411653382472923e-11,
        2.32887628630902e-11,
        2.7600285605397906e-11,
        3.648293658171298e-11,
        3.957632965172325e-11,
        2.6517822471352802e-11,
        3.2577507831074566e-11,
        1.9102865651223903e-11,
        2.3288264880653135e-11,
        2.5162872813071406e-11,
        2.5224286842967248e-11,
        1.8289769407393726e-11,
        1.5186017012551897e-11,
        2.8281328587976742e-11,
        1.3443206405669407e-11,
        2.455879857602627e-11,
        3.113334886873787e-11,
        2.207108245497436e-11,
        2.3346338875594283e-11,
        2.2855944263681136e-11,
        2.9304934136602884e-11
      ],
      "confidence": 0.7
    }
  ]
}