{
  "chunk": 2820,
  "total_chunks": 3600,
  "patterns_found": 2,
  "start_time": 2819.0007830557734,
  "end_time": 2819.999783333273,
  "patterns": [
    {
      "type": "spike",
      "count": 17,
      "times": [
        2819.001783056051,
        2819.00678305744,
        2819.009783058273,
        2819.0167830602177,
        2819.019783061051,
        2819.028783063551,
        2819.0307830641063,
        2819.032783064662,
        2819.046783068551,
        2819.903783306607,
        2819.9087833079957,
        2819.9667833241065,
        2819.9747833263286,
        2819.9777833271623,
        2819.9827833285512,
        2819.9857833293845,
        2819.99678333244
      ],
      "amplitudes": [
        0.0011033823325272468,
        0.0011304781863765898,
        0.0010650818462112177,
        0.0011482722557488259,
        0.0010397652215841384,
        0.0011323166738292547,
        0.0010395715111523492,
        0.0011499152597318632,
        0.001141817412990849,
        0.0010574684881869188,
        0.0010406451403643922,
        0.0011211204856724198,
        0.0011659823355431378,
        0.0011348649855027044,
        0.0010852510000443844,
        0.001080953514277864,
        0.0011159879519223093
      ],
      "confidence": 0.8
    },
    {
      "type": "oscillation",
      "frequencies": [
        3.906248915626821,
        27.343742409387747,
        42.96873807189503,
        58.59373373440232,
        70.31248048128278,
        82.03122722816325,
        105.46872072192417,
        117.18746746880464,
        124.99996530005828,
        136.71871204693875,
        156.24995662507285,
        175.78120120320696,
        183.5936990344606,
        199.21869469696787,
        214.84369035947518,
        226.56243710635562,
        242.18743276886292,
        253.9061795157434,
        261.718677346997,
        273.4374240938775,
        292.9686686720116,
        300.78116650326524,
        316.4061621657725,
        339.84365565953345,
        359.37490023766753,
        382.8123937314285,
        402.3436383095626,
        421.8748828876967,
        437.49987855020396,
        449.21862529708443,
        460.9373720439649,
        484.37486553772584,
        496.0936122846063
      ],
      "power": [
        3.3107980309803954e-10,
        2.7310832749632694e-11,
        3.257033475636274e-11,
        2.445360420749835e-11,
        1.8616464360756148e-11,
        2.7993410366249095e-11,
        1.6421046179967346e-11,
        1.513939462933357e-11,
        2.1844631347652412e-11,
        2.476636905072021e-11,
        3.1580397579703094e-11,
        1.7258979248734906e-11,
        1.76018233925445e-11,
        3.206578004436837e-11,
        1.5117324893206998e-11,
        2.5607201863945297e-11,
        3.33376366402648e-11,
        2.1759620436953862e-11,
        2.2802780358542167e-11,
        2.5226022568105778e-11,
        3.143286178935725e-11,
        2.8007778558250572e-11,
        2.5152181693163518e-11,
        4.7267843284365945e-11,
        3.0211898373090725e-11,
        2.4187713104433543e-11,
        2.5818694740975445e-11,
        2.866344773330448e-11,
        2.5066669527076352e-11,
        2.7185825052649163e-11,
        1.9650997386708402e-11,
        3.321757693320101e-11,
        3.403005397852436e-11
      ],
      "confidence": 0.7
    }
  ]
}