{
  "chunk": 2329,
  "total_chunks": 3600,
  "patterns_found": 2,
  "start_time": 2328.0006466668465,
  "end_time": 2328.9996469443463,
  "patterns": [
    {
      "type": "spike",
      "count": 8,
      "times": [
        2328.4186467829577,
        2328.421646783791,
        2328.48964680268,
        2328.506646807402,
        2328.5106468085132,
        2328.5136468093465,
        2328.5496468193464,
        2328.555646821013
      ],
      "amplitudes": [
        0.0016902734357366004,
        0.0017114065734781933,
        0.0017233496787408854,
        0.0017137129640609743,
        0.00171045733102273,
        0.001755180526627236,
        0.001730232249645265,
        0.001685071511055523
      ],
      "confidence": 0.8
    },
    {
      "type": "oscillation",
      "frequencies": [
        3.906248915626821,
        19.531244578134107,
        31.24999132501457,
        50.781235903148676,
        78.12497831253643,
        89.84372505941688,
        97.65622289067053,
        113.28121855317781,
        128.9062142156851,
        140.62496096256555,
        167.96870337195332,
        175.78120120320696,
        187.4999479500874,
        203.1249436125947,
        218.74993927510198,
        226.56243710635562,
        246.09368168448972,
        257.8124284313702,
        269.53117517825063,
        285.15617084075797,
        300.78116650326524,
        320.3124110813993,
        332.0311578282798,
        347.65615349078706,
        359.37490023766753,
        367.1873980689212,
        394.53114047830894,
        406.2498872251894,
        421.8748828876967,
        445.3123763814576,
        460.9373720439649,
        484.37486553772584
      ],
      "power": [
        3.025908968175847e-10,
        4.90196654402114e-11,
        3.183252791100947e-11,
        2.8794243329223298e-11,
        2.4329301377887855e-11,
        3.6436552703497626e-11,
        2.04722078265017e-11,
        7.998578812260474e-12,
        3.7877680136143907e-11,
        2.8903468200890615e-11,
        2.7662049149964173e-11,
        2.143577238135819e-11,
        1.836782469465451e-11,
        2.3824539123884092e-11,
        2.1761322645717628e-11,
        3.906829996323382e-11,
        4.6304892401708346e-11,
        3.655814648538679e-11,
        2.6132563794664622e-11,
        3.494679569017845e-11,
        2.6421014405350668e-11,
        2.6893094899821497e-11,
        1.147088546630528e-11,
        3.281037348151684e-11,
        1.819413796105428e-11,
        2.1395353741002052e-11,
        2.874917143442046e-11,
        3.327465527077811e-11,
        3.597235349003021e-11,
        1.53020254504939e-11,
        2.3477781441507498e-11,
        3.507585295763587e-11
      ],
      "confidence": 0.7
    }
  ]
}