{
  "chunk": 1028,
  "total_chunks": 3600,
  "patterns_found": 2,
  "start_time": 1027.000285277857,
  "end_time": 1027.9992855553571,
  "patterns": [
    {
      "type": "spike",
      "count": 23,
      "times": [
        1027.005285279246,
        1027.0072852798014,
        1027.0112852809127,
        1027.0162852823016,
        1027.0202852834127,
        1027.0372852881349,
        1027.0392852886905,
        1027.050285291746,
        1027.8892855248016,
        1027.9142855317461,
        1027.9382855384126,
        1027.955285543135,
        1027.9572855436904,
        1027.9622855450793,
        1027.9652855459128,
        1027.9722855478572,
        1027.9752855486904,
        1027.978285549524,
        1027.982285550635,
        1027.9842855511904,
        1027.9892855525793,
        1027.9932855536904,
        1027.9972855548017
      ],
      "amplitudes": [
        0.0011269280533042906,
        0.0010630072317876415,
        0.0012084635739473605,
        0.001144068348044495,
        0.0010911207810715845,
        0.0011505570115582103,
        0.0010682743221423594,
        0.0010975896345271935,
        0.001078557461555316,
        0.0010885063471742754,
        0.001059555811644379,
        0.0011042511335056398,
        0.0010628321877710375,
        0.0010890659551971392,
        0.0011112162722298194,
        0.0010622943708277182,
        0.0010710103582202387,
        0.0010822059709544305,
        0.001113468184838735,
        0.0010569508209886482,
        0.0011088538061751318,
        0.001177021424104665,
        0.001075189828082584
      ],
      "confidence": 0.8
    },
    {
      "type": "oscillation",
      "frequencies": [
        3.906248914738643,
        15.624995658954573,
        27.343742403170502,
        39.06248914738643,
        54.687484806341004,
        66.40623155055694,
        78.12497829477286,
        97.65622286846607,
        105.46872069794337,
        121.09371635689794,
        136.7187120158525,
        152.3437076748071,
        171.8749522485003,
        195.31244573693215,
        218.74993922536402,
        230.46868596957995,
        242.18743271379589,
        261.7186772874891,
        277.3436729464437,
        292.96866860539825,
        312.49991317909144,
        328.12490883804605,
        343.7499044970006,
        371.0936469001711,
        382.81239364438704,
        390.6248914738643,
        402.34363821808023,
        414.06238496229616,
        433.5936295359894,
        464.8436208538985,
        472.65611868337584,
        480.4686165128531,
        488.2811143423304,
        496.0936121718077
      ],
      "power": [
        2.691621973323975e-10,
        3.927049164867457e-11,
        3.03355795436733e-11,
        2.457398701350722e-11,
        2.134886954549986e-11,
        1.8930304703569043e-11,
        1.9283346994363885e-11,
        2.1520653565234258e-11,
        2.103883159009575e-11,
        3.517773005874884e-11,
        1.9072432961660118e-11,
        2.137327720787697e-11,
        2.5294529714528757e-11,
        2.868101832984657e-11,
        2.1830158774314926e-11,
        1.7507818918529764e-11,
        2.158854119251812e-11,
        2.6868124388233608e-11,
        2.424019389249899e-11,
        3.672891440475909e-11,
        2.4583946018718755e-11,
        2.987909198913801e-11,
        2.6851685678848052e-11,
        2.1226433309398394e-11,
        1.8481559507962246e-11,
        1.7280083734296763e-11,
        2.59145586768803e-11,
        3.671213962675125e-11,
        3.417711368439579e-11,
        2.763701997106779e-11,
        2.1294859788002827e-11,
        3.115032379247499e-11,
        3.216605945099918e-11,
        1.8720190148633856e-11
      ],
      "confidence": 0.7
    }
  ]
}