{
  "chunk": 291,
  "total_chunks": 3600,
  "patterns_found": 2,
  "start_time": 290.00008055557794,
  "end_time": 290.99908083307804,
  "patterns": [
    {
      "type": "spike",
      "count": 12,
      "times": [
        290.29408063724463,
        290.35208065335576,
        290.35708065474466,
        290.45008068057797,
        290.48708069085575,
        290.5050806958558,
        290.5080806966891,
        290.5260807016891,
        290.59608072113355,
        290.59908072196686,
        290.60108072252245,
        290.6590807386336
      ],
      "amplitudes": [
        0.0016937094512060951,
        0.001692142609847813,
        0.001694665262285731,
        0.0017122444352700296,
        0.0017348111266458194,
        0.0017100710746351376,
        0.0016961243530805793,
        0.0017415569011265276,
        0.0017198171198995141,
        0.0017403028526115703,
        0.0017941208532125056,
        0.0016945276396045518
      ],
      "confidence": 0.8
    },
    {
      "type": "oscillation",
      "frequencies": [
        3.906248914960688,
        23.437493489764126,
        39.062489149606876,
        50.781235894488944,
        66.4062315543317,
        74.21872938425307,
        97.65622287401719,
        113.28121853385994,
        128.9062141937027,
        148.43745876850613,
        167.96870334330958,
        179.68745008819164,
        191.4061968330737,
        207.03119249291646,
        226.56243706771988,
        246.09368164252334,
        257.8124283874054,
        277.3436729622088,
        289.0624197070909,
        300.781166451973,
        328.1249088566978,
        347.6561534315012,
        359.3749001763833,
        374.999895836226,
        386.7186425811081,
        398.4373893259902,
        417.9686339007936,
        433.5936295606364,
        453.12487413543977,
        460.93737196536114,
        476.56236762520393,
        488.28111437008596,
        496.0936122000073
      ],
      "power": [
        2.67975963155404e-10,
        1.6005999305543227e-11,
        3.717039311509878e-11,
        3.454509388249577e-11,
        2.499553576319344e-11,
        2.7286150369952475e-11,
        2.7463423206457563e-11,
        2.3363060400583327e-11,
        2.8272186590850266e-11,
        4.425597979898861e-11,
        3.6164509558692855e-11,
        1.743944933532708e-11,
        3.354967550339266e-11,
        2.3674677429394596e-11,
        4.3211256615751574e-11,
        2.4926982609875963e-11,
        1.9618797399686434e-11,
        3.461056499706547e-11,
        2.6053614145749672e-11,
        3.101456681222759e-11,
        2.4622994648037536e-11,
        2.630201210923067e-11,
        4.62888968646608e-11,
        5.0158608131209394e-11,
        3.632069299117559e-11,
        3.724478410854337e-11,
        2.1748222175175347e-11,
        3.251700162793327e-11,
        2.331373809413161e-11,
        3.4387307785150215e-11,
        3.883657010804103e-11,
        1.844826335241675e-11,
        2.0700736028367282e-11
      ],
      "confidence": 0.7
    }
  ]
}