{
  "chunk": 3481,
  "total_chunks": 3600,
  "patterns_found": 2,
  "start_time": 3480.0009666669353,
  "end_time": 3480.9999669444355,
  "patterns": [
    {
      "type": "spike",
      "count": 10,
      "times": [
        3480.326966757491,
        3480.3509667641574,
        3480.370966769713,
        3480.4139667816576,
        3480.4599667944353,
        3480.506966807491,
        3480.510966808602,
        3480.5309668141576,
        3480.533966814991,
        3480.56596682388
      ],
      "amplitudes": [
        0.0017124445560014717,
        0.0016885606579604665,
        0.0017272176778391083,
        0.0016790577285635644,
        0.0016893539773060345,
        0.0016944252892175556,
        0.0017063698363507167,
        0.0017416561735918682,
        0.0017280079105223781,
        0.0017581044259723294
      ],
      "confidence": 0.8
    },
    {
      "type": "oscillation",
      "frequencies": [
        3.9062489138504652,
        27.343742396953257,
        54.68748479390651,
        74.21872936315884,
        85.93747610471024,
        97.65622284626163,
        105.46872067396257,
        113.28121850166349,
        132.8124630709158,
        144.5312098124672,
        160.15620546786909,
        183.59369895097186,
        191.4061967786728,
        199.21869460637373,
        218.74993917562605,
        230.46868591717745,
        242.18743265872885,
        253.90617940028025,
        269.5311750556821,
        289.0624196249344,
        300.7811663664858,
        312.4999131080372,
        332.03115767728957,
        355.4686511603923,
        367.1873979019437,
        378.9061446434951,
        390.6248913850465,
        414.0623848681493,
        425.7811316097007,
        437.4998783512521,
        445.31237617895306,
        457.03112292050446,
        480.4686164036072,
        496.0936120590091
      ],
      "power": [
        2.9852030118296926e-10,
        3.277694229365323e-11,
        2.993141044398589e-11,
        1.9096347610695916e-11,
        1.8148984953580953e-11,
        2.428338866893875e-11,
        2.4063569541831197e-11,
        3.57516497916264e-11,
        1.945804993522746e-11,
        2.1951988570482538e-11,
        2.4733337032425385e-11,
        1.9687649534193594e-11,
        1.911261213707694e-11,
        1.6629981772352112e-11,
        2.8188034975556007e-11,
        2.8474905074602706e-11,
        4.3931015941194795e-11,
        2.077208134114555e-11,
        1.621411044661051e-11,
        2.0581773480911894e-11,
        1.665372090902062e-11,
        2.0605447256535022e-11,
        2.73979325269189e-11,
        2.038148693079225e-11,
        2.136364830756004e-11,
        3.082134262061995e-11,
        2.7738428327877722e-11,
        1.9527620244295937e-11,
        2.5772084941226478e-11,
        1.973646222681427e-11,
        3.054626620916579e-11,
        2.5780793810445536e-11,
        1.668613780661553e-11,
        2.8071718410732526e-11
      ],
      "confidence": 0.7
    }
  ]
}