{
  "chunk": 77,
  "total_chunks": 3600,
  "patterns_found": 2,
  "start_time": 76.00002111111698,
  "end_time": 76.99902138861705,
  "patterns": [
    {
      "type": "spike",
      "count": 7,
      "times": [
        76.45002123611701,
        76.47002124167257,
        76.47702124361702,
        76.48502124583923,
        76.54002126111702,
        76.55802126611702,
        76.65902129417259
      ],
      "amplitudes": [
        0.0017409884506706965,
        0.0017065337657393373,
        0.001708967598889867,
        0.0017468675450518455,
        0.001687880499535372,
        0.0016946009369314067,
        0.0017209833662795387
      ],
      "confidence": 0.8
    },
    {
      "type": "oscillation",
      "frequencies": [
        3.9062489149051767,
        15.624995659620707,
        35.15624023414659,
        42.96873806395694,
        50.781235893767295,
        62.49998263848283,
        74.21872938319835,
        97.65622287262941,
        113.28121853225012,
        132.812463106776,
        148.4374587663967,
        156.24995659620706,
        164.0624544260174,
        179.68745008563812,
        199.218694660164,
        210.93744140487954,
        218.7499392346899,
        234.3749348943106,
        242.18743272412095,
        257.81242838374163,
        269.53117512845716,
        277.3436729582675,
        292.9686686178882,
        300.7811664476986,
        316.4061621073193,
        332.03115776694,
        343.74990451165553,
        359.37490017127624,
        371.09364691599177,
        390.62489149051765,
        402.3436382352332,
        414.0623849799487,
        429.6873806395694,
        453.1248741290005,
        464.843620873716,
        488.2811143631471,
        496.09361219295744
      ],
      "power": [
        2.952658706295501e-10,
        2.181372793762888e-11,
        2.4665207179624606e-11,
        2.6492204125801362e-11,
        3.198191558491129e-11,
        2.6113686304682682e-11,
        1.955482343597428e-11,
        3.78356124681733e-11,
        2.625623547540105e-11,
        2.2350205970750575e-11,
        2.042612779722447e-11,
        3.1317511404470626e-11,
        3.0199395671639777e-11,
        3.4078129694083497e-11,
        1.4739424428647655e-11,
        3.34049195839512e-11,
        6.34861919997917e-11,
        2.6179452756928e-11,
        1.4274420657477632e-11,
        2.0821891054914965e-11,
        1.9226219283727625e-11,
        2.027218322222984e-11,
        2.4594515554150398e-11,
        3.286040884423831e-11,
        5.2020336593701704e-11,
        2.0588356361827077e-11,
        1.8758592474726757e-11,
        2.5680262107566446e-11,
        2.954543885453319e-11,
        2.0581532060969826e-11,
        1.8416599510838633e-11,
        2.4095978839385618e-11,
        2.8924761761600545e-11,
        1.8062965232229564e-11,
        2.936248390172891e-11,
        1.8921134146590495e-11,
        2.2620324345909873e-11
      ],
      "confidence": 0.7
    }
  ]
}