{
  "chunk": 554,
  "total_chunks": 3600,
  "patterns_found": 2,
  "start_time": 553.0001536111538,
  "end_time": 553.9991538886538,
  "patterns": [
    {
      "type": "spike",
      "count": 26,
      "times": [
        553.0081536133761,
        553.0101536139316,
        553.013153614765,
        553.0151536153205,
        553.0191536164316,
        553.0281536189316,
        553.0301536194871,
        553.0341536205982,
        553.062153628376,
        553.0841536344872,
        553.9231538675427,
        553.9361538711539,
        553.9391538719872,
        553.9511538753205,
        553.9541538761539,
        553.9701538805983,
        553.9721538811539,
        553.9771538825428,
        553.9791538830983,
        553.9811538836539,
        553.9831538842094,
        553.9881538855983,
        553.9901538861538,
        553.994153887265,
        553.9961538878206,
        553.9981538883761
      ],
      "amplitudes": [
        0.0012299482729333942,
        0.0010903056528404375,
        0.0010746926962297667,
        0.0011073597317252056,
        0.0010565455900232743,
        0.0011333040490297355,
        0.0011490822061780753,
        0.0011393793500443547,
        0.0010675387767492756,
        0.0011056487733826022,
        0.0011014558796502902,
        0.0010707099622835451,
        0.0011040680028269667,
        0.0011169918534951772,
        0.0012001003188228162,
        0.0011219398914675046,
        0.0012058902407927395,
        0.001050737371675872,
        0.0010463859745067446,
        0.0011321953807525388,
        0.0011409272978526966,
        0.001090565228547083,
        0.0010690209798911463,
        0.0010544788114878792,
        0.0011450129183583854,
        0.001082375257294203
      ],
      "confidence": 0.8
    },
    {
      "type": "oscillation",
      "frequencies": [
        3.906248914738643,
        23.43749348843186,
        42.96873806212508,
        54.687484806341004,
        66.40623155055694,
        74.21872938003422,
        85.93747612425015,
        105.46872069794337,
        117.1874674421593,
        128.90621418637522,
        140.62496093059116,
        152.3437076748071,
        167.96870333376165,
        191.40619682219352,
        210.93744139588674,
        222.65618814010267,
        242.18743271379589,
        249.99993054327317,
        257.81242837275045,
        269.5311751169664,
        285.15617077592094,
        308.5936642643528,
        328.12490883804605,
        339.843655582262,
        351.56240232647787,
        371.0936469001711,
        378.9061447296484,
        398.4373893033416,
        414.06238496229616,
        425.7811317065121,
        441.40612736546666,
        464.8436208538985,
        480.4686165128531,
        496.0936121718077
      ],
      "power": [
        3.153294119672862e-10,
        1.0072223640574723e-11,
        3.336825652587108e-11,
        2.7387567387159246e-11,
        3.0222898288933696e-11,
        1.961534437466062e-11,
        1.2224884197829699e-11,
        2.5429377455721463e-11,
        2.644273549225456e-11,
        4.009251131561666e-11,
        2.7237742289633585e-11,
        2.6921090568415868e-11,
        2.3558675252536588e-11,
        4.333176658745798e-11,
        2.8634501904651123e-11,
        2.8404574116404527e-11,
        2.559075528029375e-11,
        2.6915866835458245e-11,
        2.8556251905561152e-11,
        2.227753785891124e-11,
        2.698844222896979e-11,
        2.4054532214273285e-11,
        1.5265263845940596e-11,
        1.2772713885553148e-11,
        2.4457724100274795e-11,
        2.3353450186498597e-11,
        2.13918103530924e-11,
        3.8871263583530824e-11,
        4.478819318617899e-11,
        1.0525235833116904e-11,
        3.044701961736984e-11,
        3.4339095618684804e-11,
        2.496110638588208e-11,
        2.261938106987372e-11
      ],
      "confidence": 0.7
    }
  ]
}