{
  "chunk": 2230,
  "total_chunks": 3600,
  "patterns_found": 2,
  "start_time": 2229.000619166839,
  "end_time": 2229.999619444339,
  "patterns": [
    {
      "type": "spike",
      "count": 20,
      "times": [
        2229.00461916795,
        2229.007619168783,
        2229.0096191693387,
        2229.01361917045,
        2229.018619171839,
        2229.021619172672,
        2229.023619173228,
        2229.057619182672,
        2229.0656191848943,
        2229.077619188228,
        2229.8616194060055,
        2229.8986194162835,
        2229.9106194196165,
        2229.9346194262835,
        2229.9466194296165,
        2229.961619433783,
        2229.963619434339,
        2229.9786194385056,
        2229.9926194423942,
        2229.997619443783
      ],
      "amplitudes": [
        0.0010693854352866218,
        0.001281692299580993,
        0.0011074013181032042,
        0.001073767052929984,
        0.0011241025033636603,
        0.0010888157604493263,
        0.0010595262669786405,
        0.0011363911508185842,
        0.0011623375553325484,
        0.0011752139891072664,
        0.001098756667357352,
        0.0011034694548627364,
        0.0010713808669328543,
        0.0011289149740839343,
        0.0011183602630363,
        0.0011047765744234917,
        0.001137244377678369,
        0.0011578633641970459,
        0.0011563538750141821,
        0.0012184914928751352
      ],
      "confidence": 0.8
    },
    {
      "type": "oscillation",
      "frequencies": [
        3.906248915626821,
        27.343742409387747,
        39.062489156268214,
        54.687484818775495,
        70.31248048128278,
        78.12497831253643,
        85.93747614379006,
        105.46872072192417,
        121.09371638443146,
        128.9062142156851,
        144.53120987819239,
        156.24995662507285,
        171.87495228758013,
        187.4999479500874,
        199.21869469696787,
        222.6561881907288,
        234.37493493760928,
        249.99993060011656,
        269.53117517825063,
        292.9686686720116,
        304.68741541889204,
        316.4061621657725,
        335.93740674390665,
        347.65615349078706,
        359.37490023766753,
        371.093646984548,
        394.53114047830894,
        406.2498872251894,
        417.9686339720699,
        425.7811318033235,
        441.4061274658308,
        449.21862529708443,
        464.8436209595917,
        488.28111445335264,
        496.0936122846063
      ],
      "power": [
        3.6824334606865063e-10,
        3.463484746034398e-11,
        3.8121887770006674e-11,
        1.6963444277094377e-11,
        2.3012372296977682e-11,
        1.1886736038839586e-11,
        1.804666909075205e-11,
        1.6806798927809352e-11,
        3.829300721802265e-11,
        3.38891872363242e-11,
        2.8691054735936966e-11,
        2.0671518817876332e-11,
        7.831874272104476e-12,
        2.846577783591263e-11,
        2.5966712765384017e-11,
        2.968866803344001e-11,
        2.853785306754263e-11,
        2.923811069602869e-11,
        1.3222700265897156e-11,
        3.4962081799110045e-11,
        2.000970447684845e-11,
        2.7050426161711344e-11,
        3.2810510455714484e-11,
        2.129752091528058e-11,
        2.1225640461745292e-11,
        2.4136285318575573e-11,
        3.873601256189503e-11,
        2.049167011517857e-11,
        3.0839606770872715e-11,
        1.525032477698848e-11,
        2.1815302991321468e-11,
        2.182426146580247e-11,
        2.5041685818872254e-11,
        3.122112096509723e-11,
        3.009762352817445e-11
      ],
      "confidence": 0.7
    }
  ]
}