{
  "chunk": 1044,
  "total_chunks": 3600,
  "patterns_found": 2,
  "start_time": 1043.0002897223028,
  "end_time": 1043.9992899998028,
  "patterns": [
    {
      "type": "spike",
      "count": 19,
      "times": [
        1043.0012897225806,
        1043.008289724525,
        1043.0112897253582,
        1043.0132897259139,
        1043.017289727025,
        1043.0192897275806,
        1043.0282897300806,
        1043.0402897334138,
        1043.0472897353584,
        1043.0502897361916,
        1043.053289737025,
        1043.9292899803584,
        1043.9592899886918,
        1043.9652899903583,
        1043.976289993414,
        1043.9812899948029,
        1043.985289995914,
        1043.989289997025,
        1043.9952899986918
      ],
      "amplitudes": [
        0.0010814501177200796,
        0.0011482608995296358,
        0.0011524440692859605,
        0.0011325313543788438,
        0.0010833376951764938,
        0.001051347505179973,
        0.0010746103324251756,
        0.0011640125966143637,
        0.0011455624570499033,
        0.0011417202061457924,
        0.001118012817760415,
        0.001071001032157183,
        0.0010613946407415857,
        0.001096971137956892,
        0.001056723798817767,
        0.0010506165960047897,
        0.001052106999588673,
        0.0010534705313382123,
        0.0010805914468943077
      ],
      "confidence": 0.8
    },
    {
      "type": "oscillation",
      "frequencies": [
        3.906248914738643,
        11.71874674421593,
        27.343742403170502,
        35.15624023264779,
        54.687484806341004,
        62.49998263581829,
        74.21872938003422,
        89.8437250389888,
        109.37496961268201,
        121.09371635689794,
        136.7187120158525,
        152.3437076748071,
        167.96870333376165,
        191.40619682219352,
        203.12494356640946,
        230.46868596957995,
        246.0936816285345,
        257.81242837275045,
        273.437424031705,
        281.2499218611823,
        292.96866860539825,
        316.4061620938301,
        328.12490883804605,
        335.9374066675233,
        351.56240232647787,
        363.2811490706938,
        378.9061447296484,
        390.6248914738643,
        402.34363821808023,
        421.8748827917735,
        437.49987845072803,
        457.0311230244213,
        472.65611868337584,
        492.187363257069
      ],
      "power": [
        3.080625476081652e-10,
        3.3796557169161245e-11,
        2.1302674889009374e-11,
        4.811530753418213e-11,
        2.0960973283304507e-11,
        2.060609408963156e-11,
        2.9199800693197646e-11,
        2.723377893211552e-11,
        3.619278051025231e-11,
        3.102951675432449e-11,
        2.252163396464125e-11,
        2.89933659229992e-11,
        2.1312916337574516e-11,
        3.078627855807473e-11,
        3.4502442932258327e-11,
        3.572506502296203e-11,
        3.135318026987272e-11,
        1.973845996646938e-11,
        1.8125303318789956e-11,
        1.3438250259214208e-11,
        3.156794956878029e-11,
        1.2948426510145647e-11,
        1.2244311742570024e-11,
        2.92325166310965e-11,
        1.4731358609881283e-11,
        3.1796940620614557e-11,
        4.446642154517151e-11,
        2.6415934911776225e-11,
        3.1392232392389755e-11,
        3.5024238624673844e-11,
        2.3898370987867302e-11,
        1.832562708321136e-11,
        4.093792900145935e-11,
        2.584606301696221e-11
      ],
      "confidence": 0.7
    }
  ]
}