{
  "chunk": 2527,
  "total_chunks": 3600,
  "patterns_found": 2,
  "start_time": 2526.000701666862,
  "end_time": 2526.9997019443617,
  "patterns": [
    {
      "type": "spike",
      "count": 10,
      "times": [
        2526.308701752417,
        2526.339701761028,
        2526.417701782695,
        2526.4447017901953,
        2526.4697017971394,
        2526.471701797695,
        2526.497701804917,
        2526.507701807695,
        2526.5597018221397,
        2526.656701849084
      ],
      "amplitudes": [
        0.001718945977610504,
        0.0017106681440922328,
        0.0017002530174250127,
        0.0016943440118767665,
        0.0017356326998341175,
        0.0017126370489740543,
        0.0017225814149182128,
        0.0016930899235952548,
        0.0017219988510729126,
        0.0017126766981351645
      ],
      "confidence": 0.8
    },
    {
      "type": "oscillation",
      "frequencies": [
        3.906248915626821,
        39.062489156268214,
        54.687484818775495,
        70.31248048128278,
        89.84372505941688,
        113.28121855317781,
        128.9062142156851,
        144.53120987819239,
        156.24995662507285,
        167.96870337195332,
        191.40619686571424,
        203.1249436125947,
        218.74993927510198,
        226.56243710635562,
        238.2811838532361,
        265.62492626262383,
        277.3436730095043,
        289.06241975638477,
        300.78116650326524,
        308.59366433451885,
        328.124908912653,
        339.84365565953345,
        351.5624024064139,
        371.093646984548,
        382.8123937314285,
        394.53114047830894,
        410.1561361408162,
        417.9686339720699,
        429.68738071895035,
        437.49987855020396,
        449.21862529708443,
        464.8436209595917,
        488.28111445335264,
        496.0936122846063
      ],
      "power": [
        3.365934680522653e-10,
        2.3711316936836155e-11,
        2.252383570712963e-11,
        3.7610459007781126e-11,
        2.0621115617039856e-11,
        3.899071925012453e-11,
        3.3155095319309686e-11,
        2.14913156674464e-11,
        2.6742788937013573e-11,
        2.986575761000912e-11,
        2.6036015090210603e-11,
        2.7771446236340344e-11,
        1.7648451588389098e-11,
        1.203184400780027e-11,
        3.3310914360995155e-11,
        4.241697538496749e-11,
        1.761606885493054e-11,
        2.7135726490780382e-11,
        1.1316634735448546e-11,
        2.0079741906243123e-11,
        3.5518170475402974e-11,
        4.035474995258281e-11,
        1.7526066555122108e-11,
        2.293866030979518e-11,
        2.308121823881382e-11,
        2.8916540670485952e-11,
        1.6682163066566173e-11,
        1.855586048616866e-11,
        2.2100035326403138e-11,
        1.7831569192853647e-11,
        4.4036205644857485e-11,
        2.319594414095576e-11,
        2.1312221321684128e-11,
        1.9102492620521306e-11
      ],
      "confidence": 0.7
    }
  ]
}