{
  "chunk": 1129,
  "total_chunks": 3600,
  "patterns_found": 2,
  "start_time": 1128.0003133334205,
  "end_time": 1128.9993136109206,
  "patterns": [
    {
      "type": "spike",
      "count": 6,
      "times": [
        1128.389313441476,
        1128.4143134484204,
        1128.5403134834205,
        1128.5853134959204,
        1128.6113135031428,
        1128.6203135056428
      ],
      "amplitudes": [
        0.0017357822861228391,
        0.0017233505237066772,
        0.001694827564055589,
        0.0017591097301514283,
        0.0017283773433656637,
        0.001818737350164167
      ],
      "confidence": 0.8
    },
    {
      "type": "oscillation",
      "frequencies": [
        3.906248915626821,
        23.437493493760925,
        35.15624024064139,
        42.96873807189503,
        54.687484818775495,
        66.40623156565596,
        85.93747614379006,
        97.65622289067053,
        109.37496963755099,
        121.09371638443146,
        132.81246313131192,
        140.62496096256555,
        152.34370770944602,
        160.15620554069966,
        175.78120120320696,
        187.4999479500874,
        199.21869469696787,
        210.93744144384834,
        222.6561881907288,
        242.18743276886292,
        253.9061795157434,
        277.3436730095043,
        289.06241975638477,
        304.68741541889204,
        312.4999132501457,
        328.124908912653,
        343.74990457516026,
        371.093646984548,
        378.90614481580167,
        398.43738939393575,
        421.8748828876967,
        429.68738071895035,
        437.49987855020396,
        457.0311231283381,
        472.65611879084537,
        492.18736336897945
      ],
      "power": [
        3.2808819202176963e-10,
        1.4986709577720286e-11,
        2.048250523105809e-11,
        2.117002631645458e-11,
        2.211588072932059e-11,
        2.2939227664339123e-11,
        3.0112398055374897e-11,
        1.568290102262433e-11,
        3.192139327310284e-11,
        2.745350928665463e-11,
        2.936884620837992e-11,
        3.1458095950805326e-11,
        2.812496623573376e-11,
        3.357108959908632e-11,
        1.2255498722028048e-11,
        2.3299503779480493e-11,
        1.6066463232978928e-11,
        1.9663366965559354e-11,
        2.3288844805066565e-11,
        2.0692439354165445e-11,
        1.0410534434563774e-11,
        3.2201316647696514e-11,
        2.5780210316426937e-11,
        2.0562902313287777e-11,
        2.6966558613588767e-11,
        4.6510007806123134e-11,
        4.473935655695863e-11,
        3.722902068022715e-11,
        4.2725435351366555e-11,
        2.487889376775802e-11,
        2.546340884484124e-11,
        2.3516298742495547e-11,
        2.8351851569746125e-11,
        2.7775571032631318e-11,
        2.7080565461562702e-11,
        2.7877569058254583e-11
      ],
      "confidence": 0.7
    }
  ]
}