{
  "chunk": 2832,
  "total_chunks": 3600,
  "patterns_found": 2,
  "start_time": 2831.0007863891074,
  "end_time": 2831.9997866666076,
  "patterns": [
    {
      "type": "spike",
      "count": 20,
      "times": [
        2831.0017863893854,
        2831.0037863899406,
        2831.0087863913295,
        2831.0217863949406,
        2831.0327863979965,
        2831.039786399941,
        2831.04478640133,
        2831.0667864074408,
        2831.069786408274,
        2831.082786411885,
        2831.1317864254966,
        2831.799786611052,
        2831.903786639941,
        2831.9187866441075,
        2831.9447866513297,
        2831.951786653274,
        2831.9607866557744,
        2831.9807866613296,
        2831.988786663552,
        2831.9967866657744
      ],
      "amplitudes": [
        0.0010933625871690851,
        0.0011380607201454751,
        0.0012420388055233945,
        0.0011377954490921736,
        0.0010656874067537195,
        0.0010923141377486112,
        0.0011342967397330918,
        0.0011056344967423138,
        0.0010622793884004665,
        0.0010718143594434187,
        0.0011013083241959787,
        0.0011020069452547135,
        0.0010529523222611262,
        0.001117860565828951,
        0.0010550000385130655,
        0.0011037904947745624,
        0.0010510754509988026,
        0.0011584252026152003,
        0.0010768179355892435,
        0.0012044390929326742
      ],
      "confidence": 0.8
    },
    {
      "type": "oscillation",
      "frequencies": [
        3.9062489138504652,
        15.624995655401861,
        31.249991310803722,
        46.87498696620558,
        66.4062315354579,
        89.8437250185607,
        105.46872067396257,
        113.28121850166349,
        124.99996524321489,
        152.34370764016813,
        183.59369895097186,
        199.21869460637373,
        214.84369026177558,
        226.56243700332698,
        238.28118374487838,
        257.8124283141307,
        269.5311750556821,
        289.0624196249344,
        296.8749174526354,
        316.40616202188767,
        328.12490876343907,
        343.74990441884097,
        355.4686511603923,
        363.28114898809326,
        386.71864247119606,
        398.43738921274746,
        414.0623848681493,
        425.7811316097007,
        433.59362943740166,
        441.40612726510255,
        453.12487400665395,
        472.6561185759063,
        484.3748653174577
      ],
      "power": [
        3.510536832277587e-10,
        1.737259005162102e-11,
        1.3557289854126456e-11,
        2.337081054167636e-11,
        4.685220974782574e-11,
        2.1248667645527437e-11,
        1.4706033844308267e-11,
        2.5872284035247313e-11,
        2.4172005177752202e-11,
        3.6051681848112536e-11,
        3.278981418316149e-11,
        2.4164236571319147e-11,
        2.650411790781271e-11,
        2.374069296063725e-11,
        3.0351862196239675e-11,
        3.2599583665096834e-11,
        1.864525040757208e-11,
        5.023955933997667e-11,
        3.460073414212984e-11,
        1.932929990055141e-11,
        2.2881068852504733e-11,
        3.002108336061917e-11,
        2.0600278058384018e-11,
        1.8416308185481637e-11,
        1.810866052861701e-11,
        1.7776769913224823e-11,
        1.662253867339569e-11,
        2.0576997684963027e-11,
        1.6476659683498947e-11,
        2.8971437029745347e-11,
        3.342230399606469e-11,
        1.7945899558559503e-11,
        2.2909543989519757e-11
      ],
      "confidence": 0.7
    }
  ]
}