{
  "chunk": 100,
  "total_chunks": 3600,
  "patterns_found": 2,
  "start_time": 99.00002750000765,
  "end_time": 99.99902777750772,
  "patterns": [
    {
      "type": "spike",
      "count": 20,
      "times": [
        99.0070275019521,
        99.00902750250765,
        99.0110275030632,
        99.01402750389653,
        99.01702750472987,
        99.02202750611876,
        99.02702750750764,
        99.03302750917432,
        99.03602751000764,
        99.05102751417431,
        99.06002751667431,
        99.07602752111876,
        99.08102752250765,
        99.91502775417437,
        99.94602776278549,
        99.95702776584105,
        99.96702776861883,
        99.97202777000771,
        99.97902777195216,
        99.98802777445216
      ],
      "amplitudes": [
        0.0010757611529260637,
        0.0010835263776599285,
        0.0010752109007511961,
        0.0011114671135725768,
        0.0010747432064281805,
        0.0010512656646719507,
        0.0010561096956791722,
        0.00111478992294298,
        0.0010844195864573082,
        0.001148825911822045,
        0.0011536602901347046,
        0.0010798655154280591,
        0.0010816686689460989,
        0.0011263138779332212,
        0.001098210798745059,
        0.0011196779061051552,
        0.0010688044179348653,
        0.0010690231875770321,
        0.0011263970200637683,
        0.0010993989315439337
      ],
      "confidence": 0.8
    },
    {
      "type": "oscillation",
      "frequencies": [
        3.906248914960688,
        27.343742404724814,
        39.062489149606876,
        50.781235894488944,
        58.59373372441032,
        70.31248046929238,
        82.03122721417445,
        97.65622287401719,
        117.18746744882064,
        132.8124631086634,
        140.62496093858476,
        156.2499565984275,
        167.96870334330958,
        175.78120117323095,
        191.4061968330737,
        214.84369032283783,
        249.99993055748402,
        273.43742404724816,
        285.1561707921302,
        300.781166451973,
        308.59366428189435,
        339.8436556015798,
        351.5624023464619,
        359.3749001763833,
        378.90614475118673,
        390.62489149606876,
        398.4373893259902,
        421.8748828157543,
        437.49987847559703,
        453.12487413543977,
        476.56236762520393,
        488.28111437008596
      ],
      "power": [
        3.294219722476885e-10,
        1.8777607699147636e-11,
        2.571605369194314e-11,
        2.3527109590238814e-11,
        1.566008247199883e-11,
        2.4617118088728735e-11,
        2.0757862487306508e-11,
        3.549529991429488e-11,
        2.5022199330064207e-11,
        2.0713081124176315e-11,
        2.4647051800801513e-11,
        1.562530511925124e-11,
        1.4038250259021866e-11,
        1.230058433517302e-11,
        3.183398543940985e-11,
        4.386196180181035e-11,
        2.8431476875821716e-11,
        3.861781432690655e-11,
        2.1913230475058662e-11,
        3.015278997192758e-11,
        3.1052703354421613e-11,
        2.5791401065312294e-11,
        1.4607122803963092e-11,
        2.8097694499726625e-11,
        2.3197923683877162e-11,
        2.908749523478819e-11,
        2.8281690744806152e-11,
        3.257368904615373e-11,
        1.757085555658898e-11,
        2.2163571093395158e-11,
        2.9880089192786013e-11,
        2.432363614922989e-11
      ],
      "confidence": 0.7
    }
  ]
}