{
  "chunk": 58,
  "total_chunks": 3600,
  "patterns_found": 2,
  "start_time": 57.000015833337734,
  "end_time": 57.999016110837815,
  "patterns": [
    {
      "type": "spike",
      "count": 22,
      "times": [
        57.006015835004405,
        57.00901583583774,
        57.01101583639329,
        57.0150158375044,
        57.02501584028218,
        57.03901584417107,
        57.080015855559964,
        57.083015856393295,
        57.13201587000441,
        57.919016088615585,
        57.92801609111559,
        57.9320160922267,
        57.94001609444892,
        57.94301609528225,
        57.95101609750447,
        57.97501610417115,
        57.97801610500448,
        57.98101610583781,
        57.98501610694892,
        57.99101610861559,
        57.993016109171144,
        57.99701611028225
      ],
      "amplitudes": [
        0.0010666840867027197,
        0.0011692976011700696,
        0.0011562254153932787,
        0.0012119428815642594,
        0.0010601045762020887,
        0.0011011660665287309,
        0.0010959121246697625,
        0.0010648843485256594,
        0.0010797944540389003,
        0.0012617891995962197,
        0.0011228410161142276,
        0.0010751780907648366,
        0.0011020476307139766,
        0.0010720544417273927,
        0.0010794694310613672,
        0.0010552480667574487,
        0.0012279802691073053,
        0.0010604102125534064,
        0.0011834229568772065,
        0.0011432605968504513,
        0.0011025916887965163,
        0.0012898433239106255
      ],
      "confidence": 0.8
    },
    {
      "type": "oscillation",
      "frequencies": [
        3.9062489149329322,
        19.53124457466466,
        35.15624023439639,
        46.874986979195185,
        66.40623155385985,
        74.21872938372572,
        97.6562228733233,
        113.28121853305504,
        124.99996527785383,
        140.62496093758557,
        156.2499565973173,
        171.87495225704902,
        191.4061968317137,
        203.12494357651246,
        214.84369032131127,
        230.468685981043,
        261.71867730050644,
        269.53117513037233,
        277.34367296023817,
        292.96866861996995,
        308.59366427970167,
        320.3124110245004,
        335.9374066842322,
        347.65615342903095,
        367.18739800369565,
        382.8123936634274,
        402.343638238092,
        414.0623849828908,
        429.68738064262254,
        449.2186252172872,
        460.937371962086,
        472.6561187068848,
        496.0936121964824
      ],
      "power": [
        2.9515085489407993e-10,
        4.205297762068439e-11,
        2.4769571491134783e-11,
        2.3380045984517662e-11,
        2.5008587935510468e-11,
        2.8827285965198847e-11,
        3.609687334826449e-11,
        1.7130351894149015e-11,
        2.3634873309319458e-11,
        2.3472749514755753e-11,
        2.471197798855629e-11,
        2.879188681522162e-11,
        3.4066625542901036e-11,
        1.850329256322265e-11,
        1.65888877402969e-11,
        5.2163644212330886e-11,
        3.774962364872026e-11,
        2.1345625938005493e-11,
        1.2806776976371367e-11,
        1.3964335120985336e-11,
        2.761496122899754e-11,
        1.8027760330967275e-11,
        3.754825194103874e-11,
        4.652652182565991e-11,
        2.0370187201514705e-11,
        2.5065117976892978e-11,
        2.998199778592046e-11,
        2.2340218756680833e-11,
        3.2742966861250684e-11,
        3.776124982164977e-11,
        2.8780213738619968e-11,
        1.9241574343522532e-11,
        1.6534519374558517e-11
      ],
      "confidence": 0.7
    }
  ]
}