{
  "chunk": 2481,
  "total_chunks": 3600,
  "patterns_found": 2,
  "start_time": 2480.0006888890803,
  "end_time": 2480.9996891665805,
  "patterns": [
    {
      "type": "spike",
      "count": 8,
      "times": [
        2480.4136890038026,
        2480.4286890079693,
        2480.4406890113028,
        2480.4496890138025,
        2480.452689014636,
        2480.4556890154695,
        2480.4656890182473,
        2480.5226890340805
      ],
      "amplitudes": [
        0.0016788780536236539,
        0.0017197798328266057,
        0.0016891265718096016,
        0.0016965820532258789,
        0.0017166274554727958,
        0.0018037408532477102,
        0.0017896477162305502,
        0.0017130443051558532
      ],
      "confidence": 0.8
    },
    {
      "type": "oscillation",
      "frequencies": [
        3.9062489138504652,
        19.531244569252326,
        31.249991310803722,
        54.68748479390651,
        62.499982621607444,
        78.1249782770093,
        85.93747610471024,
        97.65622284626163,
        117.18746741551396,
        132.8124630709158,
        144.5312098124672,
        152.34370764016813,
        160.15620546786909,
        183.59369895097186,
        203.12494352022418,
        218.74993917562605,
        226.56243700332698,
        238.28118374487838,
        246.0936815725793,
        253.90617940028025,
        277.343672883383,
        285.156170711084,
        296.8749174526354,
        308.5936641941868,
        328.12490876343907,
        339.84365550499047,
        359.3749000742428,
        367.1873979019437,
        378.9061446434951,
        390.6248913850465,
        402.3436381265979,
        414.0623848681493,
        429.68738052355116,
        441.40612726510255,
        453.12487400665395,
        460.9373718343549,
        472.6561185759063,
        480.4686164036072,
        492.1873631451586
      ],
      "power": [
        3.2238818460417184e-10,
        3.036085494615484e-11,
        5.3949485983729033e-11,
        2.13892936944367e-11,
        1.758332455575179e-11,
        2.7692500892980293e-11,
        3.2490210082233e-11,
        2.6658164078017838e-11,
        2.8049824459220078e-11,
        2.5552689023862212e-11,
        2.6709491567502424e-11,
        2.621059462670704e-11,
        2.94708889336297e-11,
        2.376245448231792e-11,
        3.048588791706245e-11,
        2.3918314830223208e-11,
        2.426899456242322e-11,
        1.6818028146404353e-11,
        2.228819809705469e-11,
        1.824851778581127e-11,
        3.956509625190832e-11,
        3.901418023925733e-11,
        2.806067458683894e-11,
        3.812785122758028e-11,
        2.227765366884114e-11,
        2.9076526238854844e-11,
        3.5977213079876303e-11,
        2.3730014125375782e-11,
        2.3780509951140866e-11,
        2.3678067638560525e-11,
        1.71567609278484e-11,
        9.695251322056761e-12,
        3.9108850982478806e-11,
        1.1346924917331408e-11,
        2.994340832158104e-11,
        3.0258607783219535e-11,
        1.8784915952735588e-11,
        2.4966690912756193e-11,
        3.677390892506961e-11
      ],
      "confidence": 0.7
    }
  ]
}