{
  "chunk": 1026,
  "total_chunks": 3600,
  "patterns_found": 2,
  "start_time": 1025.0002847223013,
  "end_time": 1025.9992849998014,
  "patterns": [
    {
      "type": "spike",
      "count": 25,
      "times": [
        1025.0012847225792,
        1025.0042847234124,
        1025.006284723968,
        1025.0102847250791,
        1025.0122847256348,
        1025.0212847281348,
        1025.024284728968,
        1025.033284731468,
        1025.0362847323013,
        1025.042284733968,
        1025.0792847442458,
        1025.1012847503569,
        1025.1032847509125,
        1025.1082847523014,
        1025.897284971468,
        1025.9032849731348,
        1025.9272849798015,
        1025.929284980357,
        1025.9372849825793,
        1025.9552849875793,
        1025.9582849884125,
        1025.9682849911903,
        1025.9712849920236,
        1025.988284996746,
        1025.992284997857
      ],
      "amplitudes": [
        0.0012012753092463908,
        0.0010744766687932165,
        0.0011209385384612282,
        0.0010921525985796074,
        0.001114685636823607,
        0.0013009703846875052,
        0.0010961133851944214,
        0.001059661947705677,
        0.0010604295225733874,
        0.0011901784040500435,
        0.0010814750984081657,
        0.0011734946892804229,
        0.0010937556204284017,
        0.0011238352549528866,
        0.0011484637356916827,
        0.0010527724378139322,
        0.0010504830202911816,
        0.0010627962087871035,
        0.001134588061977784,
        0.001077684429254103,
        0.0011393529491689298,
        0.0011099570807022077,
        0.0011064109337182864,
        0.001096179409083042,
        0.001149575255931083
      ],
      "confidence": 0.8
    },
    {
      "type": "oscillation",
      "frequencies": [
        3.906248914738643,
        23.43749348843186,
        35.15624023264779,
        46.87498697686372,
        58.59373372107965,
        74.21872938003422,
        97.65622286846607,
        109.37496961268201,
        121.09371635689794,
        132.81246310111388,
        144.5312098453298,
        152.3437076748071,
        164.06245441902303,
        175.78120116323893,
        195.31244573693215,
        203.12494356640946,
        210.93744139588674,
        218.74993922536402,
        226.5624370548413,
        242.18743271379589,
        269.5311751169664,
        281.2499218611823,
        289.0624196906596,
        304.6874153496142,
        324.21865992330737,
        343.7499044970006,
        367.1873979854325,
        386.71864255912567,
        398.4373893033416,
        414.06238496229616,
        433.5936295359894,
        441.40612736546666,
        457.0311230244213,
        476.56236759811446,
        488.2811143423304
      ],
      "power": [
        3.108438325478756e-10,
        1.5932000576103167e-11,
        1.9728941849271694e-11,
        3.088691774648722e-11,
        2.537911745928036e-11,
        2.1125979737420095e-11,
        2.113745481379787e-11,
        1.4460880672501455e-11,
        2.620252454540635e-11,
        3.5768163809994535e-11,
        2.587650853976199e-11,
        3.3302282380420024e-11,
        2.0338440433457522e-11,
        2.8683556690455528e-11,
        1.9650103632253772e-11,
        1.765110356846231e-11,
        2.4626439505232718e-11,
        2.0634934037462728e-11,
        3.1003581615432084e-11,
        2.1000640240472942e-11,
        1.7985357134508465e-11,
        2.444883018345084e-11,
        1.753668950648783e-11,
        1.090764153691779e-11,
        2.8414848327353974e-11,
        3.5003067274456274e-11,
        2.832982906420624e-11,
        2.4976364874250316e-11,
        1.512010730928326e-11,
        2.0399220089535368e-11,
        3.753337651099566e-11,
        3.676989154430165e-11,
        2.240211070781903e-11,
        2.6022573933387537e-11,
        2.5997379305752573e-11
      ],
      "confidence": 0.7
    }
  ]
}