{
  "chunk": 2959,
  "total_chunks": 3600,
  "patterns_found": 2,
  "start_time": 2958.0008216668953,
  "end_time": 2958.999821944395,
  "patterns": [
    {
      "type": "spike",
      "count": 7,
      "times": [
        2958.400821778006,
        2958.437821788284,
        2958.496821804673,
        2958.5068218074507,
        2958.530821814117,
        2958.5578218216174,
        2958.5738218260617
      ],
      "amplitudes": [
        0.0016993034996438125,
        0.0017522001837831573,
        0.0017049096054457414,
        0.001713323412600119,
        0.0017604154004813985,
        0.0017752596952962303,
        0.0017542850330097741
      ],
      "confidence": 0.8
    },
    {
      "type": "oscillation",
      "frequencies": [
        3.906248915626821,
        11.718746746880463,
        27.343742409387747,
        46.87498698752185,
        66.40623156565596,
        85.93747614379006,
        101.56247180629735,
        113.28121855317781,
        124.99996530005828,
        136.71871204693875,
        148.43745879381922,
        160.15620554069966,
        167.96870337195332,
        179.68745011883377,
        191.40619686571424,
        203.1249436125947,
        214.84369035947518,
        234.37493493760928,
        246.09368168448972,
        253.9061795157434,
        265.62492626262383,
        281.2499219251311,
        300.78116650326524,
        316.4061621657725,
        335.93740674390665,
        343.74990457516026,
        351.5624024064139,
        359.37490023766753,
        374.9998959001748,
        406.2498872251894,
        417.9686339720699,
        425.7811318033235,
        441.4061274658308,
        468.74986987521856,
        476.5623677064722,
        488.28111445335264
      ],
      "power": [
        2.737745364103287e-10,
        2.2707796746395203e-11,
        3.371673304481012e-11,
        2.5659781399953922e-11,
        3.0521217826252794e-11,
        3.7382139387583016e-11,
        2.431804682861109e-11,
        2.3221922428373403e-11,
        5.037090033919201e-11,
        2.6097303137288245e-11,
        2.5206555051541683e-11,
        3.060242029975795e-11,
        3.207359169157563e-11,
        2.3429560756386355e-11,
        2.8218401239345394e-11,
        2.219718700474672e-11,
        3.1507142493862395e-11,
        3.524007037418034e-11,
        3.341581657241512e-11,
        2.423320542136903e-11,
        5.387018954214042e-11,
        1.517021183509371e-11,
        2.4767026957772464e-11,
        3.3677779789484704e-11,
        2.973546260907059e-11,
        8.790425583183744e-12,
        1.4792033944045874e-11,
        2.344638768959721e-11,
        3.6820093043044615e-11,
        4.210640804874366e-11,
        2.561565714172052e-11,
        1.8672807032761904e-11,
        2.146012177465646e-11,
        3.7735210839576183e-11,
        4.14260407965773e-11,
        2.4370377436021112e-11
      ],
      "confidence": 0.7
    }
  ]
}