{
  "chunk": 1217,
  "total_chunks": 3600,
  "patterns_found": 2,
  "start_time": 1216.0003377778717,
  "end_time": 1216.9993380553717,
  "patterns": [
    {
      "type": "spike",
      "count": 6,
      "times": [
        1216.3493378748162,
        1216.4053378903718,
        1216.439337899816,
        1216.4883379134274,
        1216.5033379175939,
        1216.5113379198162
      ],
      "amplitudes": [
        0.0017013360479276542,
        0.001695412622325357,
        0.0017089642764107698,
        0.0017148274678670443,
        0.0017349488215947278,
        0.0017064037630556716
      ],
      "confidence": 0.8
    },
    {
      "type": "oscillation",
      "frequencies": [
        3.906248914738643,
        23.43749348843186,
        39.06248914738643,
        50.781235891602364,
        66.40623155055694,
        78.12497829477286,
        93.74997395372743,
        105.46872069794337,
        113.28121852742065,
        124.99996527163658,
        140.62496093059116,
        152.3437076748071,
        167.96870333376165,
        183.59369899271624,
        191.40619682219352,
        203.12494356640946,
        222.65618814010267,
        238.28118379905723,
        261.7186772874891,
        285.15617077592094,
        296.8749175201369,
        304.6874153496142,
        316.4061620938301,
        335.9374066675233,
        343.7499044970006,
        359.3749001559552,
        390.6248914738643,
        406.2498871328189,
        421.8748827917735,
        437.49987845072803,
        460.9373719391599,
        468.7498697686372,
        476.56236759811446,
        496.0936121718077
      ],
      "power": [
        3.359527345554475e-10,
        3.446987446330921e-11,
        2.6600796244894932e-11,
        3.064333167199474e-11,
        1.926342630777816e-11,
        2.693872782331108e-11,
        3.5543345230360107e-11,
        3.921736831225592e-11,
        1.453070004961604e-11,
        3.331736765707844e-11,
        1.9143625516300344e-11,
        3.893219129403095e-11,
        1.5766847187811927e-11,
        2.735708290091799e-11,
        2.041801559731723e-11,
        2.309439296962994e-11,
        2.4085810637779955e-11,
        2.888101819904345e-11,
        3.360277896533843e-11,
        3.0090083020424206e-11,
        3.3147915226680234e-11,
        2.5225205273109532e-11,
        2.9383876547792064e-11,
        1.824117853058273e-11,
        2.0470968421035938e-11,
        2.7055780090245846e-11,
        5.756825195590051e-11,
        3.6183736401296305e-11,
        2.2976386404931786e-11,
        2.402958912808421e-11,
        2.087676617916922e-11,
        2.236751480351909e-11,
        2.404261557830154e-11,
        1.0967275340245714e-11
      ],
      "confidence": 0.7
    }
  ]
}