{
  "chunk": 2167,
  "total_chunks": 3600,
  "patterns_found": 2,
  "start_time": 2166.000601666834,
  "end_time": 2166.999601944334,
  "patterns": [
    {
      "type": "spike",
      "count": 7,
      "times": [
        2166.454601792945,
        2166.5046018068338,
        2166.5166018101672,
        2166.5336018148896,
        2166.5376018160005,
        2166.549601819334,
        2166.6006018335006
      ],
      "amplitudes": [
        0.001682266829945441,
        0.0017352284228707385,
        0.0016865477031538518,
        0.0016832830163138741,
        0.0017228467082591637,
        0.0017475040896717349,
        0.0017079498416486042
      ],
      "confidence": 0.8
    },
    {
      "type": "oscillation",
      "frequencies": [
        3.906248915626821,
        23.437493493760925,
        35.15624024064139,
        50.781235903148676,
        70.31248048128278,
        85.93747614379006,
        105.46872072192417,
        117.18746746880464,
        128.9062142156851,
        140.62496096256555,
        160.15620554069966,
        175.78120120320696,
        195.31244578134107,
        218.74993927510198,
        238.2811838532361,
        249.99993060011656,
        265.62492626262383,
        273.4374240938775,
        292.9686686720116,
        312.4999132501457,
        328.124908912653,
        339.84365565953345,
        355.4686513220407,
        386.7186426470553,
        406.2498872251894,
        417.9686339720699,
        433.59362963457716,
        449.21862529708443,
        457.0311231283381,
        476.5623677064722,
        488.28111445335264
      ],
      "power": [
        3.055349881629107e-10,
        2.760750543341065e-11,
        4.12238202185151e-11,
        2.1821673556409787e-11,
        2.5609921708035474e-11,
        2.2338519352355126e-11,
        2.5659561427680013e-11,
        1.9906053986712654e-11,
        3.6019870835112155e-11,
        2.2302356757328793e-11,
        3.105275572046672e-11,
        1.522500786017072e-11,
        4.091656531140843e-11,
        2.480021215236e-11,
        4.090635181471754e-11,
        4.1057355916724965e-11,
        1.4157567449510614e-11,
        3.014854214013352e-11,
        4.137604974169708e-11,
        4.456166260782277e-11,
        2.7677557252774075e-11,
        1.5964257010132395e-11,
        2.5720800215351664e-11,
        2.5787607862798474e-11,
        2.0465923582754816e-11,
        2.2154373655194244e-11,
        3.2367678829071913e-11,
        2.487895925942822e-11,
        2.7018350842126436e-11,
        2.3534535630097128e-11,
        1.4030146681480675e-11
      ],
      "confidence": 0.7
    }
  ]
}