{
  "chunk": 2203,
  "total_chunks": 3600,
  "patterns_found": 2,
  "start_time": 2202.000611666837,
  "end_time": 2202.9996119443367,
  "patterns": [
    {
      "type": "spike",
      "count": 9,
      "times": [
        2202.342611761837,
        2202.4186117829477,
        2202.4386117885033,
        2202.481611800448,
        2202.5176118104478,
        2202.521611811559,
        2202.530611814059,
        2202.5976118326703,
        2202.647611846559
      ],
      "amplitudes": [
        0.0016967462379076418,
        0.0016991013589535736,
        0.0017279139028180757,
        0.0017487091558195398,
        0.0017154570953207622,
        0.0017187781296021313,
        0.0017289931402517168,
        0.0016966655702502155,
        0.001730404957003714
      ],
      "confidence": 0.8
    },
    {
      "type": "oscillation",
      "frequencies": [
        3.906248915626821,
        19.531244578134107,
        31.24999132501457,
        42.96873807189503,
        50.781235903148676,
        62.49998265002914,
        78.12497831253643,
        101.56247180629735,
        113.28121855317781,
        136.71871204693875,
        148.43745879381922,
        156.24995662507285,
        167.96870337195332,
        179.68745011883377,
        191.40619686571424,
        210.93744144384834,
        222.6561881907288,
        238.2811838532361,
        249.99993060011656,
        265.62492626262383,
        273.4374240938775,
        285.15617084075797,
        300.78116650326524,
        316.4061621657725,
        328.124908912653,
        339.84365565953345,
        359.37490023766753,
        378.90614481580167,
        386.7186426470553,
        394.53114047830894,
        414.062385056443,
        425.7811318033235,
        437.49987855020396,
        449.21862529708443,
        457.0311231283381,
        476.5623677064722,
        488.28111445335264,
        496.0936122846063
      ],
      "power": [
        2.8526608651190963e-10,
        2.776287579141921e-11,
        1.7111369797419447e-11,
        3.5202950967827536e-11,
        2.8368776920664477e-11,
        1.0822679852063257e-11,
        2.275345738553516e-11,
        3.7883931027863175e-11,
        1.5211620679839182e-11,
        4.101670735619328e-11,
        1.5729288314716202e-11,
        1.0499511460691311e-11,
        2.5697347768580888e-11,
        2.808528526773354e-11,
        1.914246155652617e-11,
        2.2242532710848616e-11,
        2.33074505994901e-11,
        4.2543605739090914e-11,
        3.206635889877499e-11,
        2.6190698316788514e-11,
        3.517007417396267e-11,
        1.7676204000113136e-11,
        3.385264006444149e-11,
        2.22467044441345e-11,
        1.5235949532828826e-11,
        3.1795809190741083e-11,
        1.0543628450243693e-11,
        4.205656351345383e-11,
        2.9135570797355166e-11,
        3.534544488158269e-11,
        1.748561859687388e-11,
        1.600710111222795e-11,
        2.1820897656590902e-11,
        1.5384159139823017e-11,
        2.271797258669243e-11,
        2.263316518605664e-11,
        1.8317394157276948e-11,
        2.150581182847571e-11
      ],
      "confidence": 0.7
    }
  ]
}