{
  "chunk": 24,
  "total_chunks": 3600,
  "patterns_found": 2,
  "start_time": 23.000006388890665,
  "end_time": 23.99900666639074,
  "patterns": [
    {
      "type": "spike",
      "count": 22,
      "times": [
        23.003006389724,
        23.008006391112886,
        23.015006393057334,
        23.018006393890666,
        23.033006398057335,
        23.04500640139067,
        23.047006401946224,
        23.052006403335113,
        23.093006414724005,
        23.09500641527956,
        23.140006427779564,
        23.877006632501843,
        23.92900664694629,
        23.937006649168517,
        23.952006653335182,
        23.957006654724072,
        23.96800665777963,
        23.97100665861296,
        23.97300665916852,
        23.977006660279628,
        23.988006663335184,
        23.99600666555741
      ],
      "amplitudes": [
        0.0010885537634082738,
        0.0011454671409135465,
        0.0010588702206156947,
        0.0011557154738344362,
        0.0010775101876536763,
        0.0010809422330735519,
        0.0011030561267744957,
        0.0011612432776773433,
        0.001103071306009724,
        0.0010536901063809697,
        0.001126258578971897,
        0.00106759360167231,
        0.0010670390312324959,
        0.001054664075222333,
        0.0011786764917925288,
        0.0010563761206205545,
        0.0011195453093980874,
        0.0011618462715150429,
        0.0010928792230915797,
        0.0011419606096475085,
        0.001183273005306477,
        0.0011307931001921364
      ],
      "confidence": 0.8
    },
    {
      "type": "oscillation",
      "frequencies": [
        3.9062489149329322,
        15.624995659731729,
        27.343742404530527,
        50.781235894128116,
        58.593733723993985,
        70.31248046879278,
        82.03122721359158,
        101.56247178825623,
        124.99996527785383,
        136.71871202265262,
        148.43745876745143,
        175.78120117198196,
        191.4061968317137,
        199.21869466157955,
        226.56243706611008,
        234.37493489597594,
        249.99993055570766,
        265.6249262154394,
        281.24992187517114,
        296.87491753490286,
        316.4061621095675,
        335.9374066842322,
        351.5624023439639,
        363.2811490887627,
        371.09364691862856,
        378.90614474849446,
        402.343638238092,
        414.0623849828908,
        433.59362955755546,
        445.31237630235427,
        468.7498697919519,
        476.5623676218177,
        488.2811143666165
      ],
      "power": [
        3.035027125999217e-10,
        2.6103793130290202e-11,
        3.0662278556758117e-11,
        1.9590310279365597e-11,
        1.813818666704015e-11,
        3.617199506339832e-11,
        3.0761159109598913e-11,
        2.7814983916147367e-11,
        3.019109401669286e-11,
        2.24001987122135e-11,
        3.758167364820607e-11,
        4.7141135891882384e-11,
        2.2879139436062157e-11,
        3.3682190143195715e-11,
        4.172540715581284e-11,
        2.1294619579533625e-11,
        1.719191047861928e-11,
        2.8844255851646726e-11,
        3.406008571680404e-11,
        4.872482925749503e-11,
        3.6798042995139286e-11,
        3.935233712254004e-11,
        2.7368013096423014e-11,
        2.045424979763193e-11,
        2.9575903905325996e-11,
        4.063844517362071e-11,
        1.8896421539610664e-11,
        1.808947187794077e-11,
        2.507700611224528e-11,
        2.3468590359433277e-11,
        2.6892748660009434e-11,
        2.997557362942403e-11,
        2.9819819666435566e-11
      ],
      "confidence": 0.7
    }
  ]
}