{
  "chunk": 1051,
  "total_chunks": 3600,
  "patterns_found": 2,
  "start_time": 1050.0002916667477,
  "end_time": 1050.9992919442477,
  "patterns": [
    {
      "type": "spike",
      "count": 10,
      "times": [
        1050.3582917661922,
        1050.391291775359,
        1050.4212917836921,
        1050.4572917936923,
        1050.4812918003588,
        1050.4952918042477,
        1050.5272918131366,
        1050.5402918167479,
        1050.5922918311921,
        1050.6052918348034
      ],
      "amplitudes": [
        0.0017163149682757053,
        0.0016996492962510765,
        0.001724625021022652,
        0.0017087669653185727,
        0.0017627483455066077,
        0.001749285979209425,
        0.0017175334710823093,
        0.0017541324627166875,
        0.0017047677225043387,
        0.0017536235950565873
      ],
      "confidence": 0.8
    },
    {
      "type": "oscillation",
      "frequencies": [
        3.906248914738643,
        27.343742403170502,
        39.06248914738643,
        46.87498697686372,
        54.687484806341004,
        66.40623155055694,
        85.93747612425015,
        93.74997395372743,
        117.1874674421593,
        136.7187120158525,
        167.96870333376165,
        179.6874500779776,
        191.40619682219352,
        207.03119248114808,
        226.5624370548413,
        238.28118379905723,
        246.0936816285345,
        261.7186772874891,
        273.437424031705,
        281.2499218611823,
        292.96866860539825,
        304.6874153496142,
        312.49991317909144,
        324.21865992330737,
        339.843655582262,
        367.1873979854325,
        374.99989581490973,
        386.71864255912567,
        402.34363821808023,
        417.96863387703485,
        441.40612736546666,
        449.21862519494397,
        472.65611868337584,
        480.4686165128531,
        492.187363257069
      ],
      "power": [
        3.03355500927149e-10,
        1.9935936080818678e-11,
        2.073610894528766e-11,
        2.8103921326366712e-11,
        2.875248209174699e-11,
        2.2544704545657247e-11,
        2.7324504438088173e-11,
        3.068204619369692e-11,
        1.8481999986107923e-11,
        2.56085352217936e-11,
        2.3151126239091848e-11,
        2.0910220443115597e-11,
        2.8973790654292444e-11,
        3.9567403441586834e-11,
        2.82144688815222e-11,
        3.1865052124589035e-11,
        2.4461824943415042e-11,
        2.8453967423922928e-11,
        1.819579037554236e-11,
        2.200053738031694e-11,
        3.1509875134664295e-11,
        1.939551747035633e-11,
        1.7900447213618292e-11,
        3.862858192985691e-11,
        1.672975937309415e-11,
        2.545247106864477e-11,
        2.5517030656826476e-11,
        2.7797856610712523e-11,
        3.062759673022956e-11,
        1.4057505421283623e-11,
        3.056237114270111e-11,
        3.7109603550631753e-11,
        3.165370450162278e-11,
        1.364304205599532e-11,
        3.0384276459874e-11
      ],
      "confidence": 0.7
    }
  ]
}