{
  "chunk": 2372,
  "total_chunks": 3600,
  "patterns_found": 2,
  "start_time": 2371.000658611294,
  "end_time": 2371.9996588887943,
  "patterns": [
    {
      "type": "spike",
      "count": 20,
      "times": [
        2371.001658611572,
        2371.0036586121273,
        2371.0076586132386,
        2371.0096586137943,
        2371.0206586168497,
        2371.028658619072,
        2371.032658620183,
        2371.042658622961,
        2371.0566586268496,
        2371.0616586282385,
        2371.073658631572,
        2371.086658635183,
        2371.0956586376833,
        2371.1216586449054,
        2371.1566586546273,
        2371.9146588651834,
        2371.9636588787944,
        2371.9796588832387,
        2371.9926588868498,
        2371.995658887683
      ],
      "amplitudes": [
        0.0010976075980519949,
        0.0010627272872053078,
        0.0011096712918087829,
        0.0011199428183988089,
        0.0010580382815713286,
        0.0010618077966562114,
        0.0010947009013527265,
        0.0010584496120344133,
        0.0010825194255257762,
        0.0011357274370381743,
        0.0010733790703680779,
        0.001103009588861668,
        0.001136927224365789,
        0.0010499342630463507,
        0.0010661558157438436,
        0.0010974407008096552,
        0.0010547994580183118,
        0.001060575897020468,
        0.0010735983368815923,
        0.0010516856444261222
      ],
      "confidence": 0.8
    },
    {
      "type": "oscillation",
      "frequencies": [
        3.9062489138504652,
        23.43749348310279,
        35.156240224654184,
        50.781235880056045,
        66.4062315354579,
        89.8437250185607,
        101.56247176011209,
        117.18746741551396,
        124.99996524321489,
        140.62496089861673,
        152.34370764016813,
        167.96870329557,
        179.6874500371214,
        191.4061967786728,
        203.12494352022418,
        222.65618808947653,
        234.37493483102793,
        246.0936815725793,
        257.8124283141307,
        273.4374239695326,
        292.96866853878487,
        312.4999131080372,
        324.2186598495886,
        335.93740659114,
        347.6561533326914,
        363.28114898809326,
        378.9061446434951,
        398.43738921274746,
        406.24988704044836,
        425.7811316097007,
        441.40612726510255,
        464.84362074820535,
        476.56236748975675,
        488.28111423130815,
        496.0936120590091
      ],
      "power": [
        3.3638229301740055e-10,
        3.17665055611985e-11,
        4.7009605251575796e-11,
        1.0684867538590369e-11,
        2.7986954877853614e-11,
        4.936029489773853e-11,
        2.4632951305403778e-11,
        2.7209117315005124e-11,
        2.362680975633929e-11,
        9.731663442417207e-12,
        3.077966976160149e-11,
        2.339471181964066e-11,
        2.1693256361079938e-11,
        2.0771594273517385e-11,
        3.029864925013647e-11,
        2.6643870625311487e-11,
        4.2445681580782715e-11,
        1.826417793093742e-11,
        2.1815824043420434e-11,
        1.4425109714027608e-11,
        2.6090985906237457e-11,
        3.670530441433807e-11,
        3.8234157607906654e-11,
        1.7334935975770674e-11,
        1.3008738272110952e-11,
        2.820069313304816e-11,
        2.1730885416375125e-11,
        2.687045570125737e-11,
        2.2026690119995617e-11,
        3.544336887548174e-11,
        3.728503781965517e-11,
        1.4659097601693375e-11,
        1.6241574609408118e-11,
        2.3892460657913367e-11,
        1.8879347864746957e-11
      ],
      "confidence": 0.7
    }
  ]
}