{
  "chunk": 324,
  "total_chunks": 3600,
  "patterns_found": 2,
  "start_time": 323.00008972224714,
  "end_time": 323.99908999974724,
  "patterns": [
    {
      "type": "spike",
      "count": 18,
      "times": [
        323.00108972252497,
        323.01008972502495,
        323.01308972585826,
        323.0210897280805,
        323.0250897291916,
        323.03008973058047,
        323.0340897316916,
        323.10508975141386,
        323.90908997474725,
        323.9300899805806,
        323.9360899822472,
        323.946089985025,
        323.95708998808055,
        323.9720899922472,
        323.9780899939139,
        323.98008999446944,
        323.9840899955806,
        323.99308999808056
      ],
      "amplitudes": [
        0.00127778123847657,
        0.001228119800757141,
        0.00104321579829839,
        0.0010484358484625853,
        0.0011017581504490434,
        0.0010823476187078996,
        0.0011147855293914871,
        0.0010806434826500537,
        0.001122937789633776,
        0.001074536889332318,
        0.001046434082886213,
        0.0010683399789856416,
        0.0011885716264087823,
        0.0011868669450106613,
        0.0010735367108109788,
        0.0011479177561811156,
        0.0010572352772321716,
        0.0010784054363876742
      ],
      "confidence": 0.8
    },
    {
      "type": "oscillation",
      "frequencies": [
        3.906248914738643,
        19.531244573693215,
        39.06248914738643,
        50.781235891602364,
        70.31248046529558,
        78.12497829477286,
        89.8437250389888,
        97.65622286846607,
        105.46872069794337,
        117.1874674421593,
        136.7187120158525,
        160.15620550428437,
        171.8749522485003,
        183.59369899271624,
        203.12494356640946,
        222.65618814010267,
        249.99993054327317,
        265.62492620222775,
        285.15617077592094,
        296.8749175201369,
        316.4061620938301,
        328.12490883804605,
        343.7499044970006,
        359.3749001559552,
        374.99989581490973,
        394.531140388603,
        414.06238496229616,
        441.40612736546666,
        453.1248741096826,
        484.37486542759177,
        496.0936121718077
      ],
      "power": [
        3.3856891256158123e-10,
        2.6501177387684017e-11,
        3.960831469678515e-11,
        2.5317265875554203e-11,
        2.7459168335607624e-11,
        1.5142933101700482e-11,
        3.135985035306291e-11,
        1.6792481481740174e-11,
        1.3347170412693015e-11,
        2.5787307377833277e-11,
        3.4445275973175717e-11,
        1.977573197678197e-11,
        1.893578875608126e-11,
        2.2790848802532548e-11,
        3.2344946303014185e-11,
        2.5458559096612912e-11,
        2.965927016350483e-11,
        3.056462380757765e-11,
        3.214177783498599e-11,
        2.7470279596441947e-11,
        2.2007960597568805e-11,
        2.118232982371648e-11,
        1.9290213907192076e-11,
        2.2309054732942896e-11,
        2.8765946869524328e-11,
        3.855780996963919e-11,
        6.156258921964372e-11,
        3.541449739146643e-11,
        2.8152597232246875e-11,
        3.603111797434993e-11,
        3.294967071393345e-11
      ],
      "confidence": 0.7
    }
  ]
}