{
  "chunk": 1648,
  "total_chunks": 3600,
  "patterns_found": 2,
  "start_time": 1647.0004575001271,
  "end_time": 1647.9994577776272,
  "patterns": [
    {
      "type": "spike",
      "count": 19,
      "times": [
        1647.005457501516,
        1647.0114575031828,
        1647.0214575059606,
        1647.023457506516,
        1647.028457507905,
        1647.0304575084606,
        1647.0384575106827,
        1647.055457515405,
        1647.0924575256827,
        1647.1164575323494,
        1647.9434577620716,
        1647.9504577640162,
        1647.9704577695718,
        1647.9754577709605,
        1647.9804577723494,
        1647.9834577731829,
        1647.987457774294,
        1647.9894577748494,
        1647.9944577762383
      ],
      "amplitudes": [
        0.0011645694473667546,
        0.001142510866783196,
        0.0011101594458285098,
        0.0011852815050702233,
        0.0011169677886327318,
        0.0011575570934257713,
        0.0010559873169572666,
        0.0010568802077760176,
        0.0011926298970507802,
        0.0010954559775959271,
        0.001074349911846009,
        0.001170531799000787,
        0.0010793728431587732,
        0.0010902272278264333,
        0.0010754448498713068,
        0.00127627638188816,
        0.0011301574435825794,
        0.0011127866235684015,
        0.00120350644252105
      ],
      "confidence": 0.8
    },
    {
      "type": "oscillation",
      "frequencies": [
        3.906248914738643,
        15.624995658954573,
        23.43749348843186,
        35.15624023264779,
        50.781235891602364,
        62.49998263581829,
        70.31248046529558,
        85.93747612425015,
        101.56247178320473,
        121.09371635689794,
        132.81246310111388,
        148.43745876006844,
        164.06245441902303,
        187.49994790745487,
        199.2186946516708,
        218.74993922536402,
        242.18743271379589,
        257.81242837275045,
        265.62492620222775,
        289.0624196906596,
        312.49991317909144,
        320.31241100856874,
        335.9374066675233,
        347.65615341173924,
        374.99989581490973,
        386.71864255912567,
        402.34363821808023,
        414.06238496229616,
        429.6873806212508,
        445.31237628020534,
        457.0311230244213,
        468.7498697686372,
        488.2811143423304,
        496.0936121718077
      ],
      "power": [
        3.629442513946535e-10,
        1.7613109292704674e-11,
        1.5741255938094753e-11,
        2.993447532057301e-11,
        1.7525545585909415e-11,
        1.957155400771192e-11,
        1.4389566043039121e-11,
        3.5201153960466485e-11,
        1.854607135727231e-11,
        2.650344242637464e-11,
        2.964597280059221e-11,
        1.7521357708464077e-11,
        2.515068622868368e-11,
        2.1599655978070977e-11,
        2.503042367824532e-11,
        1.722063620827315e-11,
        3.3719005376821593e-11,
        4.064466006360636e-11,
        5.013648155836343e-11,
        3.213922316034424e-11,
        2.658477377522392e-11,
        2.3111926751922918e-11,
        3.2109010630994384e-11,
        1.848366471815551e-11,
        1.8804999290004772e-11,
        3.319106613449055e-11,
        1.657576350345702e-11,
        2.5688824327294712e-11,
        3.84528136867533e-11,
        2.721042827133888e-11,
        2.545885057449612e-11,
        2.8375198921444516e-11,
        2.609326969494529e-11,
        2.2039812177930124e-11
      ],
      "confidence": 0.7
    }
  ]
}