{
  "chunk": 1002,
  "total_chunks": 3600,
  "patterns_found": 2,
  "start_time": 1001.0002780556329,
  "end_time": 1001.9992783331329,
  "patterns": [
    {
      "type": "spike",
      "count": 22,
      "times": [
        1001.0012780559106,
        1001.0052780570218,
        1001.0102780584107,
        1001.0122780589662,
        1001.0162780600773,
        1001.0212780614662,
        1001.0292780636884,
        1001.0322780645217,
        1001.0352780653551,
        1001.0392780664662,
        1001.0422780672995,
        1001.1352780931329,
        1001.1812781059107,
        1001.9002783056329,
        1001.9022783061885,
        1001.9522783200773,
        1001.9602783222996,
        1001.9622783228551,
        1001.9652783236885,
        1001.9802783278551,
        1001.9922783311885,
        1001.994278331744
      ],
      "amplitudes": [
        0.0011442759947067917,
        0.0011763942176486165,
        0.001116503260188079,
        0.0010856715199355782,
        0.0010700964130420825,
        0.0011577678120831215,
        0.0012515326803077063,
        0.0010939328864068897,
        0.0010934531840721465,
        0.0011504547815749647,
        0.0010885085273567752,
        0.0010564930381474944,
        0.0010587802683583918,
        0.0011218119150878411,
        0.001062523450974299,
        0.001061457675245197,
        0.0010986954827317996,
        0.0011061176193469476,
        0.0010790295147533988,
        0.0010686260173401326,
        0.0011971799309464049,
        0.001067765810109665
      ],
      "confidence": 0.8
    },
    {
      "type": "oscillation",
      "frequencies": [
        3.906248915182732,
        27.343742406279123,
        42.96873806701005,
        50.78123589737552,
        74.21872938847191,
        89.84372504920283,
        105.46872070993376,
        121.0937163706647,
        132.81246311621288,
        144.53120986176108,
        160.156205522492,
        179.68745009840566,
        199.21869467431932,
        214.84369033505027,
        226.56243708059844,
        246.0936816565121,
        269.5311751476085,
        281.2499218931567,
        296.87491755388766,
        304.6874153842531,
        324.21865996016675,
        332.03115779053223,
        359.3749001968113,
        378.906144772725,
        398.43738934863865,
        429.68738067010054,
        445.31237633083146,
        468.74986982192786,
        480.46861656747603,
        496.09361222820695
      ],
      "power": [
        3.720842168788835e-10,
        5.2930556687407804e-11,
        3.271719703411932e-11,
        3.4972341840687345e-11,
        3.3355543573730916e-11,
        2.0652890595634198e-11,
        4.6045334914564153e-11,
        2.82975731543033e-11,
        2.4145083378902846e-11,
        3.233938101409346e-11,
        1.935567528935807e-11,
        3.2377387115791934e-11,
        2.2751092191264158e-11,
        2.405820180078022e-11,
        2.372923262452949e-11,
        3.917818622031373e-11,
        3.5417990071084104e-11,
        2.622967486670517e-11,
        2.4174883547918903e-11,
        2.3143092152813684e-11,
        3.115609872370042e-11,
        2.3783686182498906e-11,
        2.6193047995979257e-11,
        3.100872152346637e-11,
        4.214856122026902e-11,
        3.536806487540389e-11,
        4.346376570570727e-11,
        1.8223713712229437e-11,
        2.8299492448713183e-11,
        3.2636245442610135e-11
      ],
      "confidence": 0.7
    }
  ]
}