{
  "chunk": 1272,
  "total_chunks": 3600,
  "patterns_found": 2,
  "start_time": 1271.0003530556537,
  "end_time": 1271.9993533331537,
  "patterns": [
    {
      "type": "spike",
      "count": 22,
      "times": [
        1271.0013530559315,
        1271.003353056487,
        1271.0053530570426,
        1271.007353057598,
        1271.012353058987,
        1271.0203530612093,
        1271.0333530648204,
        1271.0353530653758,
        1271.0503530695426,
        1271.0543530706536,
        1271.0673530742647,
        1271.094353081765,
        1271.8963533045426,
        1271.9103533084315,
        1271.940353316765,
        1271.953353320376,
        1271.9613533225981,
        1271.9703533250981,
        1271.9773533270427,
        1271.9873533298205,
        1271.9913533309316,
        1271.9943533317648
      ],
      "amplitudes": [
        0.001134826856121808,
        0.0010633696709665933,
        0.0011254261351038516,
        0.0011115538240648994,
        0.001128606607127008,
        0.0011006295956194703,
        0.0010571590780033408,
        0.0011065542654079288,
        0.0010606452553441862,
        0.0010873158421660129,
        0.0011024744633086503,
        0.0010659536900706119,
        0.0010552639947013776,
        0.0011117730073931984,
        0.0010623362773855443,
        0.0011765177276264595,
        0.0011055807753829396,
        0.0011493015004454175,
        0.0010575493057955587,
        0.0011940911555856745,
        0.0011087802018181637,
        0.001075159651310522
      ],
      "confidence": 0.8
    },
    {
      "type": "oscillation",
      "frequencies": [
        3.906248914738643,
        15.624995658954573,
        27.343742403170502,
        42.96873806212508,
        50.781235891602364,
        74.21872938003422,
        82.03122720951151,
        97.65622286846607,
        105.46872069794337,
        121.09371635689794,
        136.7187120158525,
        144.5312098453298,
        152.3437076748071,
        164.06245441902303,
        171.8749522485003,
        183.59369899271624,
        191.40619682219352,
        203.12494356640946,
        218.74993922536402,
        238.28118379905723,
        257.81242837275045,
        277.3436729464437,
        285.15617077592094,
        292.96866860539825,
        316.4061620938301,
        355.46865124121655,
        374.99989581490973,
        382.81239364438704,
        394.531140388603,
        406.2498871328189,
        417.96863387703485,
        429.6873806212508,
        441.40612736546666,
        453.1248741096826,
        472.65611868337584,
        484.37486542759177
      ],
      "power": [
        3.013244536503219e-10,
        2.7936153672402333e-11,
        2.3259306323585678e-11,
        3.110604337637768e-11,
        2.2724405184427327e-11,
        2.4521180361872925e-11,
        1.2786130271891497e-11,
        2.251567051759523e-11,
        2.5954272577807364e-11,
        2.2952525953226927e-11,
        2.0740754127575862e-11,
        3.0083386737852096e-11,
        4.697482548037215e-11,
        2.1214430069925007e-11,
        1.5701827521051947e-11,
        9.87456012918001e-12,
        1.987317120478493e-11,
        3.2565535664284857e-11,
        2.7337173562686855e-11,
        2.6754472121951972e-11,
        2.2676692819017386e-11,
        3.11692367638547e-11,
        3.106667245501998e-11,
        3.67838565519887e-11,
        4.209528887215056e-11,
        2.5722347739784335e-11,
        2.2049251792193007e-11,
        1.6928117325394625e-11,
        1.3523038824642457e-11,
        4.652527049359464e-11,
        4.70935743952288e-11,
        2.8641526217031985e-11,
        1.858167016039208e-11,
        3.4369778862027775e-11,
        2.245007203377249e-11,
        1.661091226552534e-11
      ],
      "confidence": 0.7
    }
  ]
}