{
  "chunk": 3550,
  "total_chunks": 3600,
  "patterns_found": 2,
  "start_time": 3549.0009858336075,
  "end_time": 3549.9999861111073,
  "patterns": [
    {
      "type": "spike",
      "count": 27,
      "times": [
        3549.001985833885,
        3549.006985835274,
        3549.0089858358297,
        3549.0109858363853,
        3549.016985838052,
        3549.0239858399964,
        3549.029985841663,
        3549.032985842496,
        3549.034985843052,
        3549.055985848885,
        3549.1799858833297,
        3549.8999860833296,
        3549.9149860874963,
        3549.9229860897185,
        3549.933986092774,
        3549.956986099163,
        3549.9599860999965,
        3549.9629861008298,
        3549.9649861013854,
        3549.9699861027743,
        3549.973986103885,
        3549.9779861049965,
        3549.9809861058297,
        3549.9909861086076,
        3549.992986109163,
        3549.9959861099965,
        3549.9979861105517
      ],
      "amplitudes": [
        0.001095168750234725,
        0.001065479316042881,
        0.001119122278958589,
        0.001133504639234975,
        0.0010732870975164596,
        0.0012266366530311356,
        0.0010946814794247925,
        0.0010867660209738133,
        0.0011127154474134186,
        0.001138925092807144,
        0.001087730575334069,
        0.0010534011524414193,
        0.0010517410348099712,
        0.0011646295735317643,
        0.001136900912867954,
        0.0010499292792316962,
        0.0011347559761164525,
        0.0010743956309794492,
        0.0010688726942290133,
        0.0010687482059642318,
        0.001075820905609892,
        0.0011191603795996032,
        0.0010701895541512488,
        0.0010910677386491863,
        0.0010550647888487598,
        0.0010861309613480314,
        0.001118147069673281
      ],
      "confidence": 0.8
    },
    {
      "type": "oscillation",
      "frequencies": [
        3.906248915626821,
        19.531244578134107,
        39.062489156268214,
        54.687484818775495,
        66.40623156565596,
        78.12497831253643,
        101.56247180629735,
        121.09371638443146,
        132.81246313131192,
        144.53120987819239,
        156.24995662507285,
        175.78120120320696,
        183.5936990344606,
        195.31244578134107,
        210.93744144384834,
        222.6561881907288,
        230.46868602198245,
        257.8124284313702,
        269.53117517825063,
        285.15617084075797,
        304.68741541889204,
        312.4999132501457,
        324.2186599970262,
        335.93740674390665,
        351.5624024064139,
        359.37490023766753,
        371.093646984548,
        378.90614481580167,
        394.53114047830894,
        410.1561361408162,
        417.9686339720699,
        437.49987855020396,
        457.0311231283381,
        472.65611879084537,
        488.28111445335264,
        496.0936122846063
      ],
      "power": [
        2.970103692800969e-10,
        2.9388146304956506e-11,
        2.4840054860392842e-11,
        2.123772530754284e-11,
        1.6233647497522763e-11,
        4.1245826136838906e-11,
        4.1449119260276495e-11,
        2.948434738975276e-11,
        2.051503155368454e-11,
        1.720966418944774e-11,
        2.353119154109707e-11,
        3.6872348964007106e-11,
        1.4449663363970629e-11,
        1.7246484960677403e-11,
        1.9469573291962707e-11,
        3.1196679116107415e-11,
        2.9098457322602668e-11,
        2.8792429953226906e-11,
        2.6765919076800535e-11,
        2.3361658434474405e-11,
        3.8118582020224096e-11,
        2.0941028114659508e-11,
        3.674339406321199e-11,
        2.3233095042462535e-11,
        2.8778804073580996e-11,
        2.672202825613369e-11,
        3.0204498185885955e-11,
        2.401309488079805e-11,
        3.9568535377107124e-11,
        4.195246442065332e-11,
        3.640518444259934e-11,
        2.792438899691008e-11,
        2.502642641891522e-11,
        2.741371756536338e-11,
        4.4014230150170663e-11,
        3.702383480667065e-11
      ],
      "confidence": 0.7
    }
  ]
}