{
  "chunk": 3416,
  "total_chunks": 3600,
  "patterns_found": 2,
  "start_time": 3415.000948611375,
  "end_time": 3415.9999488888748,
  "patterns": [
    {
      "type": "spike",
      "count": 21,
      "times": [
        3415.0069486130415,
        3415.0109486141528,
        3415.012948614708,
        3415.0149486152636,
        3415.0169486158193,
        3415.0199486166525,
        3415.022948617486,
        3415.0289486191527,
        3415.035948621097,
        3415.0409486224858,
        3415.0509486252636,
        3415.052948625819,
        3415.9219488672084,
        3415.9509488752637,
        3415.959948877764,
        3415.964948879153,
        3415.9689488802637,
        3415.980948883597,
        3415.99294888693,
        3415.994948887486,
        3415.997948888319
      ],
      "amplitudes": [
        0.0010757443093927883,
        0.0012137359283848435,
        0.001088915536048244,
        0.0010893367170085053,
        0.001102960864336534,
        0.001208830359622874,
        0.0011682702587586546,
        0.0011399408661205757,
        0.001159744383948247,
        0.00105117360644266,
        0.0011547420397230689,
        0.001089634883864342,
        0.0010660872936536967,
        0.0011278209987875003,
        0.0010588840340134905,
        0.001078948082128966,
        0.0011528978116987583,
        0.0011459062925563293,
        0.0011392768973892875,
        0.0011463199828026778,
        0.0010800074193057783
      ],
      "confidence": 0.8
    },
    {
      "type": "oscillation",
      "frequencies": [
        3.906248915626821,
        23.437493493760925,
        39.062489156268214,
        62.49998265002914,
        70.31248048128278,
        82.03122722816325,
        97.65622289067053,
        109.37496963755099,
        121.09371638443146,
        136.71871204693875,
        148.43745879381922,
        167.96870337195332,
        187.4999479500874,
        195.31244578134107,
        207.0311925282215,
        230.46868602198245,
        242.18743276886292,
        249.99993060011656,
        277.3436730095043,
        289.06241975638477,
        300.78116650326524,
        316.4061621657725,
        332.0311578282798,
        351.5624024064139,
        367.1873980689212,
        382.8123937314285,
        398.43738939393575,
        421.8748828876967,
        441.4061274658308,
        449.21862529708443,
        460.9373720439649,
        472.65611879084537,
        484.37486553772584,
        492.18736336897945
      ],
      "power": [
        2.943598310311572e-10,
        3.790674229493605e-11,
        3.267884778405819e-11,
        1.5442807725839706e-11,
        1.3042326810031447e-11,
        1.831909251610473e-11,
        3.908784849869436e-11,
        2.037249492630179e-11,
        2.0851242316622153e-11,
        2.5698330671590726e-11,
        4.1278713666545484e-11,
        3.454758016125282e-11,
        1.9897861335182354e-11,
        2.3039708676146553e-11,
        4.071979397727048e-11,
        2.927287309682423e-11,
        3.0456216255340946e-11,
        3.419331613311399e-11,
        2.132396781245324e-11,
        2.627079436683703e-11,
        2.5476777948129317e-11,
        2.9152703601793593e-11,
        3.589710675020562e-11,
        1.2222108061637613e-11,
        3.744432997416821e-11,
        1.93381532458403e-11,
        1.7205163403522837e-11,
        5.102668907290167e-11,
        2.5816242845468148e-11,
        3.302354103211409e-11,
        1.8869917798454054e-11,
        2.674538001438046e-11,
        3.033327615454534e-11,
        3.345458732814835e-11
      ],
      "confidence": 0.7
    }
  ]
}