{
  "chunk": 3439,
  "total_chunks": 3600,
  "patterns_found": 2,
  "start_time": 3438.0009550002655,
  "end_time": 3438.9999552777654,
  "patterns": [
    {
      "type": "spike",
      "count": 8,
      "times": [
        3438.371955103321,
        3438.4669551297097,
        3438.48495513471,
        3438.516955143599,
        3438.5579551549877,
        3438.561955156099,
        3438.5779551605433,
        3438.5869551630435
      ],
      "amplitudes": [
        0.0017163782455711435,
        0.0017263866039966558,
        0.001695182066276801,
        0.0016924417199599756,
        0.0017403126642372953,
        0.0016997069657438421,
        0.001703208584552699,
        0.0017106356333556087
      ],
      "confidence": 0.8
    },
    {
      "type": "oscillation",
      "frequencies": [
        3.906248915626821,
        23.437493493760925,
        46.87498698752185,
        62.49998265002914,
        70.31248048128278,
        85.93747614379006,
        97.65622289067053,
        105.46872072192417,
        124.99996530005828,
        140.62496096256555,
        156.24995662507285,
        167.96870337195332,
        179.68745011883377,
        195.31244578134107,
        207.0311925282215,
        222.6561881907288,
        230.46868602198245,
        238.2811838532361,
        249.99993060011656,
        257.8124284313702,
        285.15617084075797,
        300.78116650326524,
        308.59366433451885,
        324.2186599970262,
        355.4686513220407,
        371.093646984548,
        386.7186426470553,
        402.3436383095626,
        414.062385056443,
        421.8748828876967,
        437.49987855020396,
        472.65611879084537,
        480.46861662209903,
        496.0936122846063
      ],
      "power": [
        3.115128354983197e-10,
        2.14569731067486e-11,
        2.4750444852683702e-11,
        3.748208465359933e-11,
        3.33092256419367e-11,
        1.9339526040241528e-11,
        1.747000105436896e-11,
        1.0037209155879818e-11,
        2.2934501077983408e-11,
        2.044449288462518e-11,
        2.716818087042227e-11,
        2.024469245615328e-11,
        2.3334553796055286e-11,
        2.512104191503328e-11,
        3.11712545693799e-11,
        1.624642695350031e-11,
        2.336787144693221e-11,
        2.0595576477732916e-11,
        2.306712454243861e-11,
        2.5655044294806237e-11,
        2.7603530483925906e-11,
        1.585464107813083e-11,
        4.3398471970927694e-11,
        2.5137396049797316e-11,
        3.3454459496821956e-11,
        2.580692820405116e-11,
        2.4023108384888954e-11,
        3.8464230817508165e-11,
        2.1654692462413936e-11,
        1.7734993569195778e-11,
        2.3397390401129735e-11,
        2.096190481148544e-11,
        2.0952117565871637e-11,
        1.6011524848268215e-11
      ],
      "confidence": 0.7
    }
  ]
}