{
  "chunk": 3269,
  "total_chunks": 3600,
  "patterns_found": 2,
  "start_time": 3268.00090777803,
  "end_time": 3268.9999080555303,
  "patterns": [
    {
      "type": "spike",
      "count": 10,
      "times": [
        3268.394907887475,
        3268.412907892475,
        3268.4479079021967,
        3268.4529079035856,
        3268.4759079099745,
        3268.51390792053,
        3268.568907935808,
        3268.5749079374746,
        3268.5849079402524,
        3268.734907981919
      ],
      "amplitudes": [
        0.0017144005028745214,
        0.0016882313446225155,
        0.0016959109833823986,
        0.0016957580841897122,
        0.0017046858998689214,
        0.0017359287742895308,
        0.0016984158415650323,
        0.0017301072820490682,
        0.0017771798404866842,
        0.0017067370609361204
      ],
      "confidence": 0.8
    },
    {
      "type": "oscillation",
      "frequencies": [
        3.906248915626821,
        23.437493493760925,
        42.96873807189503,
        54.687484818775495,
        78.12497831253643,
        97.65622289067053,
        117.18746746880464,
        128.9062142156851,
        148.43745879381922,
        156.24995662507285,
        175.78120120320696,
        191.40619686571424,
        199.21869469696787,
        226.56243710635562,
        242.18743276886292,
        257.8124284313702,
        285.15617084075797,
        300.78116650326524,
        316.4061621657725,
        324.2186599970262,
        335.93740674390665,
        359.37490023766753,
        371.093646984548,
        386.7186426470553,
        406.2498872251894,
        417.9686339720699,
        429.68738071895035,
        437.49987855020396,
        457.0311231283381,
        468.74986987521856,
        484.37486553772584,
        496.0936122846063
      ],
      "power": [
        3.0696171717760216e-10,
        3.127709238456057e-11,
        2.253999300401313e-11,
        2.6023303937963117e-11,
        3.1133682848343304e-11,
        3.669071666156889e-11,
        2.072738149479223e-11,
        3.909090689831753e-11,
        3.740940795799829e-11,
        2.6371187720414836e-11,
        3.065189946205926e-11,
        3.101398460332602e-11,
        2.4160974852301807e-11,
        2.858362405659551e-11,
        1.513143251229992e-11,
        2.0817453292779178e-11,
        3.585295347403291e-11,
        1.6944706567119126e-11,
        1.7331448929869365e-11,
        2.538880155938136e-11,
        3.666144318987738e-11,
        3.217256001611847e-11,
        1.6315943795256577e-11,
        2.3047621368914324e-11,
        2.19013230206374e-11,
        1.589037086356539e-11,
        2.0413353180998528e-11,
        3.094975770710635e-11,
        2.9083488756998375e-11,
        1.877968441048536e-11,
        1.9705924743842856e-11,
        1.8582295519652153e-11
      ],
      "confidence": 0.7
    }
  ]
}