{
  "chunk": 2857,
  "total_chunks": 3600,
  "patterns_found": 2,
  "start_time": 2856.0007933335537,
  "end_time": 2856.999793611054,
  "patterns": [
    {
      "type": "spike",
      "count": 4,
      "times": [
        2856.291793414387,
        2856.499793472165,
        2856.5207934779983,
        2856.563793489943
      ],
      "amplitudes": [
        0.001677585378275607,
        0.001776017501918476,
        0.001738429298916963,
        0.0017146387115684354
      ],
      "confidence": 0.8
    },
    {
      "type": "oscillation",
      "frequencies": [
        3.9062489138504652,
        19.531244569252326,
        31.249991310803722,
        50.781235880056045,
        74.21872936315884,
        82.03122719085977,
        89.8437250185607,
        101.56247176011209,
        121.09371632936443,
        136.7187119847663,
        160.15620546786909,
        179.6874500371214,
        195.31244569252326,
        207.03119243407465,
        218.74993917562605,
        242.18743265872885,
        257.8124283141307,
        265.6249261418316,
        281.24992179723347,
        292.96866853878487,
        308.5936641941868,
        324.2186598495886,
        332.03115767728957,
        355.4686511603923,
        363.28114898809326,
        371.0936468157942,
        390.6248913850465,
        406.24988704044836,
        421.87488269585026,
        433.59362943740166,
        460.9373718343549,
        476.56236748975675,
        488.28111423130815,
        496.0936120590091
      ],
      "power": [
        2.7986015430953127e-10,
        2.3569246292057163e-11,
        2.274388980473896e-11,
        2.7468876298624942e-11,
        2.7820193040478405e-11,
        3.13769647612534e-11,
        1.6653144632379295e-11,
        2.3958223901966327e-11,
        2.814842604864778e-11,
        3.52521729907405e-11,
        3.382301515358428e-11,
        2.200309013007258e-11,
        1.0977342498572648e-11,
        4.175419664732529e-11,
        2.3514195931066768e-11,
        1.4774436563427418e-11,
        2.7416730462215844e-11,
        2.7316373395572612e-11,
        2.2526341813886657e-11,
        4.2149452243738117e-11,
        2.714017367392863e-11,
        2.3409983815420934e-11,
        2.95609212397585e-11,
        1.9315597131161812e-11,
        2.1959558616386016e-11,
        2.390473537508952e-11,
        3.7986943345457516e-11,
        2.1576339725078344e-11,
        2.2327044883225164e-11,
        3.076622705168653e-11,
        4.0150503975798335e-11,
        2.7417826066263225e-11,
        2.7165698409482802e-11,
        1.9207102120710814e-11
      ],
      "confidence": 0.7
    }
  ]
}