{
  "chunk": 1935,
  "total_chunks": 3600,
  "patterns_found": 2,
  "start_time": 1934.0005372223716,
  "end_time": 1934.9995374998716,
  "patterns": [
    {
      "type": "spike",
      "count": 8,
      "times": [
        1934.3365373157048,
        1934.3785373273715,
        1934.3865373295937,
        1934.3925373312604,
        1934.452537347927,
        1934.5035373620938,
        1934.5285373690383,
        1934.5645373790383
      ],
      "amplitudes": [
        0.0017297037964182675,
        0.0016900689491686459,
        0.0017150137782424362,
        0.0017014732807539928,
        0.0018261465301800072,
        0.0017997205802028444,
        0.001787898159114257,
        0.001793761628187818
      ],
      "confidence": 0.8
    },
    {
      "type": "oscillation",
      "frequencies": [
        3.906248914738643,
        19.531244573693215,
        35.15624023264779,
        42.96873806212508,
        54.687484806341004,
        66.40623155055694,
        85.93747612425015,
        97.65622286846607,
        117.1874674421593,
        124.99996527163658,
        136.7187120158525,
        148.43745876006844,
        160.15620550428437,
        179.6874500779776,
        191.40619682219352,
        199.2186946516708,
        218.74993922536402,
        238.28118379905723,
        249.99993054327317,
        257.81242837275045,
        269.5311751169664,
        277.3436729464437,
        292.96866860539825,
        316.4061620938301,
        332.0311577527847,
        347.65615341173924,
        374.99989581490973,
        398.4373893033416,
        406.2498871328189,
        425.7811317065121,
        449.21862519494397,
        457.0311230244213,
        468.7498697686372,
        476.56236759811446,
        488.2811143423304
      ],
      "power": [
        2.865806115443265e-10,
        3.3493102888775065e-11,
        2.8587122785238892e-11,
        3.158952678404002e-11,
        1.891349727077234e-11,
        2.978242854051577e-11,
        3.5514648943941954e-11,
        1.5570082474623773e-11,
        1.5165066316862177e-11,
        1.5474804569708624e-11,
        4.129013629269304e-11,
        2.711741977402921e-11,
        2.39616703454086e-11,
        3.404017855649255e-11,
        2.646043906267238e-11,
        2.7139292360061017e-11,
        3.0609491858620625e-11,
        3.723431197361365e-11,
        2.973714762066506e-11,
        2.972313215205676e-11,
        2.8805893344665963e-11,
        2.9996271611020934e-11,
        2.868885298139514e-11,
        3.589042212887343e-11,
        2.4761134857254776e-11,
        3.2182583151887056e-11,
        2.852653230226253e-11,
        4.243345403405972e-11,
        3.237232498114652e-11,
        3.378869471225734e-11,
        3.505892432196849e-11,
        2.5197216558527064e-11,
        2.464792319066253e-11,
        1.6247056795103685e-11,
        2.3660924524120234e-11
      ],
      "confidence": 0.7
    }
  ]
}