{
  "chunk": 2313,
  "total_chunks": 3600,
  "patterns_found": 2,
  "start_time": 2312.0006422224005,
  "end_time": 2312.999642499901,
  "patterns": [
    {
      "type": "spike",
      "count": 8,
      "times": [
        2312.4116423365676,
        2312.417642338234,
        2312.463642351012,
        2312.4656423515676,
        2312.5196423665675,
        2312.526642368512,
        2312.551642375456,
        2312.598642388512
      ],
      "amplitudes": [
        0.0017671832127132295,
        0.0016864990987518294,
        0.00176438887071568,
        0.001711506089330856,
        0.0017585350159433728,
        0.0017001751832106007,
        0.001684120930906845,
        0.0016927268369392335
      ],
      "confidence": 0.8
    },
    {
      "type": "oscillation",
      "frequencies": [
        3.9062489138504652,
        15.624995655401861,
        35.156240224654184,
        46.87498696620558,
        58.59373370775698,
        85.93747610471024,
        97.65622284626163,
        117.18746741551396,
        124.99996524321489,
        140.62496089861673,
        152.34370764016813,
        160.15620546786909,
        171.87495220942048,
        183.59369895097186,
        195.31244569252326,
        203.12494352022418,
        210.93744134792513,
        226.56243700332698,
        238.28118374487838,
        257.8124283141307,
        277.343672883383,
        296.8749174526354,
        308.5936641941868,
        316.40616202188767,
        328.12490876343907,
        343.74990441884097,
        367.1873979019437,
        378.9061446434951,
        386.71864247119606,
        402.3436381265979,
        417.96863378199976,
        425.7811316097007,
        437.4998783512521,
        449.2186250928035,
        457.03112292050446,
        476.56236748975675,
        492.1873631451586
      ],
      "power": [
        3.0620100125964495e-10,
        3.110674494904834e-11,
        2.354916388146137e-11,
        2.7462529592926298e-11,
        2.6202265819848748e-11,
        2.5530865179352092e-11,
        2.734127195003943e-11,
        1.9549965929021702e-11,
        3.044364233678969e-11,
        2.05148123902775e-11,
        1.5504672191502875e-11,
        1.6408832584602058e-11,
        2.3618032378523273e-11,
        2.1259134820345956e-11,
        2.6951414191951753e-11,
        2.407888672126701e-11,
        2.8178898997245703e-11,
        1.9530148664371713e-11,
        1.346888409009057e-11,
        2.935772942776112e-11,
        4.786052507765279e-11,
        1.3936205770361086e-11,
        1.697424564801866e-11,
        2.4132502156403654e-11,
        2.3834638333108814e-11,
        4.6936922577162877e-11,
        3.074035560841255e-11,
        1.782530044132232e-11,
        1.6509540947297053e-11,
        2.883805579607212e-11,
        3.285946963003738e-11,
        2.242231042834274e-11,
        1.8303232050602437e-11,
        3.510266408585142e-11,
        2.3067410339273575e-11,
        3.392764426410032e-11,
        2.4471013078497405e-11
      ],
      "confidence": 0.7
    }
  ]
}