{
  "chunk": 66,
  "total_chunks": 3600,
  "patterns_found": 2,
  "start_time": 65.00001805556057,
  "end_time": 65.99901833306065,
  "patterns": [
    {
      "type": "spike",
      "count": 19,
      "times": [
        65.00701805750502,
        65.01001805833835,
        65.01401805944947,
        65.02301806194947,
        65.02701806306058,
        65.03701806583835,
        65.04301806750502,
        65.0580180716717,
        65.93501831528287,
        65.94601831833843,
        65.94901831917176,
        65.95301832028287,
        65.95501832083842,
        65.96401832333842,
        65.96701832417176,
        65.98001832778287,
        65.98401832889398,
        65.99001833056064,
        65.99401833167177
      ],
      "amplitudes": [
        0.0010650745862778397,
        0.00125343550032847,
        0.0012130943187781513,
        0.0011870450865611687,
        0.0010544953874459368,
        0.0011670404304210157,
        0.0010872866348586533,
        0.0010534126159281302,
        0.0010716072046008636,
        0.0011071802172680548,
        0.0011164754397307275,
        0.0011281384584691811,
        0.001075393827565345,
        0.0011073954354773193,
        0.0010516234067119365,
        0.0011022547286031617,
        0.0010658801613286127,
        0.0010865124695040977,
        0.0010505896265542434
      ],
      "confidence": 0.8
    },
    {
      "type": "oscillation",
      "frequencies": [
        3.9062489149051767,
        19.531244574525882,
        27.343742404336236,
        39.062489149051764,
        46.87498697886212,
        62.49998263848283,
        85.93747612791388,
        105.46872070243977,
        113.28121853225012,
        124.99996527696565,
        140.62496093658635,
        148.4374587663967,
        156.24995659620706,
        183.5936990005433,
        203.12494357506918,
        214.8436903197847,
        230.46868597940542,
        246.09368163902613,
        265.624926213552,
        277.3436729582675,
        289.06241970298305,
        300.7811664476986,
        316.4061621073193,
        335.9374066818452,
        343.74990451165553,
        371.09364691599177,
        398.437389320328,
        414.0623849799487,
        429.6873806395694,
        449.2186252140953,
        464.843620873716,
        480.46861653333673,
        492.18736327805226
      ],
      "power": [
        3.185867663811949e-10,
        2.6326039370819264e-11,
        2.6298016947576616e-11,
        2.349876336911584e-11,
        3.00501613320044e-11,
        2.930470798032618e-11,
        2.892375676310045e-11,
        2.7046771641538465e-11,
        2.30496321205464e-11,
        4.0928742385076814e-11,
        2.8480947626211857e-11,
        2.472544539202974e-11,
        2.325093607453904e-11,
        2.388627745568916e-11,
        3.7893217770889085e-11,
        1.7263699019207925e-11,
        1.7435473261021153e-11,
        2.0038914522420426e-11,
        3.567257431623444e-11,
        3.35122580665503e-11,
        1.8445559764573322e-11,
        2.0838896874729896e-11,
        3.226038146264599e-11,
        2.185533145616981e-11,
        1.732593035754142e-11,
        3.240173903774882e-11,
        3.855274696211956e-11,
        5.861476253564046e-11,
        2.442168452574926e-11,
        2.6879490409358158e-11,
        1.8593037002125407e-11,
        1.5928324951468954e-11,
        2.8882072956751242e-11
      ],
      "confidence": 0.7
    }
  ]
}