{
  "chunk": 3598,
  "total_chunks": 3600,
  "patterns_found": 2,
  "start_time": 3597.0009991669444,
  "end_time": 3597.9999994444447,
  "patterns": [
    {
      "type": "spike",
      "count": 28,
      "times": [
        3597.0089991691666,
        3597.0109991697223,
        3597.012999170278,
        3597.015999171111,
        3597.0269991741666,
        3597.030999175278,
        3597.035999176667,
        3597.042999178611,
        3597.04799918,
        3597.0539991816668,
        3597.055999182222,
        3597.0939991927776,
        3597.1279992022223,
        3597.1619992116666,
        3597.8949994152777,
        3597.9009994169446,
        3597.9029994175,
        3597.948999430278,
        3597.952999431389,
        3597.9549994319445,
        3597.9599994333335,
        3597.961999433889,
        3597.9639994344443,
        3597.975999437778,
        3597.978999438611,
        3597.98399944,
        3597.991999442222,
        3597.994999443056
      ],
      "amplitudes": [
        0.001141134168344098,
        0.0011974643825348366,
        0.0010568464979848096,
        0.0011010521524151904,
        0.0011547665366901765,
        0.0010616147024514024,
        0.0011768919107983421,
        0.0010633783330338204,
        0.0012181765603660971,
        0.0010632714754203923,
        0.0011299074759836525,
        0.0010681099896090798,
        0.0010874109604305702,
        0.0010609457085261557,
        0.0010641143333196131,
        0.0010707039727509875,
        0.0011950095081732079,
        0.0011043751034169912,
        0.0012023613073820886,
        0.0010866963814265883,
        0.0010875519192413087,
        0.0011165165613613688,
        0.0010843993001560758,
        0.0011192895748214171,
        0.0010627631844276112,
        0.0011147119756952043,
        0.0011071341314466952,
        0.001054389879112859
      ],
      "confidence": 0.8
    },
    {
      "type": "oscillation",
      "frequencies": [
        3.906248915626821,
        35.15624024064139,
        42.96873807189503,
        62.49998265002914,
        78.12497831253643,
        93.7499739750437,
        105.46872072192417,
        121.09371638443146,
        132.81246313131192,
        144.53120987819239,
        167.96870337195332,
        175.78120120320696,
        183.5936990344606,
        203.1249436125947,
        214.84369035947518,
        238.2811838532361,
        249.99993060011656,
        273.4374240938775,
        289.06241975638477,
        300.78116650326524,
        320.3124110813993,
        339.84365565953345,
        351.5624024064139,
        363.2811491532944,
        374.9998959001748,
        386.7186426470553,
        394.53114047830894,
        410.1561361408162,
        429.68738071895035,
        445.3123763814576,
        468.74986987521856,
        488.28111445335264
      ],
      "power": [
        2.363922418788005e-10,
        3.0135482119993387e-11,
        3.3580674161860515e-11,
        2.0987749491078863e-11,
        3.162307200778864e-11,
        1.6033163923847028e-11,
        2.934350805168115e-11,
        2.264754048629215e-11,
        2.6949817934640366e-11,
        2.7702855083274284e-11,
        4.5279636365343285e-11,
        3.5773854948281546e-11,
        3.1972557762304394e-11,
        4.546475756711869e-11,
        1.6672204008698956e-11,
        3.7459335447379913e-11,
        1.736038152864114e-11,
        5.1991957805149676e-11,
        3.238124458127156e-11,
        3.200111539315055e-11,
        3.185952708104302e-11,
        1.9781881296987947e-11,
        1.914897428890082e-11,
        2.053209713774282e-11,
        2.911147978379077e-11,
        1.873576186442803e-11,
        1.0402246286869353e-11,
        1.637019810484379e-11,
        2.5532794125209798e-11,
        2.43594492864191e-11,
        2.93215079949129e-11,
        4.5755410622102e-11
      ],
      "confidence": 0.7
    }
  ]
}