{
  "chunk": 1900,
  "total_chunks": 3600,
  "patterns_found": 2,
  "start_time": 1899.0005275001465,
  "end_time": 1899.9995277776468,
  "patterns": [
    {
      "type": "spike",
      "count": 20,
      "times": [
        1899.0025275007022,
        1899.0055275015354,
        1899.016527504591,
        1899.0185275051467,
        1899.025527507091,
        1899.0285275079243,
        1899.0555275154245,
        1899.0605275168134,
        1899.0955275265355,
        1899.1045275290355,
        1899.863527739869,
        1899.8845277457021,
        1899.9265277573688,
        1899.9525277645912,
        1899.9555277654244,
        1899.9685277690355,
        1899.980527772369,
        1899.9825277729244,
        1899.9885277745911,
        1899.9925277757022
      ],
      "amplitudes": [
        0.001145179931156904,
        0.001146017267894439,
        0.001100960498310607,
        0.0011385224496496189,
        0.0010883127273233068,
        0.0013009909289365788,
        0.0011076674248657345,
        0.001057664903493222,
        0.0010817216480504123,
        0.0010813900063309245,
        0.0010996088902068578,
        0.001063926840936903,
        0.0010991781372721823,
        0.0010631949788190702,
        0.001073314042388408,
        0.001130454564479775,
        0.0010671691630364582,
        0.0010686263540880738,
        0.0011615644270309053,
        0.0011781324928132734
      ],
      "confidence": 0.8
    },
    {
      "type": "oscillation",
      "frequencies": [
        3.906248914738643,
        23.43749348843186,
        35.15624023264779,
        58.59373372107965,
        74.21872938003422,
        85.93747612425015,
        101.56247178320473,
        117.1874674421593,
        128.90621418637522,
        152.3437076748071,
        164.06245441902303,
        191.40619682219352,
        203.12494356640946,
        226.5624370548413,
        246.0936816285345,
        261.7186772874891,
        273.437424031705,
        285.15617077592094,
        312.49991317909144,
        339.843655582262,
        355.46865124121655,
        363.2811490706938,
        378.9061447296484,
        390.6248914738643,
        414.06238496229616,
        425.7811317065121,
        437.49987845072803,
        449.21862519494397,
        457.0311230244213,
        464.8436208538985,
        472.65611868337584,
        492.187363257069
      ],
      "power": [
        3.338819363491776e-10,
        1.1683177107841351e-11,
        4.3225454213821466e-11,
        3.2569231419578925e-11,
        2.0624138361613844e-11,
        2.2404736621793982e-11,
        2.5700546243711763e-11,
        3.3661482226161725e-11,
        2.0102099668060538e-11,
        3.297312611710896e-11,
        3.070059939656917e-11,
        2.8889046539320226e-11,
        1.0829796937879719e-11,
        5.0088921478918e-11,
        1.3932267545504614e-11,
        4.1172372336337936e-11,
        2.1948283795526346e-11,
        2.2301259606791857e-11,
        2.8679134857110478e-11,
        2.2445142828715198e-11,
        1.8666717570477517e-11,
        1.1568641194843326e-11,
        2.6165903381922655e-11,
        3.232194227983863e-11,
        4.1482787597587775e-11,
        2.8765668789037225e-11,
        1.8306329203818414e-11,
        1.878183505963434e-11,
        1.8359880957999485e-11,
        2.143734096477211e-11,
        3.3245235242763025e-11,
        2.924638711566787e-11
      ],
      "confidence": 0.7
    }
  ]
}