{
  "chunk": 734,
  "total_chunks": 3600,
  "patterns_found": 2,
  "start_time": 733.0002036111678,
  "end_time": 733.9992038886678,
  "patterns": [
    {
      "type": "spike",
      "count": 25,
      "times": [
        733.0072036131122,
        733.0102036139455,
        733.0162036156122,
        733.0182036161677,
        733.0202036167233,
        733.0232036175566,
        733.0302036195011,
        733.0362036211677,
        733.0402036222788,
        733.0502036250566,
        733.0552036264455,
        733.0722036311677,
        733.0862036350566,
        733.1082036411677,
        733.9182038661678,
        733.9472038742233,
        733.9512038753345,
        733.9572038770011,
        733.96220387839,
        733.97120388089,
        733.9782038828345,
        733.9832038842234,
        733.9922038867234,
        733.9942038872789,
        733.99820388839
      ],
      "amplitudes": [
        0.0010565483309632584,
        0.0010620484523366043,
        0.001054769250794704,
        0.0010944824946675425,
        0.001150133022094948,
        0.0011115926076752046,
        0.0011595069696864848,
        0.0011635557317392691,
        0.001136402032603243,
        0.0010726043624180264,
        0.0010825668488165458,
        0.0011059650171681686,
        0.0011205618994640824,
        0.0010716338998504992,
        0.0010921961914622433,
        0.0011817218760090584,
        0.0010759276728958501,
        0.001053603363886323,
        0.001147329034902086,
        0.0010706520771753582,
        0.0011705092517000138,
        0.0010622251001921362,
        0.0010992192418764367,
        0.001092702684607701,
        0.0010723246569488971
      ],
      "confidence": 0.8
    },
    {
      "type": "oscillation",
      "frequencies": [
        3.906248915182732,
        27.343742406279123,
        39.06248915182732,
        50.78123589737552,
        70.31248047328917,
        82.03122721883737,
        101.56247179475103,
        109.37496962511649,
        121.0937163706647,
        136.71871203139563,
        148.43745877694383,
        164.06245443767475,
        187.49994792877112,
        195.3124457591366,
        210.93744141986753,
        226.56243708059844,
        249.99993057169485,
        257.81242840206033,
        285.1561708083394,
        300.78116646907034,
        312.4999132146186,
        328.1249088753495,
        343.7499045360804,
        355.46865128162864,
        363.28114911199407,
        371.09364694235956,
        386.7186426030905,
        398.43738934863865,
        406.24988717900413,
        437.49987850046597,
        460.9373719915624,
        468.74986982192786,
        488.2811143978415
      ],
      "power": [
        3.961121970178546e-10,
        2.6169565929963274e-11,
        2.7937671533748396e-11,
        4.1166090164620545e-11,
        3.8635974199186744e-11,
        2.0363429962081263e-11,
        3.4465617378265805e-11,
        3.609004867783528e-11,
        2.920529269825789e-11,
        2.7329366013806465e-11,
        1.7824540951104236e-11,
        2.7662892070855823e-11,
        3.1312478758241534e-11,
        3.474064181516478e-11,
        4.670212711483653e-11,
        2.8285036738409364e-11,
        3.714896824767403e-11,
        2.5899829457691784e-11,
        2.2630954453420887e-11,
        1.4721891435154092e-11,
        2.527865342539017e-11,
        3.088126176763752e-11,
        2.7458651121827643e-11,
        2.7519831851476783e-11,
        2.8113744079634636e-11,
        1.7575823097438782e-11,
        2.3499174999415812e-11,
        2.5199854117919592e-11,
        4.241062772793002e-11,
        1.6218347769099734e-11,
        2.932352639133401e-11,
        2.877552608491826e-11,
        1.8986937000253405e-11
      ],
      "confidence": 0.7
    }
  ]
}