{
  "chunk": 1360,
  "total_chunks": 3600,
  "patterns_found": 2,
  "start_time": 1359.0003775001048,
  "end_time": 1359.999377777605,
  "patterns": [
    {
      "type": "spike",
      "count": 16,
      "times": [
        1359.0083775023272,
        1359.0113775031605,
        1359.0153775042716,
        1359.0223775062161,
        1359.0283775078826,
        1359.031377508716,
        1359.050377513994,
        1359.081377522605,
        1359.8623777395494,
        1359.9333777592717,
        1359.9613777670495,
        1359.9663777684384,
        1359.9743777706606,
        1359.9843777734384,
        1359.9883777745495,
        1359.9923777756605
      ],
      "amplitudes": [
        0.0010873053268939698,
        0.0010402913858617753,
        0.001063514877488925,
        0.0011166892242627402,
        0.0010615884605905436,
        0.00115864780041427,
        0.001037671302816388,
        0.0010706994487123484,
        0.0010680373520013631,
        0.001071973795048753,
        0.001076053668369666,
        0.0010517829333129415,
        0.0010379729551558208,
        0.0011799834143807956,
        0.0010417347599050563,
        0.0010872128246388923
      ],
      "confidence": 0.8
    },
    {
      "type": "oscillation",
      "frequencies": [
        3.906248914738643,
        11.71874674421593,
        31.249991317909146,
        42.96873806212508,
        50.781235891602364,
        70.31248046529558,
        78.12497829477286,
        85.93747612425015,
        93.74997395372743,
        113.28121852742065,
        132.81246310111388,
        144.5312098453298,
        160.15620550428437,
        175.78120116323893,
        195.31244573693215,
        222.65618814010267,
        246.0936816285345,
        257.81242837275045,
        265.62492620222775,
        273.437424031705,
        281.2499218611823,
        292.96866860539825,
        308.5936642643528,
        328.12490883804605,
        343.7499044970006,
        355.46865124121655,
        363.2811490706938,
        371.0936469001711,
        382.81239364438704,
        406.2498871328189,
        425.7811317065121,
        437.49987845072803,
        445.31237628020534,
        480.4686165128531,
        496.0936121718077
      ],
      "power": [
        2.862386648435752e-10,
        3.578881663444825e-11,
        2.5020963092951925e-11,
        2.3275120295925014e-11,
        2.207923150380978e-11,
        2.0422833097531292e-11,
        2.5054329239602372e-11,
        2.6401812456103677e-11,
        3.396795316030959e-11,
        2.7517094314221007e-11,
        2.5282125979001915e-11,
        2.491077537421694e-11,
        2.5488272060850642e-11,
        1.22326887314951e-11,
        2.5908565894418505e-11,
        2.474078695211633e-11,
        2.5261934871242043e-11,
        1.676124526944661e-11,
        1.4077618190642715e-11,
        1.3820907498168463e-11,
        1.8087188042522778e-11,
        2.252727424638021e-11,
        4.25614982148681e-11,
        1.5169136069412748e-11,
        2.849920212916072e-11,
        2.6370060129692437e-11,
        3.6813593322318053e-11,
        2.1773711716169568e-11,
        2.4411493140327855e-11,
        3.69715116698011e-11,
        2.2409413753796222e-11,
        2.1858818753317115e-11,
        2.7870000785026277e-11,
        3.908053276426984e-11,
        1.8563925633038404e-11
      ],
      "confidence": 0.7
    }
  ]
}