{
  "chunk": 2957,
  "total_chunks": 3600,
  "patterns_found": 2,
  "start_time": 2956.0008211113395,
  "end_time": 2956.9998213888393,
  "patterns": [
    {
      "type": "spike",
      "count": 5,
      "times": [
        2956.348821208006,
        2956.371821214395,
        2956.443821234395,
        2956.5548212652284,
        2956.6508212918948
      ],
      "amplitudes": [
        0.0016880337108496092,
        0.0017221278624770728,
        0.0017877764029780039,
        0.0016871070980034222,
        0.0016884705935216147
      ],
      "confidence": 0.8
    },
    {
      "type": "oscillation",
      "frequencies": [
        3.906248915626821,
        15.624995662507285,
        42.96873807189503,
        50.781235903148676,
        62.49998265002914,
        70.31248048128278,
        78.12497831253643,
        93.7499739750437,
        101.56247180629735,
        113.28121855317781,
        128.9062142156851,
        140.62496096256555,
        148.43745879381922,
        171.87495228758013,
        179.68745011883377,
        191.40619686571424,
        214.84369035947518,
        222.6561881907288,
        242.18743276886292,
        265.62492626262383,
        281.2499219251311,
        289.06241975638477,
        304.68741541889204,
        316.4061621657725,
        328.124908912653,
        339.84365565953345,
        355.4686513220407,
        371.093646984548,
        378.90614481580167,
        390.62489156268214,
        402.3436383095626,
        414.062385056443,
        429.68738071895035,
        441.4061274658308,
        468.74986987521856,
        480.46861662209903,
        492.18736336897945
      ],
      "power": [
        3.045554240386305e-10,
        1.2352131988918981e-11,
        2.924633747612041e-11,
        2.0885089041875958e-11,
        1.565504550349819e-11,
        1.6426445813793e-11,
        1.9233806905278383e-11,
        2.6431415046485804e-11,
        2.705995951473404e-11,
        2.4641202253689028e-11,
        1.6272375784047076e-11,
        2.4392519616739877e-11,
        2.642476433870322e-11,
        3.506213904459808e-11,
        2.694158584821773e-11,
        1.7286939027020494e-11,
        2.5666044649761685e-11,
        2.423653056535657e-11,
        2.4562768699796732e-11,
        3.8686862597145874e-11,
        4.4049383451406114e-11,
        3.6380938229817897e-11,
        2.916045322592172e-11,
        2.9808658614830495e-11,
        2.9004017915994018e-11,
        3.161422940939382e-11,
        2.8798035659953728e-11,
        1.5910134736966143e-11,
        1.5106009830746084e-11,
        1.8939247038390618e-11,
        2.322759885224624e-11,
        2.044575470418623e-11,
        2.9654863819815886e-11,
        3.921394077045769e-11,
        2.5331317584216224e-11,
        2.020030132609771e-11,
        1.667284432159603e-11
      ],
      "confidence": 0.7
    }
  ]
}