{
  "chunk": 1130,
  "total_chunks": 3600,
  "patterns_found": 2,
  "start_time": 1129.0003136111982,
  "end_time": 1129.9993138886985,
  "patterns": [
    {
      "type": "spike",
      "count": 19,
      "times": [
        1129.0033136120317,
        1129.005313612587,
        1129.014313615087,
        1129.0163136156427,
        1129.019313616476,
        1129.0253136181427,
        1129.037313621476,
        1129.0443136234205,
        1129.0623136284205,
        1129.0793136331426,
        1129.087313635365,
        1129.9043138623094,
        1129.9453138736983,
        1129.973313881476,
        1129.9773138825872,
        1129.9843138845317,
        1129.9863138850872,
        1129.991313886476,
        1129.9973138881428
      ],
      "amplitudes": [
        0.0012045009003068784,
        0.001068336670535499,
        0.0010704008112765514,
        0.0010818866751880628,
        0.001107306632020308,
        0.0010545335254312214,
        0.001062293908490853,
        0.001066696210217602,
        0.0012467091784090722,
        0.0010549466859756398,
        0.001185825807316818,
        0.0010648256594820824,
        0.0011401050760242184,
        0.0011129803541706413,
        0.0011239278396496083,
        0.0010511459444475743,
        0.00107741548986872,
        0.0011040056571115359,
        0.0011375624294551834
      ],
      "confidence": 0.8
    },
    {
      "type": "oscillation",
      "frequencies": [
        3.906248914738643,
        19.531244573693215,
        31.249991317909146,
        46.87498697686372,
        58.59373372107965,
        66.40623155055694,
        85.93747612425015,
        97.65622286846607,
        109.37496961268201,
        121.09371635689794,
        136.7187120158525,
        144.5312098453298,
        156.24995658954572,
        164.06245441902303,
        183.59369899271624,
        199.2186946516708,
        207.03119248114808,
        218.74993922536402,
        230.46868596957995,
        238.28118379905723,
        249.99993054327317,
        273.437424031705,
        285.15617077592094,
        292.96866860539825,
        308.5936642643528,
        320.31241100856874,
        332.0311577527847,
        339.843655582262,
        347.65615341173924,
        363.2811490706938,
        374.99989581490973,
        382.81239364438704,
        398.4373893033416,
        410.15613604755754,
        417.96863387703485,
        433.5936295359894,
        445.31237628020534,
        460.9373719391599,
        468.7498697686372,
        484.37486542759177
      ],
      "power": [
        3.148423812988934e-10,
        3.3854442967964203e-11,
        4.804698785751393e-11,
        2.8697901790336542e-11,
        1.8749075975148644e-11,
        2.3307750662350996e-11,
        2.5617252513431418e-11,
        3.4921098149829617e-11,
        2.4601121875198126e-11,
        2.1621709095413067e-11,
        2.0016861303455776e-11,
        2.292059334254752e-11,
        1.9915278684800736e-11,
        2.9767612874005383e-11,
        1.6445748771177525e-11,
        1.5623810234207588e-11,
        2.3906980495211684e-11,
        2.8049002024039017e-11,
        2.1561963975978685e-11,
        3.804904619948778e-11,
        2.9291504796133266e-11,
        1.6996019092128202e-11,
        2.3150247024725465e-11,
        3.002086337604541e-11,
        1.4260942016907537e-11,
        1.468596163226614e-11,
        1.3525524428418157e-11,
        1.537354320375701e-11,
        1.9234609845374453e-11,
        2.73385857136927e-11,
        2.6905256745476092e-11,
        2.621729062329162e-11,
        2.587249213161987e-11,
        3.996438500662839e-11,
        3.066603151372272e-11,
        1.8512497885365475e-11,
        5.283003814894381e-11,
        1.7062453264608074e-11,
        3.77662296336156e-11,
        4.442672810693098e-11
      ],
      "confidence": 0.7
    }
  ]
}