{
  "chunk": 891,
  "total_chunks": 3600,
  "patterns_found": 2,
  "start_time": 890.0002472222909,
  "end_time": 890.9992474997911,
  "patterns": [
    {
      "type": "spike",
      "count": 5,
      "times": [
        890.4022473339577,
        890.4532473481244,
        890.5252473681243,
        890.5422473728465,
        890.5652473792354
      ],
      "amplitudes": [
        0.0017376814418335299,
        0.0016949814639790144,
        0.001726786839546919,
        0.0017287726009161675,
        0.001688595859904184
      ],
      "confidence": 0.8
    },
    {
      "type": "oscillation",
      "frequencies": [
        3.906248914738643,
        27.343742403170502,
        42.96873806212508,
        50.781235891602364,
        74.21872938003422,
        97.65622286846607,
        132.81246310111388,
        140.62496093059116,
        156.24995658954572,
        171.8749522485003,
        195.31244573693215,
        214.8436903106254,
        230.46868596957995,
        242.18743271379589,
        253.90617945801182,
        277.3436729464437,
        289.0624196906596,
        304.6874153496142,
        320.31241100856874,
        335.9374066675233,
        351.56240232647787,
        371.0936469001711,
        394.531140388603,
        410.15613604755754,
        421.8748827917735,
        449.21862519494397,
        464.8436208538985,
        480.4686165128531,
        488.2811143423304,
        496.0936121718077
      ],
      "power": [
        3.194815596099444e-10,
        3.2569323320689814e-11,
        2.6472605980042774e-11,
        2.4857684919798797e-11,
        3.4838774898713656e-11,
        2.9806310513774617e-11,
        1.575710534496527e-11,
        9.76441274430329e-12,
        3.433106243343036e-11,
        3.260271399042694e-11,
        3.082632552147616e-11,
        3.55078465914816e-11,
        2.6834993422973025e-11,
        1.5794097804797998e-11,
        2.1366364306319826e-11,
        6.010238779251619e-11,
        3.574026215443263e-11,
        2.2290027842868856e-11,
        2.3083318576087655e-11,
        3.083807280125774e-11,
        2.1905921609926897e-11,
        2.753973390797968e-11,
        2.4616382491779496e-11,
        2.2615845063752927e-11,
        3.136952626959689e-11,
        2.945124733742398e-11,
        2.239510553101575e-11,
        1.0783079796090427e-11,
        2.8407502756082252e-11,
        2.2654549325017215e-11
      ],
      "confidence": 0.7
    }
  ]
}