{
  "chunk": 3538,
  "total_chunks": 3600,
  "patterns_found": 2,
  "start_time": 3537.000982500273,
  "end_time": 3537.9999827777733,
  "patterns": [
    {
      "type": "spike",
      "count": 27,
      "times": [
        3537.0029825008287,
        3537.0099825027733,
        3537.0129825036065,
        3537.0159825044398,
        3537.0179825049954,
        3537.02498250694,
        3537.0399825111062,
        3537.04298251194,
        3537.050982514162,
        3537.0529825147178,
        3537.054982515273,
        3537.064982518051,
        3537.1219825338844,
        3537.8279827299953,
        3537.8809827447176,
        3537.9179827549956,
        3537.9259827572178,
        3537.93398275944,
        3537.9459827627734,
        3537.9489827636066,
        3537.9629827674953,
        3537.9689827691623,
        3537.9719827699955,
        3537.9799827722177,
        3537.985982773884,
        3537.991982775551,
        3537.995982776662
      ],
      "amplitudes": [
        0.001065589238715465,
        0.001125463846534864,
        0.001087010128305743,
        0.0011863473992568376,
        0.0010547415146210499,
        0.0012221486429842866,
        0.0011135302999419198,
        0.0011463742951906923,
        0.0011292365157766027,
        0.0010552899752498998,
        0.0010577177264173314,
        0.0010498158975086496,
        0.0010750705535953514,
        0.001059260140540033,
        0.0010852088631422628,
        0.0010635570508056183,
        0.0010494944351524418,
        0.0010568298330187566,
        0.0011077472555905846,
        0.0011289694855374198,
        0.0011148028071463864,
        0.0011419912643008264,
        0.001081855481845349,
        0.0010552080563140354,
        0.0010849717958564592,
        0.0010818538277735839,
        0.001063434398692717
      ],
      "confidence": 0.8
    },
    {
      "type": "oscillation",
      "frequencies": [
        3.9062489138504652,
        27.343742396953257,
        35.156240224654184,
        42.96873805235512,
        50.781235880056045,
        62.499982621607444,
        74.21872936315884,
        89.8437250185607,
        113.28121850166349,
        124.99996524321489,
        140.62496089861673,
        148.4374587263177,
        164.06245438171953,
        179.6874500371214,
        187.49994786482233,
        203.12494352022418,
        214.84369026177558,
        230.46868591717745,
        238.28118374487838,
        246.0936815725793,
        261.7186772279812,
        277.343672883383,
        300.7811663664858,
        320.31241093573817,
        332.03115767728957,
        355.4686511603923,
        378.9061446434951,
        390.6248913850465,
        402.3436381265979,
        414.0623848681493,
        433.59362943740166,
        453.12487400665395,
        460.9373718343549,
        476.56236748975675,
        484.3748653174577,
        496.0936120590091
      ],
      "power": [
        3.5417082545558123e-10,
        2.302858572685672e-11,
        2.3662218060701935e-11,
        1.7529633509009698e-11,
        2.849307398256758e-11,
        2.6305287580546833e-11,
        3.003993447902722e-11,
        4.268344859752783e-11,
        3.194314058365698e-11,
        1.4633833468634334e-11,
        1.747625203525598e-11,
        1.757910587270364e-11,
        2.191076574741111e-11,
        3.830603869786214e-11,
        5.969967505073269e-11,
        4.226717995557647e-11,
        4.5361685116458e-11,
        1.6867918246154115e-11,
        2.1491178322634356e-11,
        2.199391825472367e-11,
        2.5806281524910494e-11,
        4.5198818651369996e-11,
        2.2189616663850677e-11,
        2.497470192099905e-11,
        2.0051123307587944e-11,
        3.672222676353711e-11,
        2.548806956641753e-11,
        2.248330832232711e-11,
        2.2939773447142906e-11,
        2.4674796281837195e-11,
        3.416060299494968e-11,
        2.5751708902327156e-11,
        2.8736381648158973e-11,
        1.4986359197964686e-11,
        1.4589185900734882e-11,
        3.441667783786256e-11
      ],
      "confidence": 0.7
    }
  ]
}