{
  "chunk": 365,
  "total_chunks": 3600,
  "patterns_found": 2,
  "start_time": 364.0001011111392,
  "end_time": 364.9991013886393,
  "patterns": [
    {
      "type": "spike",
      "count": 10,
      "times": [
        364.3471012075281,
        364.36810121336146,
        364.3711012141948,
        364.4431012341948,
        364.45210123669483,
        364.5291012580837,
        364.5381012605837,
        364.5841012733615,
        364.5871012741948,
        364.6891013025282
      ],
      "amplitudes": [
        0.0017114325293431736,
        0.0016937988132354259,
        0.001742553604297131,
        0.0016859807250500748,
        0.0017116315614780827,
        0.001691916066621581,
        0.0018020945801554104,
        0.0017508805294379555,
        0.0017504595643624437,
        0.00168363474893194
      ],
      "confidence": 0.8
    },
    {
      "type": "oscillation",
      "frequencies": [
        3.906248914960688,
        31.249991319685503,
        50.781235894488944,
        66.4062315543317,
        74.21872938425307,
        89.84372504409582,
        105.46872070393857,
        121.09371636378133,
        136.71871202362408,
        156.2499565984275,
        164.0624544283489,
        179.68745008819164,
        187.499947918113,
        199.2186946629951,
        226.56243706771988,
        246.09368164252334,
        253.9061794724447,
        261.7186773023661,
        296.87491753701227,
        308.59366428189435,
        328.1249088566978,
        339.8436556015798,
        351.5624023464619,
        363.281149091344,
        371.09364692126536,
        382.8123936661474,
        414.0623849858329,
        429.68738064567566,
        449.2186252204791,
        457.0311230504005,
        472.6561187102432,
        484.3748654551253,
        496.0936122000073
      ],
      "power": [
        3.351814940842482e-10,
        2.755926386262831e-11,
        1.8586423612596346e-11,
        2.0791507902617143e-11,
        2.0530862259582042e-11,
        2.595834951240728e-11,
        3.5958286023763823e-11,
        3.345794131654073e-11,
        2.384356609330703e-11,
        2.4401935759079676e-11,
        2.2338668093254113e-11,
        3.4072498092347587e-11,
        4.524131212629975e-11,
        2.360296519134245e-11,
        2.2737906608532423e-11,
        3.1020409231414494e-11,
        3.3532145717676127e-11,
        2.7943429960705304e-11,
        2.2472903936344494e-11,
        2.279320437662038e-11,
        4.3797478933708465e-11,
        2.921276776769608e-11,
        1.694326028504697e-11,
        2.5439449944286672e-11,
        1.803992374441731e-11,
        2.1213858170433526e-11,
        2.45996738230784e-11,
        1.5385296281561614e-11,
        1.942537589346262e-11,
        3.6266344963761215e-11,
        2.720455679089729e-11,
        3.525045238331003e-11,
        3.6102707293050053e-11
      ],
      "confidence": 0.7
    }
  ]
}