{
  "chunk": 1872,
  "total_chunks": 3600,
  "patterns_found": 2,
  "start_time": 1871.0005197223668,
  "end_time": 1871.9995199998668,
  "patterns": [
    {
      "type": "spike",
      "count": 24,
      "times": [
        1871.0025197229222,
        1871.0055197237555,
        1871.0135197259779,
        1871.016519726811,
        1871.0235197287557,
        1871.0295197304222,
        1871.0365197323667,
        1871.0405197334778,
        1871.0595197387556,
        1871.0745197429223,
        1871.079519744311,
        1871.9265199795889,
        1871.9315199809778,
        1871.9485199857002,
        1871.9505199862556,
        1871.9645199901445,
        1871.9685199912556,
        1871.9705199918112,
        1871.9725199923669,
        1871.9755199932001,
        1871.9795199943112,
        1871.9885199968112,
        1871.9955199987558,
        1871.998519999589
      ],
      "amplitudes": [
        0.0011254660363599679,
        0.0011667149275960587,
        0.0011636496115807766,
        0.001077199741943553,
        0.0011299237433666082,
        0.0011227038937257194,
        0.0011203397632447672,
        0.001067362750316262,
        0.0010817866842034887,
        0.001103088660525551,
        0.0011079321937530519,
        0.001064980720449902,
        0.0011050318925763065,
        0.0011077721555125969,
        0.0011868703857472373,
        0.001061829210601525,
        0.001081911752393105,
        0.0010747995927058965,
        0.0010825750648947008,
        0.0011320385180129797,
        0.001144962642038263,
        0.0010937420903139948,
        0.0010638539676003362,
        0.0011809244101029564
      ],
      "confidence": 0.8
    },
    {
      "type": "oscillation",
      "frequencies": [
        3.906248915626821,
        11.718746746880463,
        23.437493493760925,
        31.24999132501457,
        39.062489156268214,
        58.59373373440232,
        74.21872939690961,
        82.03122722816325,
        101.56247180629735,
        121.09371638443146,
        128.9062142156851,
        140.62496096256555,
        164.0624544563265,
        179.68745011883377,
        195.31244578134107,
        207.0311925282215,
        214.84369035947518,
        226.56243710635562,
        242.18743276886292,
        261.718677346997,
        269.53117517825063,
        285.15617084075797,
        296.87491758763844,
        304.68741541889204,
        316.4061621657725,
        339.84365565953345,
        363.2811491532944,
        382.8123937314285,
        410.1561361408162,
        425.7811318033235,
        437.49987855020396,
        449.21862529708443,
        457.0311231283381,
        464.8436209595917,
        476.5623677064722,
        488.28111445335264,
        496.0936122846063
      ],
      "power": [
        2.914518782011867e-10,
        2.351940117996871e-11,
        1.8555830994787705e-11,
        1.756091366304333e-11,
        2.0056134696667462e-11,
        3.140241584317128e-11,
        1.4330788114470563e-11,
        2.179312599392152e-11,
        4.0498332032218674e-11,
        2.3049100407574333e-11,
        1.9390332496366326e-11,
        2.1176769487211088e-11,
        4.1090156599186723e-11,
        2.538014570566912e-11,
        2.8109009250648838e-11,
        2.131849127927033e-11,
        1.596424052859159e-11,
        3.2628191177248996e-11,
        4.686085735968771e-11,
        2.2486129329223115e-11,
        1.7349659449058897e-11,
        3.672214790295814e-11,
        1.3145142154471569e-11,
        3.3501656428515094e-11,
        2.391243061920049e-11,
        3.584998957179646e-11,
        3.238927821229509e-11,
        2.3818277897745347e-11,
        1.974775254017247e-11,
        3.93584945484442e-11,
        1.756504741319012e-11,
        1.594841847528593e-11,
        1.322515816697566e-11,
        1.8393658911420698e-11,
        3.745697135339136e-11,
        3.3003546323344605e-11,
        1.2106301523669085e-11
      ],
      "confidence": 0.7
    }
  ]
}