{
  "chunk": 2042,
  "total_chunks": 3600,
  "patterns_found": 2,
  "start_time": 2041.000566944602,
  "end_time": 2041.999567222102,
  "patterns": [
    {
      "type": "spike",
      "count": 17,
      "times": [
        2041.0125669479353,
        2041.0155669487688,
        2041.0175669493242,
        2041.0215669504353,
        2041.0255669515466,
        2041.0355669543242,
        2041.0515669587687,
        2041.162566989602,
        2041.877567188213,
        2041.9125671979355,
        2041.9455672071022,
        2041.9545672096021,
        2041.9575672104354,
        2041.9605672112689,
        2041.9755672154354,
        2041.977567215991,
        2041.9875672187688
      ],
      "amplitudes": [
        0.0010540672301772428,
        0.001125079889697831,
        0.0012016339541511022,
        0.0011601271687015776,
        0.0011391006290558537,
        0.001071539807360151,
        0.0010483442606074446,
        0.0010474151849422194,
        0.0011231472205350864,
        0.0010602302875413199,
        0.0011672885633475614,
        0.0010732991543594818,
        0.0010563774282869715,
        0.0010489186690030364,
        0.0011891590603120862,
        0.001096236477153948,
        0.0011464738625738765
      ],
      "confidence": 0.8
    },
    {
      "type": "oscillation",
      "frequencies": [
        3.906248914738643,
        15.624995658954573,
        39.06248914738643,
        58.59373372107965,
        78.12497829477286,
        85.93747612425015,
        97.65622286846607,
        113.28121852742065,
        124.99996527163658,
        136.7187120158525,
        156.24995658954572,
        175.78120116323893,
        191.40619682219352,
        199.2186946516708,
        207.03119248114808,
        214.8436903106254,
        242.18743271379589,
        257.81242837275045,
        273.437424031705,
        285.15617077592094,
        292.96866860539825,
        300.7811664348755,
        312.49991317909144,
        328.12490883804605,
        351.56240232647787,
        374.99989581490973,
        390.6248914738643,
        402.34363821808023,
        414.06238496229616,
        425.7811317065121,
        441.40612736546666,
        457.0311230244213,
        472.65611868337584,
        480.4686165128531,
        492.187363257069
      ],
      "power": [
        2.874194991315126e-10,
        3.76493456383682e-11,
        2.6422375808087464e-11,
        3.487806524897458e-11,
        2.9065811614570934e-11,
        3.088706605587355e-11,
        1.8120409865304325e-11,
        2.633797226730152e-11,
        1.953189354562959e-11,
        4.8337835167715524e-11,
        1.946353748035465e-11,
        5.67256698536042e-11,
        3.118532322756219e-11,
        2.7784716243130598e-11,
        1.483983546259332e-11,
        2.6249423650248973e-11,
        1.3722988326173536e-11,
        3.1637494445024696e-11,
        1.3692694024032619e-11,
        2.138253911208387e-11,
        2.141796043415249e-11,
        2.3679563482801855e-11,
        2.586713503598991e-11,
        3.565720401369811e-11,
        2.5708577589178284e-11,
        2.4714394519455716e-11,
        1.3600654922640919e-11,
        1.975030366200902e-11,
        2.1052509471501517e-11,
        2.6602043732714765e-11,
        1.9499317137079738e-11,
        2.985712686390319e-11,
        1.666320976672963e-11,
        2.7665224856687543e-11,
        1.8489268479600818e-11
      ],
      "confidence": 0.7
    }
  ]
}