{
  "chunk": 1090,
  "total_chunks": 3600,
  "patterns_found": 2,
  "start_time": 1089.000302500084,
  "end_time": 1089.9993027775843,
  "patterns": [
    {
      "type": "spike",
      "count": 19,
      "times": [
        1089.0033025009175,
        1089.0063025017507,
        1089.0123025034175,
        1089.0153025042507,
        1089.0183025050842,
        1089.0313025086953,
        1089.0393025109174,
        1089.0493025136952,
        1089.0533025148063,
        1089.0603025167507,
        1089.0633025175841,
        1089.0883025245284,
        1089.906302751751,
        1089.915302754251,
        1089.941302761473,
        1089.973302770362,
        1089.9893027748064,
        1089.9923027756397,
        1089.995302776473
      ],
      "amplitudes": [
        0.0010847412992409883,
        0.0011209828975458844,
        0.0010986497544937107,
        0.001050397503252679,
        0.0010568148634725828,
        0.0010455643336055136,
        0.0010571986611322512,
        0.0010681678922992049,
        0.0011315582803163406,
        0.001159505112668163,
        0.001164699041594163,
        0.0010969996723800269,
        0.0011514959306793465,
        0.0010924629876388398,
        0.0010516965997058728,
        0.0010485696261200062,
        0.0011432326700802015,
        0.001095248836479561,
        0.0010854070205455568
      ],
      "confidence": 0.8
    },
    {
      "type": "oscillation",
      "frequencies": [
        3.906248914738643,
        19.531244573693215,
        31.249991317909146,
        46.87498697686372,
        66.40623155055694,
        93.74997395372743,
        109.37496961268201,
        121.09371635689794,
        144.5312098453298,
        156.24995658954572,
        167.96870333376165,
        183.59369899271624,
        191.40619682219352,
        214.8436903106254,
        222.65618814010267,
        238.28118379905723,
        253.90617945801182,
        273.437424031705,
        285.15617077592094,
        304.6874153496142,
        312.49991317909144,
        328.12490883804605,
        339.843655582262,
        347.65615341173924,
        359.3749001559552,
        371.0936469001711,
        382.81239364438704,
        394.531140388603,
        402.34363821808023,
        417.96863387703485,
        445.31237628020534,
        453.1248741096826,
        464.8436208538985,
        476.56236759811446,
        488.2811143423304
      ],
      "power": [
        3.6422750293904956e-10,
        1.4831234781572814e-11,
        2.6589919697196524e-11,
        2.2711118370167655e-11,
        3.919147566742988e-11,
        3.488360030449412e-11,
        2.1333993464330522e-11,
        1.94762431910399e-11,
        3.311587581883289e-11,
        2.1332378402056602e-11,
        2.989547371225581e-11,
        2.2956758798938256e-11,
        2.271067430852332e-11,
        2.620095379980772e-11,
        1.830884676946498e-11,
        3.6076569664737e-11,
        2.0375461411567716e-11,
        2.3594319129584278e-11,
        3.0851316615037956e-11,
        2.149662147080017e-11,
        1.9226114647779242e-11,
        1.9545841054927684e-11,
        3.049079910052862e-11,
        3.849026186992893e-11,
        2.0977165951394955e-11,
        2.0331606004650932e-11,
        2.1669880276994475e-11,
        2.5967044830976145e-11,
        2.3887558431984816e-11,
        2.0895510624485034e-11,
        1.663934108796703e-11,
        1.6674670434465886e-11,
        2.3590722861738467e-11,
        1.418274025242687e-11,
        2.037985682391916e-11
      ],
      "confidence": 0.7
    }
  ]
}