{
  "chunk": 3256,
  "total_chunks": 3600,
  "patterns_found": 2,
  "start_time": 3255.000904166918,
  "end_time": 3255.999904444418,
  "patterns": [
    {
      "type": "spike",
      "count": 20,
      "times": [
        3255.005904168307,
        3255.0089041691404,
        3255.012904170251,
        3255.0159041710845,
        3255.0199041721958,
        3255.028904174696,
        3255.032904175807,
        3255.0379041771957,
        3255.07190418664,
        3255.095904193307,
        3255.870904408585,
        3255.9079044188625,
        3255.9269044241405,
        3255.9399044277516,
        3255.9579044327515,
        3255.978904438585,
        3255.981904439418,
        3255.986904440807,
        3255.991904442196,
        3255.9939044427515
      ],
      "amplitudes": [
        0.001107103646941396,
        0.0010527739534378314,
        0.0010560274133105292,
        0.0011777230245003797,
        0.001073618371467304,
        0.0010791844955330954,
        0.0011727122398369975,
        0.0011429319108102831,
        0.001111490717366535,
        0.0011341265779369134,
        0.001071718465318651,
        0.0011545252631343828,
        0.0010960301659453794,
        0.0011720698394048572,
        0.0011354566964204798,
        0.001080482475390554,
        0.0011011023390047484,
        0.0011013641372848693,
        0.0010986361661032753,
        0.001102565799884952
      ],
      "confidence": 0.8
    },
    {
      "type": "oscillation",
      "frequencies": [
        3.906248915626821,
        27.343742409387747,
        42.96873807189503,
        50.781235903148676,
        70.31248048128278,
        78.12497831253643,
        85.93747614379006,
        101.56247180629735,
        121.09371638443146,
        132.81246313131192,
        144.53120987819239,
        156.24995662507285,
        164.0624544563265,
        175.78120120320696,
        187.4999479500874,
        199.21869469696787,
        210.93744144384834,
        222.6561881907288,
        238.2811838532361,
        246.09368168448972,
        273.4374240938775,
        292.9686686720116,
        308.59366433451885,
        316.4061621657725,
        332.0311578282798,
        355.4686513220407,
        382.8123937314285,
        402.3436383095626,
        429.68738071895035,
        449.21862529708443,
        468.74986987521856,
        488.28111445335264,
        496.0936122846063
      ],
      "power": [
        2.985204885910087e-10,
        3.733967204328537e-11,
        2.7464063710324524e-11,
        3.0464121987369784e-11,
        3.5731544734845015e-11,
        2.726223052012738e-11,
        1.9835470553376002e-11,
        3.9000209462870094e-11,
        3.123762065381e-11,
        1.985247522339628e-11,
        2.9248046962752716e-11,
        2.208996040984432e-11,
        1.312639310986728e-11,
        3.426749351541633e-11,
        3.79837377178481e-11,
        2.0456911207084857e-11,
        3.144456480185398e-11,
        2.573414169554175e-11,
        3.1308562053559147e-11,
        3.908062185362682e-11,
        3.332909253843496e-11,
        1.8958937281104945e-11,
        2.302269196931597e-11,
        2.1442604426005214e-11,
        2.743805480980373e-11,
        4.2160060277663796e-11,
        3.48689204252963e-11,
        2.6994502148364323e-11,
        1.8343518386672343e-11,
        2.2009848358608215e-11,
        1.6679787797744425e-11,
        1.4316063636418749e-11,
        1.896813794339524e-11
      ],
      "confidence": 0.7
    }
  ]
}