{
  "chunk": 1337,
  "total_chunks": 3600,
  "patterns_found": 2,
  "start_time": 1336.0003711112142,
  "end_time": 1336.9993713887143,
  "patterns": [
    {
      "type": "spike",
      "count": 6,
      "times": [
        1336.4633712398254,
        1336.519371255381,
        1336.532371258992,
        1336.5433712620477,
        1336.564371267881,
        1336.5903712751033
      ],
      "amplitudes": [
        0.0017030308328802614,
        0.0016855814661832225,
        0.0017463371484524324,
        0.001704636360130428,
        0.001809212875887753,
        0.0017153974408681766
      ],
      "confidence": 0.8
    },
    {
      "type": "oscillation",
      "frequencies": [
        3.906248914738643,
        23.43749348843186,
        35.15624023264779,
        46.87498697686372,
        62.49998263581829,
        78.12497829477286,
        89.8437250389888,
        101.56247178320473,
        113.28121852742065,
        128.90621418637522,
        144.5312098453298,
        167.96870333376165,
        183.59369899271624,
        195.31244573693215,
        207.03119248114808,
        222.65618814010267,
        246.0936816285345,
        257.81242837275045,
        273.437424031705,
        292.96866860539825,
        300.7811664348755,
        316.4061620938301,
        347.65615341173924,
        359.3749001559552,
        371.0936469001711,
        390.6248914738643,
        410.15613604755754,
        425.7811317065121,
        437.49987845072803,
        449.21862519494397,
        460.9373719391599,
        476.56236759811446,
        496.0936121718077
      ],
      "power": [
        3.308900941269996e-10,
        1.4228827552444838e-11,
        2.2871795272801316e-11,
        2.0503675868531228e-11,
        3.225341330460286e-11,
        3.2089664794242225e-11,
        4.731182073233453e-11,
        3.857285180017237e-11,
        3.898617002017935e-11,
        1.7015339707591477e-11,
        3.021502594503896e-11,
        1.723616284477056e-11,
        2.7870117846816377e-11,
        2.7623969451328978e-11,
        3.820002368594897e-11,
        5.343186053199354e-11,
        3.330618285594031e-11,
        2.348088066120032e-11,
        2.0859347621165033e-11,
        3.211949113393813e-11,
        3.2885774363098684e-11,
        3.39896818382789e-11,
        2.073366973658087e-11,
        1.977009289095347e-11,
        4.6864378303819246e-11,
        3.319342453057413e-11,
        2.951231317651281e-11,
        1.2436705387060022e-11,
        2.1501470531418203e-11,
        3.4994458840869e-11,
        1.6559982289686743e-11,
        3.6633901039109924e-11,
        1.463346605657169e-11
      ],
      "confidence": 0.7
    }
  ]
}