{
  "chunk": 1812,
  "total_chunks": 3600,
  "patterns_found": 2,
  "start_time": 1811.0005030556954,
  "end_time": 1811.9995033331954,
  "patterns": [
    {
      "type": "spike",
      "count": 22,
      "times": [
        1811.002503056251,
        1811.0055030570843,
        1811.0095030581954,
        1811.0185030606954,
        1811.0215030615286,
        1811.0235030620843,
        1811.0265030629175,
        1811.0325030645843,
        1811.0355030654175,
        1811.0395030665288,
        1811.0505030695842,
        1811.1335030926398,
        1811.8745032984732,
        1811.9285033134731,
        1811.9365033156955,
        1811.9445033179177,
        1811.9645033234733,
        1811.9685033245844,
        1811.9735033259733,
        1811.9795033276398,
        1811.9815033281955,
        1811.9965033323622
      ],
      "amplitudes": [
        0.0010760753447941016,
        0.0010652167870152946,
        0.0010613698907494702,
        0.0010720679057904113,
        0.0010726706887420315,
        0.001168933858504598,
        0.001176179099807611,
        0.0010957031606475683,
        0.0011481546195135073,
        0.001112609913891839,
        0.0010877046719596818,
        0.0010846324438779963,
        0.0010687841493489628,
        0.0010748805842311472,
        0.001094377560644355,
        0.0010544345030478873,
        0.0011000314027904844,
        0.001097951780038321,
        0.0012346320871974763,
        0.0010617069915066673,
        0.0011279197654599652,
        0.0011011730980920635
      ],
      "confidence": 0.8
    },
    {
      "type": "oscillation",
      "frequencies": [
        3.906248914738643,
        15.624995658954573,
        31.249991317909146,
        46.87498697686372,
        54.687484806341004,
        70.31248046529558,
        89.8437250389888,
        109.37496961268201,
        128.90621418637522,
        148.43745876006844,
        160.15620550428437,
        179.6874500779776,
        199.2186946516708,
        226.5624370548413,
        242.18743271379589,
        257.81242837275045,
        273.437424031705,
        285.15617077592094,
        300.7811664348755,
        312.49991317909144,
        332.0311577527847,
        351.56240232647787,
        371.0936469001711,
        390.6248914738643,
        414.06238496229616,
        429.6873806212508,
        441.40612736546666,
        453.1248741096826,
        464.8436208538985,
        484.37486542759177,
        496.0936121718077
      ],
      "power": [
        2.6315128772421094e-10,
        2.3755147645464348e-11,
        1.4484348349731687e-11,
        2.0585168719550995e-11,
        2.11046407873665e-11,
        2.2597909224200203e-11,
        2.4438061756987688e-11,
        1.954011766206263e-11,
        1.565479202918852e-11,
        1.9959716204399682e-11,
        2.9792805009061536e-11,
        2.0749469710115485e-11,
        4.373021697364564e-11,
        2.2613157793397274e-11,
        4.1817951277955366e-11,
        2.8509077430296735e-11,
        2.738807064616862e-11,
        3.4545175629864936e-11,
        4.2541766220684874e-11,
        2.154679871018175e-11,
        2.929073577431566e-11,
        1.912183770469009e-11,
        2.1783898184901465e-11,
        5.442984531859978e-11,
        1.91997619727199e-11,
        1.7756806547665982e-11,
        1.6217261185950436e-11,
        1.6178359899625364e-11,
        2.7592118661009204e-11,
        2.4545155891985425e-11,
        3.454553164874381e-11
      ],
      "confidence": 0.7
    }
  ]
}