{
  "chunk": 2418,
  "total_chunks": 3600,
  "patterns_found": 2,
  "start_time": 2417.0006713890757,
  "end_time": 2417.9996716665755,
  "patterns": [
    {
      "type": "spike",
      "count": 18,
      "times": [
        2417.003671389909,
        2417.0056713904646,
        2417.0356713987976,
        2417.044671401298,
        2417.0666714074086,
        2417.0726714090756,
        2417.0926714146312,
        2417.917671643798,
        2417.921671644909,
        2417.926671646298,
        2417.931671647687,
        2417.938671649631,
        2417.9426716507423,
        2417.946671651853,
        2417.966671657409,
        2417.9766716601866,
        2417.992671664631,
        2417.9946716651866
      ],
      "amplitudes": [
        0.0010511277143695303,
        0.0010664228536338646,
        0.0010703733024818203,
        0.0010773929618557332,
        0.0010882716099351003,
        0.0010761391334297194,
        0.0010532628634302597,
        0.001054952165941317,
        0.0010706328827515084,
        0.0012588612612785645,
        0.001104044913011014,
        0.0010579032305192046,
        0.001131197521144557,
        0.0012124773512644847,
        0.0010784817774403069,
        0.001065516385805547,
        0.001102225060810017,
        0.0010557628973730754
      ],
      "confidence": 0.8
    },
    {
      "type": "oscillation",
      "frequencies": [
        3.906248915626821,
        11.718746746880463,
        27.343742409387747,
        39.062489156268214,
        46.87498698752185,
        66.40623156565596,
        82.03122722816325,
        93.7499739750437,
        101.56247180629735,
        113.28121855317781,
        140.62496096256555,
        148.43745879381922,
        160.15620554069966,
        171.87495228758013,
        179.68745011883377,
        187.4999479500874,
        207.0311925282215,
        234.37493493760928,
        257.8124284313702,
        269.53117517825063,
        292.9686686720116,
        304.68741541889204,
        328.124908912653,
        351.5624024064139,
        367.1873980689212,
        382.8123937314285,
        394.53114047830894,
        406.2498872251894,
        417.9686339720699,
        425.7811318033235,
        437.49987855020396,
        445.3123763814576,
        460.9373720439649,
        472.65611879084537,
        496.0936122846063
      ],
      "power": [
        2.7517922741257833e-10,
        4.9805796416325434e-11,
        2.1193640921165156e-11,
        1.9618943985099107e-11,
        1.8648807816099224e-11,
        2.932958450620089e-11,
        3.615842699075141e-11,
        2.3603813448705056e-11,
        2.0704958151327313e-11,
        2.8062705230524647e-11,
        2.2749528920691295e-11,
        1.2994569444398887e-11,
        3.163402317631004e-11,
        2.968805451446855e-11,
        3.6647744920961944e-11,
        2.22907006850121e-11,
        1.811986113994287e-11,
        3.2865809851403785e-11,
        2.721005053517369e-11,
        4.625851004490317e-11,
        2.941223101240311e-11,
        2.0516815132008724e-11,
        2.336006901058131e-11,
        1.4428674882251505e-11,
        2.9086016279094148e-11,
        2.7126010582846085e-11,
        2.7900678779569705e-11,
        1.9658386453516736e-11,
        2.1538578080721054e-11,
        2.4886913942932153e-11,
        2.7057112010212234e-11,
        2.6565154147102662e-11,
        2.229599187894663e-11,
        2.5316445870003923e-11,
        2.8518452451856073e-11
      ],
      "confidence": 0.7
    }
  ]
}