{
  "chunk": 2278,
  "total_chunks": 3600,
  "patterns_found": 2,
  "start_time": 2277.000632500176,
  "end_time": 2277.9996327776757,
  "patterns": [
    {
      "type": "spike",
      "count": 20,
      "times": [
        2277.0076325021205,
        2277.0106325029537,
        2277.012632503509,
        2277.021632506009,
        2277.023632506565,
        2277.0296325082313,
        2277.03463250962,
        2277.0376325104535,
        2277.1156325321203,
        2277.9206327557313,
        2277.9296327582315,
        2277.963632767676,
        2277.966632768509,
        2277.972632770176,
        2277.9756327710093,
        2277.984632773509,
        2277.9866327740647,
        2277.9886327746203,
        2277.994632776287,
        2277.9966327768425
      ],
      "amplitudes": [
        0.0011171746442739689,
        0.001123885352817898,
        0.0011247991382320236,
        0.0010892223026021343,
        0.0011515808755234406,
        0.0010956869628981915,
        0.0010746608120725074,
        0.0010630925806655845,
        0.0010654555011070945,
        0.0010948699183880566,
        0.0010539673156122807,
        0.0011155699920927416,
        0.0010760396212788931,
        0.0011700454577137519,
        0.00112365335761269,
        0.0010850690242095197,
        0.0011100596904719162,
        0.0011396219913893926,
        0.001134026605684764,
        0.0011593413371267193
      ],
      "confidence": 0.8
    },
    {
      "type": "oscillation",
      "frequencies": [
        3.906248915626821,
        15.624995662507285,
        35.15624024064139,
        54.687484818775495,
        70.31248048128278,
        82.03122722816325,
        97.65622289067053,
        109.37496963755099,
        117.18746746880464,
        132.81246313131192,
        152.34370770944602,
        164.0624544563265,
        175.78120120320696,
        187.4999479500874,
        195.31244578134107,
        210.93744144384834,
        222.6561881907288,
        234.37493493760928,
        253.9061795157434,
        265.62492626262383,
        277.3436730095043,
        285.15617084075797,
        296.87491758763844,
        308.59366433451885,
        324.2186599970262,
        335.93740674390665,
        351.5624024064139,
        367.1873980689212,
        382.8123937314285,
        402.3436383095626,
        410.1561361408162,
        425.7811318033235,
        449.21862529708443,
        457.0311231283381,
        464.8436209595917,
        480.46861662209903,
        488.28111445335264
      ],
      "power": [
        3.29599342810337e-10,
        3.030513008030361e-11,
        3.535257769329134e-11,
        3.42124867455688e-11,
        1.6920079663620567e-11,
        3.455909026644676e-11,
        2.989896994862551e-11,
        5.69336555885341e-11,
        1.712992534922002e-11,
        4.404471819409241e-11,
        5.5066677112884516e-11,
        4.6607762251555494e-11,
        3.055547468847369e-11,
        2.8044354739582997e-11,
        2.8660437110356296e-11,
        3.4820212177464785e-11,
        3.249072449258066e-11,
        1.5133082568771757e-11,
        2.4146614355281468e-11,
        2.5986622917569395e-11,
        1.283100212225451e-11,
        1.9287737741888735e-11,
        2.912135485372332e-11,
        2.165806031379877e-11,
        3.0297444217630734e-11,
        2.3632038971637057e-11,
        2.6610417706984847e-11,
        5.2634185338301686e-11,
        1.2948898360288521e-11,
        3.402213637713151e-11,
        1.8032253503912193e-11,
        2.435231862965648e-11,
        2.1323295009958488e-11,
        1.6076606198111304e-11,
        1.4503764780668164e-11,
        2.2120759389367265e-11,
        2.16139905079835e-11
      ],
      "confidence": 0.7
    }
  ]
}