{
  "chunk": 3463,
  "total_chunks": 3600,
  "patterns_found": 2,
  "start_time": 3462.000961666934,
  "end_time": 3462.999961944434,
  "patterns": [
    {
      "type": "spike",
      "count": 7,
      "times": [
        3462.4009617780453,
        3462.4679617966563,
        3462.469961797212,
        3462.4939618038784,
        3462.5359618155453,
        3462.5429618174894,
        3462.603961834434
      ],
      "amplitudes": [
        0.0017044115296077648,
        0.0017054162290298658,
        0.0017174545834854407,
        0.0017234247177619895,
        0.001721504267124443,
        0.0017395498279207673,
        0.0017272603402345153
      ],
      "confidence": 0.8
    },
    {
      "type": "oscillation",
      "frequencies": [
        3.906248915626821,
        11.718746746880463,
        27.343742409387747,
        35.15624024064139,
        50.781235903148676,
        62.49998265002914,
        70.31248048128278,
        78.12497831253643,
        93.7499739750437,
        113.28121855317781,
        121.09371638443146,
        148.43745879381922,
        160.15620554069966,
        167.96870337195332,
        179.68745011883377,
        199.21869469696787,
        214.84369035947518,
        226.56243710635562,
        242.18743276886292,
        265.62492626262383,
        289.06241975638477,
        304.68741541889204,
        312.4999132501457,
        328.124908912653,
        351.5624024064139,
        371.093646984548,
        394.53114047830894,
        406.2498872251894,
        417.9686339720699,
        429.68738071895035,
        449.21862529708443,
        476.5623677064722,
        492.18736336897945
      ],
      "power": [
        3.2166614283010883e-10,
        3.791273246937925e-11,
        4.209430473106717e-11,
        3.5310307260876036e-11,
        3.1343588721843344e-11,
        1.8906291730683755e-11,
        1.9993137544037023e-11,
        1.804535802864205e-11,
        3.2630506870155175e-11,
        1.8043180261724512e-11,
        1.8786512193998417e-11,
        4.449615595731488e-11,
        2.1294464058164975e-11,
        2.1944835410917902e-11,
        2.8141043381802735e-11,
        2.91290056866735e-11,
        3.2544015899244273e-11,
        4.12417075781383e-11,
        3.588308585975897e-11,
        3.15828378313723e-11,
        1.1465430310989677e-11,
        2.5972939388757287e-11,
        3.2251270357145506e-11,
        4.2236115577574e-11,
        3.5981754395047017e-11,
        2.8605048914458603e-11,
        2.2792654623584694e-11,
        4.996410754855831e-11,
        1.53047266991851e-11,
        1.5791581768073332e-11,
        4.157931009402063e-11,
        2.7170810783306294e-11,
        2.4254213456118524e-11
      ],
      "confidence": 0.7
    }
  ]
}