{
  "chunk": 2644,
  "total_chunks": 3600,
  "patterns_found": 2,
  "start_time": 2643.0007341668706,
  "end_time": 2643.999734444371,
  "patterns": [
    {
      "type": "spike",
      "count": 26,
      "times": [
        2643.0117341699265,
        2643.0147341707598,
        2643.0187341718706,
        2643.021734172704,
        2643.027734174371,
        2643.0347341763154,
        2643.0387341774262,
        2643.0447341790928,
        2643.0497341804817,
        2643.0607341835375,
        2643.116734199093,
        2643.8887344135373,
        2643.940734427982,
        2643.9487344302042,
        2643.957734432704,
        2643.9607344335377,
        2643.966734435204,
        2643.96873443576,
        2643.970734436315,
        2643.973734437149,
        2643.975734437704,
        2643.9777344382596,
        2643.981734439371,
        2643.9877344410374,
        2643.9907344418707,
        2643.9957344432596
      ],
      "amplitudes": [
        0.0011142182599613393,
        0.0011914704406343441,
        0.0011226492838471564,
        0.0010716508249701013,
        0.0010778111374732744,
        0.001074109464156964,
        0.0010889577531002382,
        0.001105094479011079,
        0.0010772918131459288,
        0.0011433239469183392,
        0.001065786084565033,
        0.0010748520671512538,
        0.0010754935314608168,
        0.0010963818950217154,
        0.0010599287839747535,
        0.0011642928698338423,
        0.0010546784193505813,
        0.0011306383940101765,
        0.0010960297785106306,
        0.0010756211474458128,
        0.0010955867054934095,
        0.0011012592022878527,
        0.0011330641033817641,
        0.0012420720810983675,
        0.0011554909691148052,
        0.0010584658703489543
      ],
      "confidence": 0.8
    },
    {
      "type": "oscillation",
      "frequencies": [
        3.9062489138504652,
        15.624995655401861,
        39.06248913850465,
        58.59373370775698,
        70.31248044930837,
        89.8437250185607,
        101.56247176011209,
        121.09371632936443,
        132.8124630709158,
        152.34370764016813,
        164.06245438171953,
        175.78120112327093,
        195.31244569252326,
        207.03119243407465,
        222.65618808947653,
        238.28118374487838,
        257.8124283141307,
        269.5311750556821,
        285.156170711084,
        300.7811663664858,
        312.4999131080372,
        324.2186598495886,
        332.03115767728957,
        339.84365550499047,
        347.6561533326914,
        355.4686511603923,
        367.1873979019437,
        386.71864247119606,
        394.531140298897,
        425.7811316097007,
        445.31237617895306,
        457.03112292050446,
        476.56236748975675,
        488.28111423130815
      ],
      "power": [
        3.2411089112976976e-10,
        3.222024516732683e-11,
        4.1931642927937165e-11,
        2.3968448912177286e-11,
        4.184581510397442e-11,
        5.274906962538047e-11,
        3.3240347738818995e-11,
        1.532307539447975e-11,
        1.8970221034879714e-11,
        2.5233310505726424e-11,
        2.5331036056068636e-11,
        3.301832592170867e-11,
        3.056288633573211e-11,
        1.7714561596543977e-11,
        3.0254308576786034e-11,
        2.2645774157454916e-11,
        4.1783758290823845e-11,
        3.0551448659290235e-11,
        2.4188571057724736e-11,
        2.466891441061709e-11,
        3.4928716271250144e-11,
        2.3154573795982477e-11,
        2.618507068561496e-11,
        2.1457729085353937e-11,
        2.8179418362709687e-11,
        3.0785168485234035e-11,
        2.9069613943318863e-11,
        3.745989655414753e-11,
        3.143180477672657e-11,
        2.860240083106743e-11,
        2.3366795923082728e-11,
        2.7551555037304835e-11,
        2.035403560712e-11,
        2.5514895733964953e-11
      ],
      "confidence": 0.7
    }
  ]
}