{
  "chunk": 2391,
  "total_chunks": 3600,
  "patterns_found": 2,
  "start_time": 2390.0006638890736,
  "end_time": 2390.9996641665734,
  "patterns": [
    {
      "type": "spike",
      "count": 4,
      "times": [
        2390.454664015185,
        2390.5596640443514,
        2390.5716640476844,
        2390.607664057685
      ],
      "amplitudes": [
        0.0016872850202374011,
        0.0017290299899756808,
        0.0017108222015793624,
        0.0016960369848134705
      ],
      "confidence": 0.8
    },
    {
      "type": "oscillation",
      "frequencies": [
        3.906248915626821,
        19.531244578134107,
        31.24999132501457,
        46.87498698752185,
        58.59373373440232,
        66.40623156565596,
        74.21872939690961,
        85.93747614379006,
        97.65622289067053,
        105.46872072192417,
        124.99996530005828,
        148.43745879381922,
        183.5936990344606,
        199.21869469696787,
        222.6561881907288,
        234.37493493760928,
        249.99993060011656,
        273.4374240938775,
        285.15617084075797,
        300.78116650326524,
        320.3124110813993,
        339.84365565953345,
        359.37490023766753,
        367.1873980689212,
        382.8123937314285,
        394.53114047830894,
        406.2498872251894,
        421.8748828876967,
        433.59362963457716,
        453.12487421271123,
        480.46861662209903
      ],
      "power": [
        2.7840709136976827e-10,
        1.815712112564862e-11,
        2.8857288948446718e-11,
        2.8782426026196362e-11,
        1.721987819590728e-11,
        2.7550101324676738e-11,
        2.8528022334128644e-11,
        1.7789047200621445e-11,
        1.778779249011054e-11,
        3.193391141664282e-11,
        3.4516636497323135e-11,
        3.7194425361998875e-11,
        3.1748074238953234e-11,
        1.8853605656785812e-11,
        3.086592280079333e-11,
        2.68173783845714e-11,
        2.849573033994104e-11,
        3.2304033516532484e-11,
        2.363447304375707e-11,
        1.7625985943510952e-11,
        1.811387048551065e-11,
        3.062178372268828e-11,
        3.1119804171455136e-11,
        3.59228604416357e-11,
        2.8315647796915273e-11,
        2.6762624513472752e-11,
        4.2500673652897945e-11,
        1.963761855703991e-11,
        1.7755152670553367e-11,
        3.627824167144213e-11,
        3.7286537968743785e-11
      ],
      "confidence": 0.7
    }
  ]
}