{
  "chunk": 19,
  "total_chunks": 3600,
  "patterns_found": 2,
  "start_time": 18.00000500000139,
  "end_time": 18.999005277501468,
  "patterns": [
    {
      "type": "spike",
      "count": 10,
      "times": [
        18.365005101390306,
        18.44300512305698,
        18.450005125001425,
        18.477005132501425,
        18.52200514500143,
        18.524005145556988,
        18.562005156112544,
        18.570005158334766,
        18.600005166668105,
        18.60200516722366
      ],
      "amplitudes": [
        0.0016871017699387528,
        0.0017048720564933166,
        0.0016961909129004026,
        0.0017256119837984292,
        0.0016974612016373615,
        0.0016913249276840413,
        0.0017145738326387729,
        0.0016908426463229948,
        0.001697950014228036,
        0.0017296861234518453
      ],
      "confidence": 0.8
    },
    {
      "type": "oscillation",
      "frequencies": [
        3.9062489149329322,
        15.624995659731729,
        31.249991319463458,
        50.781235894128116,
        62.499982638926916,
        78.12497829865865,
        85.93747612852451,
        101.56247178825623,
        109.37496961812211,
        117.18746744798797,
        128.90621419278676,
        148.43745876745143,
        171.87495225704902,
        187.49994791678074,
        195.3124457466466,
        214.84369032131127,
        226.56243706611008,
        238.28118381090886,
        246.09368164077472,
        269.53117513037233,
        285.15617079010406,
        304.6874153647687,
        316.4061621095675,
        332.0311577692992,
        347.65615342903095,
        367.18739800369565,
        378.90614474849446,
        394.5311404082262,
        402.343638238092,
        410.1561360679579,
        429.68738064262254,
        441.40612738742135,
        457.0311230471531,
        464.84362087701896,
        476.5623676218177,
        488.2811143666165,
        496.0936121964824
      ],
      "power": [
        3.5132193418143486e-10,
        3.5148965589941607e-11,
        4.0331381420538805e-11,
        2.0548938560804962e-11,
        2.866909665166984e-11,
        2.793946255387686e-11,
        2.2852023616644127e-11,
        1.3075149335218555e-11,
        1.7407422035862573e-11,
        1.894643542238532e-11,
        1.5327244666423827e-11,
        1.7403849896112373e-11,
        2.5207342676967292e-11,
        1.7658710348715295e-11,
        2.6972725630468085e-11,
        1.3388209239532005e-11,
        3.136765911299058e-11,
        2.895249538319183e-11,
        5.029656249231286e-11,
        1.9223726366384535e-11,
        2.4336019850018788e-11,
        3.2689201670663613e-11,
        2.5633545986840934e-11,
        2.8136112777944826e-11,
        2.8969585651428857e-11,
        1.805881660304516e-11,
        1.528271946868491e-11,
        2.9967597303674466e-11,
        2.069698275019248e-11,
        2.116640054345974e-11,
        3.0584109547608034e-11,
        1.8003702410248646e-11,
        2.0143570431124946e-11,
        1.9707996453573243e-11,
        1.4137734204277811e-11,
        1.6615987324941505e-11,
        2.1092133645104817e-11
      ],
      "confidence": 0.7
    }
  ]
}