{
  "chunk": 89,
  "total_chunks": 3600,
  "patterns_found": 2,
  "start_time": 88.00002444445124,
  "end_time": 88.99902472195132,
  "patterns": [
    {
      "type": "spike",
      "count": 6,
      "times": [
        88.4800245777846,
        88.54002459445128,
        88.58202460611795,
        88.60802461334018,
        88.61702461584018,
        88.6430246230624
      ],
      "amplitudes": [
        0.001698475223538359,
        0.0018173975593008562,
        0.0017727938227864583,
        0.0016883352154759283,
        0.0017003087996833113,
        0.0017284921500628605
      ],
      "confidence": 0.8
    },
    {
      "type": "oscillation",
      "frequencies": [
        3.906248914960688,
        11.718746744882063,
        27.343742404724814,
        39.062489149606876,
        46.87498697952825,
        58.59373372441032,
        70.31248046929238,
        93.7499739590565,
        109.37496961889926,
        121.09371636378133,
        128.9062141937027,
        140.62496093858476,
        148.43745876850613,
        167.96870334330958,
        179.68745008819164,
        191.4061968330737,
        207.03119249291646,
        230.46868598268057,
        249.99993055748402,
        257.8124283874054,
        277.3436729622088,
        292.9686686220516,
        300.781166451973,
        316.4061621118157,
        335.93740668661917,
        343.74990451654054,
        378.90614475118673,
        386.7186425811081,
        406.24988715591155,
        437.49987847559703,
        460.93737196536114,
        476.56236762520393,
        488.28111437008596
      ],
      "power": [
        3.214520099824574e-10,
        5.073183083241451e-11,
        3.098011026425409e-11,
        2.0202065923720964e-11,
        2.8335244817207025e-11,
        2.498085150368688e-11,
        2.1006673909706854e-11,
        1.9489541163742162e-11,
        1.0382348471599679e-11,
        3.4229646360231195e-11,
        3.505263194358104e-11,
        2.946238980106055e-11,
        2.937737202794465e-11,
        2.6814306437035464e-11,
        3.624092134710874e-11,
        2.51986819979575e-11,
        4.489398412795134e-11,
        3.3581153513001204e-11,
        1.8636054478472334e-11,
        2.1376125098935093e-11,
        3.024236024866876e-11,
        2.798261119469963e-11,
        2.710758363212131e-11,
        2.2731028277345198e-11,
        2.078797087327626e-11,
        2.712535999964622e-11,
        2.1516932090254097e-11,
        2.388575903059748e-11,
        1.3138193672924227e-11,
        2.772212779485577e-11,
        3.078636735806499e-11,
        1.8467496843902803e-11,
        1.813969795671469e-11
      ],
      "confidence": 0.7
    }
  ]
}