{
  "chunk": 1761,
  "total_chunks": 3600,
  "patterns_found": 2,
  "start_time": 1760.0004888890248,
  "end_time": 1760.9994891665249,
  "patterns": [
    {
      "type": "spike",
      "count": 5,
      "times": [
        1760.3844889956915,
        1760.459489016525,
        1760.4784890218025,
        1760.4954890265249,
        1760.6104890584693
      ],
      "amplitudes": [
        0.0016912736332108421,
        0.0017310961544650637,
        0.0016759901720416373,
        0.001756301720338359,
        0.001674407084051695
      ],
      "confidence": 0.8
    },
    {
      "type": "oscillation",
      "frequencies": [
        3.906248914738643,
        19.531244573693215,
        31.249991317909146,
        58.59373372107965,
        66.40623155055694,
        78.12497829477286,
        89.8437250389888,
        97.65622286846607,
        109.37496961268201,
        128.90621418637522,
        136.7187120158525,
        148.43745876006844,
        164.06245441902303,
        171.8749522485003,
        183.59369899271624,
        199.2186946516708,
        222.65618814010267,
        242.18743271379589,
        257.81242837275045,
        269.5311751169664,
        277.3436729464437,
        285.15617077592094,
        296.8749175201369,
        308.5936642643528,
        320.31241100856874,
        343.7499044970006,
        355.46865124121655,
        367.1873979854325,
        382.81239364438704,
        394.531140388603,
        402.34363821808023,
        414.06238496229616,
        421.8748827917735,
        433.5936295359894,
        457.0311230244213,
        492.187363257069
      ],
      "power": [
        2.5989991560827164e-10,
        2.939604288311584e-11,
        4.2025560577449834e-11,
        2.6859466676804066e-11,
        2.570342989308153e-11,
        2.8950574741347014e-11,
        1.6059133639841724e-11,
        1.632503346655704e-11,
        2.6689277018185194e-11,
        2.5647424028079715e-11,
        2.9045764230888343e-11,
        2.7312403139013365e-11,
        2.901978482373945e-11,
        2.8151195329237283e-11,
        2.5791375845765443e-11,
        2.394992201081298e-11,
        3.506915089289154e-11,
        1.5830297700080045e-11,
        2.960351218494047e-11,
        2.5798371721183712e-11,
        2.403139840528961e-11,
        1.890191528534795e-11,
        2.3368186877250904e-11,
        1.9272525772039866e-11,
        3.0829315662174634e-11,
        1.9970394160763807e-11,
        2.950777579269104e-11,
        2.3787813462429826e-11,
        2.873114947289208e-11,
        2.4692594040330447e-11,
        2.2583302803865268e-11,
        1.8467440328729654e-11,
        2.2545624440182247e-11,
        1.471850970419879e-11,
        4.9209262629578755e-11,
        3.947147295602779e-11
      ],
      "confidence": 0.7
    }
  ]
}