{
  "chunk": 1128,
  "total_chunks": 3600,
  "patterns_found": 2,
  "start_time": 1127.0003130556427,
  "end_time": 1127.9993133331427,
  "patterns": [
    {
      "type": "spike",
      "count": 15,
      "times": [
        1127.0223130617537,
        1127.0273130631426,
        1127.029313063698,
        1127.034313065087,
        1127.0373130659204,
        1127.0413130670315,
        1127.0543130706426,
        1127.9143133095315,
        1127.9553133209204,
        1127.971313325365,
        1127.9733133259203,
        1127.975313326476,
        1127.9783133273093,
        1127.9873133298092,
        1127.9953133320316
      ],
      "amplitudes": [
        0.001140997489614015,
        0.0011152759415306262,
        0.0012074486776215733,
        0.0012118805370641547,
        0.0011158970043074648,
        0.0011250720644636605,
        0.0010794947142411225,
        0.0010689811200640174,
        0.0010659753512045607,
        0.00108646133433501,
        0.001077262032906959,
        0.0010923017595431228,
        0.00111352351148122,
        0.001075150075767202,
        0.0010988554608413147
      ],
      "confidence": 0.8
    },
    {
      "type": "oscillation",
      "frequencies": [
        3.906248915626821,
        23.437493493760925,
        39.062489156268214,
        58.59373373440232,
        66.40623156565596,
        78.12497831253643,
        89.84372505941688,
        97.65622289067053,
        105.46872072192417,
        113.28121855317781,
        124.99996530005828,
        132.81246313131192,
        140.62496096256555,
        152.34370770944602,
        167.96870337195332,
        183.5936990344606,
        191.40619686571424,
        203.1249436125947,
        218.74993927510198,
        230.46868602198245,
        242.18743276886292,
        253.9061795157434,
        281.2499219251311,
        300.78116650326524,
        328.124908912653,
        343.74990457516026,
        367.1873980689212,
        386.7186426470553,
        406.2498872251894,
        425.7811318033235,
        433.59362963457716,
        453.12487421271123,
        464.8436209595917,
        476.5623677064722,
        488.28111445335264
      ],
      "power": [
        3.0016441030928606e-10,
        2.6805691557132686e-11,
        2.919890455253639e-11,
        2.213357646108447e-11,
        2.2082615724481054e-11,
        2.727866653740658e-11,
        2.856078724147046e-11,
        3.4517221808978916e-11,
        2.612620206927091e-11,
        2.2361471754296973e-11,
        3.2344855501672246e-11,
        2.6540976090499857e-11,
        2.288591938817489e-11,
        1.6486984596382197e-11,
        2.394530214270607e-11,
        3.4752926832251125e-11,
        1.8840489694191565e-11,
        1.4730656217367253e-11,
        2.547967490137758e-11,
        2.396117814612977e-11,
        1.5348950696460416e-11,
        3.6600395652215677e-11,
        2.7447436252539523e-11,
        4.283164959576039e-11,
        2.407905158557935e-11,
        2.6217634176515372e-11,
        3.8320160534919903e-11,
        1.8985682640838013e-11,
        4.1427466456352446e-11,
        2.2863776018272075e-11,
        2.410557551452209e-11,
        2.0865469860788573e-11,
        3.578422323469917e-11,
        1.924787503479087e-11,
        1.4691502412440358e-11
      ],
      "confidence": 0.7
    }
  ]
}