{
  "chunk": 2566,
  "total_chunks": 3600,
  "patterns_found": 2,
  "start_time": 2565.000712500198,
  "end_time": 2565.9997127776983,
  "patterns": [
    {
      "type": "spike",
      "count": 20,
      "times": [
        2565.0037125010313,
        2565.005712501587,
        2565.0117125032534,
        2565.013712503809,
        2565.019712505476,
        2565.0227125063093,
        2565.024712506865,
        2565.02671250742,
        2565.042712511865,
        2565.045712512698,
        2565.0527125146423,
        2565.073712520476,
        2565.918712755198,
        2565.9347127596425,
        2565.9747127707537,
        2565.9787127718646,
        2565.982712772976,
        2565.987712774365,
        2565.991712775476,
        2565.9947127763094
      ],
      "amplitudes": [
        0.0010977639694394164,
        0.0011326429464262036,
        0.0011352076846044101,
        0.001144738585306007,
        0.0011361908445740071,
        0.0011127663916130417,
        0.0011844939973240762,
        0.0011303746178889216,
        0.0010824265409490096,
        0.0011323152726519352,
        0.0011696018554490652,
        0.0012042550605707806,
        0.0010824460668534875,
        0.001067768270930025,
        0.0010730633539144862,
        0.001138032843987276,
        0.0010771585215926841,
        0.0010699784780899002,
        0.0011322682827522217,
        0.0011237825353507549
      ],
      "confidence": 0.8
    },
    {
      "type": "oscillation",
      "frequencies": [
        3.906248915626821,
        27.343742409387747,
        39.062489156268214,
        50.781235903148676,
        58.59373373440232,
        78.12497831253643,
        85.93747614379006,
        105.46872072192417,
        113.28121855317781,
        121.09371638443146,
        132.81246313131192,
        140.62496096256555,
        152.34370770944602,
        171.87495228758013,
        187.4999479500874,
        203.1249436125947,
        214.84369035947518,
        230.46868602198245,
        242.18743276886292,
        253.9061795157434,
        269.53117517825063,
        277.3436730095043,
        304.68741541889204,
        316.4061621657725,
        328.124908912653,
        347.65615349078706,
        355.4686513220407,
        367.1873980689212,
        378.90614481580167,
        398.43738939393575,
        410.1561361408162,
        421.8748828876967,
        429.68738071895035,
        445.3123763814576,
        453.12487421271123,
        472.65611879084537,
        488.28111445335264,
        496.0936122846063
      ],
      "power": [
        3.290082764839415e-10,
        1.7124659208734135e-11,
        4.7519385847243285e-11,
        3.701858788927511e-11,
        1.5851406360150096e-11,
        1.9975752945953336e-11,
        2.191963474916506e-11,
        2.844799212574392e-11,
        1.941368766937261e-11,
        2.0242053973046587e-11,
        1.9822292274261588e-11,
        1.7373555491679673e-11,
        3.181656127133523e-11,
        4.7828474947103586e-11,
        2.2325844296604586e-11,
        1.927746422511242e-11,
        1.519172277078304e-11,
        4.529656122685225e-11,
        1.9705279058816006e-11,
        1.7893149508102093e-11,
        1.5059952796570024e-11,
        1.622026974124331e-11,
        2.6506360619355803e-11,
        2.2756722875138495e-11,
        3.359222009714024e-11,
        1.9505840239667345e-11,
        2.48558196881416e-11,
        4.5730878704738995e-11,
        2.3820287661006835e-11,
        3.116502152258345e-11,
        1.2323935128905784e-11,
        3.994348766924556e-11,
        2.9109370828301825e-11,
        3.452486659603212e-11,
        1.9956424834345595e-11,
        3.356000433382394e-11,
        2.073173974502435e-11,
        8.717539471694241e-12
      ],
      "confidence": 0.7
    }
  ]
}