{
  "chunk": 2752,
  "total_chunks": 3600,
  "patterns_found": 2,
  "start_time": 2751.000764166879,
  "end_time": 2751.9997644443793,
  "patterns": [
    {
      "type": "spike",
      "count": 24,
      "times": [
        2751.0077641688235,
        2751.010764169657,
        2751.01376417049,
        2751.0157641710457,
        2751.018764171879,
        2751.0207641724346,
        2751.024764173546,
        2751.029764174935,
        2751.0337641760457,
        2751.036764176879,
        2751.0397641777126,
        2751.044764179101,
        2751.0527641813237,
        2751.0567641824346,
        2751.0977641938234,
        2751.8907644141013,
        2751.9357644266015,
        2751.94976443049,
        2751.9567644324347,
        2751.964764434657,
        2751.972764436879,
        2751.9887644413234,
        2751.991764442157,
        2751.998764444101
      ],
      "amplitudes": [
        0.0011174324063938598,
        0.001135953050587102,
        0.0011296138150290538,
        0.0011507611459238847,
        0.0010418523505151729,
        0.0010812559404716096,
        0.0012006534113165783,
        0.0011034700807896502,
        0.0011405420566593515,
        0.0011159574690070345,
        0.0010717670115607345,
        0.001119699671123701,
        0.0010863275215746032,
        0.001078116565355191,
        0.0011012604684795542,
        0.0010626305039039793,
        0.0010643184036513746,
        0.0011802124294875258,
        0.0011100805690755636,
        0.0010880390604569522,
        0.00109127288731228,
        0.0010572313873361422,
        0.0011725253694235278,
        0.0010778833358585824
      ],
      "confidence": 0.8
    },
    {
      "type": "oscillation",
      "frequencies": [
        3.9062489138504652,
        15.624995655401861,
        31.249991310803722,
        42.96873805235512,
        50.781235880056045,
        62.499982621607444,
        82.03122719085977,
        101.56247176011209,
        132.8124630709158,
        144.5312098124672,
        164.06245438171953,
        179.6874500371214,
        191.4061967786728,
        207.03119243407465,
        218.74993917562605,
        234.37493483102793,
        246.0936815725793,
        257.8124283141307,
        273.4374239695326,
        285.156170711084,
        300.7811663664858,
        312.4999131080372,
        335.93740659114,
        347.6561533326914,
        355.4686511603923,
        363.28114898809326,
        374.99989572964466,
        398.43738921274746,
        414.0623848681493,
        433.59362943740166,
        449.2186250928035,
        460.9373718343549,
        476.56236748975675,
        484.3748653174577,
        492.1873631451586
      ],
      "power": [
        2.814864282049363e-10,
        1.8162416018814563e-11,
        1.254153334808901e-11,
        1.727698718181624e-11,
        1.74990325660877e-11,
        1.5707926073969875e-11,
        2.4863169489529457e-11,
        2.4330320067316335e-11,
        3.363453901260716e-11,
        2.7714779567827964e-11,
        3.4322952536941756e-11,
        2.264994604071413e-11,
        2.4444175494553095e-11,
        1.5775057162607674e-11,
        3.92379024171484e-11,
        1.9756774796619133e-11,
        2.0756875995666266e-11,
        2.28442950933316e-11,
        3.3950455414389124e-11,
        2.2471469238205733e-11,
        1.1427792968226064e-11,
        3.974653424146316e-11,
        2.8590197393645204e-11,
        1.9227156537923692e-11,
        1.7637544433113065e-11,
        2.0902681236468842e-11,
        2.6984273426593558e-11,
        3.988871855179486e-11,
        5.563912246450988e-11,
        1.8723837353464437e-11,
        2.6686895468647546e-11,
        2.437281746909413e-11,
        3.9409244446087976e-11,
        2.537396008932743e-11,
        2.8818149282056496e-11
      ],
      "confidence": 0.7
    }
  ]
}