{
  "chunk": 2824,
  "total_chunks": 3600,
  "patterns_found": 2,
  "start_time": 2823.000784166885,
  "end_time": 2823.9997844443847,
  "patterns": [
    {
      "type": "spike",
      "count": 23,
      "times": [
        2823.00278416744,
        2823.0097841693846,
        2823.0117841699403,
        2823.013784170496,
        2823.02078417244,
        2823.0227841729957,
        2823.0247841735513,
        2823.036784176885,
        2823.0407841779956,
        2823.0427841785513,
        2823.044784179107,
        2823.0687841857734,
        2823.0817841893845,
        2823.0847841902178,
        2823.894784415218,
        2823.9237844232734,
        2823.9327844257737,
        2823.948784430218,
        2823.9557844321625,
        2823.967784435496,
        2823.980784439107,
        2823.9887844413292,
        2823.998784444107
      ],
      "amplitudes": [
        0.001057512149775484,
        0.001117784764326995,
        0.0011753478973238333,
        0.0010803856370072034,
        0.0010751439683086463,
        0.001054024845215085,
        0.0010546395257711204,
        0.001115889277615738,
        0.001098178844653269,
        0.0010705939363096276,
        0.001118793173570707,
        0.0010966193989776088,
        0.001057656788296442,
        0.001070613695899462,
        0.0011138526183572613,
        0.0011687039163360672,
        0.0010507197593925593,
        0.0010846998831873266,
        0.0010822277522872345,
        0.001056860083647861,
        0.001063578563853205,
        0.0010509597599918747,
        0.0011153208402005029
      ],
      "confidence": 0.8
    },
    {
      "type": "oscillation",
      "frequencies": [
        3.906248915626821,
        11.718746746880463,
        19.531244578134107,
        27.343742409387747,
        46.87498698752185,
        66.40623156565596,
        78.12497831253643,
        93.7499739750437,
        105.46872072192417,
        113.28121855317781,
        132.81246313131192,
        148.43745879381922,
        171.87495228758013,
        179.68745011883377,
        191.40619686571424,
        203.1249436125947,
        218.74993927510198,
        226.56243710635562,
        238.2811838532361,
        249.99993060011656,
        265.62492626262383,
        285.15617084075797,
        292.9686686720116,
        304.68741541889204,
        312.4999132501457,
        324.2186599970262,
        335.93740674390665,
        343.74990457516026,
        355.4686513220407,
        374.9998959001748,
        394.53114047830894,
        414.062385056443,
        437.49987855020396,
        445.3123763814576,
        457.0311231283381,
        472.65611879084537,
        488.28111445335264
      ],
      "power": [
        2.410045811257228e-10,
        2.5495053045050605e-11,
        1.8861821847254743e-11,
        2.683334981186193e-11,
        4.606656904168897e-11,
        4.0934158634757164e-11,
        3.8559002219977613e-11,
        2.4367147736851746e-11,
        1.740194881135121e-11,
        2.0412698748774205e-11,
        4.82952263770397e-11,
        2.3670916282865974e-11,
        5.04900943773023e-11,
        5.4888001427338055e-11,
        2.8610689851329e-11,
        3.847392184577688e-11,
        2.2870306014613567e-11,
        1.8256308027547604e-11,
        2.7522600817439424e-11,
        3.676727760546843e-11,
        2.741807980513177e-11,
        2.2963064975800714e-11,
        4.9591617757141475e-11,
        2.3144752121100602e-11,
        2.1482842345994156e-11,
        2.3169488876712066e-11,
        2.3279659853322948e-11,
        2.913276113669755e-11,
        2.7335351504680858e-11,
        2.7604342191822547e-11,
        2.641803547673119e-11,
        2.0370741774122894e-11,
        3.09232032698218e-11,
        1.4231817250918498e-11,
        3.361984450843855e-11,
        3.608927400942101e-11,
        2.8493972434804134e-11
      ],
      "confidence": 0.7
    }
  ]
}