{
  "chunk": 418,
  "total_chunks": 3600,
  "patterns_found": 2,
  "start_time": 417.00011583336556,
  "end_time": 417.9991161108656,
  "patterns": [
    {
      "type": "spike",
      "count": 29,
      "times": [
        417.0011158336433,
        417.00411583447664,
        417.0141158372544,
        417.01611583781,
        417.0191158386433,
        417.02211583947667,
        417.0321158422544,
        417.0391158441989,
        417.04911584697663,
        417.05911584975445,
        417.0641158511433,
        417.07011585281,
        417.08811585781,
        417.9101160861434,
        417.9181160883656,
        417.9271160908656,
        417.9291160914212,
        417.9371160936434,
        417.94711609642115,
        417.9501160972545,
        417.95611609892114,
        417.95811609947674,
        417.9631161008656,
        417.9721161033656,
        417.9771161047545,
        417.98411610669893,
        417.9881161078101,
        417.99211610892115,
        417.9951161097545
      ],
      "amplitudes": [
        0.0011358603793077662,
        0.0010701230104184006,
        0.0010788942598913035,
        0.0010935400438392988,
        0.0010994827478680292,
        0.0011850580280809925,
        0.0010786648728597842,
        0.0013338584956849872,
        0.001124119746904086,
        0.0011104038029549877,
        0.0010595008167700384,
        0.0011149746750507585,
        0.0010783283354199296,
        0.0011159094376114688,
        0.0010664622979785162,
        0.001086928957649161,
        0.0010839558245807842,
        0.0011249975495849897,
        0.0010980176395034656,
        0.001055928601669015,
        0.0011073012694962927,
        0.0010789133666476874,
        0.0010558026035224247,
        0.0010633480164604734,
        0.001052143307509669,
        0.001061884564461695,
        0.0010532861072340754,
        0.0011098994197444288,
        0.0010704654911190031
      ],
      "confidence": 0.8
    },
    {
      "type": "oscillation",
      "frequencies": [
        3.906248914960688,
        23.437493489764126,
        39.062489149606876,
        54.68748480944963,
        66.4062315543317,
        78.12497829921375,
        89.84372504409582,
        117.18746744882064,
        128.9062141937027,
        152.34370768346682,
        171.87495225827027,
        183.59369900315232,
        210.93744140787715,
        238.28118381260197,
        253.9061794724447,
        265.6249262173268,
        277.3436729622088,
        285.1561707921302,
        292.9686686220516,
        304.68741536693364,
        320.3124110267764,
        335.93740668661917,
        343.74990451654054,
        355.46865126142256,
        367.18739800630465,
        378.90614475118673,
        398.4373893259902,
        410.1561360708722,
        437.49987847559703,
        445.3123763055184,
        460.93737196536114,
        480.4686165401646,
        492.1873632850467
      ],
      "power": [
        3.2822979705601405e-10,
        3.763511162149466e-11,
        2.8528894869079636e-11,
        2.052690260906318e-11,
        2.3585259479109657e-11,
        3.311574175020164e-11,
        2.3537898566210075e-11,
        3.0575428447435134e-11,
        4.1591346061327193e-11,
        2.8283574482852107e-11,
        3.350654162148299e-11,
        2.7083244527783013e-11,
        3.363869538898619e-11,
        4.257517930273602e-11,
        3.726749340145402e-11,
        2.977229631332607e-11,
        3.781898573352906e-11,
        2.2740644726193812e-11,
        2.1003545484965272e-11,
        2.5824946446802212e-11,
        2.446927438778092e-11,
        3.769344077819238e-11,
        3.449812169800646e-11,
        2.217250682234045e-11,
        3.0034617245725066e-11,
        1.8423082803597123e-11,
        2.1606735705642383e-11,
        1.2640627817310548e-11,
        2.3038547112051776e-11,
        3.737398505026682e-11,
        3.8166334678177886e-11,
        1.3148763064172022e-11,
        2.608436086691577e-11
      ],
      "confidence": 0.7
    }
  ]
}