{
  "chunk": 1708,
  "total_chunks": 3600,
  "patterns_found": 2,
  "start_time": 1707.0004741667985,
  "end_time": 1707.9994744442986,
  "patterns": [
    {
      "type": "spike",
      "count": 24,
      "times": [
        1707.0044741679096,
        1707.0084741690207,
        1707.0104741695764,
        1707.015474170965,
        1707.020474172354,
        1707.0224741729096,
        1707.0304741751318,
        1707.0394741776317,
        1707.0574741826317,
        1707.070474186243,
        1707.0954741931873,
        1707.9184744217985,
        1707.921474422632,
        1707.9284744245763,
        1707.9314744254098,
        1707.938474427354,
        1707.9404744279097,
        1707.9604744334652,
        1707.9684744356875,
        1707.9714744365208,
        1707.9804744390208,
        1707.9854744404097,
        1707.9894744415208,
        1707.9934744426319
      ],
      "amplitudes": [
        0.0012169153253865444,
        0.0010653739091891854,
        0.0011178777124404334,
        0.0011196206354293868,
        0.0011102001629723435,
        0.001074011128839845,
        0.0010837381435833675,
        0.0011792358532455498,
        0.0011395986027155059,
        0.0010779782906400722,
        0.0010924801921122947,
        0.0010897721253355292,
        0.0011218295814290824,
        0.0011344223299702555,
        0.001061461616414382,
        0.0010901348886177187,
        0.0011036673154062647,
        0.001057934154508834,
        0.001080085783290779,
        0.0011565383900385203,
        0.0012124821926951914,
        0.0010629899128013658,
        0.0011343025356186415,
        0.001114679943269796
      ],
      "confidence": 0.8
    },
    {
      "type": "oscillation",
      "frequencies": [
        3.906248915626821,
        23.437493493760925,
        39.062489156268214,
        58.59373373440232,
        70.31248048128278,
        82.03122722816325,
        97.65622289067053,
        109.37496963755099,
        121.09371638443146,
        136.71871204693875,
        144.53120987819239,
        156.24995662507285,
        179.68745011883377,
        191.40619686571424,
        199.21869469696787,
        218.74993927510198,
        230.46868602198245,
        242.18743276886292,
        257.8124284313702,
        273.4374240938775,
        281.2499219251311,
        292.9686686720116,
        308.59366433451885,
        320.3124110813993,
        335.93740674390665,
        363.2811491532944,
        378.90614481580167,
        386.7186426470553,
        410.1561361408162,
        425.7811318033235,
        441.4061274658308,
        449.21862529708443,
        464.8436209595917,
        472.65611879084537,
        488.28111445335264,
        496.0936122846063
      ],
      "power": [
        2.7359777951181357e-10,
        3.2758107560045934e-11,
        2.946192843548221e-11,
        1.81870979006909e-11,
        2.417156225673434e-11,
        2.5028097623055647e-11,
        2.4295270588676385e-11,
        3.061351636415494e-11,
        2.8457396097456213e-11,
        2.348211076841027e-11,
        2.075019283309762e-11,
        2.7535306414218803e-11,
        4.751721026612684e-11,
        2.2397162106272496e-11,
        2.799579557981344e-11,
        2.4883118949570388e-11,
        3.004026675239254e-11,
        1.3115717752111185e-11,
        2.6669669494884592e-11,
        3.012997773080832e-11,
        2.1754584061743568e-11,
        2.8031831777851224e-11,
        2.6625908427085544e-11,
        4.22490644067963e-11,
        3.8948150940880585e-11,
        3.673002481736917e-11,
        1.9202550639175937e-11,
        1.372139006680893e-11,
        2.4600925332639473e-11,
        4.585315611212707e-11,
        3.051883475194416e-11,
        2.9084334228205433e-11,
        2.767976384718905e-11,
        1.7070849981047562e-11,
        3.409585749322003e-11,
        1.2769337333051189e-11
      ],
      "confidence": 0.7
    }
  ]
}