{
  "chunk": 576,
  "total_chunks": 3600,
  "patterns_found": 2,
  "start_time": 575.0001597222666,
  "end_time": 575.9991599997667,
  "patterns": [
    {
      "type": "spike",
      "count": 25,
      "times": [
        575.0041597233777,
        575.0091597247666,
        575.0121597256,
        575.0141597261555,
        575.0191597275444,
        575.0211597281,
        575.0231597286555,
        575.0281597300444,
        575.0331597314333,
        575.0411597336555,
        575.0451597347666,
        575.0631597397667,
        575.0991597497666,
        575.1101597528221,
        575.8661599628223,
        575.9311599808779,
        575.9351599819889,
        575.9391599831,
        575.9701599917112,
        575.9821599950445,
        575.9841599956001,
        575.9861599961556,
        575.9881599967111,
        575.9921599978222,
        575.9941599983778
      ],
      "amplitudes": [
        0.0012303682454930928,
        0.001283830779373407,
        0.0010824723273676834,
        0.0011252226900012674,
        0.0010976221713862183,
        0.0010855665822101547,
        0.0011015057620103047,
        0.0012455923765411579,
        0.0010685560107882772,
        0.001105096744980346,
        0.0010647584466557001,
        0.0011423294739007154,
        0.0010621124840249183,
        0.0011131677841421607,
        0.0010881354713153121,
        0.0011237906891423653,
        0.0011180221885004433,
        0.0010697640416488805,
        0.001221498295007914,
        0.0011037491668845283,
        0.0010768485343078831,
        0.0010850890959819685,
        0.0010658370642484436,
        0.0010779470098954756,
        0.0011230973591008124
      ],
      "confidence": 0.8
    },
    {
      "type": "oscillation",
      "frequencies": [
        3.906248915182732,
        19.53124457591366,
        31.249991321461856,
        42.96873806701005,
        54.687484812558246,
        66.40623155810644,
        74.21872938847191,
        93.74997396438556,
        109.37496962511649,
        128.90621420103017,
        140.62496094657834,
        156.2499566073093,
        167.9687033528575,
        179.68745009840566,
        187.49994792877112,
        210.93744141986753,
        226.56243708059844,
        234.37493491096393,
        253.9061794868776,
        265.62492623242576,
        277.343672977974,
        300.78116646907034,
        316.4061621298013,
        324.21865996016675,
        332.03115779053223,
        339.84365562089766,
        351.5624023664459,
        359.3749001968113,
        374.99989585754224,
        382.81239368790773,
        394.5311404334559,
        402.3436382638214,
        414.06238500936956,
        445.31237633083146,
        453.1248741611969,
        488.2811143978415
      ],
      "power": [
        3.398857628335246e-10,
        3.168634587478157e-11,
        1.7170351533608675e-11,
        2.641143456186015e-11,
        3.6464940719277504e-11,
        3.992105356828915e-11,
        3.400171604455672e-11,
        3.1461270464901267e-11,
        2.3299229410214702e-11,
        2.1479947841065535e-11,
        3.496977334945108e-11,
        3.468110435892915e-11,
        1.4971462545818505e-11,
        1.891943871804179e-11,
        1.999990520460257e-11,
        2.1419663376240062e-11,
        3.49187590451235e-11,
        3.702282634340897e-11,
        2.0535357824328406e-11,
        2.6920083226433134e-11,
        1.7962718714462763e-11,
        3.566776077444917e-11,
        2.23814656634956e-11,
        2.0272602759002164e-11,
        2.5355233061847714e-11,
        2.240246297390952e-11,
        3.0318692352985574e-11,
        2.99536483690694e-11,
        2.793909182683386e-11,
        2.835849402950718e-11,
        1.806891481966855e-11,
        1.850342025347383e-11,
        4.13837954664305e-11,
        3.2359214059528935e-11,
        3.5673475327656775e-11,
        3.4556860373013735e-11
      ],
      "confidence": 0.7
    }
  ]
}