{
  "chunk": 2089,
  "total_chunks": 3600,
  "patterns_found": 2,
  "start_time": 2088.0005800001613,
  "end_time": 2088.999580277661,
  "patterns": [
    {
      "type": "spike",
      "count": 9,
      "times": [
        2088.3105800862722,
        2088.3185800884944,
        2088.3535800982168,
        2088.379580105439,
        2088.4075801132167,
        2088.4135801148836,
        2088.5265801462724,
        2088.540580150161,
        2088.57258015905
      ],
      "amplitudes": [
        0.001726410771670034,
        0.0017077360654420785,
        0.0017157703675757098,
        0.001815907280289582,
        0.0017160648877645687,
        0.0017923249267524808,
        0.0017235601919134104,
        0.0017052164902821992,
        0.0016959000593321084
      ],
      "confidence": 0.8
    },
    {
      "type": "oscillation",
      "frequencies": [
        3.906248915626821,
        23.437493493760925,
        42.96873807189503,
        62.49998265002914,
        78.12497831253643,
        97.65622289067053,
        113.28121855317781,
        132.81246313131192,
        140.62496096256555,
        148.43745879381922,
        160.15620554069966,
        167.96870337195332,
        187.4999479500874,
        195.31244578134107,
        218.74993927510198,
        242.18743276886292,
        253.9061795157434,
        265.62492626262383,
        273.4374240938775,
        281.2499219251311,
        296.87491758763844,
        320.3124110813993,
        332.0311578282798,
        347.65615349078706,
        371.093646984548,
        378.90614481580167,
        410.1561361408162,
        429.68738071895035,
        464.8436209595917,
        472.65611879084537,
        492.18736336897945
      ],
      "power": [
        3.1324571924753534e-10,
        2.9129350223420967e-11,
        4.551284305307437e-11,
        1.1997809612729206e-11,
        2.747640454360841e-11,
        2.206993764602605e-11,
        2.3865249491922215e-11,
        2.733141511018866e-11,
        1.7154477839751593e-11,
        2.5050030534147507e-11,
        2.5710656653618757e-11,
        3.5917009899212155e-11,
        1.476078375591067e-11,
        1.8877708776196077e-11,
        3.3316983790790984e-11,
        2.4451419080905985e-11,
        1.1669143464870373e-11,
        2.5328337063203893e-11,
        3.526515356674836e-11,
        1.2450448869595505e-11,
        2.4850846851074898e-11,
        3.6180655084305086e-11,
        3.3329760307896043e-11,
        3.604478232935371e-11,
        3.3027999763723125e-11,
        3.19016491967674e-11,
        2.996959425470868e-11,
        2.086540616894951e-11,
        2.684225030792883e-11,
        2.039893666192273e-11,
        6.293581571315772e-11
      ],
      "confidence": 0.7
    }
  ]
}