{
  "chunk": 1321,
  "total_chunks": 3600,
  "patterns_found": 2,
  "start_time": 1320.0003666667685,
  "end_time": 1320.9993669442686,
  "patterns": [
    {
      "type": "spike",
      "count": 6,
      "times": [
        1320.350366763991,
        1320.390366775102,
        1320.560366822324,
        1320.6143668373243,
        1320.6263668406575,
        1320.6373668437132
      ],
      "amplitudes": [
        0.0017534264890932709,
        0.0016918935573904338,
        0.0017326408361767222,
        0.0017267237410770195,
        0.0017463441133939914,
        0.0017307884232232932
      ],
      "confidence": 0.8
    },
    {
      "type": "oscillation",
      "frequencies": [
        3.906248914738643,
        15.624995658954573,
        27.343742403170502,
        46.87498697686372,
        54.687484806341004,
        66.40623155055694,
        82.03122720951151,
        93.74997395372743,
        109.37496961268201,
        117.1874674421593,
        136.7187120158525,
        152.3437076748071,
        167.96870333376165,
        183.59369899271624,
        195.31244573693215,
        203.12494356640946,
        210.93744139588674,
        230.46868596957995,
        253.90617945801182,
        277.3436729464437,
        289.0624196906596,
        304.6874153496142,
        312.49991317909144,
        320.31241100856874,
        332.0311577527847,
        347.65615341173924,
        359.3749001559552,
        386.71864255912567,
        410.15613604755754,
        425.7811317065121,
        433.5936295359894,
        445.31237628020534,
        460.9373719391599,
        488.2811143423304
      ],
      "power": [
        3.147604474968003e-10,
        1.2603962894404891e-11,
        1.8980056508480597e-11,
        2.298515510944795e-11,
        2.7670581603562534e-11,
        2.11104387886203e-11,
        3.8332398264461875e-11,
        2.933348253099131e-11,
        3.371109329405227e-11,
        3.472575627810673e-11,
        3.512516829597127e-11,
        2.7681385518078485e-11,
        2.6414055923481562e-11,
        2.7746925351034317e-11,
        1.3018479062248913e-11,
        1.404656300302951e-11,
        1.7925673521967713e-11,
        3.3561908585100185e-11,
        2.5572580751478983e-11,
        1.5131190674154257e-11,
        1.9744343211611365e-11,
        2.2956758006405473e-11,
        1.6898299252550644e-11,
        1.740206774695061e-11,
        2.555347139305902e-11,
        3.530814674522444e-11,
        2.9763193153237125e-11,
        2.9023009001174734e-11,
        3.7919613791755064e-11,
        3.656810626193468e-11,
        5.148277506208966e-11,
        2.374055026791749e-11,
        2.6400534998015467e-11,
        3.7340568997865935e-11
      ],
      "confidence": 0.7
    }
  ]
}