{
  "chunk": 283,
  "total_chunks": 3600,
  "patterns_found": 2,
  "start_time": 282.00007833335513,
  "end_time": 282.9990786108552,
  "patterns": [
    {
      "type": "spike",
      "count": 8,
      "times": [
        282.4160784489107,
        282.44507845696626,
        282.44907845807734,
        282.4780784661329,
        282.4880784689107,
        282.54107848363293,
        282.6120785033552,
        282.63007850835515
      ],
      "amplitudes": [
        0.0017101339316963691,
        0.0017625786524050361,
        0.0018390733465443883,
        0.0016959292743373466,
        0.0017931997059120414,
        0.0016930993300368908,
        0.0017305776335229135,
        0.0017969461111759905
      ],
      "confidence": 0.8
    },
    {
      "type": "oscillation",
      "frequencies": [
        3.906248914960688,
        19.531244574803438,
        39.062489149606876,
        50.781235894488944,
        70.31248046929238,
        93.7499739590565,
        109.37496961889926,
        128.9062141937027,
        144.53120985354545,
        156.2499565984275,
        171.87495225827027,
        179.68745008819164,
        191.4061968330737,
        203.12494357795578,
        226.56243706771988,
        238.28118381260197,
        249.99993055748402,
        261.7186773023661,
        269.53117513228744,
        281.2499218771695,
        300.781166451973,
        316.4061621118157,
        328.1249088566978,
        335.93740668661917,
        347.6561534315012,
        378.90614475118673,
        394.53114041102947,
        410.1561360708722,
        433.5936295606364,
        449.2186252204791,
        464.84362088032185,
        476.56236762520393,
        488.28111437008596
      ],
      "power": [
        3.511766698799251e-10,
        3.085508883795656e-11,
        2.3272229991975888e-11,
        2.3500957613654584e-11,
        3.4553922769868165e-11,
        3.746172960967922e-11,
        1.2417617093000131e-11,
        2.6618067895763356e-11,
        2.3473969298955472e-11,
        3.0480377276877894e-11,
        2.494867773729307e-11,
        2.587095523047128e-11,
        2.693971936444854e-11,
        1.9959950976284715e-11,
        3.19482419821454e-11,
        2.484678365358713e-11,
        3.273282494911557e-11,
        3.0967335619898286e-11,
        3.139257367481035e-11,
        3.852685653187956e-11,
        4.1430974283916e-11,
        1.902268780970365e-11,
        1.2315981270185185e-11,
        2.233450436007521e-11,
        2.15432514607581e-11,
        3.680503581704299e-11,
        3.6843164125812494e-11,
        2.4179262561983136e-11,
        2.7760928796321498e-11,
        1.771917655136383e-11,
        2.7933574700238703e-11,
        2.0229417869559712e-11,
        3.8628828886142604e-11
      ],
      "confidence": 0.7
    }
  ]
}