{
  "chunk": 1366,
  "total_chunks": 3600,
  "patterns_found": 2,
  "start_time": 1365.000379166772,
  "end_time": 1365.999379444272,
  "patterns": [
    {
      "type": "spike",
      "count": 27,
      "times": [
        1365.009379169272,
        1365.0163791712166,
        1365.018379171772,
        1365.0223791728831,
        1365.0243791734388,
        1365.0263791739942,
        1365.0333791759388,
        1365.036379176772,
        1365.0393791776055,
        1365.041379178161,
        1365.050379180661,
        1365.0613791837166,
        1365.0653791848276,
        1365.0703791862165,
        1365.0773791881609,
        1365.0933791926054,
        1365.1063791962165,
        1365.122379200661,
        1365.1243792012165,
        1365.149379208161,
        1365.8543794039942,
        1365.9223794228833,
        1365.959379433161,
        1365.97337943705,
        1365.9833794398278,
        1365.9903794417721,
        1365.9923794423278
      ],
      "amplitudes": [
        0.0010997085936257246,
        0.0011719250241562233,
        0.0011506731586332474,
        0.001187716447973268,
        0.0011191903860324165,
        0.0011208117028256393,
        0.001114857900393967,
        0.001116918319878789,
        0.0010565250236183764,
        0.0011411471506293596,
        0.0010887715686174687,
        0.0010922264184371562,
        0.0010536253379533457,
        0.0010608036596588784,
        0.0010842135410575522,
        0.00116968073337567,
        0.0010839026742948854,
        0.001054822750592686,
        0.001089895577909377,
        0.0010642265795015725,
        0.0011161327460127977,
        0.0010507069855756137,
        0.0010558338665927448,
        0.0010747755680845892,
        0.0010611420057521415,
        0.0010518043299204323,
        0.001207528697730499
      ],
      "confidence": 0.8
    },
    {
      "type": "oscillation",
      "frequencies": [
        3.906248914738643,
        19.531244573693215,
        35.15624023264779,
        58.59373372107965,
        66.40623155055694,
        74.21872938003422,
        93.74997395372743,
        105.46872069794337,
        128.90621418637522,
        136.7187120158525,
        148.43745876006844,
        160.15620550428437,
        175.78120116323893,
        195.31244573693215,
        203.12494356640946,
        214.8436903106254,
        230.46868596957995,
        242.18743271379589,
        253.90617945801182,
        261.7186772874891,
        277.3436729464437,
        292.96866860539825,
        300.7811664348755,
        316.4061620938301,
        324.21865992330737,
        347.65615341173924,
        363.2811490706938,
        378.9061447296484,
        390.6248914738643,
        406.2498871328189,
        414.06238496229616,
        433.5936295359894,
        441.40612736546666,
        453.1248741096826,
        476.56236759811446,
        488.2811143423304
      ],
      "power": [
        3.2552537801075704e-10,
        2.2812987658891814e-11,
        3.421686939412514e-11,
        3.884613092287771e-11,
        1.9395437124126572e-11,
        1.6426189639771958e-11,
        2.4580675961660973e-11,
        3.1513958882365987e-11,
        2.4105730923190495e-11,
        2.157090138178059e-11,
        2.4020481127232206e-11,
        2.4266727769027455e-11,
        2.1514692956014694e-11,
        2.272723634911712e-11,
        2.4634587313497987e-11,
        2.7177935352770062e-11,
        1.6239780144577183e-11,
        1.5992983297045554e-11,
        2.7424486275398268e-11,
        3.1298376661458774e-11,
        3.0305396906028834e-11,
        2.6391659995828723e-11,
        3.3513291985171104e-11,
        2.5838225629868185e-11,
        2.378137738527468e-11,
        2.0497360065135153e-11,
        2.6029768465890686e-11,
        2.8938684805795233e-11,
        2.6713106631640296e-11,
        3.921429753259439e-11,
        2.686542972529839e-11,
        2.957670310393678e-11,
        4.811829010746119e-11,
        2.5989497474757927e-11,
        1.7308673186527518e-11,
        2.8876083999331308e-11
      ],
      "confidence": 0.7
    }
  ]
}