{
  "chunk": 1093,
  "total_chunks": 3600,
  "patterns_found": 2,
  "start_time": 1092.0003033334176,
  "end_time": 1092.9993036109177,
  "patterns": [
    {
      "type": "spike",
      "count": 8,
      "times": [
        1092.3253034236955,
        1092.430303452862,
        1092.4903034695287,
        1092.5323034811954,
        1092.535303482029,
        1092.5473034853621,
        1092.6133035036955,
        1092.624303506751
      ],
      "amplitudes": [
        0.0018124280109792661,
        0.0016954051114521213,
        0.0016959518374573242,
        0.0017091488316657785,
        0.0016973549195952236,
        0.0017326016084722134,
        0.0017412888167911656,
        0.001700206297383733
      ],
      "confidence": 0.8
    },
    {
      "type": "oscillation",
      "frequencies": [
        3.906248914738643,
        15.624995658954573,
        46.87498697686372,
        70.31248046529558,
        85.93747612425015,
        93.74997395372743,
        101.56247178320473,
        109.37496961268201,
        124.99996527163658,
        140.62496093059116,
        152.3437076748071,
        164.06245441902303,
        179.6874500779776,
        195.31244573693215,
        218.74993922536402,
        230.46868596957995,
        246.0936816285345,
        269.5311751169664,
        285.15617077592094,
        300.7811664348755,
        308.5936642643528,
        335.9374066675233,
        347.65615341173924,
        367.1873979854325,
        378.9061447296484,
        390.6248914738643,
        398.4373893033416,
        406.2498871328189,
        429.6873806212508,
        437.49987845072803,
        457.0311230244213,
        468.7498697686372,
        476.56236759811446,
        484.37486542759177,
        496.0936121718077
      ],
      "power": [
        3.310329007628818e-10,
        3.73951160798909e-11,
        3.6386801345221933e-11,
        2.3608099405429046e-11,
        2.1176085951351234e-11,
        1.7922448347454905e-11,
        1.3926469534563936e-11,
        1.5317055727086015e-11,
        3.5253445584116936e-11,
        2.6545528022244808e-11,
        2.637397626496688e-11,
        2.9631022635723644e-11,
        2.8915588999099212e-11,
        3.02469002357484e-11,
        2.3111569177853062e-11,
        1.8070108755642795e-11,
        4.943262408142837e-11,
        2.2781219687418593e-11,
        2.5354353653713866e-11,
        3.078915965153444e-11,
        2.4622092887655196e-11,
        2.1407639547515472e-11,
        2.3877979665288315e-11,
        2.2989235935732194e-11,
        2.5534364009350783e-11,
        2.6567043770641106e-11,
        1.6327638668343666e-11,
        2.6026941518656256e-11,
        3.083199831438773e-11,
        3.7855610248405793e-11,
        3.291135624713283e-11,
        1.5786352567652384e-11,
        1.8171284589776625e-11,
        1.7918380893099792e-11,
        2.4645473698889337e-11
      ],
      "confidence": 0.7
    }
  ]
}