{
  "chunk": 2709,
  "total_chunks": 3600,
  "patterns_found": 2,
  "start_time": 2708.0007522224314,
  "end_time": 2708.999752499931,
  "patterns": [
    {
      "type": "spike",
      "count": 7,
      "times": [
        2708.37475232632,
        2708.4097523360424,
        2708.4257523404867,
        2708.4447523457648,
        2708.49175235882,
        2708.515752365487,
        2708.5367523713203
      ],
      "amplitudes": [
        0.0017371098959330443,
        0.0016823331211970423,
        0.0017616057211925493,
        0.0017281089817843419,
        0.0016775667804124765,
        0.001759555603085722,
        0.0016787394208760253
      ],
      "confidence": 0.8
    },
    {
      "type": "oscillation",
      "frequencies": [
        3.906248915626821,
        23.437493493760925,
        35.15624024064139,
        46.87498698752185,
        66.40623156565596,
        78.12497831253643,
        93.7499739750437,
        109.37496963755099,
        117.18746746880464,
        124.99996530005828,
        148.43745879381922,
        167.96870337195332,
        175.78120120320696,
        203.1249436125947,
        210.93744144384834,
        222.6561881907288,
        242.18743276886292,
        269.53117517825063,
        285.15617084075797,
        308.59366433451885,
        324.2186599970262,
        351.5624024064139,
        367.1873980689212,
        374.9998959001748,
        398.43738939393575,
        406.2498872251894,
        417.9686339720699,
        433.59362963457716,
        445.3123763814576,
        453.12487421271123,
        464.8436209595917,
        476.5623677064722
      ],
      "power": [
        2.7855932586230266e-10,
        2.1913964325970197e-11,
        2.6956722325162034e-11,
        3.2381752502389365e-11,
        2.1945798367248715e-11,
        1.6497335802441722e-11,
        1.889391419978186e-11,
        2.991504050558609e-11,
        1.4591053492611218e-11,
        1.631347124331518e-11,
        2.433814757662156e-11,
        2.4552761487487e-11,
        2.2525179359553955e-11,
        3.344626974839263e-11,
        2.7491370314906356e-11,
        2.769111906839065e-11,
        5.698091094158699e-11,
        3.304141669055416e-11,
        3.85504530594695e-11,
        2.040063156372954e-11,
        1.6747907354759273e-11,
        3.1531860869273586e-11,
        3.878443595894769e-11,
        2.5195409208625546e-11,
        3.633426277789095e-11,
        3.0073848983004803e-11,
        2.5426106304096403e-11,
        2.6272169146594905e-11,
        2.7260471258603386e-11,
        1.8339516341125918e-11,
        1.62397321181243e-11,
        2.532329521576459e-11
      ],
      "confidence": 0.7
    }
  ]
}