{
  "chunk": 3092,
  "total_chunks": 3600,
  "patterns_found": 2,
  "start_time": 3091.00085861135,
  "end_time": 3091.9998588888498,
  "patterns": [
    {
      "type": "spike",
      "count": 16,
      "times": [
        3091.0158586155167,
        3091.0288586191277,
        3091.041858622739,
        3091.0508586252386,
        3091.0638586288496,
        3091.0658586294053,
        3091.0958586377387,
        3091.9348588707944,
        3091.93685887135,
        3091.9518588755163,
        3091.962858878572,
        3091.97285888135,
        3091.979858883294,
        3091.982858884128,
        3091.99085888635,
        3091.994858887461
      ],
      "amplitudes": [
        0.001212350663227358,
        0.0011296137369052111,
        0.0012267507313905245,
        0.0010859692502258361,
        0.0010901353093459376,
        0.001078418901058456,
        0.0011635479354805437,
        0.0012005088403875023,
        0.0010862368616832477,
        0.0011637198358437112,
        0.0010961314416532157,
        0.0011569191347294754,
        0.001171420869261277,
        0.0011485476109234203,
        0.0010858872947547183,
        0.0011212607944897858
      ],
      "confidence": 0.8
    },
    {
      "type": "oscillation",
      "frequencies": [
        3.906248915626821,
        19.531244578134107,
        31.24999132501457,
        54.687484818775495,
        70.31248048128278,
        82.03122722816325,
        93.7499739750437,
        105.46872072192417,
        124.99996530005828,
        140.62496096256555,
        160.15620554069966,
        171.87495228758013,
        183.5936990344606,
        207.0311925282215,
        226.56243710635562,
        242.18743276886292,
        253.9061795157434,
        265.62492626262383,
        273.4374240938775,
        285.15617084075797,
        296.87491758763844,
        308.59366433451885,
        320.3124110813993,
        328.124908912653,
        335.93740674390665,
        347.65615349078706,
        355.4686513220407,
        374.9998959001748,
        398.43738939393575,
        410.1561361408162,
        425.7811318033235,
        433.59362963457716,
        453.12487421271123,
        484.37486553772584,
        496.0936122846063
      ],
      "power": [
        3.5190146026880375e-10,
        2.692753505097177e-11,
        3.501552808695198e-11,
        3.9683277893048756e-11,
        2.6106781168192082e-11,
        1.4691676195156584e-11,
        2.5689078857777547e-11,
        3.472411615599609e-11,
        2.4038611216269678e-11,
        1.8333765417631273e-11,
        2.871788484195192e-11,
        2.424646153338333e-11,
        3.3308608995559666e-11,
        2.6276162722261133e-11,
        2.3593665623871818e-11,
        3.2186451685436255e-11,
        2.471064314894025e-11,
        2.757365293829568e-11,
        3.797987284657896e-11,
        8.723201090719563e-12,
        2.4983454235239465e-11,
        2.1757414287100695e-11,
        1.9565043337249744e-11,
        2.3300673935734565e-11,
        1.4114509356797307e-11,
        2.6590683418487693e-11,
        2.0509985467955566e-11,
        2.7086542950002462e-11,
        5.256494304242646e-11,
        3.216889595062686e-11,
        1.2102132584641014e-11,
        2.3924315171758425e-11,
        3.315052852279827e-11,
        1.4560724476470173e-11,
        2.72880181790872e-11
      ],
      "confidence": 0.7
    }
  ]
}