{
  "chunk": 48,
  "total_chunks": 3600,
  "patterns_found": 2,
  "start_time": 47.00001305555919,
  "end_time": 47.99901333305926,
  "patterns": [
    {
      "type": "spike",
      "count": 22,
      "times": [
        47.001013055836964,
        47.00301305639252,
        47.00701305750363,
        47.00901305805918,
        47.01501305972585,
        47.01701306028141,
        47.02101306139252,
        47.02301306194808,
        47.03001306389252,
        47.04601306833697,
        47.051013069725855,
        47.0670130741703,
        47.8800133000037,
        47.910013308337035,
        47.92801331333703,
        47.94801331889259,
        47.96601332389259,
        47.97501332639259,
        47.977013326948146,
        47.980013327781485,
        47.98501332917037,
        47.99601333222593
      ],
      "amplitudes": [
        0.0011789836822756208,
        0.001118079868381144,
        0.001061324558498741,
        0.001063606898507114,
        0.0011000317388420533,
        0.0010661966813073223,
        0.0010644261118649195,
        0.001076676282286676,
        0.0012384967366460727,
        0.0010639681607008112,
        0.001073315503592239,
        0.0010769721980252802,
        0.0011331839045419577,
        0.00110998265063264,
        0.0010810947011270146,
        0.0011375096844074399,
        0.0010753229645419343,
        0.0010668916915239442,
        0.001109493032249857,
        0.0010711390225926396,
        0.0011365692006572474,
        0.0010640528488058826
      ],
      "confidence": 0.8
    },
    {
      "type": "oscillation",
      "frequencies": [
        3.9062489149329322,
        11.718746744798796,
        27.343742404530527,
        42.968738064262254,
        54.687484809061054,
        74.21872938372572,
        97.6562228733233,
        113.28121853305504,
        124.99996527785383,
        136.71871202265262,
        144.5312098525185,
        164.06245442718316,
        183.59369900184782,
        191.4061968317137,
        199.21869466157955,
        210.93744140637835,
        222.65618815117713,
        234.37493489597594,
        249.99993055570766,
        269.53117513037233,
        296.87491753490286,
        308.59366427970167,
        316.4061621095675,
        328.1249088543663,
        347.65615342903095,
        359.37490017382976,
        374.9998958335615,
        386.7186425783603,
        394.5311404082262,
        410.1561360679579,
        425.7811317276896,
        441.40612738742135,
        453.12487413222016,
        468.7498697919519,
        484.3748654516836,
        496.0936121964824
      ],
      "power": [
        2.6001738503085196e-10,
        3.929119612797189e-11,
        3.0068540848796415e-11,
        2.158424787924301e-11,
        2.4605436184144113e-11,
        4.9876251040152414e-11,
        2.569192827823107e-11,
        1.9612403416648143e-11,
        1.816756717270686e-11,
        3.573343019939504e-11,
        3.538127755261026e-11,
        3.3428712616629996e-11,
        3.194230732707913e-11,
        3.3554864484319205e-11,
        4.0199375710834514e-11,
        1.3983593904963053e-11,
        2.2104825905053667e-11,
        3.1207017689158546e-11,
        3.3293488958468095e-11,
        3.5377796343038236e-11,
        1.3365500428015693e-11,
        3.249992851058365e-11,
        2.773479579899075e-11,
        2.213459554973608e-11,
        2.4904186095007728e-11,
        1.8775893380354825e-11,
        2.1787792669765723e-11,
        2.9683743575565696e-11,
        2.8676650058117988e-11,
        1.7342661533122444e-11,
        2.8144878255940064e-11,
        2.0617992691443964e-11,
        2.973541417647662e-11,
        3.0075406011077065e-11,
        4.8729580335487234e-11,
        2.3285316938620028e-11
      ],
      "confidence": 0.7
    }
  ]
}