{
  "chunk": 2383,
  "total_chunks": 3600,
  "patterns_found": 2,
  "start_time": 2382.0006616668506,
  "end_time": 2382.9996619443505,
  "patterns": [
    {
      "type": "spike",
      "count": 11,
      "times": [
        2382.452661792406,
        2382.4956618043507,
        2382.5056618071285,
        2382.512661809073,
        2382.521661811573,
        2382.537661816017,
        2382.5416618171284,
        2382.5466618185174,
        2382.5576618215728,
        2382.6506618474064,
        2382.724661867962
      ],
      "amplitudes": [
        0.0017595694992907774,
        0.001690635301533246,
        0.001777178468311338,
        0.001702236411035475,
        0.0017305631489403788,
        0.001740676508282716,
        0.001762171917577146,
        0.001691823481358919,
        0.0017258135182227428,
        0.0017079865091166838,
        0.0017109152106106315
      ],
      "confidence": 0.8
    },
    {
      "type": "oscillation",
      "frequencies": [
        3.906248915626821,
        23.437493493760925,
        35.15624024064139,
        42.96873807189503,
        58.59373373440232,
        74.21872939690961,
        89.84372505941688,
        101.56247180629735,
        113.28121855317781,
        128.9062142156851,
        136.71871204693875,
        152.34370770944602,
        164.0624544563265,
        195.31244578134107,
        214.84369035947518,
        238.2811838532361,
        253.9061795157434,
        273.4374240938775,
        281.2499219251311,
        300.78116650326524,
        308.59366433451885,
        328.124908912653,
        343.74990457516026,
        359.37490023766753,
        378.90614481580167,
        394.53114047830894,
        410.1561361408162,
        421.8748828876967,
        445.3123763814576,
        457.0311231283381,
        468.74986987521856,
        476.5623677064722,
        496.0936122846063
      ],
      "power": [
        3.226189309612487e-10,
        2.795073229121868e-11,
        2.4045939913748155e-11,
        3.6942701121270125e-11,
        3.673656307429302e-11,
        1.992707017040914e-11,
        2.1689037885371898e-11,
        1.8813526229078572e-11,
        2.857908232385476e-11,
        3.168804353795097e-11,
        2.624317890786181e-11,
        1.8999762713565178e-11,
        2.974545067310344e-11,
        5.1652460161244684e-11,
        3.499657296234926e-11,
        2.1566931036620376e-11,
        1.2238871092793183e-11,
        4.508708295504268e-11,
        3.043809933977064e-11,
        2.2626867971137563e-11,
        2.6168658913712425e-11,
        3.348687367827771e-11,
        2.699950927611014e-11,
        4.631684066641166e-11,
        5.953363809614318e-11,
        2.5699715199884934e-11,
        2.594423995049667e-11,
        4.1979093690652914e-11,
        4.5661794871690234e-11,
        1.945195071637208e-11,
        2.4673162329604494e-11,
        1.9318804459393858e-11,
        2.2708856892906497e-11
      ],
      "confidence": 0.7
    }
  ]
}