{
  "chunk": 621,
  "total_chunks": 3600,
  "patterns_found": 2,
  "start_time": 620.0001722222701,
  "end_time": 620.9991724997702,
  "patterns": [
    {
      "type": "spike",
      "count": 7,
      "times": [
        620.4211723392145,
        620.4511723475479,
        620.4861723572701,
        620.5281723689368,
        620.554172376159,
        620.5881723856035,
        620.6121723922702
      ],
      "amplitudes": [
        0.001752298416698095,
        0.0017286652597746218,
        0.001779464206928444,
        0.0017010060225846307,
        0.0016922788217699242,
        0.0017174498668662776,
        0.0016820242481568554
      ],
      "confidence": 0.8
    },
    {
      "type": "oscillation",
      "frequencies": [
        3.906248914738643,
        19.531244573693215,
        31.249991317909146,
        39.06248914738643,
        54.687484806341004,
        74.21872938003422,
        85.93747612425015,
        109.37496961268201,
        132.81246310111388,
        144.5312098453298,
        152.3437076748071,
        171.8749522485003,
        183.59369899271624,
        191.40619682219352,
        210.93744139588674,
        230.46868596957995,
        253.90617945801182,
        261.7186772874891,
        269.5311751169664,
        277.3436729464437,
        296.8749175201369,
        304.6874153496142,
        320.31241100856874,
        332.0311577527847,
        347.65615341173924,
        371.0936469001711,
        382.81239364438704,
        406.2498871328189,
        414.06238496229616,
        433.5936295359894,
        441.40612736546666,
        457.0311230244213,
        468.7498697686372,
        476.56236759811446,
        484.37486542759177,
        496.0936121718077
      ],
      "power": [
        3.1083200623586635e-10,
        3.003330411664928e-11,
        1.371356734680849e-11,
        2.529978558194179e-11,
        2.715702077618291e-11,
        3.634621628434914e-11,
        3.509839033549604e-11,
        2.3333754646648713e-11,
        4.205060070699007e-11,
        2.0155484587601137e-11,
        3.046069149710072e-11,
        3.839999853150284e-11,
        3.833275149211746e-11,
        2.3111875455659796e-11,
        1.742289660015724e-11,
        3.202515435663307e-11,
        1.8459129313264725e-11,
        1.4720773931202102e-11,
        2.1523941102177483e-11,
        1.5876646342301687e-11,
        2.0011559158946505e-11,
        3.071246819549616e-11,
        2.5021354212796275e-11,
        2.8181087204942938e-11,
        2.5750296179811935e-11,
        2.203755095431997e-11,
        1.9311287035856737e-11,
        3.42315598004727e-11,
        2.325975519651578e-11,
        1.786156576307639e-11,
        2.5887382717272183e-11,
        2.9105636088611805e-11,
        3.3358668619866056e-11,
        2.0485165150282887e-11,
        2.9298183270129506e-11,
        3.480934139569548e-11
      ],
      "confidence": 0.7
    }
  ]
}