{
  "chunk": 888,
  "total_chunks": 3600,
  "patterns_found": 2,
  "start_time": 887.0002463889574,
  "end_time": 887.9992466664575,
  "patterns": [
    {
      "type": "spike",
      "count": 20,
      "times": [
        887.0082463911796,
        887.0132463925685,
        887.015246393124,
        887.0172463936796,
        887.0222463950685,
        887.0342463984018,
        887.0372463992352,
        887.0422464006241,
        887.0452464014573,
        887.074246409513,
        887.1632464342351,
        887.9212466447908,
        887.9272466464574,
        887.9362466489574,
        887.9492466525686,
        887.974246659513,
        887.9812466614575,
        887.9892466636796,
        887.9932466647908,
        887.9962466656241
      ],
      "amplitudes": [
        0.0010391656534022812,
        0.001046999136812641,
        0.0011451288903162637,
        0.0011099791341749007,
        0.001144580240382957,
        0.0010628613110082762,
        0.0010548146283247638,
        0.001048236779676827,
        0.0010649104662483002,
        0.0010695041379185557,
        0.0010423842400251303,
        0.001130972455406275,
        0.00103615924065103,
        0.0010848027894264174,
        0.0010814884110827744,
        0.0010747975661568865,
        0.001107472963942321,
        0.0010978789006745977,
        0.0010541697622451927,
        0.0011491807691623502
      ],
      "confidence": 0.8
    },
    {
      "type": "oscillation",
      "frequencies": [
        3.906248915182732,
        23.43749349109639,
        31.249991321461856,
        54.687484812558246,
        66.40623155810644,
        82.03122721883737,
        101.56247179475103,
        121.0937163706647,
        128.90621420103017,
        144.53120986176108,
        152.34370769212654,
        164.06245443767475,
        183.5936990135884,
        195.3124457591366,
        207.03119250468478,
        218.74993925023298,
        234.37493491096393,
        249.99993057169485,
        261.718677317243,
        281.2499218931567,
        296.87491755388766,
        320.312411044984,
        343.7499045360804,
        367.1873980271768,
        374.99989585754224,
        390.6248915182732,
        406.24988717900413,
        425.7811317549178,
        445.31237633083146,
        453.1248741611969,
        468.74986982192786,
        484.3748654826588,
        496.09361222820695
      ],
      "power": [
        2.6974317625719885e-10,
        1.8759930476721206e-11,
        2.107822615020624e-11,
        2.704046885251726e-11,
        1.7027170575769537e-11,
        2.299380912380106e-11,
        2.3999967069773223e-11,
        2.6369504367464434e-11,
        1.9255572114354508e-11,
        1.3710610975602359e-11,
        1.3193780206743313e-11,
        2.5676564006415392e-11,
        2.8881423379932206e-11,
        1.9207120903916477e-11,
        1.954871468735869e-11,
        2.5176494855946955e-11,
        3.1440246355357634e-11,
        1.3140367206009879e-11,
        3.024772398595751e-11,
        1.9392833364805233e-11,
        3.2316772640911625e-11,
        2.2762851570255524e-11,
        2.771341412502069e-11,
        3.4807797015664554e-11,
        2.998402475053916e-11,
        1.9175517839609772e-11,
        2.7912662883499514e-11,
        2.697863146268107e-11,
        2.1823617709009237e-11,
        2.283898006454262e-11,
        2.6776423255058538e-11,
        1.881389370250651e-11,
        1.1603653462807061e-11
      ],
      "confidence": 0.7
    }
  ]
}