{
  "chunk": 59,
  "total_chunks": 3600,
  "patterns_found": 2,
  "start_time": 58.00001611111559,
  "end_time": 58.999016388615665,
  "patterns": [
    {
      "type": "spike",
      "count": 7,
      "times": [
        58.3610162113934,
        58.412016225560066,
        58.46201623944896,
        58.506016251671184,
        58.55001626389341,
        58.60501627917119,
        58.61301628139341
      ],
      "amplitudes": [
        0.0017159125503352997,
        0.001728646697352574,
        0.001728142080514138,
        0.0017005326631098895,
        0.0017183085153377245,
        0.001730678353926166,
        0.0016859776554154742
      ],
      "confidence": 0.8
    },
    {
      "type": "oscillation",
      "frequencies": [
        3.9062489149329322,
        19.53124457466466,
        39.06248914932932,
        50.781235894128116,
        62.499982638926916,
        85.93747612852451,
        117.18746744798797,
        128.90621419278676,
        144.5312098525185,
        152.34370768238435,
        160.1562055122502,
        175.78120117198196,
        199.21869466157955,
        218.74993923624422,
        230.468685981043,
        238.28118381090886,
        265.6249262154394,
        273.43742404530525,
        281.24992187517114,
        289.062419705037,
        304.6874153647687,
        328.1249088543663,
        339.8436555991651,
        355.46865125889684,
        374.9998958335615,
        386.7186425783603,
        398.4373893231591,
        414.0623849828908,
        433.59362955755546,
        449.2186252172872,
        472.6561187068848,
        488.2811143666165,
        496.0936121964824
      ],
      "power": [
        2.9458794283586733e-10,
        2.7273540888035674e-11,
        2.490644406006401e-11,
        2.57057837945953e-11,
        3.344656908125129e-11,
        3.535853967084651e-11,
        2.4976599570794685e-11,
        2.118855367917019e-11,
        1.8402930311765773e-11,
        2.340298572674213e-11,
        2.5170040099011654e-11,
        2.0895935869870486e-11,
        2.7674128473917456e-11,
        2.196613176442637e-11,
        3.7392559810306946e-11,
        2.0919564080414047e-11,
        4.070528270449216e-11,
        2.288011786518272e-11,
        2.720141337947474e-11,
        1.8595038048755907e-11,
        3.298102926454139e-11,
        2.032346478758625e-11,
        3.088957554468739e-11,
        2.8512989904630946e-11,
        4.305284677863569e-11,
        3.518308838406603e-11,
        2.165510411355106e-11,
        1.327023637590856e-11,
        1.602010845791407e-11,
        3.6223281614980286e-11,
        2.4563854144917018e-11,
        1.3176521409777567e-11,
        2.1513683936503195e-11
      ],
      "confidence": 0.7
    }
  ]
}