{
  "chunk": 2226,
  "total_chunks": 3600,
  "patterns_found": 2,
  "start_time": 2225.0006180557275,
  "end_time": 2225.9996183332273,
  "patterns": [
    {
      "type": "spike",
      "count": 22,
      "times": [
        2225.0026180562827,
        2225.0046180568384,
        2225.006618057394,
        2225.0286180635053,
        2225.038618066283,
        2225.0416180671164,
        2225.0496180693385,
        2225.055618071005,
        2225.0646180735052,
        2225.083618078783,
        2225.902618306283,
        2225.906618307394,
        2225.924618312394,
        2225.9406183168385,
        2225.9506183196163,
        2225.960618322394,
        2225.9636183232274,
        2225.965618323783,
        2225.978618327394,
        2225.9826183285054,
        2225.9956183321165,
        2225.9986183329497
      ],
      "amplitudes": [
        0.0010863637490069599,
        0.0011168033749842702,
        0.0011730451664564718,
        0.001173874582197551,
        0.001184833025049508,
        0.0010719988228477457,
        0.0010898106432758535,
        0.0010646383432464277,
        0.001081119858787372,
        0.0011069784712868758,
        0.0010798054333006047,
        0.001100471239492517,
        0.001240439955881019,
        0.0010637822008878889,
        0.0010729310849928782,
        0.001161650925051599,
        0.0012004298210830922,
        0.0011112261391498888,
        0.001119856751041892,
        0.001120257394400742,
        0.0010634741201068765,
        0.0011723248460650533
      ],
      "confidence": 0.8
    },
    {
      "type": "oscillation",
      "frequencies": [
        3.906248915626821,
        11.718746746880463,
        19.531244578134107,
        31.24999132501457,
        46.87498698752185,
        54.687484818775495,
        70.31248048128278,
        85.93747614379006,
        109.37496963755099,
        128.9062142156851,
        148.43745879381922,
        164.0624544563265,
        171.87495228758013,
        191.40619686571424,
        203.1249436125947,
        214.84369035947518,
        226.56243710635562,
        234.37493493760928,
        249.99993060011656,
        269.53117517825063,
        289.06241975638477,
        296.87491758763844,
        316.4061621657725,
        324.2186599970262,
        339.84365565953345,
        355.4686513220407,
        367.1873980689212,
        378.90614481580167,
        390.62489156268214,
        402.3436383095626,
        414.062385056443,
        429.68738071895035,
        449.21862529708443,
        464.8436209595917,
        480.46861662209903,
        492.18736336897945
      ],
      "power": [
        2.6543611255156284e-10,
        4.0009392391924e-11,
        3.8989614190431727e-11,
        2.0360060726753746e-11,
        1.3502363788052802e-11,
        1.484308865739045e-11,
        2.3365673134748506e-11,
        2.2380265872191612e-11,
        4.655336353750099e-11,
        2.5132811727140974e-11,
        3.450604436773651e-11,
        2.455172965035428e-11,
        2.4700463842990614e-11,
        2.5117710586518086e-11,
        2.742151185517045e-11,
        4.380285162875561e-11,
        2.8708008392034016e-11,
        4.2573663971679575e-11,
        2.8590386541914368e-11,
        3.213234642535666e-11,
        1.2762559604502117e-11,
        1.5111462523359843e-11,
        2.244504109513812e-11,
        2.4000639980404714e-11,
        2.1576764578181113e-11,
        2.0010813705207123e-11,
        2.4871578250601017e-11,
        3.4517017824283585e-11,
        2.4966130939383634e-11,
        3.590843047058031e-11,
        1.741734451947385e-11,
        2.262931749270702e-11,
        1.789502707033352e-11,
        2.740714371404188e-11,
        3.6965769726933744e-11,
        1.6625417479660824e-11
      ],
      "confidence": 0.7
    }
  ]
}