{
  "chunk": 821,
  "total_chunks": 3600,
  "patterns_found": 2,
  "start_time": 820.0002277778411,
  "end_time": 820.9992280553412,
  "patterns": [
    {
      "type": "spike",
      "count": 6,
      "times": [
        820.3782278828411,
        820.45522790423,
        820.4852279125633,
        820.5052279181189,
        820.5712279364523,
        820.63522795423
      ],
      "amplitudes": [
        0.001694187307481138,
        0.0017569587285236569,
        0.0017192834995042468,
        0.0017259595814791934,
        0.0017842254423603649,
        0.0017046885416319576
      ],
      "confidence": 0.8
    },
    {
      "type": "oscillation",
      "frequencies": [
        3.906248915182732,
        15.624995660730928,
        27.343742406279123,
        39.06248915182732,
        70.31248047328917,
        85.9374761340201,
        93.74997396438556,
        117.18746745548196,
        128.90621420103017,
        156.2499566073093,
        164.06245443767475,
        179.68745009840566,
        191.40619684395386,
        203.12494358950207,
        214.84369033505027,
        222.65618816541573,
        249.99993057169485,
        265.62492623242576,
        273.43742406279125,
        285.1561708083394,
        300.78116646907034,
        312.4999132146186,
        328.1249088753495,
        347.65615345126315,
        374.99989585754224,
        390.6248915182732,
        410.1561360941869,
        425.7811317549178,
        445.31237633083146,
        464.8436209067451,
        476.5623676522933,
        496.09361222820695
      ],
      "power": [
        3.4206315141568185e-10,
        2.405651145670905e-11,
        1.8243250534094006e-11,
        2.976854139165581e-11,
        2.518772356413109e-11,
        1.6484321276326228e-11,
        2.702186616833372e-11,
        2.06605891789248e-11,
        2.2767454156696345e-11,
        3.555133372614119e-11,
        2.5777943341373916e-11,
        2.139491321781872e-11,
        3.030029285825416e-11,
        1.5015951287685736e-11,
        3.1802096111176394e-11,
        2.8376350682520507e-11,
        3.145624080712309e-11,
        2.0402499007792562e-11,
        2.4132490959408433e-11,
        1.480762478459978e-11,
        4.332443108502049e-11,
        1.6016648709094955e-11,
        3.064732331277768e-11,
        2.35586114650067e-11,
        2.6606557648803103e-11,
        2.2714341778471316e-11,
        3.926690342066878e-11,
        1.8349235251661285e-11,
        1.920730659691787e-11,
        2.654173312157195e-11,
        1.596948031756757e-11,
        1.6926976950995006e-11
      ],
      "confidence": 0.7
    }
  ]
}