{
  "chunk": 791,
  "total_chunks": 3600,
  "patterns_found": 2,
  "start_time": 790.0002194445054,
  "end_time": 790.9992197220055,
  "patterns": [
    {
      "type": "spike",
      "count": 7,
      "times": [
        790.2982195272832,
        790.4362195656166,
        790.4742195761721,
        790.5182195883943,
        790.5612196003389,
        790.5662196017278,
        790.6782196328388
      ],
      "amplitudes": [
        0.001721914327819515,
        0.001690366869169237,
        0.0017651429633914859,
        0.0017251373526605963,
        0.0017178153163105669,
        0.0016892223091512014,
        0.0017005065958641498
      ],
      "confidence": 0.8
    },
    {
      "type": "oscillation",
      "frequencies": [
        3.906248914738643,
        23.43749348843186,
        35.15624023264779,
        50.781235891602364,
        66.40623155055694,
        74.21872938003422,
        85.93747612425015,
        101.56247178320473,
        109.37496961268201,
        117.1874674421593,
        128.90621418637522,
        136.7187120158525,
        160.15620550428437,
        171.8749522485003,
        187.49994790745487,
        199.2186946516708,
        214.8436903106254,
        234.3749348843186,
        249.99993054327317,
        257.81242837275045,
        277.3436729464437,
        285.15617077592094,
        296.8749175201369,
        324.21865992330737,
        332.0311577527847,
        339.843655582262,
        351.56240232647787,
        367.1873979854325,
        378.9061447296484,
        390.6248914738643,
        417.96863387703485,
        429.6873806212508,
        449.21862519494397,
        460.9373719391599,
        488.2811143423304,
        496.0936121718077
      ],
      "power": [
        2.8609562804782175e-10,
        2.2242213599605636e-11,
        5.333487057269679e-11,
        2.845385680508735e-11,
        3.4871464742463324e-11,
        1.9650070892838497e-11,
        1.9992357373284054e-11,
        2.4908541965299056e-11,
        2.7359989463476726e-11,
        2.8528332242739224e-11,
        1.745315046278374e-11,
        2.2272915385180052e-11,
        1.9377212117494742e-11,
        2.0430061840809913e-11,
        1.507617766774908e-11,
        2.423421465812123e-11,
        4.124773512996318e-11,
        2.8363252459692254e-11,
        1.5115328533254964e-11,
        3.2833692199468113e-11,
        2.8231777346690472e-11,
        2.5719582860881496e-11,
        3.895448940544504e-11,
        2.7651777217272392e-11,
        1.5698734959996843e-11,
        1.917759863882861e-11,
        2.2828770288779122e-11,
        1.9678334817894755e-11,
        1.592852594109581e-11,
        2.142652893841183e-11,
        3.7444250759755266e-11,
        2.7131467353637875e-11,
        2.038049349258076e-11,
        3.974162044194015e-11,
        2.356496502512937e-11,
        2.0193035547538068e-11
      ],
      "confidence": 0.7
    }
  ]
}