{
  "chunk": 900,
  "total_chunks": 3600,
  "patterns_found": 2,
  "start_time": 899.0002497222916,
  "end_time": 899.9992499997917,
  "patterns": [
    {
      "type": "spike",
      "count": 22,
      "times": [
        899.0022497228472,
        899.0082497245139,
        899.0142497261805,
        899.0162497267361,
        899.0252497292361,
        899.0272497297916,
        899.034249731736,
        899.039249733125,
        899.0732497425694,
        899.0782497439583,
        899.1032497509027,
        899.1522497645138,
        899.8622499617361,
        899.9162499767361,
        899.9352499820139,
        899.939249983125,
        899.9542499872917,
        899.9582499884028,
        899.9702499917362,
        899.9742499928473,
        899.9832499953473,
        899.9922499978472
      ],
      "amplitudes": [
        0.0010681993035398893,
        0.0011036447256468785,
        0.0010831053131041565,
        0.0010953296284175725,
        0.0011056516057731964,
        0.0010508184917581054,
        0.001149864523690714,
        0.00107006203427123,
        0.0010651532712821557,
        0.0010960169833907141,
        0.0010530202143098574,
        0.0011138539401067083,
        0.0011179943984327455,
        0.0010518115500387532,
        0.0010927481656497612,
        0.0011459513711701659,
        0.0010631760405070858,
        0.0012094658566357312,
        0.0011257461970610666,
        0.0011576678815622156,
        0.0010503681322688407,
        0.0011978877806254583
      ],
      "confidence": 0.8
    },
    {
      "type": "oscillation",
      "frequencies": [
        3.906248914738643,
        35.15624023264779,
        42.96873806212508,
        66.40623155055694,
        74.21872938003422,
        97.65622286846607,
        117.1874674421593,
        124.99996527163658,
        140.62496093059116,
        164.06245441902303,
        179.6874500779776,
        195.31244573693215,
        203.12494356640946,
        214.8436903106254,
        222.65618814010267,
        234.3749348843186,
        246.0936816285345,
        265.62492620222775,
        292.96866860539825,
        304.6874153496142,
        320.31241100856874,
        332.0311577527847,
        339.843655582262,
        367.1873979854325,
        390.6248914738643,
        414.06238496229616,
        437.49987845072803,
        453.1248741096826,
        464.8436208538985,
        476.56236759811446,
        488.2811143423304
      ],
      "power": [
        3.408127314634657e-10,
        4.123147219284306e-11,
        4.111387364477835e-11,
        2.229270438961511e-11,
        1.299193430848284e-11,
        1.8652271878897108e-11,
        2.0011147659190935e-11,
        2.3982465754205497e-11,
        1.954046966268782e-11,
        4.488357040995826e-11,
        3.724934374675655e-11,
        2.7516320922719373e-11,
        3.2765333689740664e-11,
        3.067478766853571e-11,
        2.416091860382822e-11,
        3.594338039668838e-11,
        3.357629525447335e-11,
        2.0859429539844573e-11,
        2.2745595478548773e-11,
        3.536152814310525e-11,
        2.785386176401744e-11,
        1.7762100083138507e-11,
        2.460831630446957e-11,
        3.533794666378644e-11,
        3.7406994894354993e-11,
        1.7902394123357548e-11,
        2.52684729117097e-11,
        2.022028271191803e-11,
        2.123849699149107e-11,
        3.230623853546153e-11,
        3.766899368844987e-11
      ],
      "confidence": 0.7
    }
  ]
}