{
  "chunk": 2317,
  "total_chunks": 3600,
  "patterns_found": 2,
  "start_time": 2316.000643333512,
  "end_time": 2316.9996436110123,
  "patterns": [
    {
      "type": "spike",
      "count": 10,
      "times": [
        2316.3986434440676,
        2316.4796434665677,
        2316.493643470457,
        2316.500643472401,
        2316.503643473234,
        2316.506643474068,
        2316.5156434765677,
        2316.518643477401,
        2316.555643487679,
        2316.5676434910124
      ],
      "amplitudes": [
        0.001698966401023737,
        0.0017247019878320422,
        0.0017312782608256464,
        0.0017045099661351561,
        0.0016876608705119096,
        0.0017973087037977528,
        0.001687912716017842,
        0.0017208838983298553,
        0.0017006210881497605,
        0.0016860972534404944
      ],
      "confidence": 0.8
    },
    {
      "type": "oscillation",
      "frequencies": [
        3.9062489138504652,
        19.531244569252326,
        35.156240224654184,
        54.68748479390651,
        74.21872936315884,
        97.65622284626163,
        117.18746741551396,
        132.8124630709158,
        144.5312098124672,
        152.34370764016813,
        175.78120112327093,
        191.4061967786728,
        199.21869460637373,
        226.56243700332698,
        246.0936815725793,
        265.6249261418316,
        277.343672883383,
        289.0624196249344,
        304.68741528033627,
        316.40616202188767,
        332.03115767728957,
        339.84365550499047,
        351.56240224654186,
        367.1873979019437,
        374.99989572964466,
        386.71864247119606,
        406.24988704044836,
        414.0623848681493,
        433.59362943740166,
        453.12487400665395,
        476.56236748975675,
        484.3748653174577
      ],
      "power": [
        3.185856637530336e-10,
        1.5630702072638798e-11,
        3.5210176471524865e-11,
        2.4925271604923998e-11,
        4.093941969843886e-11,
        1.7231229296758444e-11,
        3.672982854286345e-11,
        3.5676082205226457e-11,
        1.5652775865358544e-11,
        2.5942634974263e-11,
        2.7694452809331562e-11,
        4.472536408918128e-11,
        2.489377673003392e-11,
        2.7313460897172853e-11,
        5.319733534134288e-11,
        4.103825732812028e-11,
        2.9814430429427496e-11,
        2.912272383844552e-11,
        3.8003667175753903e-11,
        2.0234419286787902e-11,
        2.7960949857712904e-11,
        2.6508693936245306e-11,
        2.0061230870736605e-11,
        3.293278304372766e-11,
        2.3729814657508085e-11,
        2.9896667480066944e-11,
        2.3835039999810344e-11,
        2.859808266126271e-11,
        3.0804829481206843e-11,
        2.361475898174572e-11,
        2.1614201945694897e-11,
        2.5905716200174926e-11
      ],
      "confidence": 0.7
    }
  ]
}