{
  "chunk": 2305,
  "total_chunks": 3600,
  "patterns_found": 2,
  "start_time": 2304.000640000178,
  "end_time": 2304.999640277678,
  "patterns": [
    {
      "type": "spike",
      "count": 8,
      "times": [
        2304.388640107956,
        2304.4656401293446,
        2304.484640134622,
        2304.4966401379556,
        2304.5256401460115,
        2304.5336401482336,
        2304.535640148789,
        2304.585640162678
      ],
      "amplitudes": [
        0.001716623078546366,
        0.001672292968382463,
        0.0018191171736588766,
        0.00170467232348714,
        0.001744483387128547,
        0.001666975258528846,
        0.0016706986805080767,
        0.0016897839647480525
      ],
      "confidence": 0.8
    },
    {
      "type": "oscillation",
      "frequencies": [
        3.906248915626821,
        15.624995662507285,
        27.343742409387747,
        42.96873807189503,
        66.40623156565596,
        78.12497831253643,
        89.84372505941688,
        101.56247180629735,
        121.09371638443146,
        132.81246313131192,
        160.15620554069966,
        171.87495228758013,
        187.4999479500874,
        199.21869469696787,
        214.84369035947518,
        222.6561881907288,
        234.37493493760928,
        246.09368168448972,
        261.718677346997,
        273.4374240938775,
        281.2499219251311,
        304.68741541889204,
        324.2186599970262,
        332.0311578282798,
        351.5624024064139,
        367.1873980689212,
        386.7186426470553,
        406.2498872251894,
        421.8748828876967,
        433.59362963457716,
        449.21862529708443,
        468.74986987521856,
        476.5623677064722,
        484.37486553772584,
        496.0936122846063
      ],
      "power": [
        2.816412381141178e-10,
        2.0212170862972226e-11,
        1.6858135241280015e-11,
        2.6031575735750453e-11,
        2.207702721577011e-11,
        3.819636540326013e-11,
        3.979714692350843e-11,
        4.1150136837788844e-11,
        1.9389621182510295e-11,
        2.3654117538427628e-11,
        2.92201460088779e-11,
        1.5879098584749805e-11,
        1.729690611166606e-11,
        2.375794266866446e-11,
        1.202659963224141e-11,
        1.255364054760135e-11,
        1.5323596538874167e-11,
        2.6689073171087038e-11,
        9.194509875473698e-12,
        2.4234735483839838e-11,
        2.4135338268155273e-11,
        2.761650461864037e-11,
        3.233156450453918e-11,
        3.2481143167971755e-11,
        2.000811591266693e-11,
        2.6981303903436612e-11,
        2.4275318892913312e-11,
        3.1171021251972917e-11,
        1.8374309706977246e-11,
        1.8374192756111397e-11,
        2.458277568762689e-11,
        2.92987447434295e-11,
        1.4391004129044369e-11,
        1.782117059961309e-11,
        2.1773315336667353e-11
      ],
      "confidence": 0.7
    }
  ]
}