{
  "chunk": 1559,
  "total_chunks": 3600,
  "patterns_found": 2,
  "start_time": 1558.0004327778981,
  "end_time": 1558.9994330553982,
  "patterns": [
    {
      "type": "spike",
      "count": 6,
      "times": [
        1558.378432882898,
        1558.3824328840092,
        1558.3844328845648,
        1558.4634329065093,
        1558.4714329087315,
        1558.5314329253981
      ],
      "amplitudes": [
        0.0016984473454421146,
        0.00171262521784213,
        0.0017541902736975595,
        0.0016957263082023658,
        0.0017058983389336728,
        0.0018109309412033595
      ],
      "confidence": 0.8
    },
    {
      "type": "oscillation",
      "frequencies": [
        3.906248914738643,
        11.71874674421593,
        31.249991317909146,
        42.96873806212508,
        50.781235891602364,
        66.40623155055694,
        74.21872938003422,
        85.93747612425015,
        93.74997395372743,
        109.37496961268201,
        124.99996527163658,
        132.81246310111388,
        148.43745876006844,
        160.15620550428437,
        179.6874500779776,
        191.40619682219352,
        203.12494356640946,
        214.8436903106254,
        238.28118379905723,
        246.0936816285345,
        265.62492620222775,
        277.3436729464437,
        289.0624196906596,
        300.7811664348755,
        316.4061620938301,
        335.9374066675233,
        343.7499044970006,
        359.3749001559552,
        371.0936469001711,
        386.71864255912567,
        410.15613604755754,
        437.49987845072803,
        453.1248741096826,
        480.4686165128531,
        488.2811143423304,
        496.0936121718077
      ],
      "power": [
        3.15958006313938e-10,
        3.079115239958477e-11,
        2.2806663855788747e-11,
        1.7315891050021034e-11,
        1.8990498773260686e-11,
        3.072710938881071e-11,
        3.523605196793546e-11,
        4.4080023953632855e-11,
        2.8592043327575867e-11,
        2.2633343460073192e-11,
        1.8651232723538315e-11,
        2.1912080424190125e-11,
        3.1331890217300924e-11,
        2.8961646695771472e-11,
        2.7115482993896195e-11,
        2.8368383700164682e-11,
        2.4388915704340498e-11,
        1.3212996070914397e-11,
        2.6474570048605726e-11,
        2.502677908205692e-11,
        8.58217260553061e-12,
        2.1073494964048465e-11,
        1.7067720174931773e-11,
        1.4775285932909974e-11,
        3.707256644693716e-11,
        1.9997446325717483e-11,
        1.863898047330832e-11,
        2.1816265573090356e-11,
        2.9374215234171214e-11,
        2.131259516276352e-11,
        1.7092360831286903e-11,
        2.6417112248232748e-11,
        3.3573956923045646e-11,
        4.9162771180148536e-11,
        2.7966867367798188e-11,
        2.8625512942516657e-11
      ],
      "confidence": 0.7
    }
  ]
}