{
  "chunk": 26,
  "total_chunks": 3600,
  "patterns_found": 2,
  "start_time": 25.000006944446376,
  "end_time": 25.999007221946453,
  "patterns": [
    {
      "type": "spike",
      "count": 26,
      "times": [
        25.00200694500193,
        25.013006948057487,
        25.015006948613042,
        25.02000695000193,
        25.022006950557486,
        25.024006951113044,
        25.03000695277971,
        25.033006953613043,
        25.03600695444638,
        25.05900696083527,
        25.10600697389083,
        25.118006977224162,
        25.88800719111311,
        25.92500720139089,
        25.946007207224227,
        25.955007209724226,
        25.957007210279784,
        25.961007211390893,
        25.969007213613118,
        25.974007215002004,
        25.976007215557562,
        25.979007216390894,
        25.98700721861312,
        25.99000721944645,
        25.993007220279786,
        25.997007221390895
      ],
      "amplitudes": [
        0.0012726335403040472,
        0.0011624876964383142,
        0.0011085373557298476,
        0.0010821802698837513,
        0.0010751243162595303,
        0.0010812416994043109,
        0.0011203327112500915,
        0.0010641328827843911,
        0.0011551517575827187,
        0.0011749607998153121,
        0.0010582568075813098,
        0.001060667396415213,
        0.0011380424541882282,
        0.001057688794797979,
        0.001113546261243117,
        0.0011772480913622035,
        0.0011191870701109986,
        0.0010911500069409605,
        0.001079400011599951,
        0.0011512524198231127,
        0.0010532398292374806,
        0.0011003043841119808,
        0.0011813912486633275,
        0.0010756499048704944,
        0.0010652879945820064,
        0.00121439501783548
      ],
      "confidence": 0.8
    },
    {
      "type": "oscillation",
      "frequencies": [
        3.9062489149329322,
        15.624995659731729,
        27.343742404530527,
        35.15624023439639,
        50.781235894128116,
        62.499982638926916,
        82.03122721359158,
        97.6562228733233,
        105.46872070318918,
        113.28121853305504,
        124.99996527785383,
        152.34370768238435,
        183.59369900184782,
        210.93744140637835,
        230.468685981043,
        242.1874327258418,
        253.9061794706406,
        265.6249262154394,
        277.34367296023817,
        289.062419705037,
        300.7811664498358,
        320.3124110245004,
        335.9374066842322,
        351.5624023439639,
        374.9998958335615,
        386.7186425783603,
        398.4373893231591,
        406.24988715302493,
        421.8748828127567,
        433.59362955755546,
        441.40612738742135,
        453.12487413222016,
        468.7498697919519,
        484.3748654516836,
        492.18736328154944
      ],
      "power": [
        2.9956403929922205e-10,
        2.012559983675541e-11,
        2.3291318243872544e-11,
        1.9711168688842418e-11,
        2.2001964577168563e-11,
        1.935392908489624e-11,
        4.1933884627946915e-11,
        2.7615888820840214e-11,
        2.064497880719594e-11,
        1.403366453814999e-11,
        2.18182517618989e-11,
        5.931228925524473e-11,
        3.41900183896534e-11,
        3.0695710703705314e-11,
        3.3479218562207435e-11,
        3.441044551929063e-11,
        2.065289294996617e-11,
        3.933289972392385e-11,
        1.4800231435768648e-11,
        2.977440059494099e-11,
        3.6362137416436793e-11,
        4.115494590234422e-11,
        1.5554681696869337e-11,
        3.337299560243363e-11,
        2.488425905355651e-11,
        2.8585594408929603e-11,
        1.708642514435212e-11,
        1.661163230673367e-11,
        1.951514215266959e-11,
        1.871203039528704e-11,
        1.7713534737288754e-11,
        3.101490443743286e-11,
        3.465128578092698e-11,
        2.482967099999268e-11,
        3.46185672576439e-11
      ],
      "confidence": 0.7
    }
  ]
}