{
  "chunk": 3514,
  "total_chunks": 3600,
  "patterns_found": 2,
  "start_time": 3513.0009758336046,
  "end_time": 3513.999976111105,
  "patterns": [
    {
      "type": "spike",
      "count": 23,
      "times": [
        3513.001975833882,
        3513.003975834438,
        3513.007975835549,
        3513.009975836105,
        3513.016975838049,
        3513.02097583916,
        3513.0239758399935,
        3513.040975844716,
        3513.043975845549,
        3513.0549758486045,
        3513.058975849716,
        3513.061975850549,
        3513.087975857771,
        3513.9069760852713,
        3513.9469760963825,
        3513.96597610166,
        3513.9729761036047,
        3513.9779761049936,
        3513.98397610666,
        3513.9859761072157,
        3513.988976108049,
        3513.991976108882,
        3513.993976109438
      ],
      "amplitudes": [
        0.001108760547694962,
        0.0012540274541776916,
        0.00123557409941067,
        0.0012135820292251513,
        0.001157776742553893,
        0.0011133206010499968,
        0.0010772821573410412,
        0.0010977347598776508,
        0.0010659876156043988,
        0.0010594382641901825,
        0.0011048815040411767,
        0.0012024504196943963,
        0.0010746249793795455,
        0.001075263802765219,
        0.0010849238680856388,
        0.001177611149908045,
        0.0011214994949250512,
        0.0011454881600752365,
        0.0010663387784031926,
        0.0011719078424754373,
        0.001194956095692447,
        0.0010602653360792015,
        0.001116461685539772
      ],
      "confidence": 0.8
    },
    {
      "type": "oscillation",
      "frequencies": [
        3.906248915626821,
        35.15624024064139,
        42.96873807189503,
        54.687484818775495,
        66.40623156565596,
        74.21872939690961,
        101.56247180629735,
        121.09371638443146,
        136.71871204693875,
        156.24995662507285,
        171.87495228758013,
        195.31244578134107,
        218.74993927510198,
        226.56243710635562,
        242.18743276886292,
        257.8124284313702,
        269.53117517825063,
        277.3436730095043,
        292.9686686720116,
        308.59366433451885,
        328.124908912653,
        339.84365565953345,
        347.65615349078706,
        367.1873980689212,
        382.8123937314285,
        402.3436383095626,
        429.68738071895035,
        449.21862529708443,
        460.9373720439649,
        468.74986987521856,
        476.5623677064722,
        488.28111445335264,
        496.0936122846063
      ],
      "power": [
        3.0573806198118655e-10,
        7.011102438610166e-11,
        2.742985986359479e-11,
        3.559887470916031e-11,
        1.9005139588914077e-11,
        3.886471992286711e-11,
        3.749959817966622e-11,
        1.796238870277093e-11,
        3.0671987270422047e-11,
        3.172651001038094e-11,
        2.028770231520617e-11,
        2.6063454583638108e-11,
        2.8796115680783638e-11,
        2.9248380878838725e-11,
        1.7784120630203026e-11,
        2.7342376351350766e-11,
        2.8928809746836596e-11,
        3.104617907505594e-11,
        1.0920208484951971e-11,
        2.6676780249709817e-11,
        1.1428033283072408e-11,
        2.5779521698155015e-11,
        3.5738377924282134e-11,
        4.1425654167080646e-11,
        1.6834508524611266e-11,
        4.5620427261833354e-11,
        3.068000021820797e-11,
        3.574910620953365e-11,
        2.1644271140918214e-11,
        1.8403550935264132e-11,
        1.7930100210495648e-11,
        2.0731777745998106e-11,
        1.8178128296403714e-11
      ],
      "confidence": 0.7
    }
  ]
}