{
  "chunk": 1659,
  "total_chunks": 3600,
  "patterns_found": 2,
  "start_time": 1658.0004605556835,
  "end_time": 1658.9994608331835,
  "patterns": [
    {
      "type": "spike",
      "count": 6,
      "times": [
        1658.2934606370725,
        1658.345460651517,
        1658.416460671239,
        1658.4824606895725,
        1658.485460690406,
        1658.5274607020724
      ],
      "amplitudes": [
        0.0016883547386800592,
        0.0017221254852683742,
        0.001724562550322232,
        0.001679767254824801,
        0.0016801340418988145,
        0.0017889986907238865
      ],
      "confidence": 0.8
    },
    {
      "type": "oscillation",
      "frequencies": [
        3.906248914738643,
        31.249991317909146,
        54.687484806341004,
        70.31248046529558,
        89.8437250389888,
        113.28121852742065,
        132.81246310111388,
        144.5312098453298,
        156.24995658954572,
        171.8749522485003,
        195.31244573693215,
        210.93744139588674,
        238.28118379905723,
        253.90617945801182,
        269.5311751169664,
        292.96866860539825,
        304.6874153496142,
        324.21865992330737,
        339.843655582262,
        363.2811490706938,
        374.99989581490973,
        398.4373893033416,
        417.96863387703485,
        429.6873806212508,
        445.31237628020534,
        460.9373719391599,
        472.65611868337584,
        496.0936121718077
      ],
      "power": [
        2.9551334228931353e-10,
        6.47361461702504e-11,
        3.374362258165608e-11,
        2.5956148979219682e-11,
        2.7520481872106267e-11,
        2.5144393625330668e-11,
        2.4202867077519553e-11,
        2.9918641451273006e-11,
        3.064639400392514e-11,
        3.4265941739623064e-11,
        1.5958809112001693e-11,
        2.086886299811266e-11,
        4.14604645725754e-11,
        2.4577771388184446e-11,
        1.6811694437767086e-11,
        1.9799083049635547e-11,
        3.3299085787387524e-11,
        2.633583995511487e-11,
        3.0754320673436775e-11,
        5.1643530630151875e-11,
        3.096546283156126e-11,
        5.296404450052376e-11,
        1.9476161636500215e-11,
        4.167424596373415e-11,
        3.33552888873354e-11,
        1.988707944855623e-11,
        2.615480540096024e-11,
        4.4366921790539456e-11
      ],
      "confidence": 0.7
    }
  ]
}