{
  "chunk": 2388,
  "total_chunks": 3600,
  "patterns_found": 2,
  "start_time": 2387.00066305574,
  "end_time": 2387.99966333324,
  "patterns": [
    {
      "type": "spike",
      "count": 25,
      "times": [
        2387.0016630560176,
        2387.0036630565733,
        2387.0096630582398,
        2387.013663059351,
        2387.0166630601843,
        2387.0246630624065,
        2387.030663064073,
        2387.0436630676845,
        2387.0456630682397,
        2387.0486630690734,
        2387.0636630732397,
        2387.894663304073,
        2387.899663305462,
        2387.9296633137956,
        2387.941663317129,
        2387.9476633187955,
        2387.949663319351,
        2387.95466332074,
        2387.9656633237955,
        2387.9736633260177,
        2387.976663326851,
        2387.984663329073,
        2387.99066333074,
        2387.9936633315733,
        2387.997663332684
      ],
      "amplitudes": [
        0.0011387918826774482,
        0.0012047611631980236,
        0.0010880207862644766,
        0.0011423380278624254,
        0.0010846735706943951,
        0.0011658339744070798,
        0.0010763825831443445,
        0.0011336058087602146,
        0.0011133132992120114,
        0.0010507718936489745,
        0.0010679817552936596,
        0.0011056929090364808,
        0.0010556598184413525,
        0.0010796139481937192,
        0.0010752996297455995,
        0.0010589913742023646,
        0.0010463600067854178,
        0.0011048395304933828,
        0.0010667482672414952,
        0.0010731209133344466,
        0.001125456334801548,
        0.0011085325729912026,
        0.0010468847839143157,
        0.001048427102801934,
        0.0010840834550101396
      ],
      "confidence": 0.8
    },
    {
      "type": "oscillation",
      "frequencies": [
        3.906248915626821,
        11.718746746880463,
        19.531244578134107,
        31.24999132501457,
        39.062489156268214,
        50.781235903148676,
        58.59373373440232,
        74.21872939690961,
        82.03122722816325,
        93.7499739750437,
        105.46872072192417,
        121.09371638443146,
        132.81246313131192,
        144.53120987819239,
        160.15620554069966,
        171.87495228758013,
        183.5936990344606,
        191.40619686571424,
        203.1249436125947,
        222.6561881907288,
        230.46868602198245,
        246.09368168448972,
        257.8124284313702,
        269.53117517825063,
        289.06241975638477,
        300.78116650326524,
        312.4999132501457,
        320.3124110813993,
        328.124908912653,
        339.84365565953345,
        351.5624024064139,
        374.9998959001748,
        382.8123937314285,
        394.53114047830894,
        410.1561361408162,
        421.8748828876967,
        433.59362963457716,
        445.3123763814576,
        457.0311231283381,
        476.5623677064722
      ],
      "power": [
        2.918806536093636e-10,
        2.4019246265261532e-11,
        1.6957969777423572e-11,
        1.5269679979778273e-11,
        1.1392251527781769e-11,
        2.0687094448646306e-11,
        1.3195850343863964e-11,
        2.9160954529689235e-11,
        3.1276191308178344e-11,
        2.960071599412323e-11,
        2.543681659115542e-11,
        2.485738764031445e-11,
        1.3132152885583098e-11,
        2.2508015415059152e-11,
        1.387547609280275e-11,
        1.5631157732503004e-11,
        2.1435980586488614e-11,
        3.54728809720816e-11,
        3.0792074301680595e-11,
        1.7008861336433613e-11,
        2.37134547232393e-11,
        2.604122836801117e-11,
        2.8021923296003754e-11,
        3.4245791573689005e-11,
        5.024580109375586e-11,
        1.8452735206988704e-11,
        2.736503693849766e-11,
        2.7113296365334153e-11,
        2.0050706928735252e-11,
        1.53570749294116e-11,
        3.012849428035751e-11,
        1.9440420565757014e-11,
        1.4333826484642081e-11,
        3.015270561525516e-11,
        1.616411485000901e-11,
        3.3347344917946105e-11,
        2.3451890961207682e-11,
        2.993814213789757e-11,
        2.1877425352380672e-11,
        4.289708193169351e-11
      ],
      "confidence": 0.7
    }
  ]
}