{
  "chunk": 1167,
  "total_chunks": 3600,
  "patterns_found": 2,
  "start_time": 1166.000323888979,
  "end_time": 1166.999324166479,
  "patterns": [
    {
      "type": "spike",
      "count": 6,
      "times": [
        1166.404324001201,
        1166.4673240187012,
        1166.548324041201,
        1166.5703240473124,
        1166.5773240492567,
        1166.6173240603678
      ],
      "amplitudes": [
        0.0017003997240055758,
        0.0017053944037371581,
        0.0017075419202740084,
        0.0016808986506841837,
        0.0017309925586521083,
        0.001701826133501429
      ],
      "confidence": 0.8
    },
    {
      "type": "oscillation",
      "frequencies": [
        3.906248914738643,
        27.343742403170502,
        35.15624023264779,
        50.781235891602364,
        66.40623155055694,
        78.12497829477286,
        105.46872069794337,
        117.1874674421593,
        140.62496093059116,
        160.15620550428437,
        175.78120116323893,
        207.03119248114808,
        222.65618814010267,
        234.3749348843186,
        246.0936816285345,
        265.62492620222775,
        277.3436729464437,
        285.15617077592094,
        296.8749175201369,
        304.6874153496142,
        312.49991317909144,
        324.21865992330737,
        339.843655582262,
        359.3749001559552,
        367.1873979854325,
        382.81239364438704,
        402.34363821808023,
        425.7811317065121,
        437.49987845072803,
        449.21862519494397,
        457.0311230244213,
        468.7498697686372,
        480.4686165128531,
        496.0936121718077
      ],
      "power": [
        3.2830448677442656e-10,
        1.908189992728232e-11,
        3.0467201350312733e-11,
        3.1212262034329483e-11,
        4.828520602164412e-11,
        3.425554072381813e-11,
        2.1392092657885882e-11,
        1.5770058172938756e-11,
        2.5363452383343164e-11,
        2.8760160501405886e-11,
        2.2703034112826957e-11,
        3.5850896067750026e-11,
        3.58749610669688e-11,
        2.3873219232991066e-11,
        3.2885863773399674e-11,
        1.562648550391289e-11,
        4.2261998826374087e-11,
        3.1976711189784485e-11,
        1.8127992149530112e-11,
        2.828138675030788e-11,
        2.379111274032387e-11,
        1.9236652402391957e-11,
        1.9034541714709154e-11,
        1.7739820435273054e-11,
        1.9286943495994076e-11,
        2.5193908052780498e-11,
        2.6084161773417398e-11,
        2.026300460567202e-11,
        3.58919622140159e-11,
        2.1002487267222386e-11,
        2.6301509715307683e-11,
        1.467284033003326e-11,
        1.368305321999069e-11,
        3.77034915125476e-11
      ],
      "confidence": 0.7
    }
  ]
}