{
  "chunk": 2507,
  "total_chunks": 3600,
  "patterns_found": 2,
  "start_time": 2506.0006961113045,
  "end_time": 2506.9996963888048,
  "patterns": [
    {
      "type": "spike",
      "count": 8,
      "times": [
        2506.457696238249,
        2506.475696243249,
        2506.484696245749,
        2506.5316962588045,
        2506.5686962690825,
        2506.5726962701933,
        2506.6536962926934,
        2506.655696293249
      ],
      "amplitudes": [
        0.0016979322386227774,
        0.0016994270009587427,
        0.0016912042343069987,
        0.0016964485796143011,
        0.0017797453791683635,
        0.0017289532949587845,
        0.0017529393112372168,
        0.0016940716599908353
      ],
      "confidence": 0.8
    },
    {
      "type": "oscillation",
      "frequencies": [
        3.9062489138504652,
        19.531244569252326,
        39.06248913850465,
        58.59373370775698,
        78.1249782770093,
        93.74997393241117,
        105.46872067396257,
        124.99996524321489,
        148.4374587263177,
        156.2499565540186,
        175.78120112327093,
        187.49994786482233,
        207.03119243407465,
        226.56243700332698,
        234.37493483102793,
        249.99993048642978,
        269.5311750556821,
        296.8749174526354,
        304.68741528033627,
        324.2186598495886,
        339.84365550499047,
        359.3749000742428,
        367.1873979019437,
        382.8123935573456,
        406.24988704044836,
        429.68738052355116,
        445.31237617895306,
        453.12487400665395,
        460.9373718343549,
        476.56236748975675,
        496.0936120590091
      ],
      "power": [
        3.531007456225981e-10,
        2.857042650226629e-11,
        3.1541268833090485e-11,
        2.5267922676588747e-11,
        3.323821230350658e-11,
        2.3060193282228765e-11,
        2.2240873180465848e-11,
        4.220709285082793e-11,
        1.850368634722108e-11,
        3.668825031571096e-11,
        2.5419436290599495e-11,
        1.8290764987498846e-11,
        1.6322437873600925e-11,
        3.5645441708507265e-11,
        3.313727285003622e-11,
        3.052189943678728e-11,
        3.407466685171562e-11,
        2.7281864856045618e-11,
        1.8439500012375063e-11,
        3.327097885572569e-11,
        2.2910951279436023e-11,
        2.1945572528523e-11,
        2.34337021249997e-11,
        4.900765389407835e-11,
        4.020783478608842e-11,
        3.574664927176963e-11,
        3.1003102883886645e-11,
        3.8516197338788585e-11,
        4.06407237760292e-11,
        2.6643846295362982e-11,
        1.1095744067228642e-11
      ],
      "confidence": 0.7
    }
  ]
}