{
  "chunk": 2363,
  "total_chunks": 3600,
  "patterns_found": 2,
  "start_time": 2362.0006561112937,
  "end_time": 2362.9996563887935,
  "patterns": [
    {
      "type": "spike",
      "count": 9,
      "times": [
        2362.3566562101823,
        2362.433656231571,
        2362.4416562337933,
        2362.5086562524048,
        2362.5286562579604,
        2362.5676562687936,
        2362.632656286849,
        2362.6366562879602,
        2362.659656294349
      ],
      "amplitudes": [
        0.001794850482065805,
        0.0017054907875563774,
        0.0017047787841206414,
        0.0018036254764216548,
        0.001705295955130627,
        0.0017047646534661092,
        0.001699243249410804,
        0.0017643454865053378,
        0.0016878416654309725
      ],
      "confidence": 0.8
    },
    {
      "type": "oscillation",
      "frequencies": [
        3.906248915626821,
        15.624995662507285,
        31.24999132501457,
        46.87498698752185,
        62.49998265002914,
        70.31248048128278,
        89.84372505941688,
        97.65622289067053,
        117.18746746880464,
        128.9062142156851,
        136.71871204693875,
        160.15620554069966,
        179.68745011883377,
        191.40619686571424,
        203.1249436125947,
        222.6561881907288,
        242.18743276886292,
        261.718677346997,
        273.4374240938775,
        285.15617084075797,
        292.9686686720116,
        308.59366433451885,
        328.124908912653,
        339.84365565953345,
        371.093646984548,
        378.90614481580167,
        386.7186426470553,
        402.3436383095626,
        414.062385056443,
        429.68738071895035,
        441.4061274658308,
        453.12487421271123,
        464.8436209595917,
        484.37486553772584,
        496.0936122846063
      ],
      "power": [
        3.4562450466399924e-10,
        2.4078684521173664e-11,
        2.906402476070922e-11,
        1.698663668212959e-11,
        2.2162180426902197e-11,
        2.2859800943182014e-11,
        2.3383003132204477e-11,
        4.229047643888071e-11,
        2.0726782450150645e-11,
        1.6501755871960746e-11,
        1.5183422052909284e-11,
        1.871245616541491e-11,
        2.3879389939882496e-11,
        2.801599731004865e-11,
        3.3600700255393865e-11,
        2.738008986420109e-11,
        9.900538703023407e-12,
        3.211678733669332e-11,
        1.7434154662020085e-11,
        2.093427550875704e-11,
        1.777095012155632e-11,
        3.3574653693138235e-11,
        3.197545550854857e-11,
        3.4446752994988676e-11,
        2.727760960211198e-11,
        2.0166542675199023e-11,
        1.9400434669469857e-11,
        2.98443596202607e-11,
        2.3406208722277772e-11,
        1.916602959251411e-11,
        1.5003669620086622e-11,
        3.3277678679710915e-11,
        3.2402172416219196e-11,
        2.2780758811801172e-11,
        2.4781629717883165e-11
      ],
      "confidence": 0.7
    }
  ]
}