{
  "chunk": 1887,
  "total_chunks": 3600,
  "patterns_found": 2,
  "start_time": 1886.0005238890344,
  "end_time": 1886.9995241665347,
  "patterns": [
    {
      "type": "spike",
      "count": 6,
      "times": [
        1886.4085240023678,
        1886.4215240059789,
        1886.4695240193123,
        1886.4955240265344,
        1886.5215240337568,
        1886.5325240368124
      ],
      "amplitudes": [
        0.0017239357119959759,
        0.0017000576520558857,
        0.0017093386452357855,
        0.0017215158731685946,
        0.0017096043327369192,
        0.0017112163807294968
      ],
      "confidence": 0.8
    },
    {
      "type": "oscillation",
      "frequencies": [
        3.906248914738643,
        23.43749348843186,
        35.15624023264779,
        54.687484806341004,
        66.40623155055694,
        82.03122720951151,
        89.8437250389888,
        101.56247178320473,
        124.99996527163658,
        140.62496093059116,
        167.96870333376165,
        187.49994790745487,
        195.31244573693215,
        218.74993922536402,
        230.46868596957995,
        238.28118379905723,
        249.99993054327317,
        257.81242837275045,
        281.2499218611823,
        292.96866860539825,
        308.5936642643528,
        324.21865992330737,
        332.0311577527847,
        343.7499044970006,
        359.3749001559552,
        374.99989581490973,
        390.6248914738643,
        406.2498871328189,
        417.96863387703485,
        425.7811317065121,
        441.40612736546666,
        457.0311230244213,
        472.65611868337584,
        488.2811143423304
      ],
      "power": [
        3.207774811001134e-10,
        1.872445679525242e-11,
        2.696103603274024e-11,
        2.6874311246892673e-11,
        2.723762432200758e-11,
        3.598572263325726e-11,
        3.1107939481122956e-11,
        2.494129979368896e-11,
        1.5701663756329816e-11,
        3.2458562729498926e-11,
        2.366087513285321e-11,
        3.842075191708558e-11,
        4.314474803803007e-11,
        4.049824122229755e-11,
        3.3361100640661495e-11,
        3.785420147024689e-11,
        1.8543240578575558e-11,
        2.195613467387566e-11,
        3.379920427539133e-11,
        3.24557479241866e-11,
        1.4354869319401898e-11,
        2.954532866989472e-11,
        2.3770887447098217e-11,
        1.6408445754545714e-11,
        1.9404793243789568e-11,
        3.5658717348469665e-11,
        3.023786742774793e-11,
        1.4322964175239183e-11,
        1.779870453719448e-11,
        1.424579587734999e-11,
        2.694198028933404e-11,
        3.1285229017733345e-11,
        2.6855632757704802e-11,
        3.743503177303172e-11
      ],
      "confidence": 0.7
    }
  ]
}