{
  "chunk": 315,
  "total_chunks": 3600,
  "patterns_found": 2,
  "start_time": 314.00008722224646,
  "end_time": 314.99908749974657,
  "patterns": [
    {
      "type": "spike",
      "count": 9,
      "times": [
        314.37508732641317,
        314.4270873408576,
        314.45708734919094,
        314.4690873525243,
        314.51908736641315,
        314.5370873714132,
        314.56908738030205,
        314.5960873878021,
        314.6530874036354
      ],
      "amplitudes": [
        0.0017420388568643043,
        0.0017880885014294578,
        0.0017347141307738436,
        0.0017119917847630253,
        0.0016866092302163685,
        0.0016865363826565423,
        0.0016780196147603414,
        0.0017009625194663838,
        0.0017101233533683736
      ],
      "confidence": 0.8
    },
    {
      "type": "oscillation",
      "frequencies": [
        3.906248914960688,
        15.624995659842751,
        23.437493489764126,
        35.15624023464619,
        58.59373372441032,
        70.31248046929238,
        82.03122721417445,
        93.7499739590565,
        101.56247178897789,
        117.18746744882064,
        132.8124631086634,
        140.62496093858476,
        152.34370768346682,
        167.96870334330958,
        199.2186946629951,
        226.56243706771988,
        238.28118381260197,
        257.8124283874054,
        269.53117513228744,
        285.1561707921302,
        304.68741536693364,
        316.4061621118157,
        324.2186599417371,
        339.8436556015798,
        351.5624023464619,
        371.09364692126536,
        378.90614475118673,
        386.7186425811081,
        394.53114041102947,
        406.24988715591155,
        429.68738064567566,
        441.40612739055774,
        449.2186252204791,
        457.0311230504005,
        472.6561187102432,
        488.28111437008596
      ],
      "power": [
        3.3287934596602585e-10,
        2.2330569818758015e-11,
        2.34348924336116e-11,
        4.735317258758798e-11,
        1.8842630436485954e-11,
        1.5647895954343006e-11,
        2.300871034795825e-11,
        3.3505071835019384e-11,
        2.5282239416958633e-11,
        2.6686725027143744e-11,
        2.6626674331513845e-11,
        1.9270039024570452e-11,
        3.367097822062814e-11,
        4.274761942967317e-11,
        4.545554495423629e-11,
        2.6930186559589486e-11,
        1.5259466809285038e-11,
        3.382225359643061e-11,
        2.8244686764691045e-11,
        2.344602341915841e-11,
        4.061514584104762e-11,
        2.8579216818676766e-11,
        3.42526955052587e-11,
        2.8199632379320337e-11,
        1.406631264350826e-11,
        2.6182761355977772e-11,
        1.9641326872082977e-11,
        2.9464686026755795e-11,
        3.2612513271342287e-11,
        2.0634545951601308e-11,
        3.352681787224549e-11,
        2.2950854037703468e-11,
        2.4494416159850415e-11,
        4.143979186482816e-11,
        5.502845323200259e-11,
        2.1798605156586826e-11
      ],
      "confidence": 0.7
    }
  ]
}