{
  "chunk": 2486,
  "total_chunks": 3600,
  "patterns_found": 2,
  "start_time": 2485.0006902779696,
  "end_time": 2485.99969055547,
  "patterns": [
    {
      "type": "spike",
      "count": 27,
      "times": [
        2485.001690278247,
        2485.003690278803,
        2485.006690279636,
        2485.008690280192,
        2485.0136902815807,
        2485.0156902821363,
        2485.022690284081,
        2485.024690284636,
        2485.0266902851918,
        2485.035690287692,
        2485.0416902893585,
        2485.04569029047,
        2485.047690291025,
        2485.074690298525,
        2485.120690311303,
        2485.128690313525,
        2485.872690520192,
        2485.9246905346363,
        2485.929690536025,
        2485.9436905399143,
        2485.947690541025,
        2485.9516905421365,
        2485.965690546025,
        2485.9686905468584,
        2485.988690552414,
        2485.9906905529697,
        2485.994690554081
      ],
      "amplitudes": [
        0.0011855406234826994,
        0.0010673653267953304,
        0.0011232009840220056,
        0.001053762308275878,
        0.0011441040064538199,
        0.001049770715328132,
        0.0010967137095723829,
        0.0010424986737750034,
        0.0011952251546645228,
        0.0010778601615764208,
        0.0011371092156797003,
        0.0011298858464309708,
        0.0010735153300783346,
        0.0011419862496418747,
        0.001055940633401247,
        0.0010821840148368125,
        0.0010608533274494981,
        0.0010510128868820544,
        0.0011218172796095983,
        0.0010878270328672547,
        0.0010510375344980605,
        0.0010981785023131908,
        0.0010631861174720386,
        0.001075980964798256,
        0.0011063194205789,
        0.0011082805196834414,
        0.0012916099904141942
      ],
      "confidence": 0.8
    },
    {
      "type": "oscillation",
      "frequencies": [
        3.906248915626821,
        19.531244578134107,
        31.24999132501457,
        50.781235903148676,
        62.49998265002914,
        74.21872939690961,
        82.03122722816325,
        97.65622289067053,
        109.37496963755099,
        117.18746746880464,
        132.81246313131192,
        148.43745879381922,
        160.15620554069966,
        179.68745011883377,
        191.40619686571424,
        203.1249436125947,
        214.84369035947518,
        222.6561881907288,
        234.37493493760928,
        242.18743276886292,
        257.8124284313702,
        269.53117517825063,
        292.9686686720116,
        312.4999132501457,
        332.0311578282798,
        343.74990457516026,
        359.37490023766753,
        374.9998959001748,
        382.8123937314285,
        398.43738939393575,
        414.062385056443,
        421.8748828876967,
        437.49987855020396,
        445.3123763814576,
        453.12487421271123,
        468.74986987521856,
        480.46861662209903,
        496.0936122846063
      ],
      "power": [
        2.8783723226844794e-10,
        2.5702609969981858e-11,
        1.171575028607655e-11,
        1.771255845453156e-11,
        2.1776079825857702e-11,
        1.47071878979509e-11,
        3.410975659982276e-11,
        1.5838794961405636e-11,
        2.491201868174659e-11,
        2.4329454343729326e-11,
        1.367796183035412e-11,
        3.13753511976352e-11,
        1.647595667468865e-11,
        3.165129316670922e-11,
        2.7640831777195393e-11,
        1.6945296987599367e-11,
        2.0527442106230298e-11,
        1.5053273019573538e-11,
        1.8090275666318527e-11,
        1.871834382752047e-11,
        2.104700337645698e-11,
        2.1905101363988522e-11,
        2.1397474312445764e-11,
        2.7066346248366443e-11,
        3.238059896365413e-11,
        3.083289946333052e-11,
        1.6760353943875986e-11,
        2.1938725119648232e-11,
        1.3969103142433914e-11,
        4.46304693958744e-11,
        1.9004392406875414e-11,
        1.5811665067266527e-11,
        2.713642673153426e-11,
        3.283680704457378e-11,
        3.241729660062068e-11,
        2.6541863721451077e-11,
        2.583061066337579e-11,
        2.3688144956029188e-11
      ],
      "confidence": 0.7
    }
  ]
}