{
  "chunk": 1033,
  "total_chunks": 3600,
  "patterns_found": 2,
  "start_time": 1032.0002866667464,
  "end_time": 1032.9992869442465,
  "patterns": [
    {
      "type": "spike",
      "count": 11,
      "times": [
        1032.3622867673018,
        1032.4712867975798,
        1032.487286802024,
        1032.510286808413,
        1032.5212868114686,
        1032.5322868145242,
        1032.5492868192464,
        1032.5662868239685,
        1032.5902868306353,
        1032.5952868320242,
        1032.6102868361909
      ],
      "amplitudes": [
        0.001759307215376212,
        0.0017223604839685142,
        0.001707842448463394,
        0.001747687921938666,
        0.0017045158211930894,
        0.0017124787472664123,
        0.001717042640734124,
        0.0017323751132212442,
        0.001718243837054614,
        0.001733351552978537,
        0.0017078185710898757
      ],
      "confidence": 0.8
    },
    {
      "type": "oscillation",
      "frequencies": [
        3.906248915626821,
        19.531244578134107,
        50.781235903148676,
        70.31248048128278,
        89.84372505941688,
        117.18746746880464,
        148.43745879381922,
        156.24995662507285,
        167.96870337195332,
        175.78120120320696,
        187.4999479500874,
        199.21869469696787,
        214.84369035947518,
        234.37493493760928,
        257.8124284313702,
        265.62492626262383,
        285.15617084075797,
        296.87491758763844,
        316.4061621657725,
        335.93740674390665,
        355.4686513220407,
        363.2811491532944,
        374.9998959001748,
        386.7186426470553,
        402.3436383095626,
        417.9686339720699,
        429.68738071895035,
        437.49987855020396,
        457.0311231283381,
        472.65611879084537,
        488.28111445335264
      ],
      "power": [
        3.901362082311209e-10,
        3.345988461493838e-11,
        2.2928693015186642e-11,
        1.5479369335198027e-11,
        2.429666262013179e-11,
        3.3917861696206906e-11,
        2.9514650276561413e-11,
        3.397619520532662e-11,
        1.9795650779434088e-11,
        2.0336858628768392e-11,
        1.9616232344882205e-11,
        1.7185342390825046e-11,
        1.3843538349436097e-11,
        3.2080587218186836e-11,
        4.370584470278408e-11,
        4.537079680202977e-11,
        2.160099683218172e-11,
        2.938544963244401e-11,
        3.294436673700671e-11,
        2.568336387560054e-11,
        3.2819979995785635e-11,
        3.2414093867921996e-11,
        3.3219707954095944e-11,
        5.001671083743056e-11,
        2.490631865906511e-11,
        3.303175766377821e-11,
        2.8090808160801024e-11,
        3.72020125306957e-11,
        2.7150472734023256e-11,
        2.314166415842535e-11,
        2.5709408241181105e-11
      ],
      "confidence": 0.7
    }
  ]
}