{
  "chunk": 1381,
  "total_chunks": 3600,
  "patterns_found": 2,
  "start_time": 1380.00038333344,
  "end_time": 1380.99938361094,
  "patterns": [
    {
      "type": "spike",
      "count": 8,
      "times": [
        1380.4073834464955,
        1380.5093834748288,
        1380.51338347594,
        1380.5873834964955,
        1380.5913834976066,
        1380.6053835014955,
        1380.6203835056622,
        1380.6873835242732
      ],
      "amplitudes": [
        0.0017144798919019124,
        0.0016930240072108155,
        0.0017625153374965,
        0.001855765840053387,
        0.0016933910534437662,
        0.001728875994291286,
        0.0017089223499495805,
        0.001694665170429099
      ],
      "confidence": 0.8
    },
    {
      "type": "oscillation",
      "frequencies": [
        3.906248914738643,
        11.71874674421593,
        39.06248914738643,
        62.49998263581829,
        74.21872938003422,
        97.65622286846607,
        105.46872069794337,
        117.1874674421593,
        128.90621418637522,
        136.7187120158525,
        144.5312098453298,
        152.3437076748071,
        164.06245441902303,
        171.8749522485003,
        187.49994790745487,
        203.12494356640946,
        222.65618814010267,
        249.99993054327317,
        257.81242837275045,
        269.5311751169664,
        281.2499218611823,
        292.96866860539825,
        316.4061620938301,
        339.843655582262,
        351.56240232647787,
        363.2811490706938,
        378.9061447296484,
        386.71864255912567,
        398.4373893033416,
        417.96863387703485,
        433.5936295359894,
        445.31237628020534,
        457.0311230244213,
        468.7498697686372,
        480.4686165128531
      ],
      "power": [
        2.7650193602191094e-10,
        3.8176980712329854e-11,
        2.0985174250603077e-11,
        3.3862682074158025e-11,
        2.1902708119295076e-11,
        2.1410918084676444e-11,
        2.7892401231329162e-11,
        2.2707626504545776e-11,
        1.9935952134506017e-11,
        2.8710756177723875e-11,
        3.4056614969990496e-11,
        2.924867183976955e-11,
        2.1441242834349214e-11,
        1.601071217619764e-11,
        3.2235697482518414e-11,
        5.3033642413530845e-11,
        2.321556251047771e-11,
        2.7562830105716592e-11,
        3.3559386118803666e-11,
        2.6219130984583247e-11,
        2.289293984571511e-11,
        3.780779161942822e-11,
        2.8889143492079167e-11,
        3.289017285530234e-11,
        3.2720907892526115e-11,
        2.988073836839101e-11,
        2.274508837118406e-11,
        3.461087569941725e-11,
        1.607812120880547e-11,
        3.929556823693675e-11,
        1.398995300557582e-11,
        3.272561044025298e-11,
        1.843372646955597e-11,
        2.6643479553676975e-11,
        3.206287754573696e-11
      ],
      "confidence": 0.7
    }
  ]
}