{
  "chunk": 1236,
  "total_chunks": 3600,
  "patterns_found": 2,
  "start_time": 1235.000343055651,
  "end_time": 1235.999343333151,
  "patterns": [
    {
      "type": "spike",
      "count": 18,
      "times": [
        1235.0033430564843,
        1235.0073430575953,
        1235.009343058151,
        1235.0173430603732,
        1235.0283430634288,
        1235.0303430639842,
        1235.0323430645399,
        1235.0393430664842,
        1235.0473430687064,
        1235.0553430709288,
        1235.9153433098177,
        1235.9403433167622,
        1235.9473433187065,
        1235.9533433203733,
        1235.9653433237065,
        1235.9733433259287,
        1235.9783433273176,
        1235.9963433323176
      ],
      "amplitudes": [
        0.0011019079867231483,
        0.0011402710374020506,
        0.0011576283342779863,
        0.0011531942050066715,
        0.0011792346527731109,
        0.0011027720989135801,
        0.0010872395563034823,
        0.0011353690486961636,
        0.0011546867210195434,
        0.0010835990759440757,
        0.0010549791484670643,
        0.0010509391543343744,
        0.0011697856373694888,
        0.0011071287783633195,
        0.0010971651268601459,
        0.0011967450305639465,
        0.0010612214485177223,
        0.0010625399302981913
      ],
      "confidence": 0.8
    },
    {
      "type": "oscillation",
      "frequencies": [
        3.906248915626821,
        31.24999132501457,
        42.96873807189503,
        58.59373373440232,
        78.12497831253643,
        85.93747614379006,
        97.65622289067053,
        113.28121855317781,
        128.9062142156851,
        152.34370770944602,
        179.68745011883377,
        199.21869469696787,
        210.93744144384834,
        230.46868602198245,
        257.8124284313702,
        265.62492626262383,
        273.4374240938775,
        300.78116650326524,
        316.4061621657725,
        335.93740674390665,
        351.5624024064139,
        359.37490023766753,
        371.093646984548,
        386.7186426470553,
        398.43738939393575,
        425.7811318033235,
        437.49987855020396,
        449.21862529708443,
        464.8436209595917,
        476.5623677064722,
        484.37486553772584,
        496.0936122846063
      ],
      "power": [
        3.017504724977106e-10,
        2.8255966991150724e-11,
        3.182535270502953e-11,
        3.758744676576633e-11,
        1.4809988192152587e-11,
        2.5363057602957398e-11,
        2.235999895110035e-11,
        1.8429540028468058e-11,
        2.5602073452020544e-11,
        1.9843496660340772e-11,
        4.727580187146e-11,
        2.4661302759980832e-11,
        2.877063012007152e-11,
        3.3023408210268926e-11,
        2.302224465733114e-11,
        3.0260576282644284e-11,
        2.231145315608325e-11,
        1.967899029660266e-11,
        4.3891531303240995e-11,
        3.4729631229830575e-11,
        2.500405237863517e-11,
        3.591364446266747e-11,
        3.270365200736674e-11,
        2.4163529568362234e-11,
        3.628603044412346e-11,
        2.7760235568618622e-11,
        2.395444960047367e-11,
        4.613284003879755e-11,
        2.326356148757051e-11,
        3.0796643573082025e-11,
        3.331579596846507e-11,
        2.1325594219804955e-11
      ],
      "confidence": 0.7
    }
  ]
}