{
  "chunk": 1724,
  "total_chunks": 3600,
  "patterns_found": 2,
  "start_time": 1723.0004786112443,
  "end_time": 1723.9994788887443,
  "patterns": [
    {
      "type": "spike",
      "count": 21,
      "times": [
        1723.0034786120775,
        1723.0134786148553,
        1723.0154786154108,
        1723.0184786162442,
        1723.0264786184664,
        1723.0304786195775,
        1723.0354786209664,
        1723.055478626522,
        1723.0704786306885,
        1723.077478632633,
        1723.8814788559664,
        1723.9024788617999,
        1723.9444788734666,
        1723.946478874022,
        1723.959478877633,
        1723.9674788798554,
        1723.9764788823554,
        1723.9784788829108,
        1723.982478884022,
        1723.9924788867997,
        1723.9974788881887
      ],
      "amplitudes": [
        0.0010578697256664576,
        0.0011025745818658444,
        0.001121954814737596,
        0.0011186892783395985,
        0.0010658982439391506,
        0.0011046404365242935,
        0.0011151572795439042,
        0.001068551136396536,
        0.001088423729228127,
        0.001072170299125711,
        0.0010600539913037574,
        0.0010528236577449182,
        0.0010946017818870468,
        0.001108489687234814,
        0.0011001823491535,
        0.001079981418035505,
        0.001084555669013371,
        0.001062143805745092,
        0.0011027102365114884,
        0.001187392051039079,
        0.0011367026689366685
      ],
      "confidence": 0.8
    },
    {
      "type": "oscillation",
      "frequencies": [
        3.906248915626821,
        19.531244578134107,
        39.062489156268214,
        50.781235903148676,
        62.49998265002914,
        85.93747614379006,
        105.46872072192417,
        113.28121855317781,
        124.99996530005828,
        136.71871204693875,
        144.53120987819239,
        152.34370770944602,
        164.0624544563265,
        179.68745011883377,
        195.31244578134107,
        218.74993927510198,
        230.46868602198245,
        238.2811838532361,
        249.99993060011656,
        261.718677346997,
        273.4374240938775,
        285.15617084075797,
        296.87491758763844,
        308.59366433451885,
        324.2186599970262,
        332.0311578282798,
        347.65615349078706,
        374.9998959001748,
        386.7186426470553,
        398.43738939393575,
        421.8748828876967,
        433.59362963457716,
        441.4061274658308,
        453.12487421271123,
        468.74986987521856,
        484.37486553772584,
        496.0936122846063
      ],
      "power": [
        3.4397292267202326e-10,
        2.4655678766694537e-11,
        2.278885593447594e-11,
        2.8916040896616884e-11,
        2.925671806362822e-11,
        2.995243148815317e-11,
        2.7063024141683507e-11,
        1.8621729035100517e-11,
        1.9627849719675997e-11,
        3.749325852593745e-11,
        3.7160893362923835e-11,
        2.986810027317855e-11,
        1.3935740134158048e-11,
        2.3187600045588037e-11,
        3.610399926858762e-11,
        2.5563860305104996e-11,
        2.1218484266195157e-11,
        2.4182961240789453e-11,
        1.8628987620963385e-11,
        2.3210586339071785e-11,
        2.5000491887629172e-11,
        1.705899436896082e-11,
        1.4947305835936742e-11,
        4.2419224753417155e-11,
        2.1592905716074065e-11,
        2.0889784746007773e-11,
        3.873586797592451e-11,
        3.4236615298205836e-11,
        2.3923085198571783e-11,
        2.7453288980211085e-11,
        2.724135643378941e-11,
        1.9644295049302986e-11,
        2.1667147763814017e-11,
        2.0549398144125812e-11,
        3.100806953397703e-11,
        2.7571728775170882e-11,
        4.167211395042837e-11
      ],
      "confidence": 0.7
    }
  ]
}