{
  "chunk": 3203,
  "total_chunks": 3600,
  "patterns_found": 2,
  "start_time": 3202.000889444692,
  "end_time": 3202.9998897221917,
  "patterns": [
    {
      "type": "spike",
      "count": 8,
      "times": [
        3202.2978895271917,
        3202.3518895421917,
        3202.3898895527473,
        3202.3938895538586,
        3202.507889585525,
        3202.561889600525,
        3202.5948896096916,
        3202.6278896188583
      ],
      "amplitudes": [
        0.0016934347626456668,
        0.0016954846517209313,
        0.0017201726560429694,
        0.0017152112852874084,
        0.0017079870890979384,
        0.0016855392784011216,
        0.001728734214155173,
        0.001704322050465062
      ],
      "confidence": 0.8
    },
    {
      "type": "oscillation",
      "frequencies": [
        3.906248915626821,
        15.624995662507285,
        27.343742409387747,
        46.87498698752185,
        66.40623156565596,
        74.21872939690961,
        89.84372505941688,
        109.37496963755099,
        132.81246313131192,
        144.53120987819239,
        156.24995662507285,
        175.78120120320696,
        187.4999479500874,
        199.21869469696787,
        218.74993927510198,
        230.46868602198245,
        246.09368168448972,
        281.2499219251311,
        292.9686686720116,
        308.59366433451885,
        332.0311578282798,
        339.84365565953345,
        347.65615349078706,
        363.2811491532944,
        378.90614481580167,
        394.53114047830894,
        410.1561361408162,
        433.59362963457716,
        453.12487421271123,
        460.9373720439649,
        472.65611879084537,
        484.37486553772584
      ],
      "power": [
        2.834161423700974e-10,
        2.966344768606935e-11,
        1.817645257790685e-11,
        2.7821299340617497e-11,
        1.877869324652443e-11,
        2.3119115735311707e-11,
        3.17981284138645e-11,
        1.964136921484381e-11,
        1.924545245418636e-11,
        2.0264030587502542e-11,
        3.875444956663989e-11,
        1.930268474270661e-11,
        4.248597452355295e-11,
        2.8311146993800385e-11,
        1.5852996650593652e-11,
        2.76668111131882e-11,
        1.9185097692788162e-11,
        3.9488350307712113e-11,
        2.8368004006074025e-11,
        2.6950595592558876e-11,
        2.680410207981454e-11,
        2.019077709764598e-11,
        2.666193601416836e-11,
        2.1783810353109568e-11,
        4.723141324287588e-11,
        3.3826029858831066e-11,
        1.615554867308959e-11,
        4.6440227880020295e-11,
        1.938396035890149e-11,
        2.638366049319921e-11,
        3.7182068937726845e-11,
        3.3540278336605046e-11
      ],
      "confidence": 0.7
    }
  ]
}