{
  "chunk": 1785,
  "total_chunks": 3600,
  "patterns_found": 2,
  "start_time": 1784.0004955556933,
  "end_time": 1784.9994958331934,
  "patterns": [
    {
      "type": "spike",
      "count": 6,
      "times": [
        1784.3064956406934,
        1784.41149566986,
        1784.4824956895823,
        1784.50149569486,
        1784.5614957115267,
        1784.6294957304156
      ],
      "amplitudes": [
        0.0017396947838744772,
        0.0016794430461228257,
        0.0016842471803275927,
        0.0017009131613178114,
        0.0017296418975008892,
        0.0017400238249237632
      ],
      "confidence": 0.8
    },
    {
      "type": "oscillation",
      "frequencies": [
        3.906248914738643,
        27.343742403170502,
        42.96873806212508,
        54.687484806341004,
        62.49998263581829,
        70.31248046529558,
        85.93747612425015,
        93.74997395372743,
        121.09371635689794,
        140.62496093059116,
        156.24995658954572,
        171.8749522485003,
        203.12494356640946,
        226.5624370548413,
        238.28118379905723,
        246.0936816285345,
        257.81242837275045,
        265.62492620222775,
        273.437424031705,
        292.96866860539825,
        300.7811664348755,
        312.49991317909144,
        339.843655582262,
        363.2811490706938,
        378.9061447296484,
        406.2498871328189,
        421.8748827917735,
        433.5936295359894,
        445.31237628020534,
        460.9373719391599,
        476.56236759811446,
        488.2811143423304,
        496.0936121718077
      ],
      "power": [
        3.060266099244824e-10,
        2.2928212617917796e-11,
        1.6905870410361213e-11,
        1.6398753635132975e-11,
        2.5510344667175227e-11,
        2.223110021233771e-11,
        2.2973697507161938e-11,
        1.4296245670489846e-11,
        2.637656475798907e-11,
        2.3524530953089717e-11,
        3.100360382113596e-11,
        2.4557547239307894e-11,
        3.3291426443003684e-11,
        2.6289105134590775e-11,
        2.7040103005495907e-11,
        3.241052108000161e-11,
        2.17483189150942e-11,
        1.6954699269776858e-11,
        1.633174019113635e-11,
        2.8973394208230233e-11,
        3.240764619378446e-11,
        3.178647885390131e-11,
        3.396959064054333e-11,
        3.8086782747383285e-11,
        2.851803380375269e-11,
        3.6255352952031905e-11,
        4.953362758725245e-11,
        3.614509314894957e-11,
        2.7753269607310928e-11,
        2.6099758776096583e-11,
        1.3847765052786663e-11,
        1.660931200983687e-11,
        1.4599435915082285e-11
      ],
      "confidence": 0.7
    }
  ]
}