{
  "chunk": 1662,
  "total_chunks": 3600,
  "patterns_found": 2,
  "start_time": 1661.0004613890171,
  "end_time": 1661.9994616665172,
  "patterns": [
    {
      "type": "spike",
      "count": 23,
      "times": [
        1661.001461389295,
        1661.0034613898504,
        1661.0084613912393,
        1661.010461391795,
        1661.0134613926282,
        1661.019461394295,
        1661.0264613962393,
        1661.032461397906,
        1661.036461399017,
        1661.041461400406,
        1661.0494614026284,
        1661.8624616284617,
        1661.9174616437394,
        1661.9414616504062,
        1661.9444616512394,
        1661.9494616526283,
        1661.9674616576283,
        1661.977461660406,
        1661.9804616612394,
        1661.986461662906,
        1661.991461664295,
        1661.9944616651283,
        1661.9984616662393
      ],
      "amplitudes": [
        0.0010580497163950446,
        0.0012108769653496523,
        0.0010806777054000398,
        0.001093083424186322,
        0.0010784175591382911,
        0.0010571283980550228,
        0.0011610912688303557,
        0.0011513843175321031,
        0.001151721396640563,
        0.0010632196450101503,
        0.0010977172501651423,
        0.0011016245242411356,
        0.0010948623990736552,
        0.0010951147317453237,
        0.0011014534376432167,
        0.0011252013995556721,
        0.001148628771857133,
        0.0011636275207017658,
        0.0010964581581079248,
        0.0010773796367857986,
        0.0011146005895025098,
        0.0011096451497379658,
        0.0011795321600294164
      ],
      "confidence": 0.8
    },
    {
      "type": "oscillation",
      "frequencies": [
        3.906248914738643,
        11.71874674421593,
        27.343742403170502,
        35.15624023264779,
        50.781235891602364,
        70.31248046529558,
        85.93747612425015,
        97.65622286846607,
        113.28121852742065,
        136.7187120158525,
        148.43745876006844,
        164.06245441902303,
        183.59369899271624,
        195.31244573693215,
        210.93744139588674,
        226.5624370548413,
        246.0936816285345,
        265.62492620222775,
        285.15617077592094,
        296.8749175201369,
        316.4061620938301,
        332.0311577527847,
        351.56240232647787,
        359.3749001559552,
        371.0936469001711,
        390.6248914738643,
        398.4373893033416,
        410.15613604755754,
        441.40612736546666,
        449.21862519494397,
        464.8436208538985,
        484.37486542759177,
        492.187363257069
      ],
      "power": [
        2.613272737298209e-10,
        4.052892173202908e-11,
        1.8894935437765643e-11,
        2.337907674114606e-11,
        5.630045988354448e-11,
        2.211113183595523e-11,
        2.2181647266604356e-11,
        3.500347126022292e-11,
        2.8518335969469624e-11,
        4.109490693810694e-11,
        1.4616872177992063e-11,
        2.7572160544036693e-11,
        3.449552852898771e-11,
        3.8730290780155573e-11,
        2.6504977372042885e-11,
        1.7596236939066708e-11,
        2.2028769438872817e-11,
        2.5880265432420226e-11,
        1.3651381817092783e-11,
        1.6328575750172377e-11,
        4.204760453652094e-11,
        1.7239388205939263e-11,
        3.5727244392420435e-11,
        3.2439220971443356e-11,
        3.0958799276181525e-11,
        2.4759400608658187e-11,
        2.2443898508800814e-11,
        3.412173523456889e-11,
        3.5845106907183347e-11,
        2.4887420568135844e-11,
        2.1635237782698793e-11,
        2.7751462141625934e-11,
        2.1956329085943434e-11
      ],
      "confidence": 0.7
    }
  ]
}