{
  "chunk": 474,
  "total_chunks": 3600,
  "patterns_found": 2,
  "start_time": 473.0001313889254,
  "end_time": 473.9991316664255,
  "patterns": [
    {
      "type": "spike",
      "count": 19,
      "times": [
        473.0051313903143,
        473.02113139475875,
        473.02413139559206,
        473.0311313975365,
        473.03313139809205,
        473.04413140114764,
        473.90113163920324,
        473.9301316472588,
        473.93213164781434,
        473.938131649481,
        473.9551316542033,
        473.9571316547588,
        473.9661316572588,
        473.96813165781435,
        473.97313165920326,
        473.97913166086994,
        473.9851316625366,
        473.9881316633699,
        473.9981316661477
      ],
      "amplitudes": [
        0.0011233846677609135,
        0.0012803347777350955,
        0.0011330932079597301,
        0.0010526312391778599,
        0.0010698730096285838,
        0.001092633835962443,
        0.0010794062064043305,
        0.0010567549504943668,
        0.001098142027191189,
        0.0010776771703950253,
        0.0010882771015673846,
        0.0010786069051292332,
        0.0011330872873197154,
        0.0010623222593202624,
        0.0010562643483836064,
        0.0010665942182145872,
        0.001188492278300018,
        0.001093415532268255,
        0.0011197622646144218
      ],
      "confidence": 0.8
    },
    {
      "type": "oscillation",
      "frequencies": [
        3.906248914960688,
        31.249991319685503,
        50.781235894488944,
        62.499982639371005,
        93.7499739590565,
        105.46872070393857,
        124.99996527874201,
        140.62496093858476,
        152.34370768346682,
        160.1562055133882,
        171.87495225827027,
        183.59369900315232,
        207.03119249291646,
        218.74993923779851,
        230.46868598268057,
        246.09368164252334,
        257.8124283874054,
        277.3436729622088,
        289.0624197070909,
        296.87491753701227,
        324.2186599417371,
        332.03115777165846,
        343.74990451654054,
        351.5624023464619,
        378.90614475118673,
        386.7186425811081,
        402.34363824095084,
        410.1561360708722,
        429.68738064567566,
        441.40612739055774,
        449.2186252204791,
        472.6561187102432,
        484.3748654551253,
        496.0936122000073
      ],
      "power": [
        3.867924600647175e-10,
        3.386374372540286e-11,
        2.021028035103876e-11,
        2.788785889018454e-11,
        2.960815489653362e-11,
        3.322395547744761e-11,
        3.982138603981917e-11,
        3.24263075811153e-11,
        2.718653362290346e-11,
        2.915063985106047e-11,
        4.8808702934879145e-11,
        2.6072182280878108e-11,
        2.080186431855547e-11,
        1.5525252946263617e-11,
        2.4414700356771294e-11,
        3.707917413121617e-11,
        3.829139060633983e-11,
        2.993889301175584e-11,
        1.6613743641472895e-11,
        1.7470910651929053e-11,
        2.961949848441836e-11,
        2.303951094313882e-11,
        2.8990306836629678e-11,
        2.4538188274356368e-11,
        1.7078719825707967e-11,
        2.0917072104836386e-11,
        3.434632157625271e-11,
        2.9776557049196156e-11,
        2.16375471801902e-11,
        2.380387601217778e-11,
        1.914993474664255e-11,
        2.142238467874026e-11,
        3.619617787469161e-11,
        2.5536600703566117e-11
      ],
      "confidence": 0.7
    }
  ]
}