{
  "chunk": 1152,
  "total_chunks": 3600,
  "patterns_found": 2,
  "start_time": 1151.0003197223111,
  "end_time": 1151.9993199998112,
  "patterns": [
    {
      "type": "spike",
      "count": 23,
      "times": [
        1151.001319722589,
        1151.0073197242555,
        1151.010319725089,
        1151.0123197256444,
        1151.0163197267555,
        1151.0213197281444,
        1151.0263197295333,
        1151.0353197320333,
        1151.037319732589,
        1151.0413197337,
        1151.891319969811,
        1151.9313199809224,
        1151.9373199825889,
        1151.9463199850888,
        1151.9523199867556,
        1151.9673199909223,
        1151.9723199923112,
        1151.9773199937001,
        1151.9793199942555,
        1151.9893199970334,
        1151.991319997589,
        1151.9933199981444,
        1151.996319998978
      ],
      "amplitudes": [
        0.0010881285500502042,
        0.0010738900873927767,
        0.0010618418565880934,
        0.001101007825033138,
        0.0011693775361423752,
        0.0011027988057188355,
        0.0010881838477746297,
        0.0010564850278349418,
        0.0011632734600550503,
        0.0012113706366153904,
        0.0010839435086352383,
        0.0011069565232198159,
        0.0011284009230827063,
        0.0010709901499587546,
        0.0011246188131639624,
        0.0010513814042938398,
        0.0011358698699571322,
        0.0011031520747281965,
        0.0011197094774346927,
        0.001161210352099974,
        0.00109615456351263,
        0.0010910316706614174,
        0.0010873919612563994
      ],
      "confidence": 0.8
    },
    {
      "type": "oscillation",
      "frequencies": [
        3.906248914738643,
        31.249991317909146,
        50.781235891602364,
        66.40623155055694,
        89.8437250389888,
        109.37496961268201,
        121.09371635689794,
        132.81246310111388,
        152.3437076748071,
        164.06245441902303,
        171.8749522485003,
        183.59369899271624,
        195.31244573693215,
        203.12494356640946,
        230.46868596957995,
        249.99993054327317,
        265.62492620222775,
        281.2499218611823,
        296.8749175201369,
        312.49991317909144,
        324.21865992330737,
        339.843655582262,
        347.65615341173924,
        355.46865124121655,
        367.1873979854325,
        382.81239364438704,
        398.4373893033416,
        414.06238496229616,
        429.6873806212508,
        437.49987845072803,
        453.1248741096826,
        472.65611868337584,
        484.37486542759177,
        496.0936121718077
      ],
      "power": [
        3.075718997918426e-10,
        3.924671209277274e-11,
        1.789334355574512e-11,
        2.705622704284297e-11,
        2.299237977434377e-11,
        2.917659334391912e-11,
        2.6560423788507904e-11,
        3.6738830971695254e-11,
        1.5193229142552947e-11,
        3.7136357263130416e-11,
        2.248046788640615e-11,
        1.4701500485545425e-11,
        3.5557364983294825e-11,
        4.4922995392384454e-11,
        4.150451130655623e-11,
        4.79942744570053e-11,
        3.084666802122601e-11,
        2.3430098507642224e-11,
        3.1446786784452674e-11,
        2.2967981853515562e-11,
        3.3980698907420076e-11,
        1.822981533537357e-11,
        1.733309133426874e-11,
        1.7711411917871056e-11,
        4.054893785174732e-11,
        2.0500522901233554e-11,
        3.0246724525391975e-11,
        1.1595260359746748e-11,
        1.6853684757333688e-11,
        3.2972705684064396e-11,
        3.054732521554146e-11,
        2.7568437420003432e-11,
        1.8837251454935513e-11,
        3.296161175989882e-11
      ],
      "confidence": 0.7
    }
  ]
}