{
  "chunk": 1777,
  "total_chunks": 3600,
  "patterns_found": 2,
  "start_time": 1776.0004933334706,
  "end_time": 1776.9994936109706,
  "patterns": [
    {
      "type": "spike",
      "count": 5,
      "times": [
        1776.4164934490261,
        1776.5384934829149,
        1776.5624934895816,
        1776.5774934937483,
        1776.624493506804
      ],
      "amplitudes": [
        0.001700174314957005,
        0.0016908168834940172,
        0.0016851899737836198,
        0.0017173589258494082,
        0.0017233868959501122
      ],
      "confidence": 0.8
    },
    {
      "type": "oscillation",
      "frequencies": [
        3.906248915626821,
        23.437493493760925,
        42.96873807189503,
        58.59373373440232,
        66.40623156565596,
        78.12497831253643,
        93.7499739750437,
        105.46872072192417,
        124.99996530005828,
        132.81246313131192,
        144.53120987819239,
        156.24995662507285,
        167.96870337195332,
        175.78120120320696,
        187.4999479500874,
        195.31244578134107,
        207.0311925282215,
        218.74993927510198,
        234.37493493760928,
        242.18743276886292,
        249.99993060011656,
        261.718677346997,
        281.2499219251311,
        300.78116650326524,
        312.4999132501457,
        332.0311578282798,
        343.74990457516026,
        359.37490023766753,
        367.1873980689212,
        382.8123937314285,
        394.53114047830894,
        406.2498872251894,
        429.68738071895035,
        449.21862529708443,
        464.8436209595917,
        488.28111445335264
      ],
      "power": [
        3.083262924345911e-10,
        2.6077431162881e-11,
        2.2441258751876172e-11,
        2.938387713691623e-11,
        2.3135220563857055e-11,
        2.194637222721367e-11,
        1.9379827596127605e-11,
        3.896214577391289e-11,
        1.3249664731482853e-11,
        1.5591276334575615e-11,
        1.9104542044584236e-11,
        2.4346611381100387e-11,
        2.5715232684232755e-11,
        1.289973378571466e-11,
        1.773050363181132e-11,
        1.9472407692018666e-11,
        3.4933201998039106e-11,
        2.9789071198953663e-11,
        2.7683595800334675e-11,
        2.357807502257548e-11,
        1.6992504064239097e-11,
        3.6930494157774455e-11,
        2.635782448915894e-11,
        2.4886491964039452e-11,
        2.6381193254715365e-11,
        3.365523518406015e-11,
        2.1496115964529992e-11,
        1.451836824000991e-11,
        1.1502424257370615e-11,
        2.3242036447534352e-11,
        2.2983979348694104e-11,
        2.9652624327376985e-11,
        2.6513128031682394e-11,
        2.8660229563503484e-11,
        4.636308217902747e-11,
        2.1957685608215447e-11
      ],
      "confidence": 0.7
    }
  ]
}