{
  "chunk": 3451,
  "total_chunks": 3600,
  "patterns_found": 2,
  "start_time": 3450.0009583335996,
  "end_time": 3450.9999586111,
  "patterns": [
    {
      "type": "spike",
      "count": 4,
      "times": [
        3450.499958472211,
        3450.5069584741555,
        3450.5499584861,
        3450.572958492489
      ],
      "amplitudes": [
        0.0017287572088358332,
        0.0017009196096828367,
        0.0018455661574370693,
        0.0017773209144083082
      ],
      "confidence": 0.8
    },
    {
      "type": "oscillation",
      "frequencies": [
        3.9062489138504652,
        15.624995655401861,
        23.43749348310279,
        39.06248913850465,
        50.781235880056045,
        62.499982621607444,
        85.93747610471024,
        97.65622284626163,
        117.18746741551396,
        132.8124630709158,
        160.15620546786909,
        175.78120112327093,
        187.49994786482233,
        195.31244569252326,
        210.93744134792513,
        222.65618808947653,
        234.37493483102793,
        246.0936815725793,
        257.8124283141307,
        277.343672883383,
        304.68741528033627,
        316.40616202188767,
        328.12490876343907,
        339.84365550499047,
        355.4686511603923,
        378.9061446434951,
        394.531140298897,
        410.15613595429886,
        433.59362943740166,
        445.31237617895306,
        464.84362074820535,
        480.4686164036072,
        488.28111423130815,
        496.0936120590091
      ],
      "power": [
        3.4607152775596205e-10,
        2.337663674835717e-11,
        2.762877560977425e-11,
        3.023275027306594e-11,
        2.980472023617138e-11,
        2.7720896944803013e-11,
        2.93713396112289e-11,
        2.3090602626501022e-11,
        2.0361884563895043e-11,
        3.86909088088955e-11,
        4.1585075461063244e-11,
        2.4125551304524402e-11,
        2.614766897727461e-11,
        2.5812964312652055e-11,
        4.97654227838973e-11,
        3.295630422949825e-11,
        2.745231963646202e-11,
        2.7144017231665468e-11,
        2.0950552316921597e-11,
        4.6677245347956045e-11,
        2.4704776509727845e-11,
        3.493161237466779e-11,
        2.3350336106384735e-11,
        1.558555279138524e-11,
        3.052832358906934e-11,
        2.2569952210514032e-11,
        2.4567936760238734e-11,
        2.2088399131174122e-11,
        2.5730769564156574e-11,
        3.17585469704837e-11,
        3.866363533123697e-11,
        3.299079517249724e-11,
        4.961149018258163e-11,
        1.3280730262422088e-11
      ],
      "confidence": 0.7
    }
  ]
}