{
  "chunk": 2480,
  "total_chunks": 3600,
  "patterns_found": 2,
  "start_time": 2479.0006886113024,
  "end_time": 2479.9996888888027,
  "patterns": [
    {
      "type": "spike",
      "count": 24,
      "times": [
        2479.0036886121356,
        2479.01068861408,
        2479.030688619636,
        2479.0376886215804,
        2479.0406886224137,
        2479.0426886229693,
        2479.062688628525,
        2479.0686886301914,
        2479.0946886374136,
        2479.8286888413027,
        2479.907688863247,
        2479.939688872136,
        2479.943688873247,
        2479.9556888765806,
        2479.9576888771358,
        2479.9656888793584,
        2479.9686888801916,
        2479.9786888829694,
        2479.9806888835246,
        2479.9856888849135,
        2479.987688885469,
        2479.9906888863025,
        2479.993688887136,
        2479.9956888876914
      ],
      "amplitudes": [
        0.0011946832890040021,
        0.001070558512230405,
        0.0010962990085547557,
        0.0011416189089561094,
        0.0012077596183021934,
        0.0011023549085693348,
        0.0010445618313921587,
        0.0010565957145305988,
        0.0010782048556522517,
        0.0010679014963802045,
        0.0011000953727523402,
        0.001174923810741137,
        0.0010617885593404916,
        0.0010479297519664045,
        0.0010835216707090027,
        0.001078350274890015,
        0.00104445848462815,
        0.0010663173655609546,
        0.0010469037552439406,
        0.0010477916023722664,
        0.0010588209713113688,
        0.0011108028004792813,
        0.0010833590725923374,
        0.001085438193971024
      ],
      "confidence": 0.8
    },
    {
      "type": "oscillation",
      "frequencies": [
        3.9062489138504652,
        15.624995655401861,
        39.06248913850465,
        46.87498696620558,
        70.31248044930837,
        78.1249782770093,
        89.8437250185607,
        105.46872067396257,
        136.7187119847663,
        148.4374587263177,
        160.15620546786909,
        179.6874500371214,
        191.4061967786728,
        207.03119243407465,
        226.56243700332698,
        234.37493483102793,
        242.18743265872885,
        261.7186772279812,
        269.5311750556821,
        277.343672883383,
        285.156170711084,
        296.8749174526354,
        308.5936641941868,
        316.40616202188767,
        335.93740659114,
        343.74990441884097,
        355.4686511603923,
        367.1873979019437,
        378.9061446434951,
        386.71864247119606,
        398.43738921274746,
        421.87488269585026,
        445.31237617895306,
        460.9373718343549,
        468.74986966205586,
        496.0936120590091
      ],
      "power": [
        3.495896615707528e-10,
        3.716399795393242e-11,
        2.3514439592668736e-11,
        2.253962909059023e-11,
        2.0329997303742463e-11,
        1.9994715318325946e-11,
        3.28970824355699e-11,
        2.2751355151533397e-11,
        3.717597083335129e-11,
        2.085925093472902e-11,
        2.8486368610719935e-11,
        3.307120060631183e-11,
        1.8011178362063477e-11,
        2.791487905783435e-11,
        3.272876989522038e-11,
        3.614189643932014e-11,
        2.196010206847648e-11,
        2.1576114242765368e-11,
        1.8616660755731123e-11,
        1.6367999793795958e-11,
        1.3936204365057232e-11,
        1.6111817467271344e-11,
        3.470809932651561e-11,
        2.292327972088027e-11,
        2.983384702648706e-11,
        3.002007919443126e-11,
        1.0854316553704923e-11,
        2.022626275254629e-11,
        1.8726255626050848e-11,
        2.3755359248575797e-11,
        2.7599868315923933e-11,
        2.7198996450366898e-11,
        2.340667806202613e-11,
        2.2983123732967075e-11,
        3.9237638008151734e-11,
        3.629500721143215e-11
      ],
      "confidence": 0.7
    }
  ]
}