{
  "chunk": 1630,
  "total_chunks": 3600,
  "patterns_found": 2,
  "start_time": 1629.0004525001257,
  "end_time": 1629.999452777626,
  "patterns": [
    {
      "type": "spike",
      "count": 25,
      "times": [
        1629.0024525006813,
        1629.004452501237,
        1629.0074525020702,
        1629.013452503737,
        1629.0154525042924,
        1629.026452507348,
        1629.0324525090148,
        1629.0364525101259,
        1629.0384525106813,
        1629.044452512348,
        1629.057452515959,
        1629.067452518737,
        1629.071452519848,
        1629.093452525959,
        1629.1764525490146,
        1629.845452734848,
        1629.9244527567926,
        1629.9654527681814,
        1629.967452768737,
        1629.9704527695703,
        1629.976452771237,
        1629.9824527729036,
        1629.9844527734592,
        1629.9864527740147,
        1629.9894527748481
      ],
      "amplitudes": [
        0.001055245725705155,
        0.0011052655994715293,
        0.0010618886202258646,
        0.0011318885555335167,
        0.0010591167333379853,
        0.001052667481830328,
        0.0011133453402863349,
        0.0010665084810609154,
        0.0010680345998179861,
        0.0010709630665489064,
        0.0011612095229028493,
        0.0010734462215030763,
        0.0010793255430812869,
        0.001109619758303196,
        0.0010771899395887827,
        0.0011043275438273432,
        0.0010957212961528338,
        0.0011035178244094485,
        0.00109424989613967,
        0.001132614568096222,
        0.00116300197016837,
        0.0010621115432851063,
        0.0010808365916063314,
        0.0010670676788556352,
        0.001122602387860064
      ],
      "confidence": 0.8
    },
    {
      "type": "oscillation",
      "frequencies": [
        3.906248914738643,
        11.71874674421593,
        42.96873806212508,
        58.59373372107965,
        97.65622286846607,
        128.90621418637522,
        144.5312098453298,
        156.24995658954572,
        167.96870333376165,
        179.6874500779776,
        187.49994790745487,
        199.2186946516708,
        218.74993922536402,
        230.46868596957995,
        246.0936816285345,
        265.62492620222775,
        281.2499218611823,
        296.8749175201369,
        312.49991317909144,
        335.9374066675233,
        347.65615341173924,
        355.46865124121655,
        367.1873979854325,
        378.9061447296484,
        394.531140388603,
        406.2498871328189,
        414.06238496229616,
        425.7811317065121,
        449.21862519494397,
        468.7498697686372,
        496.0936121718077
      ],
      "power": [
        3.0096379256651897e-10,
        1.928790367611144e-11,
        3.8304960713534216e-11,
        2.993021922618599e-11,
        3.317595041981177e-11,
        4.4262476396047303e-11,
        3.903356376069987e-11,
        3.0433680888303486e-11,
        8.906441794470466e-12,
        2.7269868872969885e-11,
        2.387213860044173e-11,
        4.070341049919201e-11,
        2.406840726650659e-11,
        1.8527261073773336e-11,
        1.3196106492408246e-11,
        1.917996807067219e-11,
        2.302675149798053e-11,
        2.3013062206110545e-11,
        3.648944729946873e-11,
        1.2243140342707323e-11,
        1.67820490887426e-11,
        3.0140452236737044e-11,
        2.7322915509797203e-11,
        3.0306455432734664e-11,
        2.6028689087788083e-11,
        2.2531687120276236e-11,
        1.6366989064984922e-11,
        2.3721489160710517e-11,
        2.9572729946621686e-11,
        3.166189657037863e-11,
        3.189818059237282e-11
      ],
      "confidence": 0.7
    }
  ]
}