{
  "chunk": 1858,
  "total_chunks": 3600,
  "patterns_found": 2,
  "start_time": 1857.0005158334768,
  "end_time": 1857.9995161109769,
  "patterns": [
    {
      "type": "spike",
      "count": 21,
      "times": [
        1857.0075158354211,
        1857.0095158359768,
        1857.0185158384768,
        1857.02151583931,
        1857.0335158426433,
        1857.0405158445878,
        1857.052515847921,
        1857.0565158490324,
        1857.1115158643101,
        1857.8655160737546,
        1857.9325160923656,
        1857.935516093199,
        1857.9435160954213,
        1857.958516099588,
        1857.9605161001434,
        1857.9645161012545,
        1857.967516102088,
        1857.9705161029212,
        1857.9915161087545,
        1857.9935161093101,
        1857.9965161101434
      ],
      "amplitudes": [
        0.00117447095531443,
        0.001164014571597431,
        0.001067735045089627,
        0.0011890613237031508,
        0.0011108784402733866,
        0.001064332411303754,
        0.0010939497160368705,
        0.0011608746397076392,
        0.001094470027501742,
        0.001065125772214799,
        0.0010574064075747989,
        0.0011162621613981037,
        0.0011135348172520124,
        0.0010868592943352432,
        0.001097464374900229,
        0.0011380192147049705,
        0.0011759660162272304,
        0.0011240263616027534,
        0.0010871348671350515,
        0.0011531783139839013,
        0.001227990139361679
      ],
      "confidence": 0.8
    },
    {
      "type": "oscillation",
      "frequencies": [
        3.906248915626821,
        15.624995662507285,
        23.437493493760925,
        39.062489156268214,
        58.59373373440232,
        85.93747614379006,
        93.7499739750437,
        117.18746746880464,
        128.9062142156851,
        136.71871204693875,
        156.24995662507285,
        167.96870337195332,
        183.5936990344606,
        203.1249436125947,
        210.93744144384834,
        222.6561881907288,
        238.2811838532361,
        249.99993060011656,
        265.62492626262383,
        277.3436730095043,
        300.78116650326524,
        324.2186599970262,
        343.74990457516026,
        355.4686513220407,
        371.093646984548,
        378.90614481580167,
        398.43738939393575,
        414.062385056443,
        421.8748828876967,
        441.4061274658308,
        453.12487421271123,
        464.8436209595917,
        480.46861662209903,
        496.0936122846063
      ],
      "power": [
        3.157645423796761e-10,
        2.740144687341747e-11,
        2.5014175355763556e-11,
        2.4411715999369968e-11,
        3.101114617662654e-11,
        2.9025723441678773e-11,
        1.764586446322549e-11,
        2.5256529952896318e-11,
        2.397275180412285e-11,
        1.9695369506528125e-11,
        2.6730668987141028e-11,
        1.2951371102989404e-11,
        3.8309382954449006e-11,
        3.669886312328233e-11,
        2.796471618290863e-11,
        1.8452600824454862e-11,
        2.6761072462790665e-11,
        2.3000462060384175e-11,
        3.189465531742419e-11,
        2.6111846977648676e-11,
        3.134549591651188e-11,
        2.704040788089523e-11,
        3.795664721826356e-11,
        1.53315855831954e-11,
        2.1810861958251106e-11,
        1.8822960279330358e-11,
        2.267881158823716e-11,
        2.866053068333903e-11,
        1.3072130975219269e-11,
        3.7523832125361424e-11,
        2.4839525977748686e-11,
        2.6408836698262904e-11,
        2.6666220024872593e-11,
        1.6268823467407418e-11
      ],
      "confidence": 0.7
    }
  ]
}