{
  "chunk": 1931,
  "total_chunks": 3600,
  "patterns_found": 2,
  "start_time": 1930.00053611126,
  "end_time": 1930.9995363887601,
  "patterns": [
    {
      "type": "spike",
      "count": 10,
      "times": [
        1930.2905361918158,
        1930.4165362268157,
        1930.4495362359824,
        1930.4855362459823,
        1930.487536246538,
        1930.5065362518158,
        1930.509536252649,
        1930.5215362559825,
        1930.5975362770935,
        1930.6425362895934
      ],
      "amplitudes": [
        0.0017074113267688293,
        0.001753647353310871,
        0.0017353003858235775,
        0.0017674299098401716,
        0.0017473123763690225,
        0.001705770803703289,
        0.001759467309629406,
        0.0016911668386690353,
        0.0016978564172081432,
        0.0017249952615851199
      ],
      "confidence": 0.8
    },
    {
      "type": "oscillation",
      "frequencies": [
        3.906248914738643,
        15.624995658954573,
        35.15624023264779,
        46.87498697686372,
        58.59373372107965,
        74.21872938003422,
        85.93747612425015,
        101.56247178320473,
        136.7187120158525,
        148.43745876006844,
        167.96870333376165,
        187.49994790745487,
        199.2186946516708,
        207.03119248114808,
        218.74993922536402,
        230.46868596957995,
        246.0936816285345,
        253.90617945801182,
        265.62492620222775,
        292.96866860539825,
        304.6874153496142,
        328.12490883804605,
        347.65615341173924,
        371.0936469001711,
        382.81239364438704,
        402.34363821808023,
        417.96863387703485,
        425.7811317065121,
        437.49987845072803,
        445.31237628020534,
        453.1248741096826,
        464.8436208538985,
        488.2811143423304,
        496.0936121718077
      ],
      "power": [
        3.3208983800875975e-10,
        2.212664690912966e-11,
        3.4601980798189756e-11,
        2.4399223277492404e-11,
        3.273612124200459e-11,
        2.894493325945134e-11,
        3.2291171186792294e-11,
        2.9868193072649334e-11,
        3.41986771098657e-11,
        2.621647084518044e-11,
        1.670565199978666e-11,
        3.439896854202617e-11,
        1.458487103779336e-11,
        1.8601362186669267e-11,
        3.000090529349278e-11,
        3.425218698476058e-11,
        3.749581417139739e-11,
        2.923213186147816e-11,
        2.5759430169466128e-11,
        2.6133084120687242e-11,
        2.5028037617393483e-11,
        4.287638842458789e-11,
        2.2269503148520517e-11,
        2.881430200580956e-11,
        2.4599765411189202e-11,
        1.7889083307812514e-11,
        2.3470648885876945e-11,
        1.6334334341806892e-11,
        2.728199775829662e-11,
        1.6865439428149476e-11,
        1.547542475682638e-11,
        2.5370513264267967e-11,
        1.5221417145833002e-11,
        2.5026448987065934e-11
      ],
      "confidence": 0.7
    }
  ]
}