{
  "chunk": 1878,
  "total_chunks": 3600,
  "patterns_found": 2,
  "start_time": 1877.0005213890338,
  "end_time": 1877.9995216665338,
  "patterns": [
    {
      "type": "spike",
      "count": 16,
      "times": [
        1877.0235213954227,
        1877.0255213959783,
        1877.0335213982005,
        1877.0355213987561,
        1877.0405214001448,
        1877.0505214029226,
        1877.085521412645,
        1877.0925214145893,
        1877.8635216287562,
        1877.8905216362562,
        1877.9385216495893,
        1877.9465216518117,
        1877.9705216584784,
        1877.9755216598671,
        1877.9925216645895,
        1877.9965216657006
      ],
      "amplitudes": [
        0.0010406736176318656,
        0.0010764271399384727,
        0.0010434821329098516,
        0.0010540509595179403,
        0.0010821333503711033,
        0.0011465509800273248,
        0.0013200904161212647,
        0.0010332098874117175,
        0.0010887608613269666,
        0.0010742811024797838,
        0.0010772234957994449,
        0.0011294815062843119,
        0.001065801587826968,
        0.0011278165288662718,
        0.0010825002343470126,
        0.0011164999279159777
      ],
      "confidence": 0.8
    },
    {
      "type": "oscillation",
      "frequencies": [
        3.906248914738643,
        15.624995658954573,
        31.249991317909146,
        39.06248914738643,
        50.781235891602364,
        62.49998263581829,
        78.12497829477286,
        97.65622286846607,
        113.28121852742065,
        121.09371635689794,
        140.62496093059116,
        148.43745876006844,
        164.06245441902303,
        175.78120116323893,
        183.59369899271624,
        203.12494356640946,
        230.46868596957995,
        242.18743271379589,
        253.90617945801182,
        261.7186772874891,
        277.3436729464437,
        296.8749175201369,
        308.5936642643528,
        320.31241100856874,
        328.12490883804605,
        347.65615341173924,
        355.46865124121655,
        374.99989581490973,
        386.71864255912567,
        398.4373893033416,
        414.06238496229616,
        437.49987845072803,
        453.1248741096826,
        476.56236759811446,
        496.0936121718077
      ],
      "power": [
        3.006951084498872e-10,
        1.8505070449856195e-11,
        2.5816029292355135e-11,
        3.05553379825539e-11,
        2.606022544066949e-11,
        3.368945883019821e-11,
        2.3262013869789863e-11,
        2.309989578654976e-11,
        2.2027953573033507e-11,
        3.32209713135133e-11,
        3.7052712139805465e-11,
        2.6028458199802257e-11,
        2.060914755801648e-11,
        1.6166284994544193e-11,
        2.2881610288480933e-11,
        3.232707168302091e-11,
        2.238329083735442e-11,
        2.7485226455732325e-11,
        3.0329899666754865e-11,
        3.4895457101880694e-11,
        2.0407237186571232e-11,
        2.6073376075613837e-11,
        3.2217442978184537e-11,
        1.4170395468037171e-11,
        2.180422033135051e-11,
        2.4403181208735963e-11,
        3.054688222275104e-11,
        2.837413413438618e-11,
        2.0703083848151182e-11,
        2.998107062833759e-11,
        1.713826543055428e-11,
        3.134834161207328e-11,
        3.1267591076806206e-11,
        4.1143043613561354e-11,
        1.7235596741641275e-11
      ],
      "confidence": 0.7
    }
  ]
}