{
  "chunk": 1487,
  "total_chunks": 3600,
  "patterns_found": 2,
  "start_time": 1486.0004127778925,
  "end_time": 1486.9994130553926,
  "patterns": [
    {
      "type": "spike",
      "count": 9,
      "times": [
        1486.3884128856703,
        1486.4144128928926,
        1486.4224128951148,
        1486.434412898448,
        1486.511412919837,
        1486.6064129462259,
        1486.6314129531704,
        1486.6424129562258,
        1486.6744129651147
      ],
      "amplitudes": [
        0.0017122071347843626,
        0.0017495332878530523,
        0.0017044938697936129,
        0.0016943702631364368,
        0.0017216710998193736,
        0.0017005741178726535,
        0.00173359210490426,
        0.0017189636234277803,
        0.0017120016715410787
      ],
      "confidence": 0.8
    },
    {
      "type": "oscillation",
      "frequencies": [
        3.906248914738643,
        31.249991317909146,
        46.87498697686372,
        62.49998263581829,
        78.12497829477286,
        93.74997395372743,
        105.46872069794337,
        124.99996527163658,
        140.62496093059116,
        156.24995658954572,
        167.96870333376165,
        175.78120116323893,
        191.40619682219352,
        218.74993922536402,
        230.46868596957995,
        242.18743271379589,
        249.99993054327317,
        265.62492620222775,
        277.3436729464437,
        289.0624196906596,
        300.7811664348755,
        308.5936642643528,
        324.21865992330737,
        339.843655582262,
        351.56240232647787,
        359.3749001559552,
        371.0936469001711,
        378.9061447296484,
        390.6248914738643,
        406.2498871328189,
        437.49987845072803,
        460.9373719391599,
        484.37486542759177,
        496.0936121718077
      ],
      "power": [
        3.3973983291569086e-10,
        3.4160831136813615e-11,
        2.8709958443589137e-11,
        2.1102781692434267e-11,
        2.92530214070699e-11,
        3.016538241418581e-11,
        3.8439660991901976e-11,
        2.2410088901118707e-11,
        2.3554637567093877e-11,
        2.7679283013997946e-11,
        1.9652641943859602e-11,
        2.606914386611555e-11,
        2.3270579682053243e-11,
        2.01959326496149e-11,
        3.533105827784016e-11,
        1.6784785530907493e-11,
        2.5355362897922418e-11,
        1.991472850586537e-11,
        2.401761958465935e-11,
        2.091769026169557e-11,
        1.0638366373242081e-11,
        1.254878171962355e-11,
        7.143646119834791e-11,
        2.0331777869720725e-11,
        2.3579107288496954e-11,
        2.499314374087522e-11,
        1.9474292982336416e-11,
        3.1142352855770536e-11,
        2.4249276981342023e-11,
        2.6768104896390875e-11,
        3.341437870413504e-11,
        1.637000890694695e-11,
        2.672933002652125e-11,
        6.9323125769323176e-12
      ],
      "confidence": 0.7
    }
  ]
}