{
  "chunk": 807,
  "total_chunks": 3600,
  "patterns_found": 2,
  "start_time": 806.0002238889512,
  "end_time": 806.9992241664512,
  "patterns": [
    {
      "type": "spike",
      "count": 10,
      "times": [
        806.3852239958956,
        806.451224014229,
        806.4562240156179,
        806.4682240189511,
        806.5132240314512,
        806.5642240456178,
        806.5792240497846,
        806.6612240725623,
        806.6962240822845,
        806.7692241025622
      ],
      "amplitudes": [
        0.001679690175295079,
        0.0017364039930967989,
        0.001782422086682917,
        0.001706716680553911,
        0.0017067292893068683,
        0.0017234036621349958,
        0.0017175002711658429,
        0.0017426382385741178,
        0.0016997869484490207,
        0.0017011533365324306
      ],
      "confidence": 0.8
    },
    {
      "type": "oscillation",
      "frequencies": [
        3.906248915182732,
        19.53124457591366,
        39.06248915182732,
        50.78123589737552,
        58.59373372774098,
        78.12497830365464,
        89.84372504920283,
        105.46872070993376,
        117.18746745548196,
        132.81246311621288,
        144.53120986176108,
        160.156205522492,
        167.9687033528575,
        183.5936990135884,
        195.3124457591366,
        207.03119250468478,
        226.56243708059844,
        238.28118382614664,
        253.9061794868776,
        269.5311751476085,
        285.1561708083394,
        304.6874153842531,
        320.312411044984,
        328.1249088753495,
        339.84365562089766,
        351.5624023664459,
        363.28114911199407,
        371.09364694235956,
        394.5311404334559,
        406.24988717900413,
        425.7811317549178,
        437.49987850046597,
        445.31237633083146,
        453.1248741611969,
        464.8436209067451,
        480.46861656747603,
        492.1873633130242
      ],
      "power": [
        3.3152285785785945e-10,
        2.4877432418252545e-11,
        2.3494700822706884e-11,
        1.7465726392370432e-11,
        1.7279024635454337e-11,
        1.8491636263569347e-11,
        2.185889324193393e-11,
        1.738381014549402e-11,
        2.2078216304319434e-11,
        3.2493550455521665e-11,
        2.167249914117356e-11,
        1.594786348415845e-11,
        2.2222302469601002e-11,
        3.97520886751588e-11,
        2.2108308904197012e-11,
        2.370685706443262e-11,
        1.517351818887167e-11,
        2.1237102880130098e-11,
        1.5702736403097017e-11,
        1.567957469516579e-11,
        2.0982676225256834e-11,
        2.1260965138980383e-11,
        1.4604724285215736e-11,
        1.4219628922069572e-11,
        2.455064988124303e-11,
        2.389610011066219e-11,
        3.3616534155253896e-11,
        2.736514052912353e-11,
        2.3036980985116023e-11,
        2.013957160384959e-11,
        2.82965425365082e-11,
        2.546656505421284e-11,
        2.375719435218859e-11,
        3.6074721800133677e-11,
        2.3675863989499258e-11,
        4.200130349706e-11,
        2.557458920406767e-11
      ],
      "confidence": 0.7
    }
  ]
}