{
  "chunk": 183,
  "total_chunks": 3600,
  "patterns_found": 2,
  "start_time": 182.0000505555696,
  "end_time": 182.99905083306967,
  "patterns": [
    {
      "type": "spike",
      "count": 4,
      "times": [
        182.31105064195853,
        182.45805068279188,
        182.47705068806965,
        182.5740507150141
      ],
      "amplitudes": [
        0.0018069837700161035,
        0.0017049117757583848,
        0.0017197057135455922,
        0.0017462799607446803
      ],
      "confidence": 0.8
    },
    {
      "type": "oscillation",
      "frequencies": [
        3.9062489148496655,
        39.06248914849665,
        50.781235893045654,
        70.31248046729398,
        93.74997395639197,
        101.56247178609131,
        117.18746744548997,
        124.9999652751893,
        132.81246310488862,
        140.62496093458796,
        156.2499565939866,
        183.59369899793427,
        195.31244574248328,
        218.74993923158127,
        246.09368163552892,
        257.8124283800779,
        269.53117512462694,
        285.15617078402556,
        304.68741535827394,
        312.4999131879732,
        324.21865993252226,
        335.93740667707124,
        351.5624023364699,
        374.9998958255679,
        390.62489148496655,
        417.9686338889142,
        433.5936295483129,
        457.03112303741085,
        476.56236761165917,
        484.3748654413585,
        496.09361218590755
      ],
      "power": [
        3.305918870608275e-10,
        2.4490850333759322e-11,
        2.620697432142158e-11,
        4.415738890450026e-11,
        1.8369512882830312e-11,
        2.3456035467778854e-11,
        2.4316773932314152e-11,
        2.7668436744902826e-11,
        2.6307305776535083e-11,
        3.28264911010463e-11,
        1.6043051839129958e-11,
        3.302393791069064e-11,
        1.8678907274677306e-11,
        2.6450439167510053e-11,
        5.0439838563931914e-11,
        1.1258598483987786e-11,
        2.7507012110596563e-11,
        3.662507441745116e-11,
        1.9444593508432255e-11,
        1.2980848804352135e-11,
        2.6692622861145103e-11,
        1.4848742868781177e-11,
        3.126507302380062e-11,
        3.3235379201885275e-11,
        3.903891144123053e-11,
        4.5800429330460634e-11,
        3.202060247021423e-11,
        2.4656274402467677e-11,
        1.6961691407845526e-11,
        2.1121177006108058e-11,
        3.480861189010177e-11
      ],
      "confidence": 0.7
    }
  ]
}