{
  "chunk": 117,
  "total_chunks": 3600,
  "patterns_found": 2,
  "start_time": 116.00003222223118,
  "end_time": 116.99903249973126,
  "patterns": [
    {
      "type": "spike",
      "count": 12,
      "times": [
        116.35003231945343,
        116.35903232195344,
        116.39903233306454,
        116.41803233834233,
        116.46903235250899,
        116.47403235389788,
        116.50403236223121,
        116.56203237834234,
        116.58103238362011,
        116.58903238584233,
        116.60503239028678,
        116.66803240778678
      ],
      "amplitudes": [
        0.0017267515429643379,
        0.001705063595555251,
        0.0017216968294646307,
        0.0016896890772505337,
        0.0017274605701349944,
        0.0017463553713550598,
        0.0017160325133686303,
        0.001691682020526334,
        0.0017102981372372809,
        0.0016964095557465294,
        0.0016903846648072141,
        0.001692702176676583
      ],
      "confidence": 0.8
    },
    {
      "type": "oscillation",
      "frequencies": [
        3.906248914960688,
        19.531244574803438,
        31.249991319685503,
        46.87498697952825,
        62.499982639371005,
        74.21872938425307,
        89.84372504409582,
        105.46872070393857,
        117.18746744882064,
        124.99996527874201,
        132.8124631086634,
        152.34370768346682,
        175.78120117323095,
        187.499947918113,
        207.03119249291646,
        226.56243706771988,
        242.18743272756265,
        257.8124283874054,
        285.1561707921302,
        304.68741536693364,
        312.499913196855,
        324.2186599417371,
        343.74990451654054,
        355.46865126142256,
        363.281149091344,
        374.999895836226,
        386.7186425811081,
        398.4373893259902,
        417.9686339007936,
        429.68738064567566,
        445.3123763055184,
        468.74986979528256,
        480.4686165401646,
        488.28111437008596
      ],
      "power": [
        3.5841735744068247e-10,
        2.949746315224403e-11,
        3.2109477520329965e-11,
        1.6137314867742198e-11,
        3.742880973420671e-11,
        4.37544865826258e-11,
        4.198692037891013e-11,
        4.035665179117348e-11,
        2.880627513270732e-11,
        2.3420767493696424e-11,
        2.2166827089322113e-11,
        2.593312231000633e-11,
        1.6010748669217046e-11,
        2.487095080798121e-11,
        1.3972609421432922e-11,
        3.213544706773702e-11,
        1.814168107818621e-11,
        2.8538458409302574e-11,
        3.11653557452562e-11,
        1.8713288077435525e-11,
        1.7022689502088862e-11,
        2.60655064473526e-11,
        2.6673031521322922e-11,
        2.814090178637224e-11,
        2.3021495432365192e-11,
        2.952343688863356e-11,
        2.2627314285354426e-11,
        1.0768033003040263e-11,
        3.6515688248967515e-11,
        2.1591460180123017e-11,
        3.715404492479399e-11,
        2.102173020116107e-11,
        2.382721672856051e-11,
        2.4111348722377644e-11
      ],
      "confidence": 0.7
    }
  ]
}