{
  "chunk": 3407,
  "total_chunks": 3600,
  "patterns_found": 2,
  "start_time": 3406.000946111374,
  "end_time": 3406.9999463888744,
  "patterns": [
    {
      "type": "spike",
      "count": 8,
      "times": [
        3406.409946224985,
        3406.4949462485965,
        3406.4969462491517,
        3406.5129462535965,
        3406.545946262763,
        3406.573946270541,
        3406.5899462749853,
        3406.5949462763742
      ],
      "amplitudes": [
        0.0017112040915967354,
        0.0017317012044295041,
        0.0017911170410417699,
        0.0017221843129773613,
        0.0017352687948231492,
        0.001731163556547962,
        0.0017347914792526014,
        0.0017324157909279715
      ],
      "confidence": 0.8
    },
    {
      "type": "oscillation",
      "frequencies": [
        3.906248915626821,
        23.437493493760925,
        50.781235903148676,
        66.40623156565596,
        74.21872939690961,
        85.93747614379006,
        105.46872072192417,
        117.18746746880464,
        144.53120987819239,
        156.24995662507285,
        175.78120120320696,
        195.31244578134107,
        207.0311925282215,
        218.74993927510198,
        230.46868602198245,
        269.53117517825063,
        281.2499219251311,
        296.87491758763844,
        324.2186599970262,
        343.74990457516026,
        359.37490023766753,
        371.093646984548,
        378.90614481580167,
        386.7186426470553,
        406.2498872251894,
        417.9686339720699,
        429.68738071895035,
        437.49987855020396,
        453.12487421271123,
        472.65611879084537,
        488.28111445335264
      ],
      "power": [
        3.2528959978591433e-10,
        2.4726770068066497e-11,
        3.670339396736887e-11,
        4.2199238679002586e-11,
        3.953428521320656e-11,
        3.5090028241678563e-11,
        4.2200529609157984e-11,
        3.0240838767465064e-11,
        1.7054280108560994e-11,
        2.892557352381296e-11,
        2.5682363030543107e-11,
        1.7006562729134478e-11,
        2.8931627237329455e-11,
        1.619980779078077e-11,
        2.792392146892489e-11,
        2.1493079892357778e-11,
        1.9757425620571576e-11,
        2.9143376594882796e-11,
        2.6385523835216035e-11,
        2.3780339467215252e-11,
        3.214351594489192e-11,
        2.2243119421491952e-11,
        2.5088026846123037e-11,
        2.5485906159317538e-11,
        3.299533615469601e-11,
        1.9011464052048976e-11,
        1.469065278567323e-11,
        2.0055991137144648e-11,
        4.168959581759082e-11,
        1.8936213367737158e-11,
        2.1556803491143123e-11
      ],
      "confidence": 0.7
    }
  ]
}