{
  "chunk": 1884,
  "total_chunks": 3600,
  "patterns_found": 2,
  "start_time": 1883.000523055701,
  "end_time": 1883.999523333201,
  "patterns": [
    {
      "type": "spike",
      "count": 17,
      "times": [
        1883.00552305709,
        1883.0085230579232,
        1883.0115230587564,
        1883.0215230615343,
        1883.0375230659788,
        1883.0465230684788,
        1883.054523070701,
        1883.071523075423,
        1883.0925230812566,
        1883.9235233120899,
        1883.9315233143122,
        1883.9475233187566,
        1883.9605233223676,
        1883.9735233259787,
        1883.9765233268122,
        1883.9845233290343,
        1883.9975233326454
      ],
      "amplitudes": [
        0.0011151101285955688,
        0.001072128509441146,
        0.0011549965926186138,
        0.0010773440900115003,
        0.001103358216930619,
        0.0010751496307685982,
        0.0010845929707124955,
        0.0010567857202245542,
        0.0010775162537527362,
        0.0010756416535974264,
        0.0010890086687480802,
        0.0011167775260358948,
        0.0011085067982254332,
        0.0010638693846063041,
        0.0010525684079279805,
        0.0011908248978418402,
        0.001079186657725183
      ],
      "confidence": 0.8
    },
    {
      "type": "oscillation",
      "frequencies": [
        3.906248915626821,
        19.531244578134107,
        27.343742409387747,
        42.96873807189503,
        54.687484818775495,
        62.49998265002914,
        82.03122722816325,
        93.7499739750437,
        105.46872072192417,
        121.09371638443146,
        136.71871204693875,
        160.15620554069966,
        179.68745011883377,
        187.4999479500874,
        210.93744144384834,
        218.74993927510198,
        226.56243710635562,
        246.09368168448972,
        257.8124284313702,
        265.62492626262383,
        281.2499219251311,
        289.06241975638477,
        304.68741541889204,
        316.4061621657725,
        332.0311578282798,
        339.84365565953345,
        351.5624024064139,
        363.2811491532944,
        371.093646984548,
        382.8123937314285,
        390.62489156268214,
        406.2498872251894,
        425.7811318033235,
        453.12487421271123,
        460.9373720439649,
        468.74986987521856,
        480.46861662209903,
        492.18736336897945
      ],
      "power": [
        3.3768381158159847e-10,
        3.781001703687355e-11,
        5.722420243275634e-11,
        1.5635502399777048e-11,
        1.4483485685922968e-11,
        2.741092385264733e-11,
        3.076785304393266e-11,
        2.6642217108093563e-11,
        5.454510652629154e-11,
        4.2747950640469224e-11,
        1.6770389788236263e-11,
        4.797895067000751e-11,
        3.529015221632092e-11,
        2.1038230994181026e-11,
        1.8912291900696674e-11,
        3.244226867623957e-11,
        2.0928079873035507e-11,
        4.2337095532340855e-11,
        2.4802041872230668e-11,
        2.4192110811644505e-11,
        3.302114280487067e-11,
        3.0299303833980586e-11,
        1.0985881836396789e-11,
        2.3639683693394113e-11,
        2.732751193171618e-11,
        2.2954882907091894e-11,
        1.565581180813362e-11,
        1.986318590953714e-11,
        2.3150138348428437e-11,
        3.378340563366291e-11,
        2.2415355447246436e-11,
        2.557254961254804e-11,
        1.946301217824674e-11,
        3.045658926231009e-11,
        3.200271254923674e-11,
        2.1562891463854795e-11,
        2.715285299364069e-11,
        3.092936099879978e-11
      ],
      "confidence": 0.7
    }
  ]
}