{
  "chunk": 3180,
  "total_chunks": 3600,
  "patterns_found": 2,
  "start_time": 3179.000883055801,
  "end_time": 3179.999883333301,
  "patterns": [
    {
      "type": "spike",
      "count": 21,
      "times": [
        3179.0078830577454,
        3179.009883058301,
        3179.0158830599676,
        3179.017883060523,
        3179.0208830613565,
        3179.03288306469,
        3179.0468830685786,
        3179.118883088579,
        3179.882883300801,
        3179.9158833099677,
        3179.94188331719,
        3179.945883318301,
        3179.949883319412,
        3179.9518833199677,
        3179.963883323301,
        3179.973883326079,
        3179.9808833280235,
        3179.9828833285787,
        3179.98688332969,
        3179.991883331079,
        3179.9978833327455
      ],
      "amplitudes": [
        0.0011669908865299173,
        0.0011035220065699516,
        0.0010662241558449875,
        0.0010702026869443561,
        0.001133656962458296,
        0.0010595947975247265,
        0.0010633362939421733,
        0.0010570862461564971,
        0.001051276281286115,
        0.0010974323588513683,
        0.001077238854862012,
        0.0010838635357557462,
        0.0010582540541873005,
        0.0011287936109755268,
        0.0011385930290502316,
        0.0010723569563777075,
        0.0010602004578137974,
        0.0011883485733498273,
        0.0011521248491670462,
        0.0010934064969208535,
        0.0010779508181137814
      ],
      "confidence": 0.8
    },
    {
      "type": "oscillation",
      "frequencies": [
        3.9062489138504652,
        23.43749348310279,
        35.156240224654184,
        58.59373370775698,
        70.31248044930837,
        89.8437250185607,
        105.46872067396257,
        113.28121850166349,
        132.8124630709158,
        144.5312098124672,
        156.2499565540186,
        171.87495220942048,
        191.4061967786728,
        214.84369026177558,
        226.56243700332698,
        234.37493483102793,
        249.99993048642978,
        269.5311750556821,
        281.24992179723347,
        289.0624196249344,
        304.68741528033627,
        324.2186598495886,
        347.6561533326914,
        359.3749000742428,
        374.99989572964466,
        390.6248913850465,
        402.3436381265979,
        421.87488269585026,
        437.4998783512521,
        453.12487400665395,
        464.84362074820535,
        476.56236748975675,
        492.1873631451586
      ],
      "power": [
        3.51025690046904e-10,
        6.090269364468591e-11,
        1.9303999898786655e-11,
        1.858787488499595e-11,
        3.131157945765334e-11,
        2.9432327587259404e-11,
        1.61873516728562e-11,
        2.357358005935526e-11,
        1.3711596861567899e-11,
        2.654198935726242e-11,
        2.258638330829126e-11,
        2.2061860518691484e-11,
        3.430850271462762e-11,
        3.708985838483247e-11,
        2.0778150228204846e-11,
        2.3965062863934527e-11,
        5.1575965362629804e-11,
        4.189245294169906e-11,
        2.5439878463128714e-11,
        3.802569111801768e-11,
        1.4152635454168601e-11,
        3.0397063931025646e-11,
        2.0935586419897344e-11,
        2.118530915834309e-11,
        2.559818298156236e-11,
        1.9647365129009252e-11,
        3.4802871812080264e-11,
        3.15684652892505e-11,
        2.2634290388198907e-11,
        2.975410623500928e-11,
        2.3372904043840532e-11,
        3.249032019389224e-11,
        3.622652968446917e-11
      ],
      "confidence": 0.7
    }
  ]
}