{
  "chunk": 2397,
  "total_chunks": 3600,
  "patterns_found": 2,
  "start_time": 2396.0006655557404,
  "end_time": 2396.9996658332407,
  "patterns": [
    {
      "type": "spike",
      "count": 7,
      "times": [
        2396.394665665185,
        2396.4426656785186,
        2396.474665687407,
        2396.515665698796,
        2396.565665712685,
        2396.5816657171295,
        2396.668665741296
      ],
      "amplitudes": [
        0.001694117766875558,
        0.0016894426136693586,
        0.0016853320231753734,
        0.0018188006550929384,
        0.00171803437455264,
        0.0016820357032861619,
        0.0017847087891025596
      ],
      "confidence": 0.8
    },
    {
      "type": "oscillation",
      "frequencies": [
        3.9062489138504652,
        19.531244569252326,
        27.343742396953257,
        46.87498696620558,
        62.499982621607444,
        78.1249782770093,
        85.93747610471024,
        97.65622284626163,
        109.37496958781303,
        124.99996524321489,
        136.7187119847663,
        152.34370764016813,
        167.96870329557,
        175.78120112327093,
        183.59369895097186,
        195.31244569252326,
        210.93744134792513,
        230.46868591717745,
        238.28118374487838,
        261.7186772279812,
        273.4374239695326,
        289.0624196249344,
        308.5936641941868,
        316.40616202188767,
        335.93740659114,
        347.6561533326914,
        359.3749000742428,
        378.9061446434951,
        414.0623848681493,
        429.68738052355116,
        449.2186250928035,
        457.03112292050446,
        468.74986966205586,
        484.3748653174577,
        496.0936120590091
      ],
      "power": [
        2.8493876410397897e-10,
        1.6635007451260315e-11,
        2.7016391593764617e-11,
        2.7795756693867196e-11,
        1.8457092600929498e-11,
        3.1434923865847985e-11,
        3.333100029856741e-11,
        2.4822327477301893e-11,
        2.4582349795066217e-11,
        4.2558537162153077e-11,
        2.9268897842976456e-11,
        2.7445747663580353e-11,
        2.1240002560765264e-11,
        2.406253872202538e-11,
        1.2543888981783438e-11,
        1.385034000861126e-11,
        2.0469919557852818e-11,
        3.075692289187093e-11,
        2.0387742701264083e-11,
        3.661562362530685e-11,
        3.093098262040387e-11,
        3.625723130320036e-11,
        3.694880949211872e-11,
        4.090967352902563e-11,
        2.1797370138189112e-11,
        1.845974476942237e-11,
        3.243731299816453e-11,
        2.2201119804722767e-11,
        3.414851953684062e-11,
        3.4400651800930914e-11,
        1.8723630348436223e-11,
        2.2323258372583477e-11,
        1.7910468358857182e-11,
        4.124607827932473e-11,
        2.5429820252131694e-11
      ],
      "confidence": 0.7
    }
  ]
}