{
  "chunk": 549,
  "total_chunks": 3600,
  "patterns_found": 2,
  "start_time": 548.0001522222645,
  "end_time": 548.9991524997646,
  "patterns": [
    {
      "type": "spike",
      "count": 5,
      "times": [
        548.4231523397646,
        548.4271523408756,
        548.4631523508757,
        548.4861523572646,
        548.6471524019868
      ],
      "amplitudes": [
        0.0017077137948523302,
        0.0016998168725822845,
        0.001725661598511418,
        0.0016955929091349241,
        0.0017463284161337383
      ],
      "confidence": 0.8
    },
    {
      "type": "oscillation",
      "frequencies": [
        3.906248915182732,
        27.343742406279123,
        58.59373372774098,
        82.03122721883737,
        93.74997396438556,
        113.28121854029922,
        132.81246311621288,
        144.53120986176108,
        152.34370769212654,
        160.156205522492,
        171.8749522680402,
        187.49994792877112,
        214.84369033505027,
        222.65618816541573,
        246.0936816565121,
        265.62492623242576,
        277.343672977974,
        289.06241972352217,
        300.78116646907034,
        312.4999132146186,
        328.1249088753495,
        343.7499045360804,
        355.46865128162864,
        367.1873980271768,
        382.81239368790773,
        398.43738934863865,
        406.24988717900413,
        414.06238500936956,
        429.68738067010054,
        445.31237633083146,
        457.03112307637963,
        468.74986982192786,
        480.46861656747603,
        492.1873633130242
      ],
      "power": [
        2.6564451590751363e-10,
        3.95665383213775e-11,
        3.030091614472369e-11,
        2.1778570849282995e-11,
        2.4684867779725236e-11,
        3.647739633873791e-11,
        1.6879214581298002e-11,
        2.195104579803173e-11,
        2.664410113743365e-11,
        3.0536608791192374e-11,
        2.2223678944114692e-11,
        3.2536737354415474e-11,
        3.452226418233312e-11,
        2.968089030082479e-11,
        2.8543689465113308e-11,
        1.872622588027899e-11,
        1.6992622594462187e-11,
        1.672758665048354e-11,
        4.606716148099438e-11,
        3.1357871357354647e-11,
        4.396873393586056e-11,
        2.1803887304910978e-11,
        2.1426611260750176e-11,
        1.9464081047308928e-11,
        4.859486892391282e-11,
        2.2079830093737343e-11,
        2.928754200554057e-11,
        2.554613108340394e-11,
        2.2216220476781852e-11,
        2.4141111526635644e-11,
        2.1655405997339894e-11,
        2.4016104806598573e-11,
        4.58085012949564e-11,
        2.2352430388356266e-11
      ],
      "confidence": 0.7
    }
  ]
}