{
  "chunk": 493,
  "total_chunks": 3600,
  "patterns_found": 2,
  "start_time": 492.00013666670463,
  "end_time": 492.99913694420474,
  "patterns": [
    {
      "type": "spike",
      "count": 9,
      "times": [
        492.34713676309354,
        492.48913680253804,
        492.5101368083714,
        492.5211368114269,
        492.53313681476027,
        492.55913682198246,
        492.5801368278158,
        492.58213682837135,
        492.62013683892695
      ],
      "amplitudes": [
        0.0016981638933315688,
        0.0016981073245591499,
        0.0016951667968535152,
        0.0017231448156017504,
        0.0017415300205153542,
        0.0017866454237555314,
        0.0017000323188295762,
        0.0016997402649455715,
        0.0017081680723517166
      ],
      "confidence": 0.8
    },
    {
      "type": "oscillation",
      "frequencies": [
        3.906248914738643,
        42.96873806212508,
        50.781235891602364,
        62.49998263581829,
        89.8437250389888,
        101.56247178320473,
        113.28121852742065,
        124.99996527163658,
        136.7187120158525,
        148.43745876006844,
        167.96870333376165,
        187.49994790745487,
        199.2186946516708,
        218.74993922536402,
        230.46868596957995,
        261.7186772874891,
        277.3436729464437,
        292.96866860539825,
        304.6874153496142,
        324.21865992330737,
        343.7499044970006,
        363.2811490706938,
        374.99989581490973,
        386.71864255912567,
        402.34363821808023,
        421.8748827917735,
        437.49987845072803,
        445.31237628020534,
        457.0311230244213,
        468.7498697686372,
        484.37486542759177
      ],
      "power": [
        3.44359559688092e-10,
        2.781768717440429e-11,
        2.4216910634620247e-11,
        1.518978201973397e-11,
        3.241989800802218e-11,
        1.8018875914233236e-11,
        2.3909127352707298e-11,
        2.2891633489813168e-11,
        2.1861121769286604e-11,
        2.2183884847021843e-11,
        3.142883089452787e-11,
        2.974827251820198e-11,
        3.1628381106708193e-11,
        1.743034579343322e-11,
        5.112397218567498e-11,
        4.155620922087287e-11,
        2.192968733384776e-11,
        1.617359120827393e-11,
        2.6988311458693046e-11,
        3.121765279186572e-11,
        5.692562019674699e-11,
        1.969007290225677e-11,
        2.0651178057738366e-11,
        3.4608774021126355e-11,
        2.647193761743361e-11,
        3.503060190532221e-11,
        3.776846545568525e-11,
        2.7067832816721142e-11,
        3.186152931393118e-11,
        1.9490057338604305e-11,
        4.320408497659382e-11
      ],
      "confidence": 0.7
    }
  ]
}