{
  "chunk": 655,
  "total_chunks": 3600,
  "patterns_found": 2,
  "start_time": 654.0001816667171,
  "end_time": 654.9991819442173,
  "patterns": [
    {
      "type": "spike",
      "count": 4,
      "times": [
        654.3931817758838,
        654.5571818214395,
        654.6141818372728,
        654.6241818400506
      ],
      "amplitudes": [
        0.0017208301559589795,
        0.0016893487383634075,
        0.0016970173309353363,
        0.0016922957591913035
      ],
      "confidence": 0.8
    },
    {
      "type": "oscillation",
      "frequencies": [
        3.906248914738643,
        19.531244573693215,
        27.343742403170502,
        35.15624023264779,
        58.59373372107965,
        82.03122720951151,
        93.74997395372743,
        113.28121852742065,
        132.81246310111388,
        156.24995658954572,
        164.06245441902303,
        175.78120116323893,
        187.49994790745487,
        199.2186946516708,
        207.03119248114808,
        230.46868596957995,
        242.18743271379589,
        257.81242837275045,
        277.3436729464437,
        292.96866860539825,
        308.5936642643528,
        332.0311577527847,
        343.7499044970006,
        355.46865124121655,
        367.1873979854325,
        382.81239364438704,
        402.34363821808023,
        421.8748827917735,
        433.5936295359894,
        449.21862519494397,
        460.9373719391599,
        488.2811143423304
      ],
      "power": [
        3.4222812824065576e-10,
        3.441297094090937e-11,
        2.3817244989858524e-11,
        1.3958529029017108e-11,
        3.974417093629186e-11,
        3.5834973580771556e-11,
        1.4988067346757108e-11,
        3.8387215979740283e-11,
        3.003541608077158e-11,
        2.5727082066200787e-11,
        2.1100965421942486e-11,
        1.645773720072381e-11,
        2.5366816992910157e-11,
        2.6897153058234885e-11,
        2.2360462443317752e-11,
        3.5625491643573573e-11,
        1.9271750810971815e-11,
        3.673044235112942e-11,
        3.379972129360142e-11,
        3.156072453005085e-11,
        1.512497010888597e-11,
        1.7066447524729233e-11,
        3.537188723494382e-11,
        3.360373565111341e-11,
        4.592867375122143e-11,
        1.568290351470816e-11,
        4.626712315524383e-11,
        2.7373044393171305e-11,
        3.075666079187056e-11,
        1.5532328977527293e-11,
        2.7191589604936435e-11,
        2.182436591343681e-11
      ],
      "confidence": 0.7
    }
  ]
}