{
  "chunk": 1224,
  "total_chunks": 3600,
  "patterns_found": 2,
  "start_time": 1223.0003397223168,
  "end_time": 1223.9993399998168,
  "patterns": [
    {
      "type": "spike",
      "count": 22,
      "times": [
        1223.008339724539,
        1223.0113397253722,
        1223.0143397262054,
        1223.02133972815,
        1223.0233397287057,
        1223.026339729539,
        1223.0283397300943,
        1223.0333397314832,
        1223.0363397323167,
        1223.0403397334278,
        1223.0443397345389,
        1223.0583397384278,
        1223.0823397450945,
        1223.8163399489833,
        1223.9303399806502,
        1223.9383399828723,
        1223.971339992039,
        1223.9733399925944,
        1223.98433999565,
        1223.989339997039,
        1223.9963399989833,
        1223.998339999539
      ],
      "amplitudes": [
        0.001099398155169284,
        0.0012047313817876034,
        0.0010834555796444792,
        0.0010499893481845956,
        0.001110548522013648,
        0.0010492436813594238,
        0.0011446340142254679,
        0.001041253850867136,
        0.0011294826740133228,
        0.0011578776220739775,
        0.0011628216358429177,
        0.0010470563066071995,
        0.0010511471384873799,
        0.001043175081644746,
        0.0011113147016851765,
        0.0011862722867975709,
        0.001125410646471018,
        0.0010740526463498407,
        0.0011258724727648106,
        0.001098599372298884,
        0.001226629912205217,
        0.00106412806903772
      ],
      "confidence": 0.8
    },
    {
      "type": "oscillation",
      "frequencies": [
        3.906248915626821,
        15.624995662507285,
        27.343742409387747,
        46.87498698752185,
        58.59373373440232,
        74.21872939690961,
        93.7499739750437,
        105.46872072192417,
        124.99996530005828,
        132.81246313131192,
        152.34370770944602,
        175.78120120320696,
        187.4999479500874,
        214.84369035947518,
        226.56243710635562,
        246.09368168448972,
        265.62492626262383,
        289.06241975638477,
        296.87491758763844,
        308.59366433451885,
        320.3124110813993,
        328.124908912653,
        343.74990457516026,
        363.2811491532944,
        374.9998959001748,
        390.62489156268214,
        402.3436383095626,
        414.062385056443,
        429.68738071895035,
        437.49987855020396,
        453.12487421271123,
        476.5623677064722,
        496.0936122846063
      ],
      "power": [
        3.2150077096401525e-10,
        2.0389098446066082e-11,
        2.132844824408665e-11,
        2.2484607990948883e-11,
        1.4165472418373216e-11,
        2.679994864798573e-11,
        2.8757039673480043e-11,
        3.553475270074526e-11,
        2.1771479371671562e-11,
        1.9951612364343326e-11,
        3.199406271027467e-11,
        2.5880307380102337e-11,
        2.515127602017346e-11,
        3.320507720642562e-11,
        1.9957285839792588e-11,
        2.0969660661989934e-11,
        2.5336757470578125e-11,
        3.372665631412032e-11,
        2.1738950120958397e-11,
        1.3523086620299011e-11,
        1.4298998163868074e-11,
        1.2361954811704821e-11,
        2.1104040360128007e-11,
        3.158974191480268e-11,
        2.8798496463240822e-11,
        3.442141908000706e-11,
        2.4576240827379645e-11,
        2.9976746291427625e-11,
        1.8098929566103648e-11,
        2.928939790597212e-11,
        1.9111958146885775e-11,
        5.3336620756511116e-11,
        1.582296874712041e-11
      ],
      "confidence": 0.7
    }
  ]
}