{
  "chunk": 14,
  "total_chunks": 3600,
  "patterns_found": 2,
  "start_time": 13.000003611112115,
  "end_time": 13.999003888612192,
  "patterns": [
    {
      "type": "spike",
      "count": 17,
      "times": [
        13.003003611945449,
        13.02100361694545,
        13.033003620278784,
        13.036003621112117,
        13.04000362222323,
        13.058003627223231,
        13.060003627778785,
        13.079003633056566,
        13.899003860834407,
        13.936003871112186,
        13.946003873889966,
        13.965003879167744,
        13.969003880278857,
        13.97700388250108,
        13.983003884167747,
        13.991003886389969,
        13.993003886945525
      ],
      "amplitudes": [
        0.0010661845524955007,
        0.0010557479192871155,
        0.0011426578561664219,
        0.0010454391556334822,
        0.0010956476966755377,
        0.001048421600811597,
        0.001100713144209977,
        0.0011268332722754629,
        0.0011139190153877307,
        0.001073335738586236,
        0.0011535245365975808,
        0.001114439877124302,
        0.0012271419126925226,
        0.0010854705973596965,
        0.0011345031617718522,
        0.0011825577519510623,
        0.0010905525243424022
      ],
      "confidence": 0.8
    },
    {
      "type": "oscillation",
      "frequencies": [
        3.9062489149329322,
        19.53124457466466,
        35.15624023439639,
        50.781235894128116,
        70.31248046879278,
        82.03122721359158,
        93.74997395839037,
        109.37496961812211,
        117.18746744798797,
        132.8124631077197,
        152.34370768238435,
        164.06245442718316,
        195.3124457466466,
        203.12494357651246,
        214.84369032131127,
        226.56243706611008,
        242.1874327258418,
        249.99993055570766,
        261.71867730050644,
        269.53117513037233,
        281.24992187517114,
        292.96866861996995,
        304.6874153647687,
        312.4999131946346,
        320.3124110245004,
        332.0311577692992,
        339.8436555991651,
        347.65615342903095,
        359.37490017382976,
        371.09364691862856,
        382.8123936634274,
        398.4373893231591,
        410.1561360679579,
        417.96863389782374,
        429.68738064262254,
        441.40612738742135,
        453.12487413222016,
        460.937371962086,
        468.7498697919519,
        484.3748654516836,
        496.0936121964824
      ],
      "power": [
        3.109097523982189e-10,
        1.267490942813478e-11,
        2.6298200682730263e-11,
        2.0508322344027932e-11,
        1.606723154635023e-11,
        2.553004654886051e-11,
        1.578147400451534e-11,
        3.9083202881641954e-11,
        2.764712822152032e-11,
        1.480893531482284e-11,
        4.4533914601046156e-11,
        2.7117558610190143e-11,
        4.146953738786597e-11,
        2.9034707399052515e-11,
        2.4612146759628715e-11,
        3.549336107695051e-11,
        1.4686729941861526e-11,
        2.8636615645533774e-11,
        2.109345425917146e-11,
        2.2888644876960992e-11,
        1.8271695592547854e-11,
        1.2575027834315427e-11,
        2.0501325048668127e-11,
        1.9567691062177078e-11,
        2.499228718859624e-11,
        2.4040223468455873e-11,
        3.0782355775896705e-11,
        2.4103041837472113e-11,
        1.5959797243604934e-11,
        2.4908426328251472e-11,
        3.166682665207223e-11,
        2.3187397529746154e-11,
        2.507850552988686e-11,
        2.0979401950936068e-11,
        1.7862107378776153e-11,
        1.4516458524802291e-11,
        2.2707530251604704e-11,
        1.8972351968584395e-11,
        2.613055737222659e-11,
        2.283835935345062e-11,
        1.736006633811084e-11
      ],
      "confidence": 0.7
    }
  ]
}