{
  "chunk": 1852,
  "total_chunks": 3600,
  "patterns_found": 2,
  "start_time": 1851.0005141668096,
  "end_time": 1851.9995144443096,
  "patterns": [
    {
      "type": "spike",
      "count": 17,
      "times": [
        1851.0015141670874,
        1851.0055141681985,
        1851.0085141690317,
        1851.0165141712541,
        1851.0195141720874,
        1851.0255141737541,
        1851.0275141743095,
        1851.0405141779206,
        1851.0465141795873,
        1851.053514181532,
        1851.0685141856984,
        1851.9415144281986,
        1851.9455144293097,
        1851.9495144304208,
        1851.9545144318097,
        1851.9635144343097,
        1851.9815144393096
      ],
      "amplitudes": [
        0.001042299102322978,
        0.0010690943009981266,
        0.001088604877399691,
        0.0010877053962156098,
        0.0010741776681887558,
        0.0010631006177996203,
        0.001250317533866058,
        0.0011150040174841348,
        0.001132811991160278,
        0.0010559256949519403,
        0.0010750801343769867,
        0.0010902210346308498,
        0.0010578224880040611,
        0.0011154708919326912,
        0.0011205411181549817,
        0.0010557044827753733,
        0.0010451632775869996
      ],
      "confidence": 0.8
    },
    {
      "type": "oscillation",
      "frequencies": [
        3.906248914738643,
        15.624995658954573,
        31.249991317909146,
        39.06248914738643,
        58.59373372107965,
        74.21872938003422,
        93.74997395372743,
        113.28121852742065,
        128.90621418637522,
        160.15620550428437,
        171.8749522485003,
        179.6874500779776,
        199.2186946516708,
        214.8436903106254,
        226.5624370548413,
        242.18743271379589,
        265.62492620222775,
        281.2499218611823,
        289.0624196906596,
        304.6874153496142,
        320.31241100856874,
        343.7499044970006,
        374.99989581490973,
        386.71864255912567,
        398.4373893033416,
        410.15613604755754,
        421.8748827917735,
        433.5936295359894,
        449.21862519494397,
        460.9373719391599,
        472.65611868337584,
        488.2811143423304
      ],
      "power": [
        3.223219199862556e-10,
        2.8716941579505835e-11,
        2.607276126439514e-11,
        2.7296158968939996e-11,
        2.5341075391790695e-11,
        3.1497282160923855e-11,
        3.577777681996763e-11,
        2.0049328990952442e-11,
        2.3726628646184506e-11,
        2.0049070839693846e-11,
        2.2504156988240725e-11,
        1.6623304449193566e-11,
        2.288564484319969e-11,
        2.128816776114117e-11,
        3.859479151962043e-11,
        2.7103011892398856e-11,
        1.4321349679577987e-11,
        1.5817461534706164e-11,
        2.166002482073876e-11,
        1.965843514318968e-11,
        3.099244479345545e-11,
        3.2819825624630026e-11,
        1.941852298503879e-11,
        2.0695589797784704e-11,
        2.038996538628708e-11,
        2.9725484220913544e-11,
        3.139115904462264e-11,
        1.973591044599144e-11,
        2.454174481841202e-11,
        1.6147341623721573e-11,
        1.4939071455804873e-11,
        3.062447875124476e-11
      ],
      "confidence": 0.7
    }
  ]
}