{
  "chunk": 761,
  "total_chunks": 3600,
  "patterns_found": 2,
  "start_time": 760.0002111111698,
  "end_time": 760.9992113886699,
  "patterns": [
    {
      "type": "spike",
      "count": 8,
      "times": [
        760.3632112120032,
        760.4262112295031,
        760.4952112486699,
        760.5062112517254,
        760.5512112642253,
        760.5602112667254,
        760.5702112695031,
        760.6762112989476
      ],
      "amplitudes": [
        0.0016902140358822171,
        0.0017136149574734087,
        0.0016881593764975415,
        0.0016995133823530892,
        0.001688152287393311,
        0.0017116668509468812,
        0.0017252358336979766,
        0.0016828101430029386
      ],
      "confidence": 0.8
    },
    {
      "type": "oscillation",
      "frequencies": [
        3.906248915182732,
        11.718746745548195,
        27.343742406279123,
        46.87498698219278,
        58.59373372774098,
        82.03122721883737,
        97.6562228795683,
        117.18746745548196,
        132.81246311621288,
        148.43745877694383,
        160.156205522492,
        171.8749522680402,
        187.49994792877112,
        199.21869467431932,
        214.84369033505027,
        230.4686859957812,
        249.99993057169485,
        277.343672977974,
        292.9686686387049,
        304.6874153842531,
        328.1249088753495,
        355.46865128162864,
        371.09364694235956,
        386.7186426030905,
        398.43738934863865,
        414.06238500936956,
        425.7811317549178,
        449.2186252460142,
        464.8436209067451,
        484.3748654826588
      ],
      "power": [
        2.86818603677564e-10,
        2.7709932747776486e-11,
        2.015911609800405e-11,
        2.8536928886349934e-11,
        2.6112094976390522e-11,
        3.754719344319635e-11,
        3.896502630825767e-11,
        3.043860358240909e-11,
        2.830418160275065e-11,
        2.6477990029167976e-11,
        2.369286957931115e-11,
        3.1647607315242903e-11,
        2.5776320113023832e-11,
        1.462857535032522e-11,
        2.7579611549298115e-11,
        2.656173927931742e-11,
        2.4967394232483638e-11,
        2.208782614262658e-11,
        1.881429537322616e-11,
        2.813305656471371e-11,
        1.889747593516439e-11,
        4.653289718318094e-11,
        2.2716023498231235e-11,
        2.1282218043793598e-11,
        2.0013248619288535e-11,
        2.933388014064055e-11,
        2.726445320903077e-11,
        3.5121082398848605e-11,
        2.666134008328005e-11,
        4.3909047350932725e-11
      ],
      "confidence": 0.7
    }
  ]
}