{
  "chunk": 1566,
  "total_chunks": 3600,
  "patterns_found": 2,
  "start_time": 1565.000434722343,
  "end_time": 1565.999434999843,
  "patterns": [
    {
      "type": "spike",
      "count": 28,
      "times": [
        1565.004434723454,
        1565.0084347245652,
        1565.0104347251208,
        1565.013434725954,
        1565.0154347265097,
        1565.0194347276208,
        1565.022434728454,
        1565.0264347295654,
        1565.0284347301208,
        1565.0334347315097,
        1565.0354347320654,
        1565.0494347359543,
        1565.0654347403986,
        1565.068434741232,
        1565.0834347453986,
        1565.0904347473431,
        1565.8994349720654,
        1565.9304349806764,
        1565.9364349823431,
        1565.9544349873431,
        1565.9624349895653,
        1565.964434990121,
        1565.9744349928988,
        1565.977434993732,
        1565.9844349956766,
        1565.9884349967876,
        1565.9924349978987,
        1565.9984349995655
      ],
      "amplitudes": [
        0.0010654288464530906,
        0.0010873168724288402,
        0.0011541160851395872,
        0.0010740088744104052,
        0.0010499123482426715,
        0.0011079293651795462,
        0.0011291225405013518,
        0.0010536879864926924,
        0.0010880284572844792,
        0.0011437292572565236,
        0.0011163233259349156,
        0.0010925888644386953,
        0.0010821633456190717,
        0.0010912200715614247,
        0.0011349814295958044,
        0.0010822390709133735,
        0.0011362903989730927,
        0.0010822006229820908,
        0.0010529160430132244,
        0.0010961830027541228,
        0.0010885448699471056,
        0.0010994392521638237,
        0.0010742287257331589,
        0.0010962810923472043,
        0.0011491052015467009,
        0.0011558077086761013,
        0.0011016108222899113,
        0.0011040839769495662
      ],
      "confidence": 0.8
    },
    {
      "type": "oscillation",
      "frequencies": [
        3.906248914738643,
        15.624995658954573,
        31.249991317909146,
        39.06248914738643,
        50.781235891602364,
        62.49998263581829,
        82.03122720951151,
        97.65622286846607,
        109.37496961268201,
        136.7187120158525,
        160.15620550428437,
        175.78120116323893,
        183.59369899271624,
        195.31244573693215,
        210.93744139588674,
        222.65618814010267,
        242.18743271379589,
        249.99993054327317,
        261.7186772874891,
        281.2499218611823,
        296.8749175201369,
        312.49991317909144,
        320.31241100856874,
        335.9374066675233,
        347.65615341173924,
        367.1873979854325,
        382.81239364438704,
        394.531140388603,
        421.8748827917735,
        429.6873806212508,
        441.40612736546666,
        460.9373719391599,
        472.65611868337584,
        484.37486542759177,
        496.0936121718077
      ],
      "power": [
        2.9294518290272286e-10,
        4.7224626617337125e-11,
        2.885513034505857e-11,
        1.975137824051622e-11,
        2.154100474015455e-11,
        1.5786473510184103e-11,
        2.930882534175487e-11,
        1.6299893936181334e-11,
        2.9474849239764954e-11,
        3.036263206118877e-11,
        2.9007056063991224e-11,
        1.702350236235066e-11,
        2.3937355484446906e-11,
        2.9532667597459e-11,
        2.342252343223658e-11,
        3.291341652199627e-11,
        1.4518921025391321e-11,
        1.4757517616986e-11,
        2.910494684363276e-11,
        2.6285785894190446e-11,
        1.9984098610543343e-11,
        2.638576288177524e-11,
        2.030172109780832e-11,
        2.8158979147028622e-11,
        3.0441698048888434e-11,
        2.517313600259926e-11,
        2.3712272291601065e-11,
        2.2887140460081545e-11,
        2.2560693428210078e-11,
        1.7898092392478022e-11,
        2.6519982890193592e-11,
        1.8904160981684475e-11,
        3.188384199877639e-11,
        4.3997992494550946e-11,
        3.5197810519939045e-11
      ],
      "confidence": 0.7
    }
  ]
}