{
  "chunk": 2923,
  "total_chunks": 3600,
  "patterns_found": 2,
  "start_time": 2922.0008116668923,
  "end_time": 2922.999811944392,
  "patterns": [
    {
      "type": "spike",
      "count": 7,
      "times": [
        2922.3648117680036,
        2922.447811791059,
        2922.5138118093923,
        2922.5718118255036,
        2922.574811826337,
        2922.5788118274477,
        2922.7108118641145
      ],
      "amplitudes": [
        0.0017081514277924976,
        0.0016990809608801423,
        0.0017778805442048079,
        0.0017593525752002208,
        0.001689150576665366,
        0.0017179097882769072,
        0.0017425739621812924
      ],
      "confidence": 0.8
    },
    {
      "type": "oscillation",
      "frequencies": [
        3.906248915626821,
        11.718746746880463,
        27.343742409387747,
        42.96873807189503,
        58.59373373440232,
        66.40623156565596,
        82.03122722816325,
        89.84372505941688,
        101.56247180629735,
        113.28121855317781,
        132.81246313131192,
        144.53120987819239,
        160.15620554069966,
        171.87495228758013,
        179.68745011883377,
        187.4999479500874,
        207.0311925282215,
        214.84369035947518,
        226.56243710635562,
        238.2811838532361,
        257.8124284313702,
        269.53117517825063,
        281.2499219251311,
        292.9686686720116,
        308.59366433451885,
        320.3124110813993,
        332.0311578282798,
        351.5624024064139,
        367.1873980689212,
        374.9998959001748,
        390.62489156268214,
        410.1561361408162,
        417.9686339720699,
        429.68738071895035,
        441.4061274658308,
        449.21862529708443,
        460.9373720439649,
        480.46861662209903,
        488.28111445335264
      ],
      "power": [
        2.8496391499034797e-10,
        2.9591248501840915e-11,
        1.5848180393088695e-11,
        1.1823231588492328e-11,
        2.86932114671132e-11,
        3.083940307309849e-11,
        2.5338321261752884e-11,
        2.93813910157722e-11,
        3.179251362281923e-11,
        1.6861104687777377e-11,
        2.4735318448463215e-11,
        2.1050836169075732e-11,
        3.4974812088275754e-11,
        2.0984581147190133e-11,
        2.1823420776686666e-11,
        3.276605390616939e-11,
        2.1879403030229788e-11,
        1.8590234313463237e-11,
        2.092186529116529e-11,
        2.8810915109262097e-11,
        2.1853266468003464e-11,
        3.0013460088175594e-11,
        2.7694830583712426e-11,
        2.205527390838428e-11,
        1.6695653142380672e-11,
        3.285401046228566e-11,
        4.2356809829934816e-11,
        2.6324154298174674e-11,
        2.164774143287178e-11,
        2.971079067126082e-11,
        4.139716562483615e-11,
        4.0523969656581684e-11,
        2.612531085409826e-11,
        2.3590600680689673e-11,
        2.6516826595804578e-11,
        2.3205645475540958e-11,
        2.2923693275323696e-11,
        2.0770114201140777e-11,
        2.711226464095364e-11
      ],
      "confidence": 0.7
    }
  ]
}