{
  "chunk": 1079,
  "total_chunks": 3600,
  "patterns_found": 2,
  "start_time": 1078.0002994445276,
  "end_time": 1078.9992997220277,
  "patterns": [
    {
      "type": "spike",
      "count": 9,
      "times": [
        1078.363299545361,
        1078.4332995648056,
        1078.4542995706388,
        1078.4782995773055,
        1078.4842995789722,
        1078.50329958425,
        1078.5052995848055,
        1078.5622996006389,
        1078.624299617861
      ],
      "amplitudes": [
        0.0016960228808874066,
        0.0017041456570469397,
        0.001709127152897695,
        0.0017041129244207288,
        0.0017257759369827892,
        0.0017147725471904145,
        0.0017110968519433527,
        0.0017503453121808464,
        0.001696552382251531
      ],
      "confidence": 0.8
    },
    {
      "type": "oscillation",
      "frequencies": [
        3.906248914738643,
        15.624995658954573,
        31.249991317909146,
        42.96873806212508,
        66.40623155055694,
        85.93747612425015,
        109.37496961268201,
        128.90621418637522,
        148.43745876006844,
        164.06245441902303,
        175.78120116323893,
        203.12494356640946,
        222.65618814010267,
        242.18743271379589,
        261.7186772874891,
        285.15617077592094,
        308.5936642643528,
        332.0311577527847,
        343.7499044970006,
        351.56240232647787,
        363.2811490706938,
        386.71864255912567,
        402.34363821808023,
        417.96863387703485,
        429.6873806212508,
        441.40612736546666,
        457.0311230244213,
        464.8436208538985,
        484.37486542759177,
        496.0936121718077
      ],
      "power": [
        3.5699118413654734e-10,
        3.4958637454350564e-11,
        2.921764411568647e-11,
        4.71964705978789e-11,
        2.620725243963164e-11,
        3.3841252918156756e-11,
        3.342316081619547e-11,
        3.992673102540857e-11,
        3.4739995653223274e-11,
        2.949301299342434e-11,
        1.7353314103920707e-11,
        1.8276436338915912e-11,
        3.013505773302791e-11,
        2.190888464387896e-11,
        1.6058521968537646e-11,
        4.105754318074943e-11,
        3.4554858044861254e-11,
        2.372523405626095e-11,
        2.921344055560492e-11,
        2.007899659806805e-11,
        2.5145964353537234e-11,
        2.605626909153744e-11,
        2.9883630186662565e-11,
        2.550330241057211e-11,
        2.6673760746140276e-11,
        3.3535073466281886e-11,
        3.599915936582431e-11,
        1.985454282938189e-11,
        4.2053950396199685e-11,
        1.7611424996337822e-11
      ],
      "confidence": 0.7
    }
  ]
}