{
  "chunk": 1921,
  "total_chunks": 3600,
  "patterns_found": 2,
  "start_time": 1920.0005333334816,
  "end_time": 1920.9995336109816,
  "patterns": [
    {
      "type": "spike",
      "count": 7,
      "times": [
        1920.4585334607038,
        1920.4605334612595,
        1920.4635334620928,
        1920.5135334759816,
        1920.5185334773705,
        1920.557533488204,
        1920.6295335082038
      ],
      "amplitudes": [
        0.0018107981320760074,
        0.0017053512707311401,
        0.0017470805028085555,
        0.0017044301897970893,
        0.0017021292855171313,
        0.0017688742242044585,
        0.0017122728382381173
      ],
      "confidence": 0.8
    },
    {
      "type": "oscillation",
      "frequencies": [
        3.906248914738643,
        19.531244573693215,
        35.15624023264779,
        42.96873806212508,
        58.59373372107965,
        74.21872938003422,
        85.93747612425015,
        93.74997395372743,
        109.37496961268201,
        121.09371635689794,
        140.62496093059116,
        164.06245441902303,
        175.78120116323893,
        183.59369899271624,
        195.31244573693215,
        207.03119248114808,
        222.65618814010267,
        234.3749348843186,
        246.0936816285345,
        257.81242837275045,
        269.5311751169664,
        289.0624196906596,
        312.49991317909144,
        324.21865992330737,
        343.7499044970006,
        359.3749001559552,
        371.0936469001711,
        382.81239364438704,
        398.4373893033416,
        410.15613604755754,
        425.7811317065121,
        441.40612736546666,
        449.21862519494397,
        457.0311230244213,
        472.65611868337584,
        488.2811143423304
      ],
      "power": [
        3.017990505843556e-10,
        3.0694595911966e-11,
        4.699594970681048e-11,
        3.38684392328861e-11,
        1.1603653908961809e-11,
        3.0359810666282577e-11,
        3.126468573614434e-11,
        2.4939274461022895e-11,
        8.419047659582635e-12,
        3.750340223636343e-11,
        1.2217932477751547e-11,
        2.9041521738796868e-11,
        1.9853137459843887e-11,
        1.842331352409938e-11,
        3.338083041870096e-11,
        2.664424478301169e-11,
        3.0101120705450224e-11,
        2.3837627801577533e-11,
        3.0166654257798785e-11,
        2.8411426479496533e-11,
        3.2445078493499486e-11,
        2.772700479869951e-11,
        2.4605632112835903e-11,
        2.5601808521158703e-11,
        2.725569163737046e-11,
        1.6744216954912107e-11,
        2.8815443030866044e-11,
        2.8729541303680017e-11,
        2.4857930243318676e-11,
        1.9611950100869695e-11,
        2.6711641545580972e-11,
        1.7996794014579672e-11,
        1.96094887738582e-11,
        1.9396769283889942e-11,
        2.3440475101295076e-11,
        2.908034070103331e-11
      ],
      "confidence": 0.7
    }
  ]
}