{
  "chunk": 1522,
  "total_chunks": 3600,
  "patterns_found": 2,
  "start_time": 1521.0004225001173,
  "end_time": 1521.9994227776176,
  "patterns": [
    {
      "type": "spike",
      "count": 20,
      "times": [
        1521.0054225015062,
        1521.0084225023397,
        1521.016422504562,
        1521.0194225053951,
        1521.0254225070619,
        1521.0414225115064,
        1521.0504225140064,
        1521.060422516784,
        1521.8994227498397,
        1521.9114227531732,
        1521.9314227587286,
        1521.9444227623396,
        1521.9494227637285,
        1521.952422764562,
        1521.957422765951,
        1521.970422769562,
        1521.9724227701174,
        1521.9774227715063,
        1521.9864227740063,
        1521.9944227762287
      ],
      "amplitudes": [
        0.0011449919395218494,
        0.0012038323778618726,
        0.0011778567347787434,
        0.0011267844985356759,
        0.0012923561792606319,
        0.0011358606304011397,
        0.0011371996436755395,
        0.0011671951210285344,
        0.001072336426698512,
        0.001090251995243467,
        0.0011659766921262543,
        0.0011163895948777534,
        0.0010939998858776607,
        0.0010688274283098766,
        0.0010765512076856346,
        0.0011112785359709703,
        0.0010749273341698834,
        0.0011460358458992485,
        0.0012126238337335973,
        0.0010782771722863298
      ],
      "confidence": 0.8
    },
    {
      "type": "oscillation",
      "frequencies": [
        3.906248914738643,
        15.624995658954573,
        23.43749348843186,
        46.87498697686372,
        54.687484806341004,
        74.21872938003422,
        101.56247178320473,
        128.90621418637522,
        148.43745876006844,
        156.24995658954572,
        167.96870333376165,
        187.49994790745487,
        195.31244573693215,
        207.03119248114808,
        226.5624370548413,
        234.3749348843186,
        253.90617945801182,
        269.5311751169664,
        281.2499218611823,
        292.96866860539825,
        304.6874153496142,
        320.31241100856874,
        335.9374066675233,
        351.56240232647787,
        363.2811490706938,
        371.0936469001711,
        382.81239364438704,
        398.4373893033416,
        414.06238496229616,
        429.6873806212508,
        460.9373719391599,
        484.37486542759177
      ],
      "power": [
        3.6456921759522187e-10,
        2.555647304704017e-11,
        3.136008446358908e-11,
        2.222468460346393e-11,
        2.5092939911113997e-11,
        2.2281109248574298e-11,
        3.111347096759623e-11,
        2.96066591487314e-11,
        3.639820424446757e-11,
        2.8102109481040356e-11,
        2.914582314225532e-11,
        2.2961948389586437e-11,
        2.2441356486279588e-11,
        3.67802467996851e-11,
        2.3698074738404196e-11,
        1.9175452696431482e-11,
        2.4990820381269556e-11,
        1.933290889868018e-11,
        1.9402686246611015e-11,
        2.4472115375337917e-11,
        5.020803201303627e-11,
        3.499225522698163e-11,
        3.0340707266374455e-11,
        3.87958341421269e-11,
        2.246175062546282e-11,
        3.678253167978957e-11,
        3.3971655341447354e-11,
        2.5572342139833606e-11,
        3.0025764011981455e-11,
        4.31116358120568e-11,
        1.8217127556502383e-11,
        1.8182087686637652e-11
      ],
      "confidence": 0.7
    }
  ]
}