{
  "chunk": 1743,
  "total_chunks": 3600,
  "patterns_found": 2,
  "start_time": 1742.0004838890234,
  "end_time": 1742.9994841665234,
  "patterns": [
    {
      "type": "spike",
      "count": 7,
      "times": [
        1742.3794839943012,
        1742.4034840009679,
        1742.43848401069,
        1742.484484023468,
        1742.569484047079,
        1742.59148405319,
        1742.6384840662456
      ],
      "amplitudes": [
        0.0016877385757917886,
        0.0017708698040365442,
        0.0016860344616190471,
        0.001725455047204454,
        0.0017956343208991635,
        0.001701057938246951,
        0.0017395800893281153
      ],
      "confidence": 0.8
    },
    {
      "type": "oscillation",
      "frequencies": [
        3.906248914738643,
        23.43749348843186,
        42.96873806212508,
        62.49998263581829,
        78.12497829477286,
        89.8437250389888,
        97.65622286846607,
        109.37496961268201,
        124.99996527163658,
        148.43745876006844,
        160.15620550428437,
        167.96870333376165,
        183.59369899271624,
        203.12494356640946,
        218.74993922536402,
        238.28118379905723,
        246.0936816285345,
        257.81242837275045,
        273.437424031705,
        296.8749175201369,
        304.6874153496142,
        332.0311577527847,
        351.56240232647787,
        359.3749001559552,
        367.1873979854325,
        378.9061447296484,
        390.6248914738643,
        398.4373893033416,
        406.2498871328189,
        417.96863387703485,
        437.49987845072803,
        449.21862519494397,
        457.0311230244213,
        468.7498697686372,
        496.0936121718077
      ],
      "power": [
        3.410765369737539e-10,
        2.8077832393019217e-11,
        2.723259960126199e-11,
        1.4807935759469086e-11,
        2.7254022656832745e-11,
        3.651360400956989e-11,
        2.6899806532111103e-11,
        3.645796667888209e-11,
        2.607806378969475e-11,
        2.6662561705270653e-11,
        2.666771306570018e-11,
        2.0873602389033185e-11,
        3.2718726171963003e-11,
        1.831175196698669e-11,
        2.7570167807728492e-11,
        2.4540844285707973e-11,
        3.61257594389701e-11,
        4.423800234108982e-11,
        3.032077377592527e-11,
        2.7499903368989116e-11,
        3.32800379237827e-11,
        2.1084372948351845e-11,
        2.97493626804573e-11,
        4.089275981200437e-11,
        2.973936198728456e-11,
        1.480352755144992e-11,
        1.9538806990797755e-11,
        1.9222999951500416e-11,
        1.937973777975153e-11,
        2.3077732720839215e-11,
        1.3521823314270736e-11,
        2.853011113943326e-11,
        2.7727489172576603e-11,
        1.9535370808722624e-11,
        2.8567329884756594e-11
      ],
      "confidence": 0.7
    }
  ]
}