{
  "chunk": 878,
  "total_chunks": 3600,
  "patterns_found": 2,
  "start_time": 877.0002436111788,
  "end_time": 877.999243888679,
  "patterns": [
    {
      "type": "spike",
      "count": 22,
      "times": [
        877.0042436122899,
        877.0092436136788,
        877.01324361479,
        877.0172436159011,
        877.0272436186789,
        877.04024362229,
        877.0462436239566,
        877.0482436245121,
        877.0512436253455,
        877.0662436295122,
        877.0782436328456,
        877.9072438631233,
        877.918243866179,
        877.9252438681233,
        877.9502438750678,
        877.9602438778455,
        877.9622438784011,
        877.9652438792344,
        877.9682438800678,
        877.9922438867345,
        877.99424388729,
        877.9972438881233
      ],
      "amplitudes": [
        0.001107707594068148,
        0.001105248233157718,
        0.0010982726090709243,
        0.0011254917424394313,
        0.0010684587962610126,
        0.001085690052083772,
        0.0011249627741997516,
        0.0010826281875110813,
        0.001076722783109144,
        0.001177167573820746,
        0.001080931032903217,
        0.0011527516856197056,
        0.0011751266096446799,
        0.0010865645123200353,
        0.001066575276462074,
        0.0011080303933804425,
        0.0010619018505699368,
        0.0010678474283038783,
        0.0011197237966839423,
        0.0011578697728892313,
        0.001103848110472111,
        0.0010977299574056677
      ],
      "confidence": 0.8
    },
    {
      "type": "oscillation",
      "frequencies": [
        3.906248914738643,
        19.531244573693215,
        31.249991317909146,
        42.96873806212508,
        62.49998263581829,
        74.21872938003422,
        105.46872069794337,
        132.81246310111388,
        144.5312098453298,
        160.15620550428437,
        171.8749522485003,
        195.31244573693215,
        210.93744139588674,
        222.65618814010267,
        253.90617945801182,
        261.7186772874891,
        277.3436729464437,
        285.15617077592094,
        304.6874153496142,
        332.0311577527847,
        351.56240232647787,
        363.2811490706938,
        371.0936469001711,
        382.81239364438704,
        402.34363821808023,
        410.15613604755754,
        433.5936295359894,
        449.21862519494397,
        472.65611868337584,
        480.4686165128531,
        496.0936121718077
      ],
      "power": [
        3.5677548342325363e-10,
        2.3031247928587346e-11,
        2.1939638935926724e-11,
        3.809483416142739e-11,
        2.1674291136552775e-11,
        2.994781604231526e-11,
        2.7190215600414566e-11,
        2.6528292156306133e-11,
        1.666927260701045e-11,
        3.085858856600294e-11,
        3.0494376813995226e-11,
        2.916691292802011e-11,
        1.6257525282644753e-11,
        3.112392565250014e-11,
        1.9840179925519685e-11,
        3.123762519488306e-11,
        1.655016150504995e-11,
        2.1293469616300183e-11,
        2.3087804021241155e-11,
        3.597796188039686e-11,
        1.767212472495114e-11,
        2.204350780326351e-11,
        2.3844330634351332e-11,
        3.1277439247382814e-11,
        2.718475099458696e-11,
        2.537580839031121e-11,
        3.451660170162109e-11,
        2.2840383908417678e-11,
        1.2782035115342197e-11,
        1.1231256372140123e-11,
        2.803152234119479e-11
      ],
      "confidence": 0.7
    }
  ]
}