{
  "chunk": 3347,
  "total_chunks": 3600,
  "patterns_found": 2,
  "start_time": 3346.0009294447027,
  "end_time": 3346.999929722203,
  "patterns": [
    {
      "type": "spike",
      "count": 12,
      "times": [
        3346.3349295374805,
        3346.3449295402584,
        3346.431929564425,
        3346.4439295677585,
        3346.470929575258,
        3346.478929577481,
        3346.503929584425,
        3346.5069295852586,
        3346.548929596925,
        3346.5629296008137,
        3346.571929603314,
        3346.6509296252584
      ],
      "amplitudes": [
        0.0017006063341933535,
        0.0016884349819993039,
        0.0016969344557049965,
        0.0017440659769063795,
        0.0016943623436616304,
        0.0016969660544343137,
        0.0016867983294593695,
        0.0017197330557127948,
        0.0017010478523505931,
        0.0016994155772502486,
        0.001754859995320486,
        0.0017325299665776782
      ],
      "confidence": 0.8
    },
    {
      "type": "oscillation",
      "frequencies": [
        3.9062489138504652,
        31.249991310803722,
        42.96873805235512,
        58.59373370775698,
        70.31248044930837,
        85.93747610471024,
        97.65622284626163,
        109.37496958781303,
        124.99996524321489,
        144.5312098124672,
        160.15620546786909,
        171.87495220942048,
        179.6874500371214,
        203.12494352022418,
        214.84369026177558,
        230.46868591717745,
        238.28118374487838,
        249.99993048642978,
        265.6249261418316,
        281.24992179723347,
        300.7811663664858,
        324.2186598495886,
        335.93740659114,
        343.74990441884097,
        367.1873979019437,
        374.99989572964466,
        390.6248913850465,
        406.24988704044836,
        421.87488269585026,
        433.59362943740166,
        441.40612726510255,
        457.03112292050446,
        472.6561185759063,
        484.3748653174577,
        496.0936120590091
      ],
      "power": [
        3.294251555466578e-10,
        2.754355520888498e-11,
        2.126083578406452e-11,
        1.3317676935088456e-11,
        2.3051229556600007e-11,
        3.29438595427383e-11,
        2.9177627692456456e-11,
        2.8205130605358e-11,
        2.231626396218445e-11,
        2.4333294271885608e-11,
        1.6322468801683783e-11,
        2.6945716677935546e-11,
        3.3627708698288896e-11,
        2.2484407600265532e-11,
        2.740928004688182e-11,
        2.002517879144004e-11,
        2.5829405059558147e-11,
        2.959344956630659e-11,
        1.7969361453893357e-11,
        1.8802039735783514e-11,
        2.6093055798695284e-11,
        3.869866721847308e-11,
        3.452968362311205e-11,
        3.477128613814863e-11,
        1.518838823452266e-11,
        1.3476860352307485e-11,
        1.5814105580093708e-11,
        3.142915177652383e-11,
        2.3989701430036778e-11,
        2.6651523296431524e-11,
        2.2386434161476922e-11,
        2.2462825870594765e-11,
        2.0776149521999778e-11,
        3.052590488359216e-11,
        1.9294455136743726e-11
      ],
      "confidence": 0.7
    }
  ]
}