{
  "chunk": 2210,
  "total_chunks": 3600,
  "patterns_found": 2,
  "start_time": 2209.0006136112816,
  "end_time": 2209.999613888782,
  "patterns": [
    {
      "type": "spike",
      "count": 22,
      "times": [
        2209.0016136115596,
        2209.0106136140594,
        2209.0146136151707,
        2209.0186136162815,
        2209.025613618226,
        2209.0276136187817,
        2209.0346136207263,
        2209.057613627115,
        2209.080613633504,
        2209.8836138565594,
        2209.945613873782,
        2209.950613875171,
        2209.9546138762817,
        2209.958613877393,
        2209.9656138793375,
        2209.9746138818373,
        2209.9776138826705,
        2209.9836138843375,
        2209.9856138848927,
        2209.9916138865597,
        2209.994613887393,
        2209.9966138879486
      ],
      "amplitudes": [
        0.0011698725655166211,
        0.0010785415138754493,
        0.0012581383446373295,
        0.0010826819160858541,
        0.0011328152764836395,
        0.0011160946775945835,
        0.001128679459303669,
        0.001093882127337731,
        0.0010485633781233822,
        0.0011023069075857552,
        0.0010843968654145554,
        0.0011753253221421873,
        0.0010845311271499606,
        0.0010965338723980466,
        0.0010497334803058294,
        0.001078584752345801,
        0.0010968250656287486,
        0.0011240879296384346,
        0.0011260122306815837,
        0.00115228105010947,
        0.001124601752688607,
        0.0011847489252604089
      ],
      "confidence": 0.8
    },
    {
      "type": "oscillation",
      "frequencies": [
        3.9062489138504652,
        15.624995655401861,
        31.249991310803722,
        42.96873805235512,
        58.59373370775698,
        82.03122719085977,
        105.46872067396257,
        117.18746741551396,
        136.7187119847663,
        164.06245438171953,
        175.78120112327093,
        187.49994786482233,
        195.31244569252326,
        214.84369026177558,
        222.65618808947653,
        242.18743265872885,
        249.99993048642978,
        261.7186772279812,
        273.4374239695326,
        296.8749174526354,
        320.31241093573817,
        335.93740659114,
        351.56240224654186,
        359.3749000742428,
        374.99989572964466,
        402.3436381265979,
        414.0623848681493,
        429.68738052355116,
        453.12487400665395,
        464.84362074820535,
        480.4686164036072,
        496.0936120590091
      ],
      "power": [
        3.262014000545426e-10,
        2.1548272901347365e-11,
        1.5764490690758706e-11,
        2.823442325061174e-11,
        2.580202695589273e-11,
        3.444798670307314e-11,
        2.902352644785824e-11,
        3.507678820270858e-11,
        1.89551026148408e-11,
        2.9088179995227012e-11,
        2.2520158221628053e-11,
        1.9914256530231507e-11,
        2.136179722157183e-11,
        3.3399563375371346e-11,
        3.710628305211013e-11,
        1.7752081029665966e-11,
        2.5258262402135832e-11,
        3.211193500566245e-11,
        3.2942872549336224e-11,
        5.0250727538908596e-11,
        2.96717676968048e-11,
        2.8062633882518746e-11,
        1.7767140691323985e-11,
        1.1717062151831635e-11,
        2.6966209396407352e-11,
        2.77551872179799e-11,
        2.8253607295785028e-11,
        2.1925062526695805e-11,
        1.1896521948080452e-11,
        1.8959797806276913e-11,
        1.7244108243734658e-11,
        1.8661361641579146e-11
      ],
      "confidence": 0.7
    }
  ]
}