{
  "chunk": 1628,
  "total_chunks": 3600,
  "patterns_found": 2,
  "start_time": 1627.0004519445702,
  "end_time": 1627.9994522220702,
  "patterns": [
    {
      "type": "spike",
      "count": 24,
      "times": [
        1627.0034519454034,
        1627.0064519462367,
        1627.0094519470701,
        1627.0124519479034,
        1627.0274519520701,
        1627.0344519540145,
        1627.0384519551255,
        1627.0404519556812,
        1627.0514519587368,
        1627.0534519592923,
        1627.08145196707,
        1627.0834519676257,
        1627.8154521709591,
        1627.9344522040146,
        1627.9494522081814,
        1627.9664522129035,
        1627.9724522145702,
        1627.9754522154035,
        1627.9774522159591,
        1627.9834522176257,
        1627.9854522181813,
        1627.9874522187367,
        1627.9914522198478,
        1627.9964522212367
      ],
      "amplitudes": [
        0.0010665905896834675,
        0.0010890041531215861,
        0.0011832873593265434,
        0.0010849961363947848,
        0.0011645170210537019,
        0.0011405402446664052,
        0.0010640631108863232,
        0.001131641751271455,
        0.0011012240985889166,
        0.0010650453012425287,
        0.0010941336126851988,
        0.0011448775854495468,
        0.001059548993489427,
        0.0010935257713076982,
        0.0010896480557965372,
        0.0011404237513184742,
        0.001098586859247793,
        0.0010606515263969691,
        0.0011093058944733,
        0.001170458573675847,
        0.0011727623191809036,
        0.001060693543333196,
        0.0010870879250303703,
        0.0012170741302676375
      ],
      "confidence": 0.8
    },
    {
      "type": "oscillation",
      "frequencies": [
        3.906248915626821,
        11.718746746880463,
        39.062489156268214,
        54.687484818775495,
        66.40623156565596,
        85.93747614379006,
        105.46872072192417,
        124.99996530005828,
        140.62496096256555,
        156.24995662507285,
        171.87495228758013,
        179.68745011883377,
        195.31244578134107,
        214.84369035947518,
        222.6561881907288,
        242.18743276886292,
        261.718677346997,
        269.53117517825063,
        277.3436730095043,
        292.9686686720116,
        308.59366433451885,
        328.124908912653,
        339.84365565953345,
        378.90614481580167,
        386.7186426470553,
        406.2498872251894,
        417.9686339720699,
        437.49987855020396,
        449.21862529708443,
        460.9373720439649,
        472.65611879084537,
        484.37486553772584,
        496.0936122846063
      ],
      "power": [
        2.9432622858688493e-10,
        3.601297077215244e-11,
        3.516491766529416e-11,
        3.189134849016918e-11,
        2.2009561809672106e-11,
        2.1626784160979973e-11,
        3.746968855121467e-11,
        1.6149353402981345e-11,
        2.028054811079638e-11,
        2.2545547843404914e-11,
        1.762830590058482e-11,
        1.3646302031724818e-11,
        3.107187768878235e-11,
        2.5022902030286636e-11,
        3.270867520067566e-11,
        1.9140693846836964e-11,
        3.427788222032474e-11,
        2.218561683017142e-11,
        2.5001512298790676e-11,
        3.1350338656322885e-11,
        2.1970335675362205e-11,
        3.3261888105089323e-11,
        4.941790197466017e-11,
        2.19584321722616e-11,
        1.501966347323681e-11,
        3.405823932578891e-11,
        1.6271864626233584e-11,
        4.240834221812483e-11,
        2.2370065522476735e-11,
        1.674459587189669e-11,
        3.5751532699392554e-11,
        4.84255110752987e-11,
        3.340409571500716e-11
      ],
      "confidence": 0.7
    }
  ]
}