{
  "chunk": 1073,
  "total_chunks": 3600,
  "patterns_found": 2,
  "start_time": 1072.0002977778606,
  "end_time": 1072.9992980553607,
  "patterns": [
    {
      "type": "spike",
      "count": 7,
      "times": [
        1072.3602978778606,
        1072.4462979017494,
        1072.4832979120272,
        1072.4912979142496,
        1072.4942979150828,
        1072.507297918694,
        1072.6562979600828
      ],
      "amplitudes": [
        0.001735168755106206,
        0.0017506131108050937,
        0.0016957335801605032,
        0.0017070161503942795,
        0.0016889947957023097,
        0.0017424820154329508,
        0.001684671367402025
      ],
      "confidence": 0.8
    },
    {
      "type": "oscillation",
      "frequencies": [
        3.906248915626821,
        19.531244578134107,
        42.96873807189503,
        50.781235903148676,
        62.49998265002914,
        82.03122722816325,
        105.46872072192417,
        113.28121855317781,
        124.99996530005828,
        132.81246313131192,
        140.62496096256555,
        148.43745879381922,
        167.96870337195332,
        183.5936990344606,
        195.31244578134107,
        214.84369035947518,
        246.09368168448972,
        261.718677346997,
        292.9686686720116,
        324.2186599970262,
        339.84365565953345,
        359.37490023766753,
        367.1873980689212,
        382.8123937314285,
        394.53114047830894,
        406.2498872251894,
        425.7811318033235,
        437.49987855020396,
        453.12487421271123,
        464.8436209595917,
        488.28111445335264
      ],
      "power": [
        3.5998167168968957e-10,
        2.24209755364955e-11,
        2.80102404151727e-11,
        2.997376874114922e-11,
        2.753081577607421e-11,
        2.7764483585518455e-11,
        1.4594177163896593e-11,
        1.7091639939725665e-11,
        1.0279284040868152e-11,
        1.31495584364003e-11,
        1.998746889260415e-11,
        2.6886528140757027e-11,
        2.275702406923346e-11,
        1.700613998856051e-11,
        1.1071282554057538e-11,
        5.238323928329307e-11,
        2.1059490289072452e-11,
        3.0110180481759734e-11,
        2.874846962582632e-11,
        2.1468598252676096e-11,
        1.2158639317973602e-11,
        2.05168859153392e-11,
        1.9145857108317174e-11,
        3.247825355591017e-11,
        3.1891957390255617e-11,
        3.3727622226265e-11,
        2.575872685172911e-11,
        5.0950937653967603e-11,
        3.186328932574354e-11,
        3.089573997281327e-11,
        2.281488670683049e-11
      ],
      "confidence": 0.7
    }
  ]
}