{
  "chunk": 268,
  "total_chunks": 3600,
  "patterns_found": 2,
  "start_time": 267.0000741666873,
  "end_time": 267.9990744441874,
  "patterns": [
    {
      "type": "spike",
      "count": 27,
      "times": [
        267.00107416696505,
        267.0090741691873,
        267.0170741714095,
        267.02007417224286,
        267.0220741727984,
        267.03707417696506,
        267.0410741780762,
        267.0450741791873,
        267.0480741800206,
        267.05707418252064,
        267.06007418335395,
        267.06807418557617,
        267.1110741975206,
        267.870074408354,
        267.8930744147429,
        267.9120744200207,
        267.93307442585404,
        267.9460744294651,
        267.9490744302985,
        267.9570744325207,
        267.9630744341874,
        267.969074435854,
        267.9750744375207,
        267.9770744380763,
        267.9790744386318,
        267.99207444224294,
        267.996074443354
      ],
      "amplitudes": [
        0.0010559722053337856,
        0.0010995402800191422,
        0.0011520618048009197,
        0.0011123664764557963,
        0.0011628883329707314,
        0.0010472404293960379,
        0.0011149029560368361,
        0.0011109440477795605,
        0.0010512998165635684,
        0.0010741652202807216,
        0.0011293088943427553,
        0.0011269290369909939,
        0.0010597707479871644,
        0.001110819585093925,
        0.0010673912707263576,
        0.0010793783379075554,
        0.001048866283757695,
        0.0012058270481496015,
        0.0010570957272675872,
        0.001095640067801426,
        0.0010701490863180487,
        0.00109852033323164,
        0.0010627192505159061,
        0.0011566444257359275,
        0.0010642856464978857,
        0.0010658922999598904,
        0.0010810759681976693
      ],
      "confidence": 0.8
    },
    {
      "type": "oscillation",
      "frequencies": [
        3.906248914960688,
        15.624995659842751,
        31.249991319685503,
        46.87498697952825,
        70.31248046929238,
        82.03122721417445,
        101.56247178897789,
        117.18746744882064,
        136.71871202362408,
        152.34370768346682,
        167.96870334330958,
        187.499947918113,
        214.84369032283783,
        226.56243706771988,
        246.09368164252334,
        253.9061794724447,
        261.7186773023661,
        277.3436729622088,
        289.0624197070909,
        300.781166451973,
        320.3124110267764,
        328.1249088566978,
        335.93740668661917,
        347.6561534315012,
        367.18739800630465,
        374.999895836226,
        398.4373893259902,
        421.8748828157543,
        429.68738064567566,
        441.40612739055774,
        468.74986979528256,
        488.28111437008596,
        496.0936122000073
      ],
      "power": [
        2.9222853112202873e-10,
        2.2393758626026864e-11,
        3.459469560004622e-11,
        2.281182865286197e-11,
        1.742151413218504e-11,
        2.450352259846561e-11,
        4.65705917827125e-11,
        3.4504505286593196e-11,
        2.8117692071893696e-11,
        2.12920860298012e-11,
        2.91555901303865e-11,
        3.7125444003612174e-11,
        3.539254942089474e-11,
        1.262415735670405e-11,
        2.2541279189008494e-11,
        2.395379261386259e-11,
        3.0111802398735725e-11,
        3.135238528960236e-11,
        2.3166244866493753e-11,
        2.566771382738201e-11,
        2.5400674925572324e-11,
        2.3129319132591022e-11,
        1.844506327820632e-11,
        3.8587748182101813e-11,
        2.1385043751670582e-11,
        1.259372822941763e-11,
        2.7117278825581826e-11,
        3.779382791431733e-11,
        1.1822442657454691e-11,
        2.3361094435090364e-11,
        3.866805805485833e-11,
        3.2939356523300397e-11,
        2.986837695498831e-11
      ],
      "confidence": 0.7
    }
  ]
}