{
  "chunk": 218,
  "total_chunks": 3600,
  "patterns_found": 2,
  "start_time": 217.00006027779455,
  "end_time": 217.99906055529462,
  "patterns": [
    {
      "type": "spike",
      "count": 22,
      "times": [
        217.00106027807232,
        217.00506027918343,
        217.00906028029453,
        217.01306028140564,
        217.01706028251675,
        217.01906028307232,
        217.02306028418343,
        217.04006028890564,
        217.04406029001674,
        217.0460602905723,
        217.09306030362788,
        217.115060309739,
        217.91606053223904,
        217.9320605366835,
        217.93806053835016,
        217.94706054085017,
        217.94906054140571,
        217.9550605430724,
        217.95806054390573,
        217.98006055001684,
        217.98706055196126,
        217.9950605541835
      ],
      "amplitudes": [
        0.001157298827548471,
        0.0011587607110235716,
        0.0011362466481902483,
        0.0010471424183677884,
        0.001051182472215973,
        0.0010825942174922988,
        0.0010632047215711974,
        0.0010841013065414433,
        0.0010496800287616169,
        0.001096916056572616,
        0.0011034318519316843,
        0.0011014585256973143,
        0.0011052188567924497,
        0.0010476500732901262,
        0.0010819721105158253,
        0.001100494573074506,
        0.0010755307280644055,
        0.001100647783130666,
        0.0010819252256746032,
        0.0011786420223161452,
        0.0010998731941083775,
        0.00111798251098129
      ],
      "confidence": 0.8
    },
    {
      "type": "oscillation",
      "frequencies": [
        3.906248914960688,
        15.624995659842751,
        35.15624023464619,
        58.59373372441032,
        70.31248046929238,
        82.03122721417445,
        93.7499739590565,
        113.28121853385994,
        121.09371636378133,
        128.9062141937027,
        152.34370768346682,
        164.0624544283489,
        175.78120117323095,
        187.499947918113,
        199.2186946629951,
        210.93744140787715,
        226.56243706771988,
        238.28118381260197,
        269.53117513228744,
        289.0624197070909,
        308.59366428189435,
        316.4061621118157,
        324.2186599417371,
        332.03115777165846,
        347.6561534315012,
        359.3749001763833,
        374.999895836226,
        406.24988715591155,
        417.9686339007936,
        429.68738064567566,
        445.3123763055184,
        457.0311230504005,
        476.56236762520393,
        496.0936122000073
      ],
      "power": [
        2.950765668207372e-10,
        3.287587827855956e-11,
        2.5381910297086603e-11,
        2.3662230993049903e-11,
        2.0474027624980047e-11,
        2.35836127521634e-11,
        2.082867357704184e-11,
        2.0644338362660462e-11,
        1.9116368671326616e-11,
        3.236968854565749e-11,
        3.557591204739442e-11,
        2.3781409945494285e-11,
        1.8576043298310877e-11,
        2.1217047968964717e-11,
        2.5578178425377884e-11,
        1.3318697691735999e-11,
        2.136695788653862e-11,
        2.4208784211649717e-11,
        2.7111569617680157e-11,
        2.7282028499041184e-11,
        2.5577265782665266e-11,
        2.766271646497592e-11,
        1.5211737730518457e-11,
        1.4786370700669855e-11,
        2.8713650454687958e-11,
        2.7307114788533486e-11,
        4.6558069715377474e-11,
        3.12066976937599e-11,
        3.9038581156682804e-11,
        3.736404347198893e-11,
        1.4133544216056892e-11,
        2.2778661946442418e-11,
        2.3309308338928124e-11,
        2.7025167273582777e-11
      ],
      "confidence": 0.7
    }
  ]
}