{
  "chunk": 620,
  "total_chunks": 3600,
  "patterns_found": 2,
  "start_time": 619.0001719444922,
  "end_time": 619.9991722219924,
  "patterns": [
    {
      "type": "spike",
      "count": 27,
      "times": [
        619.00117194477,
        619.0051719458811,
        619.0071719464366,
        619.0141719483811,
        619.0231719508811,
        619.02817195227,
        619.0441719567144,
        619.0491719581033,
        619.0561719600478,
        619.07317196477,
        619.078171966159,
        619.1471719853256,
        619.8801721889367,
        619.9101721972701,
        619.9121721978256,
        619.933172203659,
        619.9351722042145,
        619.9521722089368,
        619.9681722133812,
        619.9741722150478,
        619.9771722158812,
        619.9791722164367,
        619.9821722172701,
        619.9851722181035,
        619.987172218659,
        619.9891722192145,
        619.9951722208812
      ],
      "amplitudes": [
        0.0011652597348717584,
        0.0011288943860519778,
        0.001068480864236916,
        0.0010748532791214269,
        0.0010730605449062222,
        0.00105508187138758,
        0.0011411167249871213,
        0.001216389366606506,
        0.0010839991333913834,
        0.0010507942037238178,
        0.0011129433689337069,
        0.001115708230369092,
        0.001095977228736146,
        0.0010477582512523063,
        0.0011143416070188796,
        0.0011252413796192864,
        0.0010575374550777627,
        0.0011269434867883514,
        0.0010668435390503894,
        0.0010727508592047164,
        0.0011315306700721858,
        0.001057350186234723,
        0.0010510478937811295,
        0.001199530032687594,
        0.0010751608045628167,
        0.001099697828275431,
        0.0010467277018146733
      ],
      "confidence": 0.8
    },
    {
      "type": "oscillation",
      "frequencies": [
        3.906248914738643,
        15.624995658954573,
        31.249991317909146,
        42.96873806212508,
        50.781235891602364,
        58.59373372107965,
        66.40623155055694,
        89.8437250389888,
        121.09371635689794,
        128.90621418637522,
        144.5312098453298,
        160.15620550428437,
        171.8749522485003,
        183.59369899271624,
        199.2186946516708,
        210.93744139588674,
        230.46868596957995,
        249.99993054327317,
        261.7186772874891,
        273.437424031705,
        285.15617077592094,
        292.96866860539825,
        312.49991317909144,
        328.12490883804605,
        351.56240232647787,
        378.9061447296484,
        398.4373893033416,
        406.2498871328189,
        421.8748827917735,
        437.49987845072803,
        453.1248741096826,
        472.65611868337584,
        492.187363257069
      ],
      "power": [
        3.308744909495165e-10,
        2.8649673853654284e-11,
        2.963854407227915e-11,
        2.4535967894394083e-11,
        2.5531238000808173e-11,
        2.55191946866253e-11,
        1.9721954294318763e-11,
        4.1116040293444886e-11,
        1.7481602240331955e-11,
        3.2416084815363004e-11,
        1.9914220979801063e-11,
        3.4585084934875295e-11,
        1.8439633095462505e-11,
        3.104018569761203e-11,
        1.8074642684670825e-11,
        2.0732339596800264e-11,
        3.434732142933958e-11,
        2.822531928383919e-11,
        2.604357082959974e-11,
        2.561009261796472e-11,
        3.016609210545526e-11,
        2.8358485681367816e-11,
        2.4471997363290206e-11,
        2.4636779570647707e-11,
        3.159814841097582e-11,
        3.058076610772559e-11,
        1.8944633666461775e-11,
        2.8289374813816166e-11,
        1.6584818403197307e-11,
        2.94346006998923e-11,
        2.969357803983727e-11,
        2.5710562621579035e-11,
        2.716752109645415e-11
      ],
      "confidence": 0.7
    }
  ]
}