{
  "chunk": 1023,
  "total_chunks": 3600,
  "patterns_found": 2,
  "start_time": 1022.0002838889678,
  "end_time": 1022.9992841664679,
  "patterns": [
    {
      "type": "spike",
      "count": 9,
      "times": [
        1022.2622839617457,
        1022.4372840103567,
        1022.4402840111901,
        1022.4832840231345,
        1022.4872840242456,
        1022.5252840348012,
        1022.5392840386901,
        1022.553284042579,
        1022.6202840611901
      ],
      "amplitudes": [
        0.0017846620773519543,
        0.001737313999840249,
        0.0017202547446965794,
        0.0017423431592983093,
        0.0016874292048248349,
        0.001759755060407953,
        0.0017248246048765774,
        0.0016981294028162559,
        0.0016882609809378063
      ],
      "confidence": 0.8
    },
    {
      "type": "oscillation",
      "frequencies": [
        3.906248915182732,
        19.53124457591366,
        35.156240236644585,
        42.96873806701005,
        58.59373372774098,
        78.12497830365464,
        85.9374761340201,
        109.37496962511649,
        121.0937163706647,
        148.43745877694383,
        160.156205522492,
        175.78120118322295,
        183.5936990135884,
        199.21869467431932,
        214.84369033505027,
        230.4686859957812,
        242.1874327413294,
        249.99993057169485,
        261.718677317243,
        289.06241972352217,
        304.6874153842531,
        328.1249088753495,
        343.7499045360804,
        351.5624023664459,
        367.1873980271768,
        382.81239368790773,
        402.3436382638214,
        414.06238500936956,
        441.4061274156487,
        453.1248741611969,
        464.8436209067451,
        492.1873633130242
      ],
      "power": [
        2.988953078472209e-10,
        2.365949787451097e-11,
        2.310246048706168e-11,
        1.7844640499317763e-11,
        1.464863042249934e-11,
        2.3554723825207543e-11,
        1.9131062273890485e-11,
        4.90643557857258e-11,
        3.1811275270577645e-11,
        2.13073889928148e-11,
        4.1712280710041784e-11,
        1.1425174296226269e-11,
        1.6865816820508788e-11,
        2.787373537336407e-11,
        3.221724579088729e-11,
        2.878171595077248e-11,
        2.449649397528622e-11,
        2.282032885643475e-11,
        2.596817992897722e-11,
        3.3317412618263166e-11,
        3.5653541520816995e-11,
        2.5548346451028323e-11,
        2.1618469150829276e-11,
        2.8492624915988868e-11,
        2.728137531063693e-11,
        2.4714758340863066e-11,
        2.208646657414957e-11,
        4.471227559824252e-11,
        1.5022341091691673e-11,
        1.043647103437881e-11,
        3.621350492460063e-11,
        2.5985411249252766e-11
      ],
      "confidence": 0.7
    }
  ]
}