{
  "chunk": 2991,
  "total_chunks": 3600,
  "patterns_found": 2,
  "start_time": 2990.0008305557863,
  "end_time": 2990.9998308332865,
  "patterns": [
    {
      "type": "spike",
      "count": 8,
      "times": [
        2990.415830671064,
        2990.430830675231,
        2990.448830680231,
        2990.461830683842,
        2990.502830695231,
        2990.5258307016197,
        2990.5798307166197,
        2990.659830738842
      ],
      "amplitudes": [
        0.0017349889098907238,
        0.0017019718500055148,
        0.001691100111860134,
        0.0017218234767842735,
        0.0017133674481921626,
        0.0018541261082563173,
        0.0017440154543535077,
        0.0016922007587595609
      ],
      "confidence": 0.8
    },
    {
      "type": "oscillation",
      "frequencies": [
        3.9062489138504652,
        31.249991310803722,
        46.87498696620558,
        66.4062315354579,
        74.21872936315884,
        97.65622284626163,
        113.28121850166349,
        128.90621415706536,
        136.7187119847663,
        144.5312098124672,
        156.2499565540186,
        167.96870329557,
        187.49994786482233,
        207.03119243407465,
        218.74993917562605,
        238.28118374487838,
        253.90617940028025,
        269.5311750556821,
        289.0624196249344,
        308.5936641941868,
        320.31241093573817,
        328.12490876343907,
        343.74990441884097,
        351.56240224654186,
        367.1873979019437,
        378.9061446434951,
        390.6248913850465,
        402.3436381265979,
        414.0623848681493,
        425.7811316097007,
        437.4998783512521,
        453.12487400665395,
        480.4686164036072,
        492.1873631451586
      ],
      "power": [
        2.6954847216434095e-10,
        1.9505734224296355e-11,
        2.1085043151326053e-11,
        2.3424523507016503e-11,
        2.6909611998993408e-11,
        1.8096574922733425e-11,
        2.7965210279778406e-11,
        1.6220418221101325e-11,
        1.1822960960439649e-11,
        1.2110160324415148e-11,
        1.956013794927409e-11,
        2.933001002590146e-11,
        4.7934554695329905e-11,
        3.065218302115123e-11,
        2.601786823904845e-11,
        3.8580359273177785e-11,
        3.0168521532813435e-11,
        2.6588459400744186e-11,
        3.0805254476488624e-11,
        2.5716563662595497e-11,
        4.329731717305768e-11,
        3.521580534362074e-11,
        3.011186676688283e-11,
        2.3225103951105342e-11,
        2.5634938845075967e-11,
        2.2470405126144047e-11,
        1.9625724745596814e-11,
        4.047847123569672e-11,
        2.4000373534084682e-11,
        1.9325924264997977e-11,
        2.1245344631266873e-11,
        2.0745677929819663e-11,
        3.861899031893555e-11,
        2.452690127252762e-11
      ],
      "confidence": 0.7
    }
  ]
}