{
  "chunk": 2123,
  "total_chunks": 3600,
  "patterns_found": 2,
  "start_time": 2122.000589444608,
  "end_time": 2122.9995897221083,
  "patterns": [
    {
      "type": "spike",
      "count": 9,
      "times": [
        2122.3625895451637,
        2122.3695895471083,
        2122.423589562108,
        2122.447589568775,
        2122.4685895746084,
        2122.478589577386,
        2122.4945895818305,
        2122.568589602386,
        2122.651589625442
      ],
      "amplitudes": [
        0.0017224851216622154,
        0.0017144594101345693,
        0.0016961423232483162,
        0.0016950459255739962,
        0.0017392729827820654,
        0.0016970645997574831,
        0.0017217680976280947,
        0.001686899659093649,
        0.001744899603276174
      ],
      "confidence": 0.8
    },
    {
      "type": "oscillation",
      "frequencies": [
        3.9062489138504652,
        11.718746741551396,
        19.531244569252326,
        35.156240224654184,
        46.87498696620558,
        58.59373370775698,
        70.31248044930837,
        82.03122719085977,
        97.65622284626163,
        113.28121850166349,
        140.62496089861673,
        156.2499565540186,
        175.78120112327093,
        191.4061967786728,
        207.03119243407465,
        214.84369026177558,
        230.46868591717745,
        238.28118374487838,
        249.99993048642978,
        261.7186772279812,
        281.24992179723347,
        292.96866853878487,
        304.68741528033627,
        316.40616202188767,
        332.03115767728957,
        339.84365550499047,
        351.56240224654186,
        359.3749000742428,
        374.99989572964466,
        386.71864247119606,
        414.0623848681493,
        425.7811316097007,
        437.4998783512521,
        457.03112292050446,
        480.4686164036072,
        492.1873631451586
      ],
      "power": [
        2.812780775928757e-10,
        1.9162941095538717e-11,
        1.8219099229978062e-11,
        2.530274439259916e-11,
        1.8132407643359574e-11,
        1.5226493012208078e-11,
        2.547947361743101e-11,
        5.403023605290053e-11,
        2.5628520453988003e-11,
        3.3113619165702266e-11,
        2.556671929381734e-11,
        4.451323854759769e-11,
        2.880544102856202e-11,
        2.4013948861188726e-11,
        2.6205292307525423e-11,
        2.605193008204574e-11,
        2.5634210529981372e-11,
        3.382554848425993e-11,
        1.611488841807077e-11,
        2.8609547096600212e-11,
        3.640306852180762e-11,
        3.996605013396425e-11,
        1.9566239122282327e-11,
        1.7413320385443613e-11,
        2.138970949171058e-11,
        2.1806484921064988e-11,
        1.5250181743469324e-11,
        1.1997876462665156e-11,
        1.647038752275697e-11,
        2.134354658369852e-11,
        2.066175203734581e-11,
        2.2904672739514462e-11,
        2.8030021117094073e-11,
        1.7979222878122694e-11,
        2.2185070316263577e-11,
        4.094836693673533e-11
      ],
      "confidence": 0.7
    }
  ]
}