{
  "chunk": 2086,
  "total_chunks": 3600,
  "patterns_found": 2,
  "start_time": 2085.0005791668277,
  "end_time": 2085.9995794443275,
  "patterns": [
    {
      "type": "spike",
      "count": 23,
      "times": [
        2085.0045791679386,
        2085.0075791687723,
        2085.0095791693275,
        2085.0145791707164,
        2085.016579171272,
        2085.02657917405,
        2085.030579175161,
        2085.040579177939,
        2085.047579179883,
        2085.052579181272,
        2085.066579185161,
        2085.0955791932165,
        2085.92657942405,
        2085.9295794248833,
        2085.948579430161,
        2085.9535794315498,
        2085.9595794332167,
        2085.9695794359945,
        2085.9745794373835,
        2085.9795794387724,
        2085.985579440439,
        2085.9925794423834,
        2085.9965794434943
      ],
      "amplitudes": [
        0.0011055303324025412,
        0.0010743497930410229,
        0.0011695635851381916,
        0.0010968170570050137,
        0.001153483609240069,
        0.0010955488402478813,
        0.0010857508051942838,
        0.0011065951149930317,
        0.001058495752608483,
        0.0010804293850889748,
        0.0012001973359469374,
        0.0010635914676770048,
        0.0010583415548565725,
        0.0010958021168264206,
        0.0011605199791097215,
        0.0010882425996253677,
        0.001144629196358862,
        0.0011061963164155303,
        0.0011660047212124353,
        0.0011425940060307825,
        0.001058957790557766,
        0.0012655538285562655,
        0.0010721174093662614
      ],
      "confidence": 0.8
    },
    {
      "type": "oscillation",
      "frequencies": [
        3.906248915626821,
        15.624995662507285,
        23.437493493760925,
        31.24999132501457,
        50.781235903148676,
        66.40623156565596,
        89.84372505941688,
        97.65622289067053,
        117.18746746880464,
        136.71871204693875,
        160.15620554069966,
        175.78120120320696,
        195.31244578134107,
        203.1249436125947,
        230.46868602198245,
        238.2811838532361,
        249.99993060011656,
        265.62492626262383,
        281.2499219251311,
        292.9686686720116,
        308.59366433451885,
        316.4061621657725,
        335.93740674390665,
        343.74990457516026,
        351.5624024064139,
        359.37490023766753,
        367.1873980689212,
        374.9998959001748,
        382.8123937314285,
        398.43738939393575,
        410.1561361408162,
        425.7811318033235,
        441.4061274658308,
        449.21862529708443,
        460.9373720439649,
        476.5623677064722,
        488.28111445335264
      ],
      "power": [
        3.3109682100138937e-10,
        1.8421308355529997e-11,
        1.9094750007824567e-11,
        2.302167270596543e-11,
        4.029882719822994e-11,
        1.8350061465686005e-11,
        2.8546132912140845e-11,
        3.196653223840483e-11,
        2.378459872029852e-11,
        4.0356629324261226e-11,
        2.629249915237786e-11,
        4.387144251095117e-11,
        3.410924986760855e-11,
        3.412981966314275e-11,
        3.6978822395315666e-11,
        4.0386267614543786e-11,
        2.99627089278614e-11,
        2.3768472283826424e-11,
        1.5838121009067707e-11,
        1.7219566528605067e-11,
        2.5579849849627668e-11,
        3.394705515521018e-11,
        2.4633171122708646e-11,
        1.897978079161882e-11,
        3.0031118444803376e-11,
        2.4973397649050533e-11,
        1.7238570902256e-11,
        1.679009222160511e-11,
        1.4015609288916236e-11,
        1.848140377432751e-11,
        2.433004835931682e-11,
        1.746062986264646e-11,
        4.4493654707275486e-11,
        2.4653909905090452e-11,
        1.1109856037645174e-11,
        2.1297884038108977e-11,
        3.3879546159564374e-11
      ],
      "confidence": 0.7
    }
  ]
}