{
  "chunk": 358,
  "total_chunks": 3600,
  "patterns_found": 2,
  "start_time": 357.0000991666942,
  "end_time": 357.9990994441943,
  "patterns": [
    {
      "type": "spike",
      "count": 24,
      "times": [
        357.00409916780535,
        357.00909916919426,
        357.01309917030534,
        357.01809917169425,
        357.0250991736387,
        357.03009917502754,
        357.0360991766942,
        357.0470991797498,
        357.0500991805831,
        357.0620991839165,
        357.0650991847498,
        357.11909919974977,
        357.8400994000276,
        357.9220994228054,
        357.9380994272499,
        357.94209942836096,
        357.9490994303054,
        357.95609943224986,
        357.96109943363876,
        357.9800994389165,
        357.9850994403054,
        357.98709944086096,
        357.98909944141656,
        357.9940994428054
      ],
      "amplitudes": [
        0.0011105769627393054,
        0.0011363692181518442,
        0.0010932173384994386,
        0.0011024819622064085,
        0.0010474623980419751,
        0.00106344448505924,
        0.0011938409382869462,
        0.001089634719181795,
        0.0011156302545229412,
        0.0010915983457114643,
        0.0011006219030543364,
        0.0010500134217141638,
        0.0010451017027122626,
        0.0010485198061073705,
        0.0010803741710012156,
        0.0011189380484711482,
        0.0010630987572213236,
        0.001141481597278601,
        0.0010501150270858372,
        0.001056791653152428,
        0.0011289059697705956,
        0.001073116763348939,
        0.0010937294148037383,
        0.0011349898840788178
      ],
      "confidence": 0.8
    },
    {
      "type": "oscillation",
      "frequencies": [
        3.906248914960688,
        31.249991319685503,
        42.96873806456757,
        58.59373372441032,
        82.03122721417445,
        93.7499739590565,
        117.18746744882064,
        132.8124631086634,
        148.43745876850613,
        164.0624544283489,
        175.78120117323095,
        199.2186946629951,
        214.84369032283783,
        234.37493489764128,
        253.9061794724447,
        277.3436729622088,
        296.87491753701227,
        312.499913196855,
        328.1249088566978,
        339.8436556015798,
        351.5624023464619,
        363.281149091344,
        374.999895836226,
        382.8123936661474,
        410.1561360708722,
        417.9686339007936,
        429.68738064567566,
        445.3123763055184,
        457.0311230504005,
        468.74986979528256,
        476.56236762520393,
        488.28111437008596
      ],
      "power": [
        3.6568744291958e-10,
        1.811681813469975e-11,
        1.715929001723539e-11,
        3.294207728200326e-11,
        2.244772337085271e-11,
        4.187171780179643e-11,
        4.3871141000013964e-11,
        3.098008619919074e-11,
        2.5248166430067325e-11,
        2.0196615426461462e-11,
        3.666026741207147e-11,
        1.5629146698267787e-11,
        3.644946137591361e-11,
        2.99267726933086e-11,
        3.152949894463812e-11,
        1.4492444056068398e-11,
        2.516867720118059e-11,
        2.7144680116841097e-11,
        2.650266672627852e-11,
        2.58219440955336e-11,
        1.7662403007601468e-11,
        2.5876671820546094e-11,
        2.857732123262426e-11,
        2.2065410940196714e-11,
        2.0923074994667233e-11,
        1.9636215809142956e-11,
        3.789137535754603e-11,
        2.8498639511148002e-11,
        2.019365917276052e-11,
        1.80413252237457e-11,
        3.067885523227957e-11,
        2.8693807099855476e-11
      ],
      "confidence": 0.7
    }
  ]
}