{
  "chunk": 1987,
  "total_chunks": 3600,
  "patterns_found": 2,
  "start_time": 1986.00055166682,
  "end_time": 1986.99955194432,
  "patterns": [
    {
      "type": "spike",
      "count": 8,
      "times": [
        1986.4055517793201,
        1986.4075517798756,
        1986.4145517818201,
        1986.4335517870977,
        1986.44155178932,
        1986.46855179682,
        1986.4725517979311,
        1986.4795517998757
      ],
      "amplitudes": [
        0.0017817499787387682,
        0.0017338832412930195,
        0.0017464783663933457,
        0.0017277613042427811,
        0.0017008055068659035,
        0.0016999595956127354,
        0.0017487917804555636,
        0.0017162827469751163
      ],
      "confidence": 0.8
    },
    {
      "type": "oscillation",
      "frequencies": [
        3.906248914738643,
        15.624995658954573,
        35.15624023264779,
        50.781235891602364,
        70.31248046529558,
        78.12497829477286,
        89.8437250389888,
        97.65622286846607,
        105.46872069794337,
        121.09371635689794,
        136.7187120158525,
        148.43745876006844,
        156.24995658954572,
        171.8749522485003,
        183.59369899271624,
        195.31244573693215,
        210.93744139588674,
        222.65618814010267,
        238.28118379905723,
        253.90617945801182,
        265.62492620222775,
        281.2499218611823,
        292.96866860539825,
        300.7811664348755,
        332.0311577527847,
        347.65615341173924,
        367.1873979854325,
        382.81239364438704,
        398.4373893033416,
        414.06238496229616,
        437.49987845072803,
        449.21862519494397,
        457.0311230244213,
        480.4686165128531,
        496.0936121718077
      ],
      "power": [
        2.4625763211616693e-10,
        4.022490613417523e-11,
        1.6682156737658643e-11,
        1.603577129691232e-11,
        1.71725866199674e-11,
        1.6824144705465016e-11,
        2.517267821050827e-11,
        2.5911712651328548e-11,
        2.524168583140504e-11,
        2.1571076204995787e-11,
        3.3178856000369014e-11,
        2.0581990465753938e-11,
        2.2534284550832498e-11,
        3.380977499959781e-11,
        1.667633856563806e-11,
        2.46576712603512e-11,
        1.8703267754919923e-11,
        2.4825108324925718e-11,
        3.2993433025594485e-11,
        3.729083402966132e-11,
        3.197213684451652e-11,
        2.1473208951533574e-11,
        2.2933687078607088e-11,
        2.208916807515869e-11,
        4.088275566081565e-11,
        2.745121169616089e-11,
        1.2546975390545537e-11,
        2.6311910689912528e-11,
        3.1693609620293486e-11,
        1.3459645484905106e-11,
        3.958189632616198e-11,
        2.0827727954558172e-11,
        2.309039935236696e-11,
        3.7723284127695764e-11,
        2.222398427571136e-11
      ],
      "confidence": 0.7
    }
  ]
}