{
  "chunk": 2218,
  "total_chunks": 3600,
  "patterns_found": 2,
  "start_time": 2217.0006158335045,
  "end_time": 2217.999616111005,
  "patterns": [
    {
      "type": "spike",
      "count": 30,
      "times": [
        2217.00261583406,
        2217.0056158348934,
        2217.01161583656,
        2217.0136158371156,
        2217.019615838782,
        2217.0216158393378,
        2217.024615840171,
        2217.0266158407267,
        2217.030615841838,
        2217.033615842671,
        2217.04761584656,
        2217.052615847949,
        2217.079615855449,
        2217.0906158585044,
        2217.107615863227,
        2217.8916160810045,
        2217.8946160818377,
        2217.921616089338,
        2217.9376160937823,
        2217.94761609656,
        2217.9516160976714,
        2217.9556160987822,
        2217.960616100171,
        2217.9646161012824,
        2217.9676161021157,
        2217.973616103782,
        2217.979616105449,
        2217.989616108227,
        2217.991616108782,
        2217.9956161098935
      ],
      "amplitudes": [
        0.001189841064632451,
        0.0010505646706018515,
        0.001118032354714046,
        0.0011071426921118413,
        0.001104830335612963,
        0.0010678012002547962,
        0.0011240499464298802,
        0.0011016699221633318,
        0.0011318889473552595,
        0.0010986872781622965,
        0.001049450768132097,
        0.0010454639260090211,
        0.0010449665346264588,
        0.001068912046276692,
        0.0010609680496890981,
        0.0010968512978274546,
        0.0010818134435383008,
        0.0010621380259028543,
        0.0010614556622496954,
        0.001144953681625161,
        0.001175056159547444,
        0.001098136693060954,
        0.0010482112372042639,
        0.0010705673547604642,
        0.0010456546564086063,
        0.0010551906027446902,
        0.001099848531923127,
        0.001087119168721418,
        0.0012122658964872496,
        0.001048006960650057
      ],
      "confidence": 0.8
    },
    {
      "type": "oscillation",
      "frequencies": [
        3.906248915626821,
        35.15624024064139,
        50.781235903148676,
        58.59373373440232,
        74.21872939690961,
        93.7499739750437,
        105.46872072192417,
        121.09371638443146,
        148.43745879381922,
        160.15620554069966,
        195.31244578134107,
        214.84369035947518,
        230.46868602198245,
        238.2811838532361,
        249.99993060011656,
        257.8124284313702,
        269.53117517825063,
        281.2499219251311,
        289.06241975638477,
        300.78116650326524,
        308.59366433451885,
        324.2186599970262,
        343.74990457516026,
        355.4686513220407,
        363.2811491532944,
        374.9998959001748,
        386.7186426470553,
        402.3436383095626,
        414.062385056443,
        421.8748828876967,
        429.68738071895035,
        441.4061274658308,
        457.0311231283381,
        468.74986987521856,
        488.28111445335264,
        496.0936122846063
      ],
      "power": [
        3.4147354134179166e-10,
        2.105651154670251e-11,
        2.4037410993002556e-11,
        2.4578648317969147e-11,
        4.049625121410125e-11,
        1.6932701822060547e-11,
        3.314951259121893e-11,
        2.055276558921745e-11,
        2.235844565727155e-11,
        2.740917483569306e-11,
        5.174837910408703e-11,
        1.6185210460804714e-11,
        2.740254386534669e-11,
        2.5055093324798468e-11,
        2.670656551829561e-11,
        2.551962643291355e-11,
        1.8771539554521336e-11,
        2.217023908258252e-11,
        2.1435189896209116e-11,
        2.586123412715079e-11,
        3.250188403796158e-11,
        1.9882563768052928e-11,
        4.040447346155658e-11,
        2.2957245255052437e-11,
        2.8641186315062737e-11,
        1.7043816603097158e-11,
        2.071287637362704e-11,
        3.5493282702811874e-11,
        2.639935722913397e-11,
        1.907431194487084e-11,
        1.654700520993806e-11,
        1.644102062775557e-11,
        3.201287279896783e-11,
        1.644808318885263e-11,
        3.0475284356927173e-11,
        1.3514546545473094e-11
      ],
      "confidence": 0.7
    }
  ]
}