{
  "chunk": 1432,
  "total_chunks": 3600,
  "patterns_found": 2,
  "start_time": 1431.0003975001105,
  "end_time": 1431.9993977776105,
  "patterns": [
    {
      "type": "spike",
      "count": 20,
      "times": [
        1431.0013975003883,
        1431.0063975017772,
        1431.0153975042772,
        1431.0223975062215,
        1431.0353975098328,
        1431.0413975114993,
        1431.0493975137217,
        1431.0513975142771,
        1431.0673975187217,
        1431.9053977514995,
        1431.9153977542771,
        1431.929397758166,
        1431.9363977601106,
        1431.9393977609438,
        1431.943397762055,
        1431.9653977681662,
        1431.9693977692773,
        1431.9743977706662,
        1431.9943977762216,
        1431.997397777055
      ],
      "amplitudes": [
        0.00105359625883795,
        0.0010751503000167326,
        0.0011480815497640837,
        0.001189781723296717,
        0.0012026325097879958,
        0.0010475144422188566,
        0.001116847432715544,
        0.0010493731427914336,
        0.0011767782850451826,
        0.001066659489149359,
        0.0011265390954810909,
        0.001144224910560721,
        0.0010488708404967912,
        0.0010778930285727372,
        0.0011457223407292383,
        0.0011009838117048316,
        0.0010930388841019734,
        0.0012067623635870371,
        0.0011100985766644823,
        0.0010940421974026992
      ],
      "confidence": 0.8
    },
    {
      "type": "oscillation",
      "frequencies": [
        3.906248914738643,
        15.624995658954573,
        39.06248914738643,
        46.87498697686372,
        58.59373372107965,
        70.31248046529558,
        82.03122720951151,
        101.56247178320473,
        113.28121852742065,
        124.99996527163658,
        132.81246310111388,
        167.96870333376165,
        191.40619682219352,
        218.74993922536402,
        234.3749348843186,
        242.18743271379589,
        253.90617945801182,
        261.7186772874891,
        273.437424031705,
        285.15617077592094,
        296.8749175201369,
        308.5936642643528,
        328.12490883804605,
        343.7499044970006,
        355.46865124121655,
        367.1873979854325,
        382.81239364438704,
        390.6248914738643,
        402.34363821808023,
        417.96863387703485,
        433.5936295359894,
        453.1248741096826,
        464.8436208538985,
        480.4686165128531,
        492.187363257069
      ],
      "power": [
        2.9960848701904663e-10,
        3.0381206186638385e-11,
        1.9907737888879903e-11,
        9.903868087220305e-12,
        3.246021945172604e-11,
        1.697988997349544e-11,
        2.210683385353277e-11,
        2.0821771268349227e-11,
        1.9130450586885834e-11,
        3.5084976463201814e-11,
        4.0353171909507434e-11,
        4.973951771806429e-11,
        4.931120233316426e-11,
        3.150194601842495e-11,
        2.3991568417080598e-11,
        2.4611754996973968e-11,
        1.707277403082643e-11,
        2.449021329567298e-11,
        1.2656493780659504e-11,
        2.8742556674847194e-11,
        3.6304086322319824e-11,
        2.1753572375452016e-11,
        1.512126155352472e-11,
        2.4497823380624076e-11,
        2.6741004052020084e-11,
        2.9354943345988994e-11,
        2.2077844588528546e-11,
        2.102198966766709e-11,
        1.997950352238028e-11,
        2.3106344275511293e-11,
        2.2897633539261004e-11,
        3.0990429896689404e-11,
        3.188749712155889e-11,
        3.0651040511042953e-11,
        1.7358953038633356e-11
      ],
      "confidence": 0.7
    }
  ]
}