{
  "chunk": 945,
  "total_chunks": 3600,
  "patterns_found": 2,
  "start_time": 944.0002622222951,
  "end_time": 944.9992624997952,
  "patterns": [
    {
      "type": "spike",
      "count": 8,
      "times": [
        944.4402623445174,
        944.4652623514618,
        944.4972623603508,
        944.5192623664618,
        944.5792623831285,
        944.6002623889618,
        944.7052624181285,
        944.721262422573
      ],
      "amplitudes": [
        0.001780330356119312,
        0.0017152001746431563,
        0.0016977256694453704,
        0.0017360545746352824,
        0.0017048399523303026,
        0.0017134269713774668,
        0.0016953277166767416,
        0.001701848993428085
      ],
      "confidence": 0.8
    },
    {
      "type": "oscillation",
      "frequencies": [
        3.906248914738643,
        19.531244573693215,
        31.249991317909146,
        50.781235891602364,
        58.59373372107965,
        74.21872938003422,
        93.74997395372743,
        105.46872069794337,
        124.99996527163658,
        132.81246310111388,
        148.43745876006844,
        160.15620550428437,
        167.96870333376165,
        187.49994790745487,
        195.31244573693215,
        207.03119248114808,
        218.74993922536402,
        234.3749348843186,
        249.99993054327317,
        261.7186772874891,
        273.437424031705,
        281.2499218611823,
        296.8749175201369,
        304.6874153496142,
        316.4061620938301,
        324.21865992330737,
        332.0311577527847,
        351.56240232647787,
        363.2811490706938,
        371.0936469001711,
        390.6248914738643,
        402.34363821808023,
        414.06238496229616,
        433.5936295359894,
        441.40612736546666,
        449.21862519494397,
        464.8436208538985,
        488.2811143423304
      ],
      "power": [
        2.8428184107600047e-10,
        1.926418368631487e-11,
        2.8577661548248922e-11,
        2.155161834208318e-11,
        2.377893298132905e-11,
        4.096465316885329e-11,
        3.412908439377014e-11,
        5.114489534411671e-11,
        1.2704220246946213e-11,
        2.160937370784324e-11,
        2.6904440813878433e-11,
        3.438931515050032e-11,
        3.7293039823949565e-11,
        3.408983180605554e-11,
        3.796449532805404e-11,
        3.799933871866675e-11,
        2.663842434965366e-11,
        2.8478699869724712e-11,
        2.626395660772364e-11,
        2.089410416186846e-11,
        4.0051470538519067e-11,
        2.8243454253388842e-11,
        1.7467858382699944e-11,
        2.4713198840857817e-11,
        2.1009260353854052e-11,
        2.1949371799986434e-11,
        2.3164585864839788e-11,
        1.8951447834778895e-11,
        2.996472113839201e-11,
        2.5723049620607805e-11,
        2.4363357118075563e-11,
        2.7090848702233296e-11,
        2.5575648476344605e-11,
        1.8541780717032465e-11,
        1.6034365708471142e-11,
        2.1492388748788674e-11,
        3.130283657733822e-11,
        3.146467752476e-11
      ],
      "confidence": 0.7
    }
  ]
}