{
  "chunk": 2654,
  "total_chunks": 3600,
  "patterns_found": 2,
  "start_time": 2653.0007369446494,
  "end_time": 2653.999737222149,
  "patterns": [
    {
      "type": "spike",
      "count": 21,
      "times": [
        2653.0057369460383,
        2653.011736947705,
        2653.0167369490937,
        2653.019736949927,
        2653.024736951316,
        2653.028736952427,
        2653.030736952983,
        2653.0447369568715,
        2653.051736958816,
        2653.074736965205,
        2653.0837369677047,
        2653.9397372054827,
        2653.9497372082606,
        2653.969737213816,
        2653.9717372143714,
        2653.974737215205,
        2653.981737217149,
        2653.9857372182605,
        2653.991737219927,
        2653.9937372204827,
        2653.9987372218716
      ],
      "amplitudes": [
        0.0010937169081029429,
        0.0011102850960653455,
        0.0010440440679180595,
        0.0010737173699581354,
        0.0010744016488045461,
        0.0011206892767821127,
        0.0012113281410604934,
        0.001107731000442006,
        0.0010530469865519911,
        0.0010769843410465363,
        0.0012524904411535442,
        0.001073557327478317,
        0.0010641546500681372,
        0.001071982521570117,
        0.0010628118937968073,
        0.0010501189226382276,
        0.001110819807465776,
        0.0010631004813016398,
        0.0010503798913404038,
        0.0010920055735428177,
        0.0010759509572869535
      ],
      "confidence": 0.8
    },
    {
      "type": "oscillation",
      "frequencies": [
        3.906248915626821,
        19.531244578134107,
        42.96873807189503,
        66.40623156565596,
        82.03122722816325,
        97.65622289067053,
        109.37496963755099,
        124.99996530005828,
        136.71871204693875,
        148.43745879381922,
        160.15620554069966,
        167.96870337195332,
        191.40619686571424,
        199.21869469696787,
        207.0311925282215,
        218.74993927510198,
        230.46868602198245,
        261.718677346997,
        285.15617084075797,
        292.9686686720116,
        304.68741541889204,
        312.4999132501457,
        320.3124110813993,
        332.0311578282798,
        351.5624024064139,
        363.2811491532944,
        378.90614481580167,
        386.7186426470553,
        402.3436383095626,
        414.062385056443,
        421.8748828876967,
        437.49987855020396,
        453.12487421271123,
        460.9373720439649,
        476.5623677064722,
        496.0936122846063
      ],
      "power": [
        3.005018338806275e-10,
        2.978116274254308e-11,
        2.4073251492787182e-11,
        3.570517212284222e-11,
        3.703392758864604e-11,
        2.478271669618e-11,
        2.1253183170252617e-11,
        3.092230329242885e-11,
        2.616363299499819e-11,
        2.737704541450165e-11,
        2.791292522874748e-11,
        2.5876930098798944e-11,
        1.970912561533519e-11,
        1.2981986086516455e-11,
        2.470654477381476e-11,
        4.6005650182421405e-11,
        2.6281685433840355e-11,
        2.3316367894717677e-11,
        2.2255950079671278e-11,
        2.7134868629839843e-11,
        3.336280616053979e-11,
        2.274059746077215e-11,
        1.7838744848375147e-11,
        3.6864786463038975e-11,
        1.9761331621799115e-11,
        2.330173944761486e-11,
        2.2685168335687542e-11,
        2.7802731056362982e-11,
        3.501366766874765e-11,
        3.364925473077712e-11,
        1.946382000093381e-11,
        2.7148988283959897e-11,
        1.4280923672386095e-11,
        2.161149312291425e-11,
        2.2811981689826373e-11,
        3.266371960746175e-11
      ],
      "confidence": 0.7
    }
  ]
}