{
  "chunk": 491,
  "total_chunks": 3600,
  "patterns_found": 2,
  "start_time": 490.00013611114895,
  "end_time": 490.99913638864905,
  "patterns": [
    {
      "type": "spike",
      "count": 5,
      "times": [
        490.3271362019823,
        490.3291362025379,
        490.360136211149,
        490.50913625253787,
        490.6111362808712
      ],
      "amplitudes": [
        0.0017003938977323075,
        0.001717213287959961,
        0.0016879649068444872,
        0.001794006466516864,
        0.001704545173001462
      ],
      "confidence": 0.8
    },
    {
      "type": "oscillation",
      "frequencies": [
        3.906248914960688,
        19.531244574803438,
        31.249991319685503,
        42.96873806456757,
        50.781235894488944,
        70.31248046929238,
        82.03122721417445,
        101.56247178897789,
        117.18746744882064,
        128.9062141937027,
        136.71871202362408,
        148.43745876850613,
        164.0624544283489,
        179.68745008819164,
        195.31244574803438,
        218.74993923779851,
        230.46868598268057,
        238.28118381260197,
        253.9061794724447,
        261.7186773023661,
        273.43742404724816,
        281.2499218771695,
        296.87491753701227,
        304.68741536693364,
        316.4061621118157,
        328.1249088566978,
        351.5624023464619,
        363.281149091344,
        378.90614475118673,
        390.62489149606876,
        402.34363824095084,
        414.0623849858329,
        445.3123763055184,
        460.93737196536114,
        472.6561187102432,
        484.3748654551253
      ],
      "power": [
        2.8844591251666884e-10,
        1.5469543135597072e-11,
        2.587323496000148e-11,
        1.5112668917505064e-11,
        2.332227273054637e-11,
        1.7213267610336207e-11,
        1.5895829608335558e-11,
        3.439952435814869e-11,
        1.3928050842482511e-11,
        2.6930040833323596e-11,
        3.178892710645026e-11,
        2.7452536868399358e-11,
        2.406664538891828e-11,
        1.7847541446581375e-11,
        3.7477891664104857e-11,
        4.3760687498759583e-11,
        2.424730196978323e-11,
        3.0394130251114686e-11,
        2.943031495275099e-11,
        2.5481318349153635e-11,
        2.8281936351904463e-11,
        2.2595770600786878e-11,
        3.449758471625624e-11,
        3.1130137224411194e-11,
        2.2964264941966214e-11,
        2.383845906155873e-11,
        2.505843198856866e-11,
        1.980697241140001e-11,
        2.8147146183243516e-11,
        2.247037623025764e-11,
        3.448389387200706e-11,
        2.2798758071183226e-11,
        3.314743485513104e-11,
        1.7873918054667858e-11,
        2.430489628267094e-11,
        3.930277696836128e-11
      ],
      "confidence": 0.7
    }
  ]
}