{
  "chunk": 426,
  "total_chunks": 3600,
  "patterns_found": 2,
  "start_time": 425.00011805558836,
  "end_time": 425.99911833308846,
  "patterns": [
    {
      "type": "spike",
      "count": 27,
      "times": [
        425.00511805697727,
        425.0081180578106,
        425.0121180589217,
        425.02011806114393,
        425.0221180616995,
        425.0271180630884,
        425.0291180636439,
        425.0351180653106,
        425.0411180669773,
        425.0441180678106,
        425.06411807336616,
        425.06911807475507,
        425.1171180880884,
        425.12311808975505,
        425.13111809197727,
        425.91811831058845,
        425.9311183141996,
        425.94011831669957,
        425.9431183175329,
        425.9531183203107,
        425.9571183214218,
        425.96811832447736,
        425.9791183275329,
        425.983118328644,
        425.98511832919957,
        425.9901183305885,
        425.992118331144
      ],
      "amplitudes": [
        0.001327041772508097,
        0.0010841494946891225,
        0.0011974877889706723,
        0.00107918507654254,
        0.0010626748983099392,
        0.0011047514911657604,
        0.0010850000034173899,
        0.0010836926418150731,
        0.0011315868530553741,
        0.0010566369638286876,
        0.001075448059530426,
        0.001155071711809022,
        0.0010687972159592616,
        0.0010600302111729123,
        0.0010653980057642295,
        0.00112449801118701,
        0.0010581779586026512,
        0.0010909866418534991,
        0.0010769911465691646,
        0.0010627527087059179,
        0.0010555886841458135,
        0.0011127713349960036,
        0.0011295682154891288,
        0.0010726659605116147,
        0.0012242145840205424,
        0.0010868138500434233,
        0.001148857810426488
      ],
      "confidence": 0.8
    },
    {
      "type": "oscillation",
      "frequencies": [
        3.906248914960688,
        23.437493489764126,
        42.96873806456757,
        50.781235894488944,
        58.59373372441032,
        89.84372504409582,
        105.46872070393857,
        124.99996527874201,
        144.53120985354545,
        167.96870334330958,
        183.59369900315232,
        195.31244574803438,
        207.03119249291646,
        230.46868598268057,
        246.09368164252334,
        269.53117513228744,
        281.2499218771695,
        300.781166451973,
        308.59366428189435,
        324.2186599417371,
        343.74990451654054,
        351.5624023464619,
        363.281149091344,
        386.7186425811081,
        402.34363824095084,
        414.0623849858329,
        425.78113173071495,
        433.5936295606364,
        445.3123763055184,
        472.6561187102432,
        488.28111437008596,
        496.0936122000073
      ],
      "power": [
        2.856110564832632e-10,
        1.0937249846264548e-11,
        2.202266172767895e-11,
        1.8856483917836653e-11,
        1.7177040131541266e-11,
        2.709399134220121e-11,
        2.77409541594093e-11,
        2.8923847540778337e-11,
        3.53835345603614e-11,
        3.346642766831628e-11,
        1.3785620200273335e-11,
        3.617678186354627e-11,
        3.6904631560891626e-11,
        1.965800451256298e-11,
        4.762299531341586e-11,
        1.929356657322862e-11,
        4.4777577333733356e-11,
        3.3567164234622366e-11,
        2.954673113933541e-11,
        3.098654969770768e-11,
        3.137652363129438e-11,
        1.4943098804474353e-11,
        5.20891454534101e-11,
        1.9259546342476684e-11,
        3.811938899842724e-11,
        1.9603781825245647e-11,
        1.4472384267072912e-11,
        1.2841236147238996e-11,
        3.540995779278644e-11,
        1.722176769148961e-11,
        2.6318915696274204e-11,
        1.344648732044954e-11
      ],
      "confidence": 0.7
    }
  ]
}