{
  "chunk": 2342,
  "total_chunks": 3600,
  "patterns_found": 2,
  "start_time": 2341.0006502779584,
  "end_time": 2341.9996505554586,
  "patterns": [
    {
      "type": "spike",
      "count": 22,
      "times": [
        2341.0016502782364,
        2341.008650280181,
        2341.010650280736,
        2341.0226502840696,
        2341.052650292403,
        2341.0596502943476,
        2341.0686502968474,
        2341.079650299903,
        2341.873650520459,
        2341.9186505329585,
        2341.9286505357363,
        2341.9376505382365,
        2341.9416505393474,
        2341.9466505407363,
        2341.9636505454587,
        2341.9676505465695,
        2341.974650548514,
        2341.9786505496254,
        2341.9826505507363,
        2341.9856505515695,
        2341.993650553792,
        2341.997650554903
      ],
      "amplitudes": [
        0.0010788797389338501,
        0.0011238290362185967,
        0.001129364487867141,
        0.0010777444494449368,
        0.0011216370322386375,
        0.0010833863917072118,
        0.0011064186015969607,
        0.0010871914224405965,
        0.0010611443662542858,
        0.0010653092516462134,
        0.0010548364861900706,
        0.0010529096076015514,
        0.0010735996656406704,
        0.001059731035343846,
        0.0010814221570261814,
        0.0011103465274207244,
        0.0011768292625550752,
        0.0010694594002688353,
        0.0010632148758621352,
        0.0010948899008424008,
        0.0010666869033653277,
        0.0012860734418811933
      ],
      "confidence": 0.8
    },
    {
      "type": "oscillation",
      "frequencies": [
        3.9062489138504652,
        42.96873805235512,
        54.68748479390651,
        82.03122719085977,
        93.74997393241117,
        113.28121850166349,
        124.99996524321489,
        136.7187119847663,
        156.2499565540186,
        167.96870329557,
        183.59369895097186,
        191.4061967786728,
        207.03119243407465,
        214.84369026177558,
        226.56243700332698,
        234.37493483102793,
        249.99993048642978,
        265.6249261418316,
        277.343672883383,
        289.0624196249344,
        296.8749174526354,
        320.31241093573817,
        332.03115767728957,
        351.56240224654186,
        363.28114898809326,
        378.9061446434951,
        386.71864247119606,
        402.3436381265979,
        421.87488269585026,
        433.59362943740166,
        453.12487400665395,
        464.84362074820535,
        484.3748653174577,
        496.0936120590091
      ],
      "power": [
        3.1702088322482964e-10,
        4.0701397316435375e-11,
        2.5764120641716234e-11,
        3.31488036687567e-11,
        3.6182554145086994e-11,
        1.7127194910017276e-11,
        2.479819819271857e-11,
        4.253949484381718e-11,
        2.7391385437780648e-11,
        1.490260074692653e-11,
        1.9904679653848864e-11,
        2.5650854824353696e-11,
        1.6871999542580518e-11,
        1.3910301791093842e-11,
        1.9251723757730768e-11,
        3.290710080703953e-11,
        1.7423083121333055e-11,
        3.103324887525634e-11,
        1.1116238189177294e-11,
        3.068890283082568e-11,
        3.3308505566262175e-11,
        1.6466351311383262e-11,
        2.7274538616636424e-11,
        2.2545833353206077e-11,
        3.3827318089840174e-11,
        3.001316016684336e-11,
        2.4192050859184088e-11,
        2.384970889439549e-11,
        4.839488425607315e-11,
        3.098351267719316e-11,
        3.9700405101526614e-11,
        3.293593165789637e-11,
        2.5679208974360165e-11,
        2.354751811889161e-11
      ],
      "confidence": 0.7
    }
  ]
}