{
  "chunk": 3111,
  "total_chunks": 3600,
  "patterns_found": 2,
  "start_time": 3110.000863889129,
  "end_time": 3110.9998641666293,
  "patterns": [
    {
      "type": "spike",
      "count": 6,
      "times": [
        3110.3048639735734,
        3110.3798639944066,
        3110.397863999407,
        3110.4768640213515,
        3110.4948640263515,
        3110.541864039407
      ],
      "amplitudes": [
        0.00169475241407108,
        0.0017031692411748857,
        0.0016978861818123514,
        0.001688348659175283,
        0.0016956263472433961,
        0.0017061977622070835
      ],
      "confidence": 0.8
    },
    {
      "type": "oscillation",
      "frequencies": [
        3.906248915626821,
        15.624995662507285,
        23.437493493760925,
        31.24999132501457,
        46.87498698752185,
        58.59373373440232,
        70.31248048128278,
        82.03122722816325,
        105.46872072192417,
        117.18746746880464,
        132.81246313131192,
        148.43745879381922,
        160.15620554069966,
        167.96870337195332,
        175.78120120320696,
        195.31244578134107,
        207.0311925282215,
        218.74993927510198,
        230.46868602198245,
        249.99993060011656,
        265.62492626262383,
        285.15617084075797,
        300.78116650326524,
        320.3124110813993,
        332.0311578282798,
        347.65615349078706,
        363.2811491532944,
        371.093646984548,
        382.8123937314285,
        402.3436383095626,
        417.9686339720699,
        433.59362963457716,
        453.12487421271123,
        464.8436209595917,
        484.37486553772584,
        496.0936122846063
      ],
      "power": [
        2.9389203781555196e-10,
        3.797063219626761e-11,
        2.1749767869561767e-11,
        2.1441324349206468e-11,
        3.911991453996638e-11,
        2.4093064578871312e-11,
        2.4540669966602853e-11,
        3.542883961147515e-11,
        4.1191865393795415e-11,
        2.4622909224370405e-11,
        3.8748653664926854e-11,
        2.8705770641440852e-11,
        3.139601928902004e-11,
        2.813331753909503e-11,
        2.2007349361564822e-11,
        2.7568370376060725e-11,
        1.8037293455334688e-11,
        2.880581110081731e-11,
        2.7448688555212854e-11,
        1.855185875815643e-11,
        3.016106519066185e-11,
        2.895569453991465e-11,
        1.8763856298726192e-11,
        2.028189079619497e-11,
        1.476206722193019e-11,
        2.4521738496664082e-11,
        2.3732171785937104e-11,
        2.2005799021778585e-11,
        2.8732713375958535e-11,
        3.1864034614778444e-11,
        3.11221198942301e-11,
        3.577540086502411e-11,
        3.187479120992146e-11,
        2.5564221073409407e-11,
        4.320544235581791e-11,
        2.2509132821951908e-11
      ],
      "confidence": 0.7
    }
  ]
}