{
  "chunk": 1896,
  "total_chunks": 3600,
  "patterns_found": 2,
  "start_time": 1895.0005263890353,
  "end_time": 1895.9995266665353,
  "patterns": [
    {
      "type": "spike",
      "count": 24,
      "times": [
        1895.0035263898685,
        1895.0075263909796,
        1895.0205263945907,
        1895.0255263959796,
        1895.0295263970909,
        1895.0325263979241,
        1895.046526401813,
        1895.0525264034798,
        1895.0545264040352,
        1895.059526405424,
        1895.064526406813,
        1895.082526411813,
        1895.1265264240353,
        1895.919526644313,
        1895.946526651813,
        1895.9525266534797,
        1895.955526654313,
        1895.9615266559797,
        1895.9655266570908,
        1895.9705266584797,
        1895.9725266590353,
        1895.9865266629242,
        1895.9945266651464,
        1895.9985266662575
      ],
      "amplitudes": [
        0.0011714330081849856,
        0.0011129018027798766,
        0.001168188678676783,
        0.0011660918172079404,
        0.0010633999595902413,
        0.0011810430534308159,
        0.001090959710716023,
        0.0011562467675878903,
        0.0011106303211548456,
        0.0011174313035963064,
        0.0010632793690995264,
        0.0010906581913219004,
        0.0010596897801729717,
        0.0011703173524047446,
        0.0010565295987699421,
        0.0011619334376794454,
        0.0011617448502511574,
        0.0012259930769310775,
        0.0011485290060814024,
        0.001087098365838045,
        0.0011303767644322959,
        0.0011969448251556163,
        0.0011018658561900588,
        0.001061533428031646
      ],
      "confidence": 0.8
    },
    {
      "type": "oscillation",
      "frequencies": [
        3.906248914738643,
        15.624995658954573,
        23.43749348843186,
        46.87498697686372,
        54.687484806341004,
        74.21872938003422,
        85.93747612425015,
        101.56247178320473,
        121.09371635689794,
        132.81246310111388,
        140.62496093059116,
        156.24995658954572,
        164.06245441902303,
        179.6874500779776,
        203.12494356640946,
        210.93744139588674,
        218.74993922536402,
        242.18743271379589,
        257.81242837275045,
        277.3436729464437,
        285.15617077592094,
        296.8749175201369,
        316.4061620938301,
        324.21865992330737,
        347.65615341173924,
        363.2811490706938,
        374.99989581490973,
        386.71864255912567,
        410.15613604755754,
        429.6873806212508,
        449.21862519494397,
        460.9373719391599,
        472.65611868337584,
        488.2811143423304,
        496.0936121718077
      ],
      "power": [
        2.8209781141390117e-10,
        1.8490181751710463e-11,
        3.0569307909403714e-11,
        1.3291540118946786e-11,
        1.8668900058228753e-11,
        7.081336535964573e-11,
        2.014078730922837e-11,
        2.3635790863031245e-11,
        2.0681770349484226e-11,
        1.3074584693962546e-11,
        2.639273197084412e-11,
        3.228589531464601e-11,
        2.1474321182070105e-11,
        3.3550291305815635e-11,
        4.226684204984246e-11,
        3.2719376535609023e-11,
        2.0326252582813585e-11,
        3.932793978733347e-11,
        2.5511110751175515e-11,
        2.236663529452754e-11,
        2.007002633657991e-11,
        3.648427115832354e-11,
        2.4436265284684096e-11,
        2.8010681122902522e-11,
        1.8096508705632e-11,
        2.1018027851369284e-11,
        2.502446808266656e-11,
        5.067687058120535e-11,
        2.7475343004613912e-11,
        2.914801825026067e-11,
        3.5073272154162526e-11,
        5.409779690704466e-11,
        2.0344158760496566e-11,
        1.5233265582108988e-11,
        1.1888569085539275e-11
      ],
      "confidence": 0.7
    }
  ]
}