{
  "chunk": 1665,
  "total_chunks": 3600,
  "patterns_found": 2,
  "start_time": 1664.0004622223507,
  "end_time": 1664.9994624998508,
  "patterns": [
    {
      "type": "spike",
      "count": 8,
      "times": [
        1664.3704623251285,
        1664.4164623379063,
        1664.4204623390174,
        1664.5084623634618,
        1664.5174623659618,
        1664.5194623665175,
        1664.5414623726285,
        1664.624462395684
      ],
      "amplitudes": [
        0.0017024956142475858,
        0.0017648484757563148,
        0.0017328919405971014,
        0.0017127860425396612,
        0.0017071161995283936,
        0.0017616839339073443,
        0.0018135475362453558,
        0.0017390780973043942
      ],
      "confidence": 0.8
    },
    {
      "type": "oscillation",
      "frequencies": [
        3.906248914738643,
        15.624995658954573,
        27.343742403170502,
        50.781235891602364,
        78.12497829477286,
        93.74997395372743,
        109.37496961268201,
        121.09371635689794,
        144.5312098453298,
        171.8749522485003,
        203.12494356640946,
        214.8436903106254,
        242.18743271379589,
        249.99993054327317,
        269.5311751169664,
        281.2499218611823,
        289.0624196906596,
        300.7811664348755,
        312.49991317909144,
        324.21865992330737,
        335.9374066675233,
        351.56240232647787,
        363.2811490706938,
        386.71864255912567,
        414.06238496229616,
        421.8748827917735,
        441.40612736546666,
        449.21862519494397,
        457.0311230244213,
        468.7498697686372,
        488.2811143423304
      ],
      "power": [
        3.508211343217276e-10,
        2.046757555287957e-11,
        2.1680011582020405e-11,
        3.860697082244437e-11,
        3.173479254597358e-11,
        3.4429086876469546e-11,
        2.4772560268278858e-11,
        1.0894280215655066e-11,
        3.27964105746256e-11,
        3.574530492420858e-11,
        4.068453630968304e-11,
        2.3740888451006683e-11,
        2.7896614162431133e-11,
        2.4280442274753552e-11,
        3.022447537907374e-11,
        3.825631335286742e-11,
        2.2621810872134357e-11,
        2.137501040259398e-11,
        2.4450278365884072e-11,
        1.336485440991363e-11,
        3.105556864192343e-11,
        3.177221998949447e-11,
        2.4365836711335728e-11,
        2.109987105157765e-11,
        2.7823244231429622e-11,
        2.0194709066705342e-11,
        1.9860169879123045e-11,
        2.7162740209758064e-11,
        4.389491758903028e-11,
        2.1210635358645062e-11,
        3.8439575017129746e-11
      ],
      "confidence": 0.7
    }
  ]
}