{
  "chunk": 378,
  "total_chunks": 3600,
  "patterns_found": 2,
  "start_time": 377.0001047222513,
  "end_time": 377.9991049997514,
  "patterns": [
    {
      "type": "spike",
      "count": 23,
      "times": [
        377.0051047236402,
        377.0081047244736,
        377.0101047250291,
        377.0141047261402,
        377.0161047266958,
        377.01810472725134,
        377.0201047278069,
        377.02310472864025,
        377.02610472947356,
        377.03010473058464,
        377.04510473475136,
        377.05210473669575,
        377.07110474197356,
        377.9491049858625,
        377.9521049866959,
        377.96510499030694,
        377.96710499086254,
        377.9721049922514,
        377.98110499475143,
        377.9851049958625,
        377.98910499697365,
        377.9911049975292,
        377.99710499919587
      ],
      "amplitudes": [
        0.0010962396798908389,
        0.0010914810007765625,
        0.0011248188263314133,
        0.0010689870741826754,
        0.0010726415310233276,
        0.001173017982947999,
        0.00114687921954796,
        0.0011152510074185383,
        0.0011305282557161384,
        0.00106958337231233,
        0.0010588147301352723,
        0.0012018088225265106,
        0.0010841686018667972,
        0.0010616515483273998,
        0.0011822662161961209,
        0.0011109977364067109,
        0.0010706053457715686,
        0.0010855451868631292,
        0.0011814115976485585,
        0.0011664304283417483,
        0.001080393609311436,
        0.0011956975149430586,
        0.0011118877252500835
      ],
      "confidence": 0.8
    },
    {
      "type": "oscillation",
      "frequencies": [
        3.906248914738643,
        19.531244573693215,
        31.249991317909146,
        42.96873806212508,
        50.781235891602364,
        66.40623155055694,
        82.03122720951151,
        101.56247178320473,
        121.09371635689794,
        140.62496093059116,
        152.3437076748071,
        160.15620550428437,
        167.96870333376165,
        187.49994790745487,
        203.12494356640946,
        214.8436903106254,
        242.18743271379589,
        253.90617945801182,
        265.62492620222775,
        281.2499218611823,
        296.8749175201369,
        304.6874153496142,
        320.31241100856874,
        335.9374066675233,
        343.7499044970006,
        363.2811490706938,
        374.99989581490973,
        390.6248914738643,
        398.4373893033416,
        410.15613604755754,
        425.7811317065121,
        437.49987845072803,
        449.21862519494397,
        464.8436208538985,
        480.4686165128531,
        488.2811143423304
      ],
      "power": [
        3.03791549352039e-10,
        4.519780594687775e-11,
        3.0977587079756705e-11,
        2.3704752075080208e-11,
        1.6456602448117617e-11,
        3.0213586519222266e-11,
        4.3417775116695434e-11,
        2.1143939049694265e-11,
        5.112666633647805e-11,
        2.2493241678014342e-11,
        2.30710227733051e-11,
        3.3629464713849196e-11,
        3.613315218802981e-11,
        2.6628353841571654e-11,
        1.9199289585689668e-11,
        3.0917926119075066e-11,
        2.8589749278283868e-11,
        6.754679046735019e-12,
        1.860560154035108e-11,
        1.8081955443144634e-11,
        3.8086071191356145e-11,
        2.2901288428020766e-11,
        3.2254686387298353e-11,
        1.9148508711233063e-11,
        3.14549964324866e-11,
        3.28829161613372e-11,
        3.254229571152804e-11,
        2.0958306586659088e-11,
        2.1146296834203444e-11,
        1.906650429475348e-11,
        4.308243320295589e-11,
        2.1999150469826858e-11,
        1.870075222755929e-11,
        2.497994236741093e-11,
        1.7588264622919906e-11,
        2.4603881145389823e-11
      ],
      "confidence": 0.7
    }
  ]
}