{
  "chunk": 1184,
  "total_chunks": 3600,
  "patterns_found": 2,
  "start_time": 1183.0003286112023,
  "end_time": 1183.9993288887026,
  "patterns": [
    {
      "type": "spike",
      "count": 17,
      "times": [
        1183.002328611758,
        1183.006328612869,
        1183.011328614258,
        1183.0213286170358,
        1183.0303286195358,
        1183.0373286214801,
        1183.0453286237025,
        1183.0533286259247,
        1183.0623286284247,
        1183.0833286342581,
        1183.0883286356468,
        1183.1493286525913,
        1183.9503288750914,
        1183.9623288784248,
        1183.9643288789803,
        1183.9873288853692,
        1183.9893288859248
      ],
      "amplitudes": [
        0.0011324548148154239,
        0.0010546012586926798,
        0.00118568376146252,
        0.0011768770226509493,
        0.0011035692974691483,
        0.0011708914613515393,
        0.0011217032246401677,
        0.0011143370829573744,
        0.0011792638710500793,
        0.001157090938602208,
        0.001107861844700995,
        0.0010797615483958583,
        0.0011279079155025438,
        0.0010657804322557853,
        0.0010593033172289251,
        0.0010471038094374567,
        0.0010792510941665667
      ],
      "confidence": 0.8
    },
    {
      "type": "oscillation",
      "frequencies": [
        3.906248914738643,
        23.43749348843186,
        42.96873806212508,
        70.31248046529558,
        82.03122720951151,
        105.46872069794337,
        121.09371635689794,
        132.81246310111388,
        156.24995658954572,
        167.96870333376165,
        187.49994790745487,
        195.31244573693215,
        214.8436903106254,
        238.28118379905723,
        246.0936816285345,
        257.81242837275045,
        269.5311751169664,
        281.2499218611823,
        289.0624196906596,
        300.7811664348755,
        320.31241100856874,
        332.0311577527847,
        351.56240232647787,
        363.2811490706938,
        374.99989581490973,
        390.6248914738643,
        406.2498871328189,
        421.8748827917735,
        429.6873806212508,
        449.21862519494397,
        468.7498697686372,
        484.37486542759177
      ],
      "power": [
        3.1536589336140544e-10,
        4.687121229789404e-11,
        3.5841539253512555e-11,
        2.002009104787841e-11,
        8.210769419055335e-12,
        3.1159873316529634e-11,
        4.389810747079453e-11,
        3.7053051450231655e-11,
        2.4069667456391403e-11,
        1.8807557998674802e-11,
        3.909360734702663e-11,
        4.0758286066799574e-11,
        2.7739401704985353e-11,
        2.440092869074302e-11,
        2.1883928494570075e-11,
        2.3723456875845966e-11,
        1.9956918679275642e-11,
        3.508943291184579e-11,
        2.4036153111783702e-11,
        2.2289808449381194e-11,
        1.0619423285002168e-11,
        3.6109139661349976e-11,
        1.3947401452162121e-11,
        2.429102082678209e-11,
        3.3041509038582626e-11,
        3.9832153751408033e-11,
        1.216417562220752e-11,
        2.3500849193545172e-11,
        2.7276438932437423e-11,
        4.323263795312046e-11,
        2.6796767524680545e-11,
        3.0587389551438934e-11
      ],
      "confidence": 0.7
    }
  ]
}