{
  "chunk": 2730,
  "total_chunks": 3600,
  "patterns_found": 2,
  "start_time": 2729.0007580557663,
  "end_time": 2729.9997583332665,
  "patterns": [
    {
      "type": "spike",
      "count": 18,
      "times": [
        2729.002758056322,
        2729.007758057711,
        2729.0217580615995,
        2729.0247580624327,
        2729.0357580654886,
        2729.0457580682664,
        2729.928758313544,
        2729.933758314933,
        2729.942758317433,
        2729.9487583191,
        2729.950758319655,
        2729.9527583202107,
        2729.9627583229885,
        2729.978758327433,
        2729.9807583279885,
        2729.982758328544,
        2729.987758329933,
        2729.9907583307663
      ],
      "amplitudes": [
        0.0011695504754844746,
        0.0011294510705831672,
        0.0011381249951866318,
        0.0011000003861191886,
        0.0010672999080991404,
        0.001176111302527523,
        0.0010809787297012972,
        0.0010499262975029921,
        0.0010916349190614352,
        0.0011907949246430767,
        0.0011243613513600111,
        0.0010757001083409937,
        0.0012055416863447671,
        0.0010817081215301972,
        0.001116493757780311,
        0.0011351438538473372,
        0.0011218551662303623,
        0.0011629256439005062
      ],
      "confidence": 0.8
    },
    {
      "type": "oscillation",
      "frequencies": [
        3.906248915626821,
        11.718746746880463,
        23.437493493760925,
        31.24999132501457,
        46.87498698752185,
        62.49998265002914,
        78.12497831253643,
        93.7499739750437,
        101.56247180629735,
        124.99996530005828,
        152.34370770944602,
        167.96870337195332,
        179.68745011883377,
        199.21869469696787,
        207.0311925282215,
        222.6561881907288,
        234.37493493760928,
        249.99993060011656,
        277.3436730095043,
        289.06241975638477,
        304.68741541889204,
        324.2186599970262,
        335.93740674390665,
        347.65615349078706,
        359.37490023766753,
        374.9998959001748,
        394.53114047830894,
        421.8748828876967,
        445.3123763814576,
        460.9373720439649,
        468.74986987521856,
        476.5623677064722,
        484.37486553772584,
        496.0936122846063
      ],
      "power": [
        2.526746973658087e-10,
        2.9124258630619255e-11,
        9.76143746420626e-12,
        2.2053802989505597e-11,
        3.077999349642655e-11,
        2.0228180552575342e-11,
        2.468329544493958e-11,
        1.697201659756134e-11,
        4.679941108390438e-11,
        2.3587059063877764e-11,
        2.759083116711561e-11,
        2.133539172247141e-11,
        2.8897829560219833e-11,
        2.647620240094812e-11,
        2.8703771513798947e-11,
        1.3779014236043256e-11,
        4.9860194359051366e-11,
        2.1848224950995876e-11,
        5.0442717058311736e-11,
        5.2032120398888343e-11,
        3.2091493351428677e-11,
        3.437660343117477e-11,
        2.2102905150002218e-11,
        2.733972253266964e-11,
        1.1413265443570603e-11,
        2.04197327648127e-11,
        2.3619919713569995e-11,
        2.6568925146044102e-11,
        1.8679528035323807e-11,
        1.3819569107917085e-11,
        2.3976901152750214e-11,
        2.538403676386234e-11,
        1.9644186141918378e-11,
        1.725633773074207e-11
      ],
      "confidence": 0.7
    }
  ]
}