{
  "chunk": 3241,
  "total_chunks": 3600,
  "patterns_found": 2,
  "start_time": 3240.00090000025,
  "end_time": 3240.9999002777504,
  "patterns": [
    {
      "type": "spike",
      "count": 4,
      "times": [
        3240.4349001208057,
        3240.5209001446947,
        3240.532900148028,
        3240.736900204695
      ],
      "amplitudes": [
        0.0017345190320410676,
        0.0017106353282833118,
        0.0017141949692672039,
        0.001701609207634959
      ],
      "confidence": 0.8
    },
    {
      "type": "oscillation",
      "frequencies": [
        3.9062489138504652,
        15.624995655401861,
        23.43749348310279,
        39.06248913850465,
        46.87498696620558,
        66.4062315354579,
        82.03122719085977,
        93.74997393241117,
        105.46872067396257,
        124.99996524321489,
        140.62496089861673,
        152.34370764016813,
        164.06245438171953,
        179.6874500371214,
        187.49994786482233,
        207.03119243407465,
        222.65618808947653,
        230.46868591717745,
        246.0936815725793,
        265.6249261418316,
        277.343672883383,
        285.156170711084,
        300.7811663664858,
        316.40616202188767,
        335.93740659114,
        347.6561533326914,
        359.3749000742428,
        371.0936468157942,
        382.8123935573456,
        406.24988704044836,
        417.96863378199976,
        433.59362943740166,
        449.2186250928035,
        464.84362074820535,
        484.3748653174577,
        496.0936120590091
      ],
      "power": [
        3.5161071666216337e-10,
        1.6139954302163738e-11,
        2.920050450383437e-11,
        1.4694087210213868e-11,
        2.5102529286582903e-11,
        2.394786144957773e-11,
        2.6442981244017266e-11,
        4.461805999819577e-11,
        2.7327327217110537e-11,
        2.5010639427338077e-11,
        3.381787594824035e-11,
        2.0447833000851838e-11,
        2.2194412210708907e-11,
        2.861923151111979e-11,
        2.4083213174092463e-11,
        2.632723927437981e-11,
        3.194747434183151e-11,
        1.3738749083534665e-11,
        1.9530528926820463e-11,
        1.9634579108741594e-11,
        1.2185155002086607e-11,
        1.733207307356399e-11,
        2.942811849427811e-11,
        2.2444116155584414e-11,
        2.5183886459878708e-11,
        2.0622294099723704e-11,
        2.223943299284828e-11,
        1.3297094379504432e-11,
        2.162134926116873e-11,
        1.5042129181478882e-11,
        2.598813159605333e-11,
        2.351021796868648e-11,
        2.5681631549116318e-11,
        1.6428757082634873e-11,
        2.8833387670601338e-11,
        2.3569733358507975e-11
      ],
      "confidence": 0.7
    }
  ]
}