{
  "chunk": 3023,
  "total_chunks": 3600,
  "patterns_found": 2,
  "start_time": 3022.0008394446777,
  "end_time": 3022.999839722178,
  "patterns": [
    {
      "type": "spike",
      "count": 9,
      "times": [
        3022.421839561622,
        3022.481839578289,
        3022.5208395891223,
        3022.5368395935666,
        3022.540839594678,
        3022.5598395999555,
        3022.5668396019,
        3022.5688396024557,
        3022.5828396063444
      ],
      "amplitudes": [
        0.001705472956018661,
        0.001720059970115553,
        0.0016905323660543858,
        0.0016933740119396653,
        0.0016988071027777588,
        0.0017695112749728733,
        0.001698466881668183,
        0.0016879534830236522,
        0.0017351429012474793
      ],
      "confidence": 0.8
    },
    {
      "type": "oscillation",
      "frequencies": [
        3.9062489138504652,
        19.531244569252326,
        42.96873805235512,
        58.59373370775698,
        74.21872936315884,
        89.8437250185607,
        101.56247176011209,
        121.09371632936443,
        136.7187119847663,
        152.34370764016813,
        164.06245438171953,
        187.49994786482233,
        199.21869460637373,
        207.03119243407465,
        230.46868591717745,
        246.0936815725793,
        265.6249261418316,
        277.343672883383,
        285.156170711084,
        296.8749174526354,
        304.68741528033627,
        316.40616202188767,
        343.74990441884097,
        367.1873979019437,
        374.99989572964466,
        406.24988704044836,
        421.87488269585026,
        437.4998783512521,
        457.03112292050446,
        472.6561185759063,
        484.3748653174577,
        496.0936120590091
      ],
      "power": [
        3.3993385920246643e-10,
        3.330003052886223e-11,
        3.9706755491546216e-11,
        2.2849036030621338e-11,
        1.844968930246182e-11,
        2.0870125075478476e-11,
        2.187463937831958e-11,
        3.487944181529585e-11,
        2.686953995615293e-11,
        2.297763904573283e-11,
        1.864458836210361e-11,
        3.2459227817002346e-11,
        1.738470864377349e-11,
        4.8570507728733675e-11,
        2.0649636741001406e-11,
        3.176046559460904e-11,
        2.7587386251651353e-11,
        2.6300821770210055e-11,
        1.968191657573252e-11,
        4.677464307662961e-11,
        4.641161740057534e-11,
        4.2090977165224457e-11,
        3.7208536965650325e-11,
        3.6108892095332855e-11,
        2.8949894827190352e-11,
        2.6211258537617113e-11,
        3.214186102260935e-11,
        3.1431493425879506e-11,
        2.2821327407430776e-11,
        1.706206310521988e-11,
        2.7151596832289834e-11,
        2.26168975028865e-11
      ],
      "confidence": 0.7
    }
  ]
}