{
  "chunk": 3588,
  "total_chunks": 3600,
  "patterns_found": 2,
  "start_time": 3587.0009963891657,
  "end_time": 3587.999996666666,
  "patterns": [
    {
      "type": "spike",
      "count": 25,
      "times": [
        3587.001996389444,
        3587.0079963911103,
        3587.0189963941657,
        3587.027996396666,
        3587.032996398055,
        3587.053996403888,
        3587.0569964047213,
        3587.084996412499,
        3587.0939964149993,
        3587.11599642111,
        3587.136996426944,
        3587.9159966433326,
        3587.9209966447215,
        3587.936996649166,
        3587.940996650277,
        3587.9439966511104,
        3587.945996651666,
        3587.967996657777,
        3587.971996658888,
        3587.9799966611104,
        3587.985996662777,
        3587.9879966633325,
        3587.990996664166,
        3587.994996665277,
        3587.9979966661103
      ],
      "amplitudes": [
        0.0011139211094012974,
        0.0010927291933709106,
        0.0011351563513560896,
        0.0010569347336158198,
        0.0010589458712883385,
        0.001110565438882547,
        0.001097450120535368,
        0.0010651952210430447,
        0.001123716100035722,
        0.0011072998243477354,
        0.0010692586635572172,
        0.001051044338943217,
        0.0010833877783630046,
        0.0010998665830641763,
        0.001041601392999886,
        0.0012115630199213037,
        0.00105515330604088,
        0.0011051167119730295,
        0.0010472772545387966,
        0.0010430231504017576,
        0.001082198140380962,
        0.0010812994725105623,
        0.001217809907052628,
        0.0011305302135588963,
        0.001041340948364149
      ],
      "confidence": 0.8
    },
    {
      "type": "oscillation",
      "frequencies": [
        3.9062489138504652,
        23.43749348310279,
        31.249991310803722,
        39.06248913850465,
        46.87498696620558,
        58.59373370775698,
        70.31248044930837,
        82.03122719085977,
        93.74997393241117,
        105.46872067396257,
        117.18746741551396,
        132.8124630709158,
        148.4374587263177,
        160.15620546786909,
        175.78120112327093,
        183.59369895097186,
        191.4061967786728,
        207.03119243407465,
        218.74993917562605,
        226.56243700332698,
        253.90617940028025,
        269.5311750556821,
        296.8749174526354,
        308.5936641941868,
        316.40616202188767,
        328.12490876343907,
        339.84365550499047,
        347.6561533326914,
        363.28114898809326,
        378.9061446434951,
        394.531140298897,
        406.24988704044836,
        425.7811316097007,
        445.31237617895306,
        460.9373718343549,
        476.56236748975675,
        488.28111423130815
      ],
      "power": [
        3.241745138205502e-10,
        2.2304055385506628e-11,
        1.4196275025805819e-11,
        2.3866214433553243e-11,
        2.1922570952341758e-11,
        2.4165801782767714e-11,
        2.5099127136081104e-11,
        2.6215573819787054e-11,
        1.855645750470438e-11,
        1.888639410132463e-11,
        2.920719798261171e-11,
        3.217706198813611e-11,
        1.8094942064553264e-11,
        2.140038156538272e-11,
        2.5234808779536644e-11,
        2.8438072753337003e-11,
        1.8774047764020058e-11,
        1.551125968517378e-11,
        3.263561533783162e-11,
        2.584483579202115e-11,
        3.032867912692858e-11,
        2.224173068964252e-11,
        2.694741763720409e-11,
        1.574227023745537e-11,
        1.6653956398781222e-11,
        3.2826079040049555e-11,
        1.8924264989927057e-11,
        1.9087031276805362e-11,
        2.949407149922615e-11,
        4.228936596196539e-11,
        3.107246927218308e-11,
        2.3456296991082005e-11,
        3.563463109766322e-11,
        3.027690944408077e-11,
        2.4924814581391945e-11,
        2.674989383684484e-11,
        5.7733342632271994e-11
      ],
      "confidence": 0.7
    }
  ]
}