{
  "chunk": 516,
  "total_chunks": 3600,
  "patterns_found": 2,
  "start_time": 515.0001430555953,
  "end_time": 515.9991433330954,
  "patterns": [
    {
      "type": "spike",
      "count": 23,
      "times": [
        515.006143057262,
        515.010143058373,
        515.0121430589287,
        515.0141430594842,
        515.0311430642064,
        515.0361430655953,
        515.0471430686508,
        515.0551430708731,
        515.0711430753175,
        515.9181433105954,
        515.9271433130954,
        515.9421433172621,
        515.9531433203176,
        515.965143323651,
        515.9671433242065,
        515.9761433267065,
        515.9801433278176,
        515.9821433283731,
        515.9881433300399,
        515.9901433305954,
        515.9921433311509,
        515.9951433319843,
        515.9971433325398
      ],
      "amplitudes": [
        0.001054509906254419,
        0.0011156274208551835,
        0.0010980183623708355,
        0.0010350244324897103,
        0.0011698808084684871,
        0.001082716508026675,
        0.001062514299086224,
        0.0010497639316541863,
        0.0010407087327294368,
        0.0010768565038097565,
        0.0010486376269062852,
        0.0010687998619549235,
        0.00107648494534676,
        0.0010477003994616174,
        0.001031845432664623,
        0.0010656564330671818,
        0.0011288739492628047,
        0.0010661748266443988,
        0.0010841603549735768,
        0.0010704114571765974,
        0.0011168594528232982,
        0.0010674438388004902,
        0.0011777441213684306
      ],
      "confidence": 0.8
    },
    {
      "type": "oscillation",
      "frequencies": [
        3.906248915182732,
        15.624995660730928,
        27.343742406279123,
        42.96873806701005,
        62.49998264292371,
        70.31248047328917,
        93.74997396438556,
        109.37496962511649,
        128.90621420103017,
        148.43745877694383,
        167.9687033528575,
        191.40619684395386,
        203.12494358950207,
        218.74993925023298,
        238.28118382614664,
        261.718677317243,
        269.5311751476085,
        277.343672977974,
        285.1561708083394,
        296.87491755388766,
        316.4061621298013,
        324.21865996016675,
        335.937406705715,
        343.7499045360804,
        359.3749001968113,
        367.1873980271768,
        374.99989585754224,
        390.6248915182732,
        421.87488283973505,
        445.31237633083146,
        464.8436209067451,
        476.5623676522933,
        492.1873633130242
      ],
      "power": [
        2.7696633621261647e-10,
        1.3805095528245838e-11,
        2.875389593955718e-11,
        2.4640983517175776e-11,
        2.0813173385216683e-11,
        2.2397636440290718e-11,
        4.4787133461046686e-11,
        3.220698567248414e-11,
        1.8043582849231658e-11,
        2.3266733502740342e-11,
        2.6266071158195598e-11,
        2.26326286417699e-11,
        3.534847028316477e-11,
        2.7278108227038245e-11,
        3.319702758580934e-11,
        2.081075449088061e-11,
        1.909412219680859e-11,
        1.7802453390237337e-11,
        1.3989892308997663e-11,
        2.4381484761096767e-11,
        1.822232354159749e-11,
        1.9171763800203387e-11,
        2.0882685387466394e-11,
        2.4190992111884046e-11,
        1.7194561623290344e-11,
        1.958936488340616e-11,
        2.8447747763250457e-11,
        5.219943786149873e-11,
        2.5694373367329444e-11,
        2.2497088014633467e-11,
        1.9439558987238914e-11,
        2.385508574689402e-11,
        3.2303187448649826e-11
      ],
      "confidence": 0.7
    }
  ]
}