{
  "chunk": 2992,
  "total_chunks": 3600,
  "patterns_found": 2,
  "start_time": 2991.000830833564,
  "end_time": 2991.9998311110644,
  "patterns": [
    {
      "type": "spike",
      "count": 21,
      "times": [
        2991.0078308355087,
        2991.0148308374532,
        2991.0178308382865,
        2991.031830842175,
        2991.0358308432865,
        2991.0408308446754,
        2991.0458308460643,
        2991.051830847731,
        2991.1338308705085,
        2991.86683107412,
        2991.8868310796756,
        2991.8968310824534,
        2991.9048310846756,
        2991.9148310874534,
        2991.9358310932867,
        2991.9458310960645,
        2991.9718311032866,
        2991.975831104398,
        2991.977831104953,
        2991.9818311060644,
        2991.998831110787
      ],
      "amplitudes": [
        0.001097511381438491,
        0.001116592968745121,
        0.0012355248392632938,
        0.0010966848554178647,
        0.00117615065974921,
        0.0010599157418606973,
        0.001057255776654174,
        0.0010855715502145875,
        0.001095875177253459,
        0.0010688636752944928,
        0.0010776197450658247,
        0.0010710128069828227,
        0.0010717307175664768,
        0.0010919204122204224,
        0.0011674025314320977,
        0.0010590258076123762,
        0.0011460915888698417,
        0.0010824614922065213,
        0.001205642415353755,
        0.001198070752962169,
        0.0011290506476034185
      ],
      "confidence": 0.8
    },
    {
      "type": "oscillation",
      "frequencies": [
        3.9062489138504652,
        23.43749348310279,
        31.249991310803722,
        39.06248913850465,
        50.781235880056045,
        74.21872936315884,
        85.93747610471024,
        93.74997393241117,
        117.18746741551396,
        136.7187119847663,
        148.4374587263177,
        164.06245438171953,
        171.87495220942048,
        183.59369895097186,
        199.21869460637373,
        222.65618808947653,
        238.28118374487838,
        249.99993048642978,
        265.6249261418316,
        273.4374239695326,
        292.96866853878487,
        304.68741528033627,
        328.12490876343907,
        335.93740659114,
        351.56240224654186,
        359.3749000742428,
        374.99989572964466,
        386.71864247119606,
        394.531140298897,
        410.15613595429886,
        429.68738052355116,
        437.4998783512521,
        449.2186250928035,
        472.6561185759063,
        484.3748653174577
      ],
      "power": [
        2.9363670423296486e-10,
        4.579564936680386e-11,
        3.120659548759409e-11,
        3.0131148849491775e-11,
        2.3110563743712783e-11,
        1.7056433015116612e-11,
        2.1091344781493284e-11,
        3.881934246474705e-11,
        1.7480268799221653e-11,
        3.129384153494464e-11,
        2.7437800723201125e-11,
        2.032282849408225e-11,
        2.380574992341724e-11,
        2.781003195361799e-11,
        2.5906241041409226e-11,
        3.052016200355348e-11,
        1.4166135796732784e-11,
        2.9621414581397405e-11,
        3.794607012251527e-11,
        3.2825948850020696e-11,
        2.631163281022098e-11,
        2.108522790102083e-11,
        3.570771271292874e-11,
        4.250039897661949e-11,
        2.022477979717672e-11,
        2.7704440377081242e-11,
        3.566116872299715e-11,
        1.660861494531915e-11,
        2.5333417522427238e-11,
        3.1321394642499666e-11,
        3.125144019806649e-11,
        1.82382733037701e-11,
        2.5093679005550106e-11,
        2.1669049508636307e-11,
        2.921343054486849e-11
      ],
      "confidence": 0.7
    }
  ]
}