{
  "chunk": 371,
  "total_chunks": 3600,
  "patterns_found": 2,
  "start_time": 370.0001027778063,
  "end_time": 370.9991030553064,
  "patterns": [
    {
      "type": "spike",
      "count": 7,
      "times": [
        370.3331028703064,
        370.3501028750286,
        370.3561028766953,
        370.4321028978064,
        370.4531029036397,
        370.5801029389175,
        370.70410297336196
      ],
      "amplitudes": [
        0.0017034152205243386,
        0.0016995736512952823,
        0.0017692859997259114,
        0.0016976960118125974,
        0.0017280053253196856,
        0.0017012519761802644,
        0.0016895437808858165
      ],
      "confidence": 0.8
    },
    {
      "type": "oscillation",
      "frequencies": [
        3.906248914738643,
        23.43749348843186,
        31.249991317909146,
        54.687484806341004,
        70.31248046529558,
        82.03122720951151,
        89.8437250389888,
        101.56247178320473,
        113.28121852742065,
        128.90621418637522,
        140.62496093059116,
        148.43745876006844,
        160.15620550428437,
        175.78120116323893,
        187.49994790745487,
        195.31244573693215,
        210.93744139588674,
        218.74993922536402,
        234.3749348843186,
        242.18743271379589,
        249.99993054327317,
        257.81242837275045,
        269.5311751169664,
        285.15617077592094,
        300.7811664348755,
        316.4061620938301,
        332.0311577527847,
        347.65615341173924,
        374.99989581490973,
        382.81239364438704,
        394.531140388603,
        414.06238496229616,
        433.5936295359894,
        453.1248741096826,
        472.65611868337584,
        488.2811143423304
      ],
      "power": [
        3.276443153879058e-10,
        2.316125999401416e-11,
        2.6014720126081124e-11,
        2.124159932059048e-11,
        2.043428694624668e-11,
        1.807806194645681e-11,
        1.6491995906566885e-11,
        2.0614174935214604e-11,
        1.680568859419927e-11,
        1.6201095162695248e-11,
        2.5800644300364827e-11,
        3.1215315921730794e-11,
        2.3861293580583482e-11,
        3.384745271496892e-11,
        2.2837783508494045e-11,
        3.3838744839488415e-11,
        2.0271390699358948e-11,
        2.4149289371253595e-11,
        2.2425990136499033e-11,
        2.5727047335913493e-11,
        3.2164276613259933e-11,
        2.5146642151572455e-11,
        2.8809140014214478e-11,
        2.1869311404982646e-11,
        2.183280034621834e-11,
        3.0265428599338456e-11,
        1.7165357913133973e-11,
        3.373065885070265e-11,
        2.1494732963190078e-11,
        2.3627394258719566e-11,
        2.1483514502416633e-11,
        3.606414726197769e-11,
        2.0535408785132104e-11,
        2.4243581939126914e-11,
        3.3535703464341374e-11,
        3.252367337677279e-11
      ],
      "confidence": 0.7
    }
  ]
}