{
  "chunk": 754,
  "total_chunks": 3600,
  "patterns_found": 2,
  "start_time": 753.0002091667249,
  "end_time": 753.9992094442249,
  "patterns": [
    {
      "type": "spike",
      "count": 17,
      "times": [
        753.0032091675581,
        753.0112091697804,
        753.0182091717248,
        753.0422091783914,
        753.0702091861692,
        753.089209191447,
        753.9462094295027,
        753.9572094325582,
        753.9632094342248,
        753.9702094361693,
        753.9732094370027,
        753.9822094395026,
        753.985209440336,
        753.9892094414471,
        753.9932094425582,
        753.9952094431138,
        753.9982094439471
      ],
      "amplitudes": [
        0.0011687355460463127,
        0.0011600460364659842,
        0.0011944702305545535,
        0.001115265550955114,
        0.0010627459296441225,
        0.0010846692104799743,
        0.0010908518004017669,
        0.001088088828182825,
        0.001111276983851842,
        0.0010472701336459555,
        0.0010853211734472346,
        0.001200579015821252,
        0.0011131110127807638,
        0.0013073554836492674,
        0.0010783443533567024,
        0.0011182562607240695,
        0.0010524920934123598
      ],
      "confidence": 0.8
    },
    {
      "type": "oscillation",
      "frequencies": [
        3.906248915182732,
        19.53124457591366,
        31.249991321461856,
        42.96873806701005,
        50.78123589737552,
        62.49998264292371,
        78.12497830365464,
        89.84372504920283,
        101.56247179475103,
        117.18746745548196,
        136.71871203139563,
        156.2499566073093,
        164.06245443767475,
        175.78120118322295,
        195.3124457591366,
        207.03119250468478,
        222.65618816541573,
        234.37493491096393,
        246.0936816565121,
        257.81242840206033,
        269.5311751476085,
        285.1561708083394,
        296.87491755388766,
        308.59366429943583,
        316.4061621298013,
        324.21865996016675,
        335.937406705715,
        347.65615345126315,
        359.3749001968113,
        382.81239368790773,
        398.43738934863865,
        414.06238500936956,
        433.5936295852832,
        441.4061274156487,
        457.03112307637963,
        468.74986982192786,
        484.3748654826588,
        496.09361222820695
      ],
      "power": [
        2.770200432466782e-10,
        2.720795554823383e-11,
        1.589956422612419e-11,
        2.8997663685688065e-11,
        2.243640616193904e-11,
        1.62877621263718e-11,
        2.0827931075688986e-11,
        3.1946130575549516e-11,
        2.1976912107869976e-11,
        5.0297011948788406e-11,
        1.822037903107071e-11,
        2.108289405802367e-11,
        2.0698192407392304e-11,
        1.277357885787156e-11,
        2.1876126611276242e-11,
        2.9884506384275796e-11,
        2.5749871533348134e-11,
        2.7513750656788667e-11,
        1.866352431042355e-11,
        3.118608072700801e-11,
        2.7993223600629017e-11,
        2.921050623515194e-11,
        3.3441287606929877e-11,
        2.4039353663274554e-11,
        2.0121763597394372e-11,
        1.9747707814824483e-11,
        3.4067383151689175e-11,
        3.226054044107569e-11,
        3.269821239468403e-11,
        3.029730745442129e-11,
        3.0560849370561115e-11,
        2.363957961560259e-11,
        2.9039742768873485e-11,
        2.537573396317504e-11,
        2.3149100678847173e-11,
        1.9563467146020193e-11,
        1.303933955539788e-11,
        2.0276634179091623e-11
      ],
      "confidence": 0.7
    }
  ]
}