{
  "chunk": 3274,
  "total_chunks": 3600,
  "patterns_found": 2,
  "start_time": 3273.0009091669194,
  "end_time": 3273.9999094444192,
  "patterns": [
    {
      "type": "spike",
      "count": 19,
      "times": [
        3273.0039091677527,
        3273.0089091691416,
        3273.019909172197,
        3273.0229091730307,
        3273.0269091741416,
        3273.032909175808,
        3273.0409091780307,
        3273.047909179975,
        3273.0629091841415,
        3273.0809091891415,
        3273.902909417475,
        3273.9279094244193,
        3273.952909431364,
        3273.9629094341417,
        3273.979909438864,
        3273.9819094394193,
        3273.986909440808,
        3273.989909441642,
        3273.992909442475
      ],
      "amplitudes": [
        0.0011134383603968543,
        0.001231806875370363,
        0.0011146918356023648,
        0.001100821740378865,
        0.0011589099298948801,
        0.0011214433617759308,
        0.0010383681009879435,
        0.00111501079560402,
        0.001056587428291601,
        0.00108782171389403,
        0.0010431637424254655,
        0.0010858440005184627,
        0.0010925398075654778,
        0.0010684733334505121,
        0.0011094999067197803,
        0.0010563805647829322,
        0.0011454037386248732,
        0.0010648720080326261,
        0.0010442345923729992
      ],
      "confidence": 0.8
    },
    {
      "type": "oscillation",
      "frequencies": [
        3.906248915626821,
        31.24999132501457,
        46.87498698752185,
        54.687484818775495,
        74.21872939690961,
        89.84372505941688,
        113.28121855317781,
        124.99996530005828,
        136.71871204693875,
        156.24995662507285,
        171.87495228758013,
        179.68745011883377,
        191.40619686571424,
        214.84369035947518,
        222.6561881907288,
        242.18743276886292,
        257.8124284313702,
        281.2499219251311,
        296.87491758763844,
        308.59366433451885,
        320.3124110813993,
        339.84365565953345,
        351.5624024064139,
        359.37490023766753,
        371.093646984548,
        398.43738939393575,
        410.1561361408162,
        421.8748828876967,
        437.49987855020396,
        453.12487421271123,
        464.8436209595917,
        472.65611879084537,
        488.28111445335264
      ],
      "power": [
        3.091702312021384e-10,
        1.863023836673498e-11,
        2.0395935055115553e-11,
        2.398780581720594e-11,
        2.687902134969938e-11,
        3.950434583271532e-11,
        2.2373033640465423e-11,
        2.0020945968111624e-11,
        1.86662091008624e-11,
        2.8836581513466447e-11,
        1.3828094178515556e-11,
        1.8212209454761838e-11,
        2.2849098886156044e-11,
        2.5115460539566436e-11,
        2.742599252344873e-11,
        2.473796904716009e-11,
        4.098456251577659e-11,
        3.3798555688335906e-11,
        4.1708744105398296e-11,
        2.1276776527981184e-11,
        3.767174455388681e-11,
        1.410032365619102e-11,
        8.892994096227506e-12,
        2.5912119145234404e-11,
        4.5423267950370096e-11,
        1.4621550723147965e-11,
        1.8242877665731533e-11,
        3.111882197546519e-11,
        4.076171487784024e-11,
        1.526873489925637e-11,
        2.2212911971996945e-11,
        2.1431990632508084e-11,
        1.526555385150202e-11
      ],
      "confidence": 0.7
    }
  ]
}