{
  "chunk": 1456,
  "total_chunks": 3600,
  "patterns_found": 2,
  "start_time": 1455.000404166779,
  "end_time": 1455.999404444279,
  "patterns": [
    {
      "type": "spike",
      "count": 20,
      "times": [
        1455.0064041684457,
        1455.0084041690013,
        1455.0114041698346,
        1455.018404171779,
        1455.0294041748346,
        1455.0314041753902,
        1455.0344041762235,
        1455.045404179279,
        1455.0944041928901,
        1455.8864044128902,
        1455.9084044190013,
        1455.910404419557,
        1455.950404430668,
        1455.9564044323347,
        1455.9644044345569,
        1455.9704044362236,
        1455.9854044403903,
        1455.990404441779,
        1455.9934044426125,
        1455.9984044440014
      ],
      "amplitudes": [
        0.0011350400026802637,
        0.0010903703683157978,
        0.0011107015752093526,
        0.0010828098899775052,
        0.0011681650516698994,
        0.00116210583462394,
        0.0011743688966731908,
        0.0010514964376089903,
        0.0011311317443967331,
        0.0011014787409334337,
        0.0010522147994875637,
        0.001080327079813565,
        0.0011329006240396926,
        0.0010718810102634767,
        0.0010613737375631445,
        0.0010585520492853676,
        0.0010746861238893576,
        0.0011962031405853637,
        0.0010946598197771938,
        0.001092561590937292
      ],
      "confidence": 0.8
    },
    {
      "type": "oscillation",
      "frequencies": [
        3.906248914738643,
        19.531244573693215,
        35.15624023264779,
        50.781235891602364,
        58.59373372107965,
        70.31248046529558,
        82.03122720951151,
        93.74997395372743,
        113.28121852742065,
        132.81246310111388,
        148.43745876006844,
        160.15620550428437,
        167.96870333376165,
        191.40619682219352,
        199.2186946516708,
        207.03119248114808,
        218.74993922536402,
        226.5624370548413,
        234.3749348843186,
        242.18743271379589,
        257.81242837275045,
        277.3436729464437,
        289.0624196906596,
        308.5936642643528,
        328.12490883804605,
        339.843655582262,
        351.56240232647787,
        359.3749001559552,
        371.0936469001711,
        390.6248914738643,
        402.34363821808023,
        421.8748827917735,
        437.49987845072803,
        453.1248741096826,
        460.9373719391599,
        472.65611868337584,
        484.37486542759177,
        496.0936121718077
      ],
      "power": [
        2.753140058192643e-10,
        1.5773040587047526e-11,
        2.947605955092525e-11,
        3.655704399814362e-11,
        3.123633621560424e-11,
        3.5116874493794426e-11,
        3.038635837523112e-11,
        1.6779730426135962e-11,
        4.673067423099979e-11,
        3.09421506203842e-11,
        3.3547588138325776e-11,
        2.3339879677682986e-11,
        2.3512102736671906e-11,
        2.4143536967786562e-11,
        2.5508460852744627e-11,
        2.8394637146754972e-11,
        2.4757207701741264e-11,
        1.8090488338021014e-11,
        1.8471339039301593e-11,
        1.897035391697687e-11,
        2.6594520713218877e-11,
        2.7405979489295486e-11,
        3.8284304700246186e-11,
        4.292871571011178e-11,
        2.0890032351178535e-11,
        2.6852803307084972e-11,
        2.842305398763728e-11,
        3.3298558360993716e-11,
        2.3221217986359262e-11,
        2.5943713543201386e-11,
        2.5221520713069334e-11,
        1.841440275011246e-11,
        3.4517369215229675e-11,
        3.627957232193199e-11,
        1.4925096982596072e-11,
        3.165648327650904e-11,
        1.7083516450930727e-11,
        2.695545726339377e-11
      ],
      "confidence": 0.7
    }
  ]
}