{
  "chunk": 338,
  "total_chunks": 3600,
  "patterns_found": 2,
  "start_time": 337.0000936111371,
  "end_time": 337.9990938886372,
  "patterns": [
    {
      "type": "spike",
      "count": 22,
      "times": [
        337.0020936116927,
        337.0060936128038,
        337.0090936136371,
        337.01309361474824,
        337.0150936153038,
        337.01809361613715,
        337.02209361724823,
        337.04109362252603,
        337.0430936230816,
        337.05509362641493,
        337.0610936280816,
        337.07109363085937,
        337.10209363947047,
        337.8820938561372,
        337.91509386530385,
        337.9440938733594,
        337.9540938761372,
        337.9580938772483,
        337.9680938800261,
        337.9720938811372,
        337.991093886415,
        337.9940938872483
      ],
      "amplitudes": [
        0.0012546741127697424,
        0.0010985747082891916,
        0.001077419137923857,
        0.0010668931794077501,
        0.001070439102092147,
        0.0011114187456850275,
        0.0011993599286083845,
        0.0010576616022775084,
        0.0010990196244386188,
        0.0011166747062864482,
        0.0010595349861718425,
        0.0010561197040108489,
        0.0010537375719355006,
        0.0010532682873019901,
        0.0010821831348946848,
        0.0011999034647441316,
        0.0010770635572282456,
        0.0010805128778342032,
        0.0011461439637268278,
        0.0010613356679645349,
        0.0010508921811480916,
        0.001076142525484574
      ],
      "confidence": 0.8
    },
    {
      "type": "oscillation",
      "frequencies": [
        3.906248914960688,
        19.531244574803438,
        27.343742404724814,
        42.96873806456757,
        54.68748480944963,
        66.4062315543317,
        74.21872938425307,
        85.93747612913513,
        97.65622287401719,
        117.18746744882064,
        128.9062141937027,
        140.62496093858476,
        148.43745876850613,
        160.1562055133882,
        175.78120117323095,
        187.499947918113,
        210.93744140787715,
        222.6561881527592,
        234.37493489764128,
        261.7186773023661,
        273.43742404724816,
        289.0624197070909,
        296.87491753701227,
        312.499913196855,
        320.3124110267764,
        335.93740668661917,
        355.46865126142256,
        367.18739800630465,
        394.53114041102947,
        414.0623849858329,
        425.78113173071495,
        445.3123763055184,
        453.12487413543977,
        460.93737196536114,
        480.4686165401646,
        488.28111437008596
      ],
      "power": [
        3.094983186796591e-10,
        4.046506146376447e-11,
        4.642457798089381e-11,
        1.4337003574142709e-11,
        2.3712489421010113e-11,
        2.5867988325230778e-11,
        2.008588426297583e-11,
        1.854057609809746e-11,
        3.336509954413442e-11,
        1.1646248871848324e-11,
        1.7887181721691843e-11,
        1.722910709505016e-11,
        2.1397185869679303e-11,
        2.6352590696432865e-11,
        4.684925668183237e-11,
        2.5404037103686513e-11,
        2.2067322422159545e-11,
        3.588305028708702e-11,
        1.82644609708229e-11,
        2.920528164200051e-11,
        1.3157355597292867e-11,
        1.7116869846838198e-11,
        2.2771472522243012e-11,
        2.370950165861605e-11,
        2.6279596770931253e-11,
        2.0513923944848484e-11,
        3.7463443232159e-11,
        2.8742360871125065e-11,
        4.245985830304257e-11,
        2.956617490794644e-11,
        1.776048936102928e-11,
        2.8770554738186397e-11,
        2.7584749062670675e-11,
        3.665993694765187e-11,
        2.4601305702414358e-11,
        4.668503556216244e-11
      ],
      "confidence": 0.7
    }
  ]
}