{
  "chunk": 916,
  "total_chunks": 3600,
  "patterns_found": 2,
  "start_time": 915.0002541667374,
  "end_time": 915.9992544442374,
  "patterns": [
    {
      "type": "spike",
      "count": 26,
      "times": [
        915.0012541670151,
        915.0072541686818,
        915.0102541695151,
        915.0132541703484,
        915.0162541711818,
        915.0202541722929,
        915.024254173404,
        915.0372541770151,
        915.0402541778484,
        915.0422541784039,
        915.0482541800707,
        915.060254183404,
        915.0642541845151,
        915.1022541950707,
        915.1342542039596,
        915.9172544214596,
        915.9402544278485,
        915.9462544295152,
        915.9512544309041,
        915.9582544328485,
        915.974254437293,
        915.983254439793,
        915.987254440904,
        915.992254442293,
        915.9942544428485,
        915.996254443404
      ],
      "amplitudes": [
        0.001123469801896766,
        0.0010994074890059305,
        0.0011226976004318644,
        0.00106272167057645,
        0.0010684945622232596,
        0.001109141916071823,
        0.0011122280692944725,
        0.0011077461950554854,
        0.0010760380099770204,
        0.0010600622231902723,
        0.0011463256514137078,
        0.001060580571822952,
        0.0010923922152888696,
        0.0010894234515869223,
        0.0010556342465242558,
        0.001086505707305047,
        0.0011757564948887574,
        0.0011406072771408026,
        0.0011418290382857689,
        0.0011124880307768158,
        0.0011227989594584133,
        0.0011523738191128515,
        0.001053238321840017,
        0.0010906010797746906,
        0.001125940008396343,
        0.0011512736114418275
      ],
      "confidence": 0.8
    },
    {
      "type": "oscillation",
      "frequencies": [
        3.906248915182732,
        15.624995660730928,
        35.156240236644585,
        42.96873806701005,
        54.687484812558246,
        62.49998264292371,
        82.03122721883737,
        93.74997396438556,
        105.46872070993376,
        128.90621420103017,
        136.71871203139563,
        148.43745877694383,
        160.156205522492,
        175.78120118322295,
        183.5936990135884,
        195.3124457591366,
        214.84369033505027,
        242.1874327413294,
        249.99993057169485,
        257.81242840206033,
        285.1561708083394,
        296.87491755388766,
        308.59366429943583,
        316.4061621298013,
        324.21865996016675,
        335.937406705715,
        367.1873980271768,
        374.99989585754224,
        390.6248915182732,
        406.24988717900413,
        414.06238500936956,
        429.68738067010054,
        441.4061274156487,
        457.03112307637963,
        468.74986982192786,
        476.5623676522933,
        488.2811143978415
      ],
      "power": [
        3.3065752233536045e-10,
        2.715275221787072e-11,
        2.3600546549059142e-11,
        1.77380035629477e-11,
        3.903786795023525e-11,
        2.3593235834299577e-11,
        3.5589209377579127e-11,
        3.5472059140250425e-11,
        2.0891403270131885e-11,
        3.406226926918839e-11,
        2.2258172641040302e-11,
        2.6490376271873834e-11,
        4.155326577705577e-11,
        3.642558130947915e-11,
        3.069593515414448e-11,
        1.0855506485759932e-11,
        3.534236394898558e-11,
        2.2398606051033662e-11,
        2.4893214331693404e-11,
        2.1790004869942906e-11,
        3.5133912917245403e-11,
        2.357277747361134e-11,
        2.6948635041401487e-11,
        2.868722602773071e-11,
        2.9390209597887484e-11,
        3.001462614310294e-11,
        1.746200446955844e-11,
        1.8989400939712092e-11,
        3.165150804596679e-11,
        1.550811328713613e-11,
        1.1668375256943051e-11,
        1.9430482510727982e-11,
        2.1656403322673412e-11,
        1.530208525735763e-11,
        2.3702762118102497e-11,
        3.980973037955889e-11,
        2.8833760385196745e-11
      ],
      "confidence": 0.7
    }
  ]
}