{
  "chunk": 1439,
  "total_chunks": 3600,
  "patterns_found": 2,
  "start_time": 1438.0003994445556,
  "end_time": 1438.9993997220556,
  "patterns": [
    {
      "type": "spike",
      "count": 8,
      "times": [
        1438.4183995606666,
        1438.4253995626111,
        1438.4633995731667,
        1438.4823995784443,
        1438.4943995817778,
        1438.5503995973334,
        1438.5663996017777,
        1438.5963996101111
      ],
      "amplitudes": [
        0.0017204784210773517,
        0.0017087140262478768,
        0.0017407410458334938,
        0.0017227768023033332,
        0.0016977701991954407,
        0.0017220057964454074,
        0.0017116987166234934,
        0.0017072227483221295
      ],
      "confidence": 0.8
    },
    {
      "type": "oscillation",
      "frequencies": [
        3.906248915626821,
        27.343742409387747,
        46.87498698752185,
        54.687484818775495,
        66.40623156565596,
        89.84372505941688,
        113.28121855317781,
        124.99996530005828,
        140.62496096256555,
        160.15620554069966,
        175.78120120320696,
        187.4999479500874,
        210.93744144384834,
        218.74993927510198,
        230.46868602198245,
        242.18743276886292,
        253.9061795157434,
        269.53117517825063,
        277.3436730095043,
        289.06241975638477,
        312.4999132501457,
        320.3124110813993,
        347.65615349078706,
        359.37490023766753,
        371.093646984548,
        390.62489156268214,
        402.3436383095626,
        417.9686339720699,
        433.59362963457716,
        445.3123763814576,
        457.0311231283381,
        464.8436209595917,
        484.37486553772584
      ],
      "power": [
        3.4174206140576194e-10,
        3.932702126065926e-11,
        2.6993479394163392e-11,
        3.403332481009306e-11,
        2.517185052608124e-11,
        2.155582811593715e-11,
        2.1112443212070133e-11,
        3.93770783251538e-11,
        3.7305016211773375e-11,
        1.9282119126523665e-11,
        1.771126796021275e-11,
        3.7352500287570194e-11,
        2.6682521091852704e-11,
        3.647677520549512e-11,
        3.408853387087707e-11,
        2.2484338246397155e-11,
        4.527398527807681e-11,
        2.050039484435136e-11,
        1.971754180223143e-11,
        2.1930912289444334e-11,
        2.3919306265265077e-11,
        2.3316052047324136e-11,
        1.4366916569160464e-11,
        1.727900687842625e-11,
        2.532604507613532e-11,
        3.6463368173978845e-11,
        4.454142499215127e-11,
        1.9582929087260148e-11,
        4.3513631215137653e-11,
        3.2479395230199214e-11,
        2.5228129546970907e-11,
        2.3158785726568606e-11,
        3.2031746492071404e-11
      ],
      "confidence": 0.7
    }
  ]
}