{
  "chunk": 3552,
  "total_chunks": 3600,
  "patterns_found": 2,
  "start_time": 3551.0009863891632,
  "end_time": 3551.999986666663,
  "patterns": [
    {
      "type": "spike",
      "count": 21,
      "times": [
        3551.0029863897184,
        3551.004986390274,
        3551.0069863908298,
        3551.0089863913854,
        3551.0219863949965,
        3551.037986399441,
        3551.0739864094407,
        3551.104986418052,
        3551.9319866477745,
        3551.9389866497186,
        3551.94298665083,
        3551.9469866519407,
        3551.955986654441,
        3551.9659866572188,
        3551.9709866586077,
        3551.9779866605522,
        3551.981986661663,
        3551.9849866624963,
        3551.9889866636076,
        3551.9939866649966,
        3551.9979866661074
      ],
      "amplitudes": [
        0.0010707219265783325,
        0.0011045385368549686,
        0.0010944190219188954,
        0.0011709793388151658,
        0.001053350526526599,
        0.0010820842825464754,
        0.0011008080631409003,
        0.0010645449215624034,
        0.0011037711807235639,
        0.0010829639632908745,
        0.0010632479311392922,
        0.001137798827655806,
        0.0011464018616059498,
        0.0011360191911871016,
        0.0010471586373871494,
        0.0010585090863824776,
        0.0011585335229820797,
        0.0010723458770642924,
        0.0011027752307635136,
        0.0011096150040844086,
        0.0011131179252555033
      ],
      "confidence": 0.8
    },
    {
      "type": "oscillation",
      "frequencies": [
        3.906248915626821,
        11.718746746880463,
        19.531244578134107,
        35.15624024064139,
        46.87498698752185,
        54.687484818775495,
        66.40623156565596,
        82.03122722816325,
        93.7499739750437,
        113.28121855317781,
        121.09371638443146,
        128.9062142156851,
        144.53120987819239,
        164.0624544563265,
        175.78120120320696,
        203.1249436125947,
        222.6561881907288,
        238.2811838532361,
        277.3436730095043,
        292.9686686720116,
        304.68741541889204,
        312.4999132501457,
        332.0311578282798,
        339.84365565953345,
        363.2811491532944,
        374.9998959001748,
        386.7186426470553,
        406.2498872251894,
        414.062385056443,
        421.8748828876967,
        433.59362963457716,
        453.12487421271123,
        460.9373720439649,
        480.46861662209903
      ],
      "power": [
        2.4993363770521106e-10,
        3.451189564855375e-11,
        3.412118521250255e-11,
        1.7830002574807888e-11,
        2.8802152179182034e-11,
        2.1314765058134353e-11,
        1.6691611593894663e-11,
        1.4593575497864094e-11,
        2.859943410596633e-11,
        1.832325006732714e-11,
        1.8722198930662122e-11,
        2.5408927826653172e-11,
        2.640110842110169e-11,
        1.7699114216111795e-11,
        4.674394485819578e-11,
        5.529612641889264e-11,
        3.131082325846779e-11,
        2.098888152540553e-11,
        6.023354431007392e-11,
        3.008238973509503e-11,
        1.888584922124712e-11,
        1.782973437774549e-11,
        1.751408371010566e-11,
        2.30097724469314e-11,
        2.2606498093391662e-11,
        1.8954310158570284e-11,
        3.0575123507363787e-11,
        1.682927457041598e-11,
        1.5284464553507622e-11,
        1.6109352531764664e-11,
        2.949518267378104e-11,
        2.7305279738387025e-11,
        3.657300135300592e-11,
        2.956141653830616e-11
      ],
      "confidence": 0.7
    }
  ]
}