{
  "chunk": 276,
  "total_chunks": 3600,
  "patterns_found": 2,
  "start_time": 275.00007638891014,
  "end_time": 275.9990766664102,
  "patterns": [
    {
      "type": "spike",
      "count": 15,
      "times": [
        275.02007639446566,
        275.03907639974346,
        275.050076402799,
        275.88507663474354,
        275.93307664807685,
        275.93807664946576,
        275.9540766539102,
        275.9590766552991,
        275.96407665668795,
        275.96607665724355,
        275.96907665807686,
        275.9760766600213,
        275.9840766622435,
        275.98807666335466,
        275.9960766655769
      ],
      "amplitudes": [
        0.0011879508853881264,
        0.0011661908048161871,
        0.0010911958466001946,
        0.001062617971855558,
        0.0010691602700217623,
        0.001125301464313916,
        0.0010930512108870318,
        0.001059505778598715,
        0.0011849255613109514,
        0.0012238130065314859,
        0.0012663411950255736,
        0.0010540289848197286,
        0.0010683151099533026,
        0.0010655872691870004,
        0.0011060071104198141
      ],
      "confidence": 0.8
    },
    {
      "type": "oscillation",
      "frequencies": [
        3.906248914960688,
        27.343742404724814,
        39.062489149606876,
        74.21872938425307,
        97.65622287401719,
        105.46872070393857,
        124.99996527874201,
        156.2499565984275,
        167.96870334330958,
        183.59369900315232,
        195.31244574803438,
        207.03119249291646,
        218.74993923779851,
        230.46868598268057,
        242.18743272756265,
        253.9061794724447,
        261.7186773023661,
        273.43742404724816,
        289.0624197070909,
        300.781166451973,
        316.4061621118157,
        328.1249088566978,
        335.93740668661917,
        347.6561534315012,
        359.3749001763833,
        371.09364692126536,
        386.7186425811081,
        402.34363824095084,
        414.0623849858329,
        429.68738064567566,
        437.49987847559703,
        449.2186252204791,
        464.84362088032185,
        480.4686165401646,
        488.28111437008596
      ],
      "power": [
        3.460512062506738e-10,
        3.120962762118846e-11,
        2.6028558863250493e-11,
        4.08331083250039e-11,
        2.2908226743616153e-11,
        2.5380486541562902e-11,
        2.8412122325387704e-11,
        2.6616997463593344e-11,
        2.2812312852778153e-11,
        4.544971035660652e-11,
        3.3604997804471e-11,
        2.209059567590134e-11,
        3.3456135360679e-11,
        2.752448313236756e-11,
        2.3354246250914454e-11,
        1.5741694654779992e-11,
        1.021850035047017e-11,
        3.869525300240638e-11,
        2.9914934570219555e-11,
        4.353608335167594e-11,
        2.8338042315458387e-11,
        2.200036460596793e-11,
        2.799691195393188e-11,
        1.013141260279745e-11,
        2.6142799569110194e-11,
        3.446586441891681e-11,
        4.472092160374019e-11,
        2.1904591757342313e-11,
        2.088668939767796e-11,
        3.078876459542462e-11,
        1.9190246191357343e-11,
        1.8438384652901507e-11,
        2.802419815168138e-11,
        3.3885153080493713e-11,
        1.7378392887747686e-11
      ],
      "confidence": 0.7
    }
  ]
}