{
  "chunk": 859,
  "total_chunks": 3600,
  "patterns_found": 2,
  "start_time": 858.0002383333996,
  "end_time": 858.9992386108996,
  "patterns": [
    {
      "type": "spike",
      "count": 7,
      "times": [
        858.3412384281219,
        858.4822384672885,
        858.4882384689552,
        858.5002384722885,
        858.5102384750663,
        858.529238480344,
        858.7012385281218
      ],
      "amplitudes": [
        0.001704522610378658,
        0.0017324428956787576,
        0.0017013356397260894,
        0.0017782422387943855,
        0.0017038145084539624,
        0.0017218623429213122,
        0.0016977510505945136
      ],
      "confidence": 0.8
    },
    {
      "type": "oscillation",
      "frequencies": [
        3.906248914738643,
        19.531244573693215,
        31.249991317909146,
        50.781235891602364,
        78.12497829477286,
        89.8437250389888,
        97.65622286846607,
        105.46872069794337,
        124.99996527163658,
        140.62496093059116,
        156.24995658954572,
        171.8749522485003,
        183.59369899271624,
        203.12494356640946,
        214.8436903106254,
        234.3749348843186,
        249.99993054327317,
        265.62492620222775,
        277.3436729464437,
        300.7811664348755,
        308.5936642643528,
        316.4061620938301,
        324.21865992330737,
        335.9374066675233,
        367.1873979854325,
        390.6248914738643,
        402.34363821808023,
        414.06238496229616,
        421.8748827917735,
        433.5936295359894,
        453.1248741096826,
        460.9373719391599,
        480.4686165128531,
        496.0936121718077
      ],
      "power": [
        3.0353992200048086e-10,
        3.407550306770796e-11,
        3.21934176954811e-11,
        3.1760032084773354e-11,
        1.7719013315418004e-11,
        3.699066903568993e-11,
        1.9175699399649835e-11,
        2.036095118961595e-11,
        3.626315960959109e-11,
        3.4774718002919046e-11,
        1.8027565699731223e-11,
        3.2572356717863286e-11,
        2.3993159825555963e-11,
        2.5393887335891002e-11,
        2.0607714267468753e-11,
        3.104144254705536e-11,
        1.5761726295827928e-11,
        2.6698101594942316e-11,
        2.967236525956574e-11,
        2.2349952129158062e-11,
        2.484284443905831e-11,
        2.5544837741669402e-11,
        2.548623598701275e-11,
        2.8534079746007424e-11,
        3.378089524327231e-11,
        3.6126130968840033e-11,
        4.094241547839992e-11,
        2.7131688230350058e-11,
        2.3656467978540585e-11,
        2.960542333725411e-11,
        2.423429821728931e-11,
        3.4675428460842256e-11,
        3.214837203987765e-11,
        1.3638860726798947e-11
      ],
      "confidence": 0.7
    }
  ]
}