{
  "chunk": 3520,
  "total_chunks": 3600,
  "patterns_found": 2,
  "start_time": 3519.000977500272,
  "end_time": 3519.9999777777716,
  "patterns": [
    {
      "type": "spike",
      "count": 21,
      "times": [
        3519.0029775008275,
        3519.0049775013827,
        3519.008977502494,
        3519.0109775030496,
        3519.0229775063826,
        3519.0279775077715,
        3519.031977508883,
        3519.0419775116607,
        3519.0459775127715,
        3519.0779775216606,
        3519.093977526105,
        3519.0979775272162,
        3519.920977755827,
        3519.9249777569385,
        3519.939977761105,
        3519.9469777630497,
        3519.9739777705495,
        3519.9769777713827,
        3519.9879777744386,
        3519.9929777758275,
        3519.9959777766608
      ],
      "amplitudes": [
        0.0011216984064156587,
        0.0011770187899654964,
        0.0010763674696156625,
        0.0011632094248524487,
        0.001055896847220649,
        0.0010849973539091783,
        0.0012173975284228218,
        0.0010772802333358198,
        0.0011369242119264227,
        0.001142282820562111,
        0.0010492053641719822,
        0.0010907364254906084,
        0.0010437688658697334,
        0.00108440755911811,
        0.0011459140469653635,
        0.0010606359672791588,
        0.0010457141449177316,
        0.0010661024499036894,
        0.001142908270744559,
        0.001232451631233244,
        0.0011305858094189311
      ],
      "confidence": 0.8
    },
    {
      "type": "oscillation",
      "frequencies": [
        3.906248915626821,
        23.437493493760925,
        39.062489156268214,
        50.781235903148676,
        58.59373373440232,
        82.03122722816325,
        93.7499739750437,
        109.37496963755099,
        124.99996530005828,
        136.71871204693875,
        152.34370770944602,
        164.0624544563265,
        183.5936990344606,
        191.40619686571424,
        199.21869469696787,
        214.84369035947518,
        238.2811838532361,
        253.9061795157434,
        285.15617084075797,
        296.87491758763844,
        304.68741541889204,
        312.4999132501457,
        324.2186599970262,
        339.84365565953345,
        347.65615349078706,
        355.4686513220407,
        374.9998959001748,
        386.7186426470553,
        406.2498872251894,
        417.9686339720699,
        425.7811318033235,
        441.4061274658308,
        460.9373720439649,
        468.74986987521856,
        488.28111445335264,
        496.0936122846063
      ],
      "power": [
        3.263990711958259e-10,
        1.3522482728449303e-11,
        4.317984759829146e-11,
        2.0201351304656235e-11,
        2.0054255272924426e-11,
        2.2932291335954636e-11,
        1.4786698485178628e-11,
        1.7006248967091777e-11,
        2.998363570828663e-11,
        3.216066238154001e-11,
        1.715242341032651e-11,
        1.8691800036231416e-11,
        2.8014671109018786e-11,
        3.0987391768715714e-11,
        3.0919670189609505e-11,
        3.249915730979887e-11,
        3.728172488974964e-11,
        2.5386557316773622e-11,
        1.8339221815343423e-11,
        1.7173157428173624e-11,
        1.3224212396417666e-11,
        1.559729751224666e-11,
        2.30713512400552e-11,
        2.293166568686429e-11,
        1.655706631701732e-11,
        2.3293491729376554e-11,
        2.1669506232441226e-11,
        1.7678579083040876e-11,
        2.7325023132130112e-11,
        2.458687268902009e-11,
        2.906434200305442e-11,
        2.044897804870831e-11,
        2.4066149858833852e-11,
        2.7304833028594875e-11,
        2.5965784533550127e-11,
        2.534991805361264e-11
      ],
      "confidence": 0.7
    }
  ]
}