{
  "chunk": 1131,
  "total_chunks": 3600,
  "patterns_found": 2,
  "start_time": 1130.000313888976,
  "end_time": 1130.9993141664763,
  "patterns": [
    {
      "type": "spike",
      "count": 5,
      "times": [
        1130.419314005365,
        1130.5073140298095,
        1130.5873140520318,
        1130.5973140548094,
        1130.6473140686985
      ],
      "amplitudes": [
        0.0016814625260545457,
        0.0017279466403920612,
        0.0016885515834835175,
        0.001690376854206142,
        0.0017386858203537613
      ],
      "confidence": 0.8
    },
    {
      "type": "oscillation",
      "frequencies": [
        3.906248914738643,
        19.531244573693215,
        31.249991317909146,
        42.96873806212508,
        70.31248046529558,
        78.12497829477286,
        89.8437250389888,
        97.65622286846607,
        128.90621418637522,
        140.62496093059116,
        152.3437076748071,
        164.06245441902303,
        187.49994790745487,
        199.2186946516708,
        214.8436903106254,
        238.28118379905723,
        249.99993054327317,
        261.7186772874891,
        269.5311751169664,
        277.3436729464437,
        292.96866860539825,
        304.6874153496142,
        312.49991317909144,
        335.9374066675233,
        355.46865124121655,
        386.71864255912567,
        406.2498871328189,
        421.8748827917735,
        437.49987845072803,
        445.31237628020534,
        460.9373719391599,
        472.65611868337584,
        488.2811143423304
      ],
      "power": [
        3.596099179722836e-10,
        3.812541804135666e-11,
        1.8703643458927443e-11,
        4.059090885157988e-11,
        2.049216875116997e-11,
        2.4161543717204187e-11,
        2.0499646213712515e-11,
        2.0361376464617386e-11,
        3.2596876831925284e-11,
        1.831754015704614e-11,
        2.428537648193267e-11,
        1.2457453386467556e-11,
        2.4100347304505798e-11,
        1.2560923402510419e-11,
        3.7900974309969216e-11,
        3.122617519202246e-11,
        3.094295194743137e-11,
        1.7470534402168196e-11,
        1.781546360577036e-11,
        1.2541349360896277e-11,
        3.766588991201179e-11,
        1.874440527138469e-11,
        1.3064440722380607e-11,
        3.895132254180949e-11,
        3.161012635681897e-11,
        2.7559864024403665e-11,
        4.190576231118195e-11,
        1.7987053968252178e-11,
        1.7154774719201683e-11,
        2.200328426539768e-11,
        3.0663137031594825e-11,
        1.581216381395585e-11,
        4.682307846953222e-11
      ],
      "confidence": 0.7
    }
  ]
}