{
  "chunk": 2542,
  "total_chunks": 3600,
  "patterns_found": 2,
  "start_time": 2541.0007058335295,
  "end_time": 2541.99970611103,
  "patterns": [
    {
      "type": "spike",
      "count": 29,
      "times": [
        2541.004705834641,
        2541.007705835474,
        2541.0107058363074,
        2541.017705838252,
        2541.0217058393628,
        2541.025705840474,
        2541.0277058410297,
        2541.030705841863,
        2541.0507058474186,
        2541.052705847974,
        2541.0637058510297,
        2541.0787058551964,
        2541.1007058613072,
        2541.8997060832517,
        2541.930706091863,
        2541.9407060946405,
        2541.948706096863,
        2541.961706100474,
        2541.965706101585,
        2541.9727061035296,
        2541.9747061040853,
        2541.9777061049185,
        2541.979706105474,
        2541.9827061063074,
        2541.9877061076963,
        2541.9907061085296,
        2541.993706109363,
        2541.9957061099185,
        2541.9987061107518
      ],
      "amplitudes": [
        0.0011240190295842543,
        0.001063800335357934,
        0.0011978796225891083,
        0.0011617506893219394,
        0.001143079131759972,
        0.0011570511315772555,
        0.0010683480382918176,
        0.0012242098185127838,
        0.0010610451336352294,
        0.0011001964772486437,
        0.0010992346819407891,
        0.0010972649791019542,
        0.0010733878605224058,
        0.0010603119202666602,
        0.00108678305175811,
        0.0011028577532831755,
        0.0011956091960684517,
        0.0012195859442659942,
        0.001054901797267579,
        0.0011776796222043998,
        0.0011441755657634874,
        0.0011567819758521083,
        0.0010519618186017772,
        0.0010720943893394949,
        0.0010896590904672595,
        0.0011403465590320257,
        0.0011039751384221733,
        0.0010804001641309634,
        0.001117416327115495
      ],
      "confidence": 0.8
    },
    {
      "type": "oscillation",
      "frequencies": [
        3.906248915626821,
        11.718746746880463,
        27.343742409387747,
        46.87498698752185,
        54.687484818775495,
        62.49998265002914,
        78.12497831253643,
        93.7499739750437,
        105.46872072192417,
        124.99996530005828,
        156.24995662507285,
        171.87495228758013,
        187.4999479500874,
        199.21869469696787,
        210.93744144384834,
        238.2811838532361,
        253.9061795157434,
        265.62492626262383,
        277.3436730095043,
        285.15617084075797,
        296.87491758763844,
        308.59366433451885,
        320.3124110813993,
        339.84365565953345,
        359.37490023766753,
        367.1873980689212,
        378.90614481580167,
        394.53114047830894,
        406.2498872251894,
        421.8748828876967,
        445.3123763814576,
        460.9373720439649,
        472.65611879084537,
        488.28111445335264
      ],
      "power": [
        3.048934142448497e-10,
        3.171877560401725e-11,
        2.9781431701238485e-11,
        5.10341720222873e-11,
        3.206022651085475e-11,
        2.70435677315005e-11,
        3.4531777675895335e-11,
        2.2861108275509514e-11,
        1.606729742652904e-11,
        2.7202129831670525e-11,
        3.932319939465791e-11,
        3.171180089442735e-11,
        1.9390271798382644e-11,
        1.6328065589726722e-11,
        3.4464953087839045e-11,
        2.7000613709213586e-11,
        2.2773371774038837e-11,
        2.5418555818149394e-11,
        3.261276817823984e-11,
        2.5096008683048115e-11,
        1.7249488363090413e-11,
        1.737997196218073e-11,
        2.475655834604949e-11,
        2.132095440351503e-11,
        2.4410704613697548e-11,
        3.179021613248479e-11,
        2.3180944754897716e-11,
        3.3899837999614234e-11,
        3.962051482820839e-11,
        2.614597950656248e-11,
        2.3411798316257237e-11,
        1.3292197464485983e-11,
        2.061659367234046e-11,
        2.1091315484860758e-11
      ],
      "confidence": 0.7
    }
  ]
}