{
  "chunk": 1118,
  "total_chunks": 3600,
  "patterns_found": 2,
  "start_time": 1117.000310277864,
  "end_time": 1117.999310555364,
  "patterns": [
    {
      "type": "spike",
      "count": 22,
      "times": [
        1117.0053102792529,
        1117.0133102814752,
        1117.0203102834196,
        1117.0263102850863,
        1117.0313102864752,
        1117.0333102870306,
        1117.0363102878641,
        1117.0453102903641,
        1117.0763102989752,
        1117.0793102998084,
        1117.8673105186974,
        1117.9063105295309,
        1117.9513105420308,
        1117.9533105425862,
        1117.9623105450862,
        1117.9653105459197,
        1117.9693105470308,
        1117.9733105481419,
        1117.9793105498086,
        1117.9873105520307,
        1117.9923105534197,
        1117.9983105550864
      ],
      "amplitudes": [
        0.0011271410547248045,
        0.0011208915114273707,
        0.0011778749714799386,
        0.0011000270730915692,
        0.0011023735830587413,
        0.0010957868329409329,
        0.0010890146530420056,
        0.001138509860512339,
        0.0010564586152603877,
        0.0010793799098066767,
        0.0010744727471084423,
        0.001061517551611271,
        0.0011092628231897557,
        0.0011870786009356327,
        0.0011706859269320885,
        0.0011096580429137103,
        0.0011051069079722267,
        0.0010717686366505746,
        0.0011109388079446917,
        0.0010804046154045245,
        0.0011141077589677591,
        0.0012026274343001665
      ],
      "confidence": 0.8
    },
    {
      "type": "oscillation",
      "frequencies": [
        3.906248914738643,
        23.43749348843186,
        35.15624023264779,
        46.87498697686372,
        58.59373372107965,
        74.21872938003422,
        85.93747612425015,
        109.37496961268201,
        121.09371635689794,
        132.81246310111388,
        140.62496093059116,
        152.3437076748071,
        164.06245441902303,
        183.59369899271624,
        195.31244573693215,
        203.12494356640946,
        214.8436903106254,
        230.46868596957995,
        246.0936816285345,
        269.5311751169664,
        277.3436729464437,
        292.96866860539825,
        312.49991317909144,
        328.12490883804605,
        339.843655582262,
        367.1873979854325,
        378.9061447296484,
        394.531140388603,
        402.34363821808023,
        417.96863387703485,
        433.5936295359894,
        445.31237628020534,
        460.9373719391599,
        468.7498697686372,
        484.37486542759177,
        496.0936121718077
      ],
      "power": [
        3.246446057370357e-10,
        3.067860508129424e-11,
        4.849572796079302e-11,
        1.5495824278182505e-11,
        2.8870653298440702e-11,
        2.8762616714568215e-11,
        1.9987088395629788e-11,
        2.8245184462594148e-11,
        1.6192013459217534e-11,
        1.6192669169022736e-11,
        2.135030403308772e-11,
        1.694642545348196e-11,
        2.144736727129021e-11,
        1.5210321975426458e-11,
        1.7873292067602068e-11,
        1.9068572876997392e-11,
        3.627469517758232e-11,
        2.3755612959736998e-11,
        1.7380673873040798e-11,
        3.5466625048049014e-11,
        3.6025430282536006e-11,
        2.5775826380013008e-11,
        2.0678805637637802e-11,
        2.8248531129239146e-11,
        3.082223131124599e-11,
        4.4681581469623465e-11,
        1.6541833788815863e-11,
        2.8208856533298887e-11,
        2.0308737100508668e-11,
        2.581989874344058e-11,
        3.2869974333077854e-11,
        3.2656510137206906e-11,
        1.692618964316369e-11,
        1.572018751998797e-11,
        4.322323730852821e-11,
        2.526113526735735e-11
      ],
      "confidence": 0.7
    }
  ]
}