{
  "chunk": 1504,
  "total_chunks": 3600,
  "patterns_found": 2,
  "start_time": 1503.000417500116,
  "end_time": 1503.9994177776161,
  "patterns": [
    {
      "type": "spike",
      "count": 24,
      "times": [
        1503.0044175012272,
        1503.010417502894,
        1503.0164175045604,
        1503.019417505394,
        1503.023417506505,
        1503.032417509005,
        1503.050417514005,
        1503.0554175153939,
        1503.0574175159493,
        1503.0644175178938,
        1503.1244175345605,
        1503.8814177448382,
        1503.9444177623384,
        1503.9474177631716,
        1503.9524177645606,
        1503.9584177662273,
        1503.9654177681716,
        1503.9674177687273,
        1503.9754177709494,
        1503.9804177723383,
        1503.982417772894,
        1503.987417774283,
        1503.9904177751162,
        1503.996417776783
      ],
      "amplitudes": [
        0.0012798505999200716,
        0.0011034115044263472,
        0.0010620295149312404,
        0.0011018640128711442,
        0.001071325674825401,
        0.001083125498405842,
        0.0011269922851700849,
        0.0010539206963386275,
        0.0010911471694128544,
        0.0010671865335071748,
        0.001060150517354813,
        0.0010724980357721555,
        0.0010618035201697925,
        0.0010800711565047616,
        0.0011418725806931955,
        0.0011130001369000718,
        0.0010638021901114064,
        0.0010942792877588496,
        0.0010719533349057876,
        0.0010739789484264315,
        0.0010697445085348248,
        0.0011017148673895943,
        0.0011924360600596851,
        0.001154254229941846
      ],
      "confidence": 0.8
    },
    {
      "type": "oscillation",
      "frequencies": [
        3.906248914738643,
        27.343742403170502,
        35.15624023264779,
        58.59373372107965,
        85.93747612425015,
        97.65622286846607,
        109.37496961268201,
        124.99996527163658,
        148.43745876006844,
        156.24995658954572,
        179.6874500779776,
        199.2186946516708,
        214.8436903106254,
        234.3749348843186,
        249.99993054327317,
        269.5311751169664,
        289.0624196906596,
        312.49991317909144,
        332.0311577527847,
        351.56240232647787,
        371.0936469001711,
        382.81239364438704,
        390.6248914738643,
        402.34363821808023,
        414.06238496229616,
        425.7811317065121,
        433.5936295359894,
        445.31237628020534,
        460.9373719391599,
        472.65611868337584,
        484.37486542759177,
        496.0936121718077
      ],
      "power": [
        3.1684443301085616e-10,
        2.4179665711469155e-11,
        3.63219072842105e-11,
        2.653385803367154e-11,
        3.250729830003115e-11,
        2.2909003142578887e-11,
        1.2120335282585561e-11,
        2.6559493942238965e-11,
        2.958659975615496e-11,
        3.764800805438614e-11,
        1.6794786023652882e-11,
        3.777494832685421e-11,
        1.487770111785149e-11,
        2.3998278790778215e-11,
        2.6710580429531062e-11,
        2.6084119623880496e-11,
        2.410328589828815e-11,
        3.2755748044632695e-11,
        1.9032295105052866e-11,
        3.895592730181842e-11,
        3.522956703586303e-11,
        1.4203933215040679e-11,
        1.991519402998196e-11,
        2.0098636153887558e-11,
        2.4619869919603977e-11,
        1.6268923929274444e-11,
        1.37527163903008e-11,
        3.606530116873219e-11,
        2.033347318549484e-11,
        2.0944332508954913e-11,
        2.8330357723772486e-11,
        2.650856998092376e-11
      ],
      "confidence": 0.7
    }
  ]
}