{
  "chunk": 3528,
  "total_chunks": 3600,
  "patterns_found": 2,
  "start_time": 3527.000979722495,
  "end_time": 3527.9999799999946,
  "patterns": [
    {
      "type": "spike",
      "count": 22,
      "times": [
        3527.00297972305,
        3527.0069797241613,
        3527.010979725272,
        3527.02097972805,
        3527.0249797291613,
        3527.0329797313834,
        3527.0379797327723,
        3527.0419797338836,
        3527.044979734717,
        3527.0539797372167,
        3527.0719797422166,
        3527.079979744439,
        3527.9459799849947,
        3527.9509799863836,
        3527.952979986939,
        3527.9589799886057,
        3527.966979990828,
        3527.972979992495,
        3527.979979994439,
        3527.989979997217,
        3527.9949799986057,
        3527.9969799991613
      ],
      "amplitudes": [
        0.001116227169929687,
        0.001072602113714963,
        0.0011504484832164598,
        0.0010821681672443287,
        0.0010985448594363451,
        0.0010882158135332217,
        0.0011226390074561255,
        0.001144206180561964,
        0.001103171391703499,
        0.0010907748895326078,
        0.0010740218391301602,
        0.0010767418354429964,
        0.0011179651526998238,
        0.0011379073974043439,
        0.0010910029468669724,
        0.0010656177932001202,
        0.001168043041194638,
        0.0011350189414869242,
        0.001093712609869132,
        0.0012421607591562025,
        0.0010597681845130958,
        0.0010706407313588566
      ],
      "confidence": 0.8
    },
    {
      "type": "oscillation",
      "frequencies": [
        3.906248915626821,
        11.718746746880463,
        19.531244578134107,
        31.24999132501457,
        42.96873807189503,
        58.59373373440232,
        66.40623156565596,
        89.84372505941688,
        105.46872072192417,
        124.99996530005828,
        144.53120987819239,
        152.34370770944602,
        171.87495228758013,
        191.40619686571424,
        203.1249436125947,
        210.93744144384834,
        218.74993927510198,
        234.37493493760928,
        249.99993060011656,
        261.718677346997,
        281.2499219251311,
        289.06241975638477,
        300.78116650326524,
        316.4061621657725,
        324.2186599970262,
        339.84365565953345,
        351.5624024064139,
        367.1873980689212,
        378.90614481580167,
        402.3436383095626,
        421.8748828876967,
        433.59362963457716,
        445.3123763814576,
        472.65611879084537,
        484.37486553772584,
        492.18736336897945
      ],
      "power": [
        2.486848453618744e-10,
        2.2263841269792372e-11,
        3.586771688323026e-11,
        3.1795520545817875e-11,
        2.88497870672545e-11,
        3.2050848340190144e-11,
        2.219616238233497e-11,
        3.547149162050853e-11,
        3.3286121366447854e-11,
        2.431727487432654e-11,
        2.928547510299218e-11,
        3.0614577063883796e-11,
        9.639067265774528e-12,
        3.20602340555634e-11,
        2.8266193769134718e-11,
        3.378160551540883e-11,
        2.593147925282866e-11,
        2.301148850585147e-11,
        2.9675522207150945e-11,
        2.5323105454441938e-11,
        1.998978644385377e-11,
        2.0776294142319702e-11,
        1.726585943862627e-11,
        2.1275645712804695e-11,
        2.393006367154432e-11,
        2.2440866391977678e-11,
        4.6856009761367716e-11,
        2.8009226720204508e-11,
        2.483191586031002e-11,
        1.0145355282631101e-11,
        2.7525819630604824e-11,
        2.277219333776895e-11,
        1.787188250159118e-11,
        3.6158691176165684e-11,
        1.7745359347659478e-11,
        1.5279490299222752e-11
      ],
      "confidence": 0.7
    }
  ]
}