{
  "chunk": 2522,
  "total_chunks": 3600,
  "patterns_found": 2,
  "start_time": 2521.0007002779726,
  "end_time": 2521.9997005554724,
  "patterns": [
    {
      "type": "spike",
      "count": 21,
      "times": [
        2521.002700278528,
        2521.0057002793615,
        2521.0127002813056,
        2521.0157002821393,
        2521.0177002826945,
        2521.01970028325,
        2521.024700284639,
        2521.0267002851947,
        2521.034700287417,
        2521.0627002951946,
        2521.088700302417,
        2521.807700502139,
        2521.895700526584,
        2521.91070053075,
        2521.9367005379727,
        2521.947700541028,
        2521.960700544639,
        2521.9857005515837,
        2521.988700552417,
        2521.993700553806,
        2521.996700554639
      ],
      "amplitudes": [
        0.0010771451173641165,
        0.0011474795979602738,
        0.001118015765945654,
        0.0011436247214810054,
        0.0011700443305229244,
        0.0011002850468439347,
        0.0010568813577787812,
        0.0010957799461206168,
        0.001146609436824811,
        0.0010767659429875597,
        0.0010607900045735994,
        0.0010462406618675381,
        0.0010602154575589226,
        0.0010718564477660885,
        0.001047946323448989,
        0.0010599004469435574,
        0.0011319371316254412,
        0.0011167319833127404,
        0.0010722039331919882,
        0.0010859303013415836,
        0.001076857736105593
      ],
      "confidence": 0.8
    },
    {
      "type": "oscillation",
      "frequencies": [
        3.906248915626821,
        23.437493493760925,
        42.96873807189503,
        58.59373373440232,
        74.21872939690961,
        85.93747614379006,
        105.46872072192417,
        128.9062142156851,
        152.34370770944602,
        164.0624544563265,
        175.78120120320696,
        187.4999479500874,
        199.21869469696787,
        218.74993927510198,
        234.37493493760928,
        261.718677346997,
        277.3436730095043,
        292.9686686720116,
        304.68741541889204,
        316.4061621657725,
        324.2186599970262,
        343.74990457516026,
        359.37490023766753,
        371.093646984548,
        382.8123937314285,
        394.53114047830894,
        410.1561361408162,
        421.8748828876967,
        433.59362963457716,
        449.21862529708443,
        464.8436209595917,
        476.5623677064722,
        496.0936122846063
      ],
      "power": [
        2.871184915795254e-10,
        2.1722859372856666e-11,
        2.074962485714963e-11,
        2.0104409605330452e-11,
        3.732542468096596e-11,
        3.255850804306153e-11,
        2.97908226053797e-11,
        3.3307340465723825e-11,
        3.936952920812274e-11,
        2.143984921760665e-11,
        1.9046182364160433e-11,
        3.0699658190093864e-11,
        2.2220222849937024e-11,
        2.2656491337960494e-11,
        4.161772986271834e-11,
        3.4869759431826564e-11,
        2.2786042331480167e-11,
        2.6286112712377555e-11,
        1.5810345728991305e-11,
        3.43720489347476e-11,
        3.047532235249353e-11,
        2.2835750386640863e-11,
        2.7214407910023808e-11,
        2.80935467438654e-11,
        2.5115434290790075e-11,
        1.6401434021694776e-11,
        1.730078776749416e-11,
        1.30314466886235e-11,
        2.2137425329779136e-11,
        2.7746145529959612e-11,
        1.565144927791442e-11,
        3.1057475276736205e-11,
        2.9619056506776934e-11
      ],
      "confidence": 0.7
    }
  ]
}