{
  "chunk": 3402,
  "total_chunks": 3600,
  "patterns_found": 2,
  "start_time": 3401.0009447224847,
  "end_time": 3401.999944999985,
  "patterns": [
    {
      "type": "spike",
      "count": 21,
      "times": [
        3401.001944722763,
        3401.008944724707,
        3401.012944725818,
        3401.014944726374,
        3401.016944726929,
        3401.0209447280404,
        3401.0349447319295,
        3401.0379447327628,
        3401.0419447338736,
        3401.0709447419295,
        3401.125944757207,
        3401.9539449872073,
        3401.9599449888738,
        3401.9619449894294,
        3401.963944989985,
        3401.9669449908183,
        3401.9749449930405,
        3401.9849449958183,
        3401.989944997207,
        3401.993944998318,
        3401.9979449994294
      ],
      "amplitudes": [
        0.001095038718458531,
        0.0012331303622064615,
        0.0010914186665588615,
        0.001260653997181147,
        0.0011475806575614075,
        0.0011177663707639567,
        0.0010777120092621043,
        0.0011800045201195146,
        0.001097849071699608,
        0.001194936520386785,
        0.0010679758103595406,
        0.0010673782534980812,
        0.0011640374757323749,
        0.0010858608020017804,
        0.0010692828281473074,
        0.001068422239396545,
        0.001161808332677164,
        0.0012591136154055105,
        0.0010626151748835645,
        0.0011124714666597144,
        0.0011100166096549577
      ],
      "confidence": 0.8
    },
    {
      "type": "oscillation",
      "frequencies": [
        3.9062489138504652,
        27.343742396953257,
        39.06248913850465,
        58.59373370775698,
        70.31248044930837,
        82.03122719085977,
        101.56247176011209,
        113.28121850166349,
        124.99996524321489,
        140.62496089861673,
        148.4374587263177,
        164.06245438171953,
        179.6874500371214,
        191.4061967786728,
        210.93744134792513,
        226.56243700332698,
        242.18743265872885,
        257.8124283141307,
        281.24992179723347,
        292.96866853878487,
        308.5936641941868,
        324.2186598495886,
        335.93740659114,
        347.6561533326914,
        359.3749000742428,
        367.1873979019437,
        390.6248913850465,
        417.96863378199976,
        433.59362943740166,
        441.40612726510255,
        453.12487400665395,
        464.84362074820535,
        480.4686164036072,
        496.0936120590091
      ],
      "power": [
        3.6448211565618706e-10,
        1.748348011998153e-11,
        3.013447021439453e-11,
        1.6593932201596545e-11,
        3.238473442679379e-11,
        1.7584119378938258e-11,
        3.30293704149614e-11,
        2.247319345026194e-11,
        2.5358331442959874e-11,
        2.4322276933887388e-11,
        2.6012932839989697e-11,
        9.79011241210558e-12,
        2.760973141796823e-11,
        1.092873272945911e-11,
        3.696425483670186e-11,
        3.458815055723761e-11,
        2.1249203121778386e-11,
        4.212497416547846e-11,
        2.4524225266595635e-11,
        2.5808591320945344e-11,
        2.3185583733443994e-11,
        1.5252401369037162e-11,
        2.783627416272646e-11,
        2.1408120958464965e-11,
        2.0020948439212724e-11,
        2.1126744376622587e-11,
        3.019348238529653e-11,
        2.7644693105032343e-11,
        2.5483373881263023e-11,
        2.0785547236536737e-11,
        4.811372402256284e-11,
        1.6156149645875045e-11,
        2.919427573210031e-11,
        3.482603438138571e-11
      ],
      "confidence": 0.7
    }
  ]
}