{
  "chunk": 2483,
  "total_chunks": 3600,
  "patterns_found": 2,
  "start_time": 2482.000689444636,
  "end_time": 2482.9996897221363,
  "patterns": [
    {
      "type": "spike",
      "count": 6,
      "times": [
        2482.464689573525,
        2482.4816895782474,
        2482.529689591581,
        2482.560689600192,
        2482.5876896076916,
        2482.695689637692
      ],
      "amplitudes": [
        0.0017057720531087274,
        0.0016987204810814819,
        0.001762651894038363,
        0.001762888309832612,
        0.0016995511116409835,
        0.0018038815195802588
      ],
      "confidence": 0.8
    },
    {
      "type": "oscillation",
      "frequencies": [
        3.9062489138504652,
        15.624995655401861,
        31.249991310803722,
        46.87498696620558,
        58.59373370775698,
        74.21872936315884,
        89.8437250185607,
        105.46872067396257,
        117.18746741551396,
        128.90621415706536,
        148.4374587263177,
        171.87495220942048,
        187.49994786482233,
        195.31244569252326,
        203.12494352022418,
        214.84369026177558,
        238.28118374487838,
        253.90617940028025,
        273.4374239695326,
        292.96866853878487,
        308.5936641941868,
        328.12490876343907,
        339.84365550499047,
        355.4686511603923,
        367.1873979019437,
        378.9061446434951,
        394.531140298897,
        406.24988704044836,
        417.96863378199976,
        433.59362943740166,
        441.40612726510255,
        453.12487400665395,
        468.74986966205586,
        480.4686164036072,
        492.1873631451586
      ],
      "power": [
        3.1073353543463993e-10,
        2.6179175692124494e-11,
        3.7265556634234516e-11,
        2.1441196565723178e-11,
        1.56475912214933e-11,
        2.100288881478958e-11,
        2.0321662077864014e-11,
        2.6465258528977933e-11,
        2.1673428157299314e-11,
        2.0631333110427333e-11,
        4.396144510828261e-11,
        2.666040336768607e-11,
        1.6905198387227378e-11,
        1.3581878434729217e-11,
        2.4149323519624617e-11,
        2.250870383823449e-11,
        4.05109591101211e-11,
        1.1218431328776079e-11,
        1.931996757516146e-11,
        2.9659036862479443e-11,
        3.51726523647437e-11,
        2.4333234813234552e-11,
        2.125298817523441e-11,
        1.433755968537097e-11,
        2.5292254480007904e-11,
        2.845576955506985e-11,
        1.2536511843477383e-11,
        1.3625899788892634e-11,
        3.312934417752595e-11,
        2.7944731159751695e-11,
        3.193726694776409e-11,
        3.259807710454863e-11,
        2.6903669582146267e-11,
        2.8586699255257897e-11,
        1.813216570591519e-11
      ],
      "confidence": 0.7
    }
  ]
}