{
  "chunk": 1284,
  "total_chunks": 3600,
  "patterns_found": 2,
  "start_time": 1283.000356388988,
  "end_time": 1283.999356666488,
  "patterns": [
    {
      "type": "spike",
      "count": 26,
      "times": [
        1283.0103563917658,
        1283.018356393988,
        1283.0213563948214,
        1283.0243563956546,
        1283.0303563973214,
        1283.0393563998214,
        1283.0453564014879,
        1283.049356402599,
        1283.0513564031546,
        1283.8963566378768,
        1283.9173566437103,
        1283.9213566448213,
        1283.928356646766,
        1283.936356648988,
        1283.9403566500991,
        1283.9463566517659,
        1283.9533566537102,
        1283.9573566548213,
        1283.959356655377,
        1283.9653566570437,
        1283.967356657599,
        1283.9703566584324,
        1283.977356660377,
        1283.9833566620437,
        1283.9893566637102,
        1283.994356665099
      ],
      "amplitudes": [
        0.001106094555794498,
        0.0011411316276068511,
        0.0011273742443432748,
        0.0011204152387416992,
        0.0010666858853970083,
        0.0011704106103531293,
        0.0011263436216669288,
        0.001122517912903679,
        0.001087326853618511,
        0.001100536361678201,
        0.0011175126653286747,
        0.0011189384270039982,
        0.001078812310485513,
        0.0010633467169691591,
        0.0010712760105592888,
        0.0010676583969344987,
        0.0011045433004609009,
        0.0010740451601802263,
        0.0011015520375817864,
        0.001124344935974434,
        0.0011334164708581651,
        0.001086205877331555,
        0.001085316406430824,
        0.001113577632866776,
        0.0011031881295232827,
        0.001259272031045197
      ],
      "confidence": 0.8
    },
    {
      "type": "oscillation",
      "frequencies": [
        3.906248914738643,
        15.624995658954573,
        27.343742403170502,
        39.06248914738643,
        50.781235891602364,
        74.21872938003422,
        89.8437250389888,
        101.56247178320473,
        117.1874674421593,
        128.90621418637522,
        136.7187120158525,
        148.43745876006844,
        167.96870333376165,
        183.59369899271624,
        195.31244573693215,
        210.93744139588674,
        226.5624370548413,
        234.3749348843186,
        246.0936816285345,
        253.90617945801182,
        261.7186772874891,
        273.437424031705,
        300.7811664348755,
        328.12490883804605,
        351.56240232647787,
        371.0936469001711,
        386.71864255912567,
        398.4373893033416,
        414.06238496229616,
        425.7811317065121,
        437.49987845072803,
        449.21862519494397,
        460.9373719391599,
        476.56236759811446,
        488.2811143423304,
        496.0936121718077
      ],
      "power": [
        3.16682401154707e-10,
        4.441756923281884e-11,
        1.6692262619562696e-11,
        2.851723384797672e-11,
        2.4355585124066453e-11,
        2.5025665785199372e-11,
        2.6306573706005778e-11,
        4.751931898573853e-11,
        1.610285838065058e-11,
        2.351908072598755e-11,
        2.103567980625202e-11,
        2.1423245962145176e-11,
        2.5266897589331137e-11,
        2.9025157361561284e-11,
        4.0976505564546156e-11,
        3.140899214409158e-11,
        2.02391187786209e-11,
        1.3513519097204906e-11,
        2.6507412711713808e-11,
        3.5421558858080804e-11,
        3.1136613719651765e-11,
        1.5613396066097645e-11,
        3.466290114183681e-11,
        1.681738009540624e-11,
        2.839228632113539e-11,
        3.175400585828469e-11,
        3.051914067850647e-11,
        2.5266605692270345e-11,
        2.6811963335421313e-11,
        2.478748978569527e-11,
        1.735006294826254e-11,
        4.560566876249709e-11,
        3.470823705099566e-11,
        3.66655446863845e-11,
        2.9010464135269496e-11,
        3.147489098074247e-11
      ],
      "confidence": 0.7
    }
  ]
}