{
  "chunk": 1240,
  "total_chunks": 3600,
  "patterns_found": 2,
  "start_time": 1239.0003441667623,
  "end_time": 1239.9993444442623,
  "patterns": [
    {
      "type": "spike",
      "count": 24,
      "times": [
        1239.0133441703736,
        1239.015344170929,
        1239.0223441728735,
        1239.0263441739846,
        1239.0293441748179,
        1239.0313441753735,
        1239.03734417704,
        1239.04634417954,
        1239.0483441800957,
        1239.0593441831513,
        1239.0723441867624,
        1239.1613442114847,
        1239.9413444281513,
        1239.9453444292624,
        1239.956344432318,
        1239.9583444328734,
        1239.960344433429,
        1239.9623444339845,
        1239.9753444375958,
        1239.9773444381512,
        1239.983344439818,
        1239.9893444414847,
        1239.9913444420401,
        1239.9943444428736
      ],
      "amplitudes": [
        0.00115925649397906,
        0.0011272700417556624,
        0.0010932750208712979,
        0.0011206829880768929,
        0.001056255781270593,
        0.0012096126595951041,
        0.0010996894382104315,
        0.0011148718286125969,
        0.001091928172827215,
        0.0011480840828964089,
        0.001074416843700272,
        0.0010711986372938787,
        0.0011068448403355113,
        0.0010844328570565871,
        0.0010596794730603006,
        0.0010721246605441398,
        0.0011896995559307045,
        0.001072151834605357,
        0.0010668290659229399,
        0.001072255362342299,
        0.0010959438667604224,
        0.0010580791076679411,
        0.0010706383153139807,
        0.0012262532684067693
      ],
      "confidence": 0.8
    },
    {
      "type": "oscillation",
      "frequencies": [
        3.906248914738643,
        15.624995658954573,
        23.43749348843186,
        35.15624023264779,
        46.87498697686372,
        58.59373372107965,
        74.21872938003422,
        89.8437250389888,
        101.56247178320473,
        121.09371635689794,
        132.81246310111388,
        152.3437076748071,
        164.06245441902303,
        175.78120116323893,
        183.59369899271624,
        195.31244573693215,
        203.12494356640946,
        222.65618814010267,
        230.46868596957995,
        249.99993054327317,
        269.5311751169664,
        289.0624196906596,
        304.6874153496142,
        312.49991317909144,
        320.31241100856874,
        339.843655582262,
        355.46865124121655,
        363.2811490706938,
        371.0936469001711,
        394.531140388603,
        414.06238496229616,
        425.7811317065121,
        441.40612736546666,
        453.1248741096826,
        480.4686165128531,
        496.0936121718077
      ],
      "power": [
        3.501344200599604e-10,
        2.2152242643192484e-11,
        2.0241246313450743e-11,
        3.492728326594141e-11,
        3.182567808968225e-11,
        2.2594562516083677e-11,
        1.8987480366695492e-11,
        1.178636935193379e-11,
        2.99020040423119e-11,
        2.3999439691729713e-11,
        1.695724400009404e-11,
        2.7079348412626195e-11,
        1.9755714313175106e-11,
        2.4700194611094523e-11,
        1.9518325845771497e-11,
        2.141431175101513e-11,
        2.8189989270586826e-11,
        2.0417205200889792e-11,
        2.155418785893635e-11,
        2.7605484824265767e-11,
        3.738949473640358e-11,
        2.4928581616014246e-11,
        2.0873939382870153e-11,
        2.3940113001818758e-11,
        3.4256869549633556e-11,
        1.750144394704766e-11,
        3.661322848433966e-11,
        2.986983747619444e-11,
        3.557498481236631e-11,
        3.381666335794292e-11,
        3.503779029320301e-11,
        1.628193978281544e-11,
        2.3060097050226223e-11,
        2.4740881752425785e-11,
        2.6206963786733772e-11,
        2.590451064891277e-11
      ],
      "confidence": 0.7
    }
  ]
}