{
  "chunk": 683,
  "total_chunks": 3600,
  "patterns_found": 2,
  "start_time": 682.0001894444971,
  "end_time": 682.9991897219971,
  "patterns": [
    {
      "type": "spike",
      "count": 4,
      "times": [
        682.3771895492193,
        682.5051895847749,
        682.5071895853305,
        682.5651896014416
      ],
      "amplitudes": [
        0.001695334314876043,
        0.001675212337991172,
        0.0017029920714632532,
        0.0016822577730143836
      ],
      "confidence": 0.8
    },
    {
      "type": "oscillation",
      "frequencies": [
        3.906248914738643,
        23.43749348843186,
        39.06248914738643,
        54.687484806341004,
        66.40623155055694,
        82.03122720951151,
        97.65622286846607,
        113.28121852742065,
        124.99996527163658,
        148.43745876006844,
        171.8749522485003,
        191.40619682219352,
        203.12494356640946,
        218.74993922536402,
        238.28118379905723,
        257.81242837275045,
        269.5311751169664,
        285.15617077592094,
        296.8749175201369,
        304.6874153496142,
        312.49991317909144,
        343.7499044970006,
        355.46865124121655,
        371.0936469001711,
        394.531140388603,
        417.96863387703485,
        429.6873806212508,
        453.1248741096826,
        464.8436208538985,
        484.37486542759177,
        496.0936121718077
      ],
      "power": [
        3.473984146884254e-10,
        2.6286180504396173e-11,
        3.201588654594095e-11,
        2.061964168375377e-11,
        2.5169645535710994e-11,
        2.05895830799859e-11,
        1.9747179207802946e-11,
        1.4300421903978989e-11,
        2.240357940945996e-11,
        2.533478218674438e-11,
        4.7092138390202216e-11,
        3.651136762087637e-11,
        2.7673503076980506e-11,
        3.0778724918812724e-11,
        1.8855960239322755e-11,
        5.081497680318803e-11,
        2.3313798883570646e-11,
        2.1734863681473974e-11,
        3.510520408940963e-11,
        1.6750607947639476e-11,
        3.4835325298301545e-11,
        2.776623320739951e-11,
        2.6989224720165164e-11,
        3.643717775248753e-11,
        2.1935718502078835e-11,
        2.482082053258656e-11,
        2.69081209539466e-11,
        1.489723186450155e-11,
        2.3000298341611995e-11,
        2.35004931208876e-11,
        3.968357505283041e-11
      ],
      "confidence": 0.7
    }
  ]
}