{
  "chunk": 2069,
  "total_chunks": 3600,
  "patterns_found": 2,
  "start_time": 2068.000574444604,
  "end_time": 2068.999574722104,
  "patterns": [
    {
      "type": "spike",
      "count": 6,
      "times": [
        2068.361574544882,
        2068.433574564882,
        2068.4455745682153,
        2068.47057457516,
        2068.550574597382,
        2068.5965746101597
      ],
      "amplitudes": [
        0.001688754606414267,
        0.0016930121999578014,
        0.0017805271845461876,
        0.0017233483841364704,
        0.001742714012338325,
        0.0016938277433572134
      ],
      "confidence": 0.8
    },
    {
      "type": "oscillation",
      "frequencies": [
        3.9062489138504652,
        15.624995655401861,
        27.343742396953257,
        42.96873805235512,
        58.59373370775698,
        74.21872936315884,
        85.93747610471024,
        109.37496958781303,
        121.09371632936443,
        128.90621415706536,
        136.7187119847663,
        160.15620546786909,
        171.87495220942048,
        183.59369895097186,
        199.21869460637373,
        210.93744134792513,
        222.65618808947653,
        234.37493483102793,
        257.8124283141307,
        277.343672883383,
        296.8749174526354,
        312.4999131080372,
        343.74990441884097,
        363.28114898809326,
        371.0936468157942,
        386.71864247119606,
        398.43738921274746,
        406.24988704044836,
        417.96863378199976,
        433.59362943740166,
        445.31237617895306,
        457.03112292050446,
        476.56236748975675
      ],
      "power": [
        2.9572695636462095e-10,
        2.3345436877005676e-11,
        3.491283563928434e-11,
        2.7072846861638916e-11,
        2.7742801152007586e-11,
        2.724627658138072e-11,
        3.9862358687592265e-11,
        3.399749031985352e-11,
        2.5733177564318472e-11,
        2.118333391205907e-11,
        1.603987687171787e-11,
        1.6900116416823222e-11,
        2.2060797890214648e-11,
        4.023810065956481e-11,
        4.164934810082582e-11,
        1.383952649482268e-11,
        1.4423626321620402e-11,
        2.5017289280158952e-11,
        3.162235324724183e-11,
        3.728578286158622e-11,
        2.2758526863697454e-11,
        1.860207255888264e-11,
        1.2357277659547888e-11,
        2.3723308840965442e-11,
        2.0912954347288204e-11,
        3.212965918321116e-11,
        2.5440888610893798e-11,
        1.8044697883557524e-11,
        1.3079097541098407e-11,
        2.64857199987797e-11,
        8.679207549041857e-12,
        2.2292893084316052e-11,
        2.5410447545322682e-11
      ],
      "confidence": 0.7
    }
  ]
}