{
  "chunk": 654,
  "total_chunks": 3600,
  "patterns_found": 2,
  "start_time": 653.0001813889393,
  "end_time": 653.9991816664394,
  "patterns": [
    {
      "type": "spike",
      "count": 21,
      "times": [
        653.0031813897726,
        653.0051813903282,
        653.0091813914393,
        653.0171813936615,
        653.0261813961615,
        653.0351813986615,
        653.0441814011615,
        653.0601814056059,
        653.0641814067171,
        653.0661814072727,
        653.0731814092171,
        653.839181621995,
        653.8781816328283,
        653.8821816339394,
        653.9431816508838,
        653.9741816594949,
        653.9771816603283,
        653.9811816614393,
        653.983181661995,
        653.9881816633838,
        653.9961816656061
      ],
      "amplitudes": [
        0.0010991465878156565,
        0.0011393581642189813,
        0.0011127467260971845,
        0.0010765844514261608,
        0.0010503779022681906,
        0.001234712287601467,
        0.0010516512480463907,
        0.001057738640378972,
        0.0010786791568787911,
        0.0010914414269688525,
        0.00113047076718277,
        0.0010672254770934812,
        0.0010498092750911693,
        0.0011467567647159523,
        0.0011124723080788122,
        0.0011897611068603627,
        0.0011567330701997664,
        0.0010471548790078257,
        0.0010840825838009797,
        0.0010977365153496488,
        0.001059610648822057
      ],
      "confidence": 0.8
    },
    {
      "type": "oscillation",
      "frequencies": [
        3.906248914738643,
        15.624995658954573,
        31.249991317909146,
        50.781235891602364,
        58.59373372107965,
        70.31248046529558,
        85.93747612425015,
        109.37496961268201,
        128.90621418637522,
        144.5312098453298,
        164.06245441902303,
        179.6874500779776,
        191.40619682219352,
        203.12494356640946,
        214.8436903106254,
        226.5624370548413,
        249.99993054327317,
        265.62492620222775,
        277.3436729464437,
        292.96866860539825,
        308.5936642643528,
        324.21865992330737,
        335.9374066675233,
        347.65615341173924,
        367.1873979854325,
        378.9061447296484,
        390.6248914738643,
        406.2498871328189,
        414.06238496229616,
        421.8748827917735,
        437.49987845072803,
        460.9373719391599,
        472.65611868337584,
        492.187363257069
      ],
      "power": [
        2.8938714205166895e-10,
        2.3037286283668023e-11,
        4.2814096789925604e-11,
        1.8877741280056105e-11,
        2.787870771412444e-11,
        2.3586338533073753e-11,
        4.289299633592902e-11,
        3.023654172809974e-11,
        2.133922801605203e-11,
        2.0703864278254286e-11,
        3.1181414162499326e-11,
        2.7448820135282543e-11,
        2.1527245680192448e-11,
        1.798249761289313e-11,
        2.6089411719567345e-11,
        4.35527235424082e-11,
        3.655336007625996e-11,
        4.202288732620591e-11,
        2.8035406955080592e-11,
        4.428608999458159e-11,
        1.3540999372317347e-11,
        2.7528652655150056e-11,
        2.1052874187248522e-11,
        3.244965861395423e-11,
        2.5310804330279712e-11,
        1.7022241996879405e-11,
        2.2042581141510498e-11,
        2.380791542774356e-11,
        1.9701954788860198e-11,
        3.27089122969855e-11,
        1.4112906562215785e-11,
        3.0612709575141534e-11,
        3.1412751769585865e-11,
        2.6206296392360797e-11
      ],
      "confidence": 0.7
    }
  ]
}