{
  "chunk": 510,
  "total_chunks": 3600,
  "patterns_found": 2,
  "start_time": 509.00014138892817,
  "end_time": 509.9991416664283,
  "patterns": [
    {
      "type": "spike",
      "count": 20,
      "times": [
        509.0051413903171,
        509.0081413911504,
        509.01114139198376,
        509.01414139281707,
        509.01614139337266,
        509.0221413950393,
        509.0241413955949,
        509.0321413978171,
        509.03414139837264,
        509.03714139920595,
        509.0441414011504,
        509.0991414164282,
        509.92714164642825,
        509.9611416558727,
        509.9701416583727,
        509.97714166031716,
        509.98214166170607,
        509.9891416636505,
        509.9921416644838,
        509.99614166559496
      ],
      "amplitudes": [
        0.0010829056913600403,
        0.0010981310206684136,
        0.0011995749263240623,
        0.001116237988308153,
        0.00106743663948188,
        0.0010605715169143416,
        0.0010479978450006905,
        0.0010499694879246685,
        0.0010458705340158068,
        0.0011109333607667098,
        0.0010773029580159982,
        0.0010718962322300702,
        0.0010589251372211863,
        0.001070591307829475,
        0.0010883403682371675,
        0.0010755024701417275,
        0.0010830747753418119,
        0.0011367454205488798,
        0.0010940808373123274,
        0.0011742690199258454
      ],
      "confidence": 0.8
    },
    {
      "type": "oscillation",
      "frequencies": [
        3.906248914960688,
        15.624995659842751,
        23.437493489764126,
        39.062489149606876,
        58.59373372441032,
        74.21872938425307,
        85.93747612913513,
        93.7499739590565,
        109.37496961889926,
        136.71871202362408,
        148.43745876850613,
        175.78120117323095,
        199.2186946629951,
        222.6561881527592,
        234.37493489764128,
        246.09368164252334,
        265.6249262173268,
        281.2499218771695,
        292.9686686220516,
        308.59366428189435,
        320.3124110267764,
        328.1249088566978,
        335.93740668661917,
        351.5624023464619,
        359.3749001763833,
        374.999895836226,
        382.8123936661474,
        406.24988715591155,
        417.9686339007936,
        437.49987847559703,
        453.12487413543977,
        464.84362088032185,
        472.6561187102432,
        496.0936122000073
      ],
      "power": [
        2.722911084407192e-10,
        1.766320407009337e-11,
        1.6286834861908137e-11,
        2.0659218913230707e-11,
        2.819202453509108e-11,
        1.922981736861928e-11,
        1.8503679721845464e-11,
        1.909978317247967e-11,
        3.721599395567229e-11,
        2.651657341447991e-11,
        4.678993615024442e-11,
        3.673403387271143e-11,
        2.52755485297453e-11,
        2.659399523376248e-11,
        3.3757700305119824e-11,
        3.072251690089009e-11,
        1.5165101311248998e-11,
        1.6556382024475645e-11,
        2.0520531151530793e-11,
        3.7593326109230993e-11,
        2.622504737805446e-11,
        3.266328248570998e-11,
        2.1438737243996532e-11,
        2.1101491750665422e-11,
        1.9920585904679257e-11,
        1.6846684046556782e-11,
        1.8760948494657373e-11,
        3.9787606417801024e-11,
        1.9328580647921782e-11,
        4.066243284412871e-11,
        2.477291503123834e-11,
        1.6996270708343414e-11,
        1.8462983469315907e-11,
        1.9196615767302226e-11
      ],
      "confidence": 0.7
    }
  ]
}