{
  "chunk": 2240,
  "total_chunks": 3600,
  "patterns_found": 2,
  "start_time": 2239.0006219446173,
  "end_time": 2239.9996222221175,
  "patterns": [
    {
      "type": "spike",
      "count": 22,
      "times": [
        2239.007621946562,
        2239.0126219479507,
        2239.0146219485064,
        2239.0176219493396,
        2239.025621951562,
        2239.0316219532283,
        2239.0346219540615,
        2239.0486219579507,
        2239.051621958784,
        2239.0536219593396,
        2239.0586219607285,
        2239.0666219629506,
        2239.106621974062,
        2239.8906221918396,
        2239.9366222046174,
        2239.9406222057287,
        2239.943622206562,
        2239.960622211284,
        2239.9776222160062,
        2239.9916222198954,
        2239.995622221006,
        2239.997622221562
      ],
      "amplitudes": [
        0.0010524017013914813,
        0.0010983308815045655,
        0.0010924994745197625,
        0.001081259576815655,
        0.001059120188881592,
        0.0010850261574459447,
        0.001251846472718834,
        0.0010787249015713422,
        0.0010608563917957681,
        0.00113014121056504,
        0.0010892745251639044,
        0.0010722871769519014,
        0.001102156079388008,
        0.0010801802930776767,
        0.0010795933381710107,
        0.0011655931915754356,
        0.0010587900082316651,
        0.0010689246231636795,
        0.0010984073059860935,
        0.0011316163230067316,
        0.0011791033972625676,
        0.0012652324952955503
      ],
      "confidence": 0.8
    },
    {
      "type": "oscillation",
      "frequencies": [
        3.9062489138504652,
        23.43749348310279,
        42.96873805235512,
        62.499982621607444,
        78.1249782770093,
        85.93747610471024,
        97.65622284626163,
        113.28121850166349,
        128.90621415706536,
        136.7187119847663,
        152.34370764016813,
        160.15620546786909,
        171.87495220942048,
        191.4061967786728,
        207.03119243407465,
        218.74993917562605,
        226.56243700332698,
        249.99993048642978,
        273.4374239695326,
        289.0624196249344,
        300.7811663664858,
        312.4999131080372,
        328.12490876343907,
        343.74990441884097,
        351.56240224654186,
        371.0936468157942,
        382.8123935573456,
        390.6248913850465,
        417.96863378199976,
        433.59362943740166,
        460.9373718343549,
        472.6561185759063,
        484.3748653174577,
        496.0936120590091
      ],
      "power": [
        3.0672529942998486e-10,
        4.5679001138672153e-11,
        3.25398605895415e-11,
        3.6848979754185884e-11,
        8.963048370305104e-12,
        9.546496355972637e-12,
        1.741560605555946e-11,
        2.552309878555648e-11,
        2.32910535663837e-11,
        2.3148319533186058e-11,
        1.9148227494861028e-11,
        2.243583447252388e-11,
        5.340129784516674e-11,
        3.636983779172718e-11,
        2.229413883775289e-11,
        2.4730663336291764e-11,
        2.890234550592783e-11,
        2.7560379052345807e-11,
        2.0608299097902193e-11,
        3.7326722115360395e-11,
        4.263904003765679e-11,
        3.0471611303043936e-11,
        2.2119421745580065e-11,
        2.121762222492211e-11,
        1.5231776139100233e-11,
        3.0367283095367517e-11,
        3.02411014547457e-11,
        3.1450326349836394e-11,
        1.2529238531738748e-11,
        1.6378587517304513e-11,
        3.95789807144517e-11,
        2.8669058988749942e-11,
        2.1823812009421802e-11,
        2.809976596295508e-11
      ],
      "confidence": 0.7
    }
  ]
}