{
  "chunk": 540,
  "total_chunks": 3600,
  "patterns_found": 2,
  "start_time": 539.0001497222638,
  "end_time": 539.999149999764,
  "patterns": [
    {
      "type": "spike",
      "count": 31,
      "times": [
        539.0021497228194,
        539.004149723375,
        539.0101497250416,
        539.0121497255972,
        539.0141497261527,
        539.0171497269861,
        539.0241497289305,
        539.0271497297639,
        539.031149730875,
        539.0361497322639,
        539.040149733375,
        539.044149734486,
        539.0541497372639,
        539.0691497414305,
        539.0751497430972,
        539.8581499605972,
        539.9131499758751,
        539.940149983375,
        539.9421499839306,
        539.9451499847639,
        539.9471499853195,
        539.9511499864306,
        539.9531499869861,
        539.9601499889305,
        539.967149990875,
        539.9801499944862,
        539.9871499964306,
        539.9901499972639,
        539.9921499978195,
        539.9961499989306,
        539.9981499994861
      ],
      "amplitudes": [
        0.0011433509390976482,
        0.001077642258055627,
        0.00111670959789089,
        0.0010860771209070925,
        0.0011325002243947177,
        0.0011194200335126355,
        0.0011855760170775996,
        0.0010703257045252552,
        0.001058509478093993,
        0.0011266381557590343,
        0.0010468697768677279,
        0.001044163947307661,
        0.0010911364059801778,
        0.001043420045327288,
        0.0010474345918822683,
        0.001049500315495399,
        0.001056306575582202,
        0.0010920274388969739,
        0.0010523937748413044,
        0.0010627199462438263,
        0.0010602699587004927,
        0.00108121635549641,
        0.0010469372734312422,
        0.001073074956057103,
        0.001045491670085181,
        0.0010609036450672591,
        0.0010692169011313035,
        0.001152463572488591,
        0.0011231174253015811,
        0.0011574260241819963,
        0.0010910469839534524
      ],
      "confidence": 0.8
    },
    {
      "type": "oscillation",
      "frequencies": [
        3.906248914738643,
        31.249991317909146,
        50.781235891602364,
        62.49998263581829,
        74.21872938003422,
        85.93747612425015,
        97.65622286846607,
        105.46872069794337,
        128.90621418637522,
        136.7187120158525,
        148.43745876006844,
        156.24995658954572,
        171.8749522485003,
        191.40619682219352,
        203.12494356640946,
        222.65618814010267,
        246.0936816285345,
        273.437424031705,
        281.2499218611823,
        304.6874153496142,
        316.4061620938301,
        332.0311577527847,
        339.843655582262,
        363.2811490706938,
        374.99989581490973,
        390.6248914738643,
        410.15613604755754,
        421.8748827917735,
        437.49987845072803,
        449.21862519494397,
        457.0311230244213,
        472.65611868337584,
        480.4686165128531,
        496.0936121718077
      ],
      "power": [
        2.856397807028866e-10,
        1.7649128902452755e-11,
        2.2899695854018192e-11,
        2.220070298073256e-11,
        1.8217137710751356e-11,
        3.337876690867848e-11,
        1.61859536574896e-11,
        1.8367529296941033e-11,
        2.7448122330987076e-11,
        1.8898298850236964e-11,
        2.2176546378311784e-11,
        2.803937863109622e-11,
        4.6799853948683074e-11,
        1.8536046529040835e-11,
        1.9343565121842212e-11,
        3.6648418185214265e-11,
        2.5694536696302476e-11,
        2.9710568095173325e-11,
        2.4402986982935784e-11,
        4.071078427020855e-11,
        2.369561574710983e-11,
        2.1289431945117436e-11,
        3.313385594447367e-11,
        1.446641420454068e-11,
        2.4950155456336213e-11,
        2.731021121496071e-11,
        2.6761469038116145e-11,
        3.2513881116457974e-11,
        1.9261855403786905e-11,
        2.3307315083243543e-11,
        2.4757899515057417e-11,
        1.5204375898045598e-11,
        1.8586590645280342e-11,
        2.8869104704794752e-11
      ],
      "confidence": 0.7
    }
  ]
}