{
  "chunk": 2706,
  "total_chunks": 3600,
  "patterns_found": 2,
  "start_time": 2705.000751389098,
  "end_time": 2705.9997516665976,
  "patterns": [
    {
      "type": "spike",
      "count": 25,
      "times": [
        2705.003751389931,
        2705.0107513918756,
        2705.0127513924313,
        2705.0207513946534,
        2705.022751395209,
        2705.02675139632,
        2705.0377513993753,
        2705.060751405764,
        2705.066751407431,
        2705.0747514096533,
        2705.0917514143757,
        2705.1087514190976,
        2705.8657516293756,
        2705.89975163882,
        2705.9347516485423,
        2705.939751649931,
        2705.9517516532646,
        2705.95375165382,
        2705.9567516546535,
        2705.9647516568757,
        2705.967751657709,
        2705.9717516588203,
        2705.9827516618757,
        2705.9877516632646,
        2705.99875166632
      ],
      "amplitudes": [
        0.0010518657064214172,
        0.0010545588933382683,
        0.0010576539279919333,
        0.00105524483453193,
        0.001182997484295219,
        0.0011025826000274394,
        0.001141429297900145,
        0.0011095975441005217,
        0.001121594521267876,
        0.0010556142302836436,
        0.001205973688305684,
        0.0011313442404257445,
        0.0010736804795394691,
        0.0011342716337709412,
        0.0011135340995252617,
        0.0010879296970781648,
        0.0011326572225499134,
        0.001104943852306572,
        0.0010669316983965562,
        0.0011163984247954018,
        0.0011412171291803734,
        0.0011754407535923557,
        0.0011651103653767066,
        0.0011238484222780233,
        0.0012032577583039744
      ],
      "confidence": 0.8
    },
    {
      "type": "oscillation",
      "frequencies": [
        3.906248915626821,
        35.15624024064139,
        58.59373373440232,
        78.12497831253643,
        89.84372505941688,
        97.65622289067053,
        105.46872072192417,
        113.28121855317781,
        121.09371638443146,
        136.71871204693875,
        144.53120987819239,
        160.15620554069966,
        171.87495228758013,
        191.40619686571424,
        199.21869469696787,
        218.74993927510198,
        234.37493493760928,
        246.09368168448972,
        257.8124284313702,
        273.4374240938775,
        289.06241975638477,
        312.4999132501457,
        328.124908912653,
        339.84365565953345,
        359.37490023766753,
        374.9998959001748,
        394.53114047830894,
        414.062385056443,
        429.68738071895035,
        441.4061274658308,
        449.21862529708443,
        460.9373720439649,
        476.5623677064722,
        492.18736336897945
      ],
      "power": [
        3.528384372999498e-10,
        2.6069409673501526e-11,
        3.3040489700883194e-11,
        1.7355937537986398e-11,
        3.224074965003278e-11,
        1.6610748207964867e-11,
        3.077526143567024e-11,
        3.620063989225208e-11,
        3.1072323189797185e-11,
        3.049867621549484e-11,
        2.8275813960562518e-11,
        3.924994618169205e-11,
        3.058565766621632e-11,
        3.49577813451219e-11,
        3.307606062158465e-11,
        1.6155320512929207e-11,
        1.652332377854686e-11,
        2.7057360265801225e-11,
        2.0546405662745112e-11,
        2.4653767644622986e-11,
        3.7433220595517183e-11,
        1.7064962075153884e-11,
        2.3340956109120286e-11,
        2.4864186303910617e-11,
        2.443625454979825e-11,
        3.9421202936407015e-11,
        3.460144266609019e-11,
        2.373803196812691e-11,
        2.3129631715676238e-11,
        2.5350130002184024e-11,
        1.9625466392750535e-11,
        2.871390486458761e-11,
        3.850468033024734e-11,
        2.287061173278759e-11
      ],
      "confidence": 0.7
    }
  ]
}