{
  "chunk": 3276,
  "total_chunks": 3600,
  "patterns_found": 2,
  "start_time": 3275.000909722475,
  "end_time": 3275.999909999975,
  "patterns": [
    {
      "type": "spike",
      "count": 19,
      "times": [
        3275.004909723586,
        3275.0129097258086,
        3275.014909726364,
        3275.0219097283084,
        3275.0269097296973,
        3275.0349097319195,
        3275.927909979975,
        3275.9369099824753,
        3275.9449099846975,
        3275.950909986364,
        3275.9659099905307,
        3275.9679099910863,
        3275.974909993031,
        3275.976909993586,
        3275.9809099946974,
        3275.9849099958087,
        3275.994909998586,
        3275.9969099991417,
        3275.9989099996974
      ],
      "amplitudes": [
        0.0011651552931150704,
        0.0011502822332091222,
        0.001087835812466253,
        0.0011386042449281612,
        0.0011721939878506522,
        0.0011518840401400902,
        0.001222023018065917,
        0.001056548252396241,
        0.0010888029633478612,
        0.0010575619816814658,
        0.001158895448607804,
        0.0010837326898148533,
        0.0011214186470590453,
        0.0010806781184462268,
        0.001174864553039912,
        0.0011511376135992964,
        0.0010600558357772595,
        0.0011200078923432704,
        0.0011113126248085694
      ],
      "confidence": 0.8
    },
    {
      "type": "oscillation",
      "frequencies": [
        3.906248915626821,
        31.24999132501457,
        39.062489156268214,
        50.781235903148676,
        70.31248048128278,
        82.03122722816325,
        109.37496963755099,
        117.18746746880464,
        132.81246313131192,
        148.43745879381922,
        179.68745011883377,
        191.40619686571424,
        207.0311925282215,
        214.84369035947518,
        226.56243710635562,
        238.2811838532361,
        261.718677346997,
        269.53117517825063,
        281.2499219251311,
        292.9686686720116,
        304.68741541889204,
        328.124908912653,
        343.74990457516026,
        367.1873980689212,
        374.9998959001748,
        382.8123937314285,
        398.43738939393575,
        421.8748828876967,
        433.59362963457716,
        457.0311231283381,
        476.5623677064722,
        484.37486553772584
      ],
      "power": [
        3.5433731932706907e-10,
        2.2869867896592845e-11,
        2.0573631251602492e-11,
        2.972441446738654e-11,
        2.373112979094509e-11,
        2.998322091485597e-11,
        1.898352254232559e-11,
        1.5540739536948975e-11,
        1.8931145320562122e-11,
        1.9542442049537254e-11,
        5.76141535997294e-11,
        3.186858675314308e-11,
        2.1931514302188598e-11,
        1.951792418291812e-11,
        2.25188968612147e-11,
        3.023429083282801e-11,
        3.300348681170523e-11,
        1.644995730410029e-11,
        2.8695044914076654e-11,
        3.5313109537773526e-11,
        2.3747077505924402e-11,
        4.4002642909228215e-11,
        3.4428517849682763e-11,
        2.040567280368131e-11,
        2.204561448741188e-11,
        1.3898868894289917e-11,
        2.4806650988112082e-11,
        2.5866677357679748e-11,
        3.1776625407819244e-11,
        1.7014926553617684e-11,
        2.6087373631791142e-11,
        2.7908026718275866e-11
      ],
      "confidence": 0.7
    }
  ]
}