{
  "chunk": 181,
  "total_chunks": 3600,
  "patterns_found": 2,
  "start_time": 180.00005000001389,
  "end_time": 180.999050277514,
  "patterns": [
    {
      "type": "spike",
      "count": 9,
      "times": [
        180.40605011279172,
        180.41805011612504,
        180.43205012001394,
        180.45005012501395,
        180.45505012640282,
        180.4600501277917,
        180.49305013695837,
        180.5470501519584,
        180.6410501780695
      ],
      "amplitudes": [
        0.0017747582142686844,
        0.0017133131282877044,
        0.001692835173188977,
        0.0017205223828635364,
        0.001715522010862206,
        0.0017195447107926783,
        0.0017156724574662252,
        0.0017306107153922177,
        0.0016899950693546717
      ],
      "confidence": 0.8
    },
    {
      "type": "oscillation",
      "frequencies": [
        3.9062489148496655,
        27.343742403947658,
        46.874986978195984,
        66.40623155244431,
        85.93747612669264,
        105.46872070094096,
        113.2812185306403,
        121.09371636033963,
        132.81246310488862,
        140.62496093458796,
        152.34370767913697,
        167.96870333853562,
        179.68745008308463,
        187.49994791278394,
        203.12494357218262,
        214.8436903167316,
        226.5624370612806,
        238.28118380582958,
        253.90617946522826,
        261.7186772949276,
        273.4374240394766,
        292.9686686137249,
        308.5936642731236,
        335.93740667707124,
        347.6561534216202,
        367.18739799586854,
        378.9061447404176,
        390.62489148496655,
        425.78113171861355,
        433.5936295483129,
        441.40612737801223,
        453.1248741225612,
        464.8436208671102,
        476.56236761165917,
        496.09361218590755
      ],
      "power": [
        3.1220346328750023e-10,
        2.7184136695787444e-11,
        2.4545832071882192e-11,
        2.1475171332452248e-11,
        3.148984875549853e-11,
        2.091711326478606e-11,
        2.0015100365462707e-11,
        2.0180248839438298e-11,
        1.8125305493486144e-11,
        1.8357451836811144e-11,
        2.682137523835389e-11,
        3.488609245237173e-11,
        2.2789154706969277e-11,
        2.4078579948004067e-11,
        4.1837919461784946e-11,
        2.436560003051239e-11,
        1.4927782371706122e-11,
        1.5047208122753913e-11,
        2.2906644905531793e-11,
        1.9317554798052686e-11,
        1.950000719437149e-11,
        2.0302443713748678e-11,
        3.472687287754383e-11,
        2.5296776135199093e-11,
        3.5288426323459535e-11,
        3.1917197769597477e-11,
        1.4027328523742599e-11,
        2.949657309054988e-11,
        2.5807347797741254e-11,
        1.947024887992271e-11,
        1.973035405889243e-11,
        3.029592528323362e-11,
        2.8415522413687526e-11,
        1.7465179449795127e-11,
        4.1037157989569914e-11
      ],
      "confidence": 0.7
    }
  ]
}