{
  "chunk": 591,
  "total_chunks": 3600,
  "patterns_found": 2,
  "start_time": 590.0001638889345,
  "end_time": 590.9991641664345,
  "patterns": [
    {
      "type": "spike",
      "count": 7,
      "times": [
        590.3931639981012,
        590.4631640175456,
        590.4921640256011,
        590.51516403199,
        590.5381640383789,
        590.5801640500456,
        590.6851640792123
      ],
      "amplitudes": [
        0.0017242407169455276,
        0.0016989599692851655,
        0.0017264412386962013,
        0.001735479170703698,
        0.0017149686348720055,
        0.0016872845260072296,
        0.001737678060915129
      ],
      "confidence": 0.8
    },
    {
      "type": "oscillation",
      "frequencies": [
        3.906248915182732,
        31.249991321461856,
        54.687484812558246,
        82.03122721883737,
        93.74997396438556,
        109.37496962511649,
        121.0937163706647,
        136.71871203139563,
        144.53120986176108,
        152.34370769212654,
        164.06245443767475,
        179.68745009840566,
        191.40619684395386,
        203.12494358950207,
        226.56243708059844,
        242.1874327413294,
        285.1561708083394,
        292.9686686387049,
        304.6874153842531,
        316.4061621298013,
        332.03115779053223,
        347.65615345126315,
        363.28114911199407,
        378.906144772725,
        390.6248915182732,
        402.3436382638214,
        414.06238500936956,
        425.7811317549178,
        445.31237633083146,
        453.1248741611969,
        464.8436209067451,
        484.3748654826588
      ],
      "power": [
        2.9011232041401443e-10,
        2.917266530677087e-11,
        2.9606612138043646e-11,
        2.7238913805039964e-11,
        3.177320877710659e-11,
        2.1449009279615728e-11,
        3.740034520746271e-11,
        2.7234994751402832e-11,
        1.947658602850458e-11,
        2.387651363726064e-11,
        3.548223917800927e-11,
        2.74131856727993e-11,
        1.3413275213716334e-11,
        2.3647545137953953e-11,
        4.814189641775191e-11,
        2.7146338390108232e-11,
        3.2183214646477734e-11,
        2.6691233530775754e-11,
        1.4318554593283185e-11,
        1.991021193798299e-11,
        3.7319333464188333e-11,
        4.641049751428873e-11,
        2.4488203771312263e-11,
        2.3732761745409705e-11,
        2.3335058355583245e-11,
        4.628413824420728e-11,
        2.2067258878310473e-11,
        2.13603928517304e-11,
        1.4853048175311384e-11,
        2.62183776072518e-11,
        1.7951477079611568e-11,
        4.349037831969727e-11
      ],
      "confidence": 0.7
    }
  ]
}