{
  "chunk": 2207,
  "total_chunks": 3600,
  "patterns_found": 2,
  "start_time": 2206.000612777948,
  "end_time": 2206.999613055448,
  "patterns": [
    {
      "type": "spike",
      "count": 12,
      "times": [
        2206.374612881837,
        2206.4256128960037,
        2206.4806129112817,
        2206.501612917115,
        2206.5546129318373,
        2206.568612935726,
        2206.591612942115,
        2206.604612945726,
        2206.6066129462815,
        2206.613612948226,
        2206.6746129651706,
        2206.6836129676703
      ],
      "amplitudes": [
        0.0017046665691120336,
        0.0016872984698108715,
        0.0017540920111027158,
        0.0016902288746141801,
        0.0017587130145220752,
        0.001697727944611905,
        0.0016947183453039395,
        0.0017118772957343555,
        0.0017602323744088074,
        0.0017112821951474682,
        0.0016913609078635556,
        0.0017634273143964031
      ],
      "confidence": 0.8
    },
    {
      "type": "oscillation",
      "frequencies": [
        3.9062489138504652,
        19.531244569252326,
        39.06248913850465,
        58.59373370775698,
        74.21872936315884,
        85.93747610471024,
        105.46872067396257,
        113.28121850166349,
        124.99996524321489,
        136.7187119847663,
        156.2499565540186,
        171.87495220942048,
        183.59369895097186,
        203.12494352022418,
        218.74993917562605,
        230.46868591717745,
        246.0936815725793,
        253.90617940028025,
        269.5311750556821,
        281.24992179723347,
        292.96866853878487,
        308.5936641941868,
        316.40616202188767,
        328.12490876343907,
        359.3749000742428,
        374.99989572964466,
        390.6248913850465,
        402.3436381265979,
        414.0623848681493,
        421.87488269585026,
        433.59362943740166,
        445.31237617895306,
        464.84362074820535,
        480.4686164036072,
        496.0936120590091
      ],
      "power": [
        3.2795460872047707e-10,
        2.503395861384652e-11,
        2.0774497046479328e-11,
        1.7407895659200668e-11,
        2.894225155736539e-11,
        2.827030599292593e-11,
        2.8097119969328964e-11,
        2.77076894180815e-11,
        2.3363549672787223e-11,
        2.686207053249242e-11,
        2.783378899300516e-11,
        2.6673966895717362e-11,
        2.656905878529799e-11,
        2.467088895208976e-11,
        2.3486187372320327e-11,
        2.652091266260739e-11,
        1.2479117590595303e-11,
        2.210575858204185e-11,
        1.4505724746326781e-11,
        2.574982249744492e-11,
        2.7025566566404698e-11,
        2.6815558732589552e-11,
        2.5341209990456404e-11,
        2.7151617992227867e-11,
        3.554283685941701e-11,
        2.128082909007483e-11,
        1.8096049819768116e-11,
        2.740035886386066e-11,
        2.8743460572220625e-11,
        3.1516094762977553e-11,
        2.969260151005373e-11,
        4.7271368894590524e-11,
        1.4598241150384986e-11,
        3.2270678422839955e-11,
        1.54936279042691e-11
      ],
      "confidence": 0.7
    }
  ]
}