{
  "chunk": 2208,
  "total_chunks": 3600,
  "patterns_found": 2,
  "start_time": 2207.000613055726,
  "end_time": 2207.999613333226,
  "patterns": [
    {
      "type": "spike",
      "count": 23,
      "times": [
        2207.001613056004,
        2207.0066130573928,
        2207.0126130590593,
        2207.014613059615,
        2207.0166130601706,
        2207.018613060726,
        2207.0246130623927,
        2207.027613063226,
        2207.032613064615,
        2207.0366130657258,
        2207.050613069615,
        2207.054613070726,
        2207.0576130715594,
        2207.0676130743373,
        2207.102613084059,
        2207.9296133137814,
        2207.931613314337,
        2207.960613322393,
        2207.967613324337,
        2207.9706133251707,
        2207.991613331004,
        2207.9956133321148,
        2207.9986133329485
      ],
      "amplitudes": [
        0.0011278228799485876,
        0.001113039081975598,
        0.0010604589757791125,
        0.0010623203017235136,
        0.0012490651909540988,
        0.0010805818874248434,
        0.0010526375322785306,
        0.0010610445131357604,
        0.001142579090657123,
        0.0010905050729708118,
        0.0010490292823525768,
        0.0010778885012418958,
        0.0010682842829168116,
        0.0011485899908681902,
        0.0010657905934309778,
        0.001065577828099615,
        0.0010982425307875414,
        0.0010749740817036935,
        0.001242875321887471,
        0.001082060253636974,
        0.001160071757704032,
        0.001158188825679342,
        0.0010575111666613541
      ],
      "confidence": 0.8
    },
    {
      "type": "oscillation",
      "frequencies": [
        3.9062489138504652,
        15.624995655401861,
        27.343742396953257,
        46.87498696620558,
        66.4062315354579,
        82.03122719085977,
        97.65622284626163,
        105.46872067396257,
        117.18746741551396,
        136.7187119847663,
        144.5312098124672,
        156.2499565540186,
        171.87495220942048,
        191.4061967786728,
        207.03119243407465,
        222.65618808947653,
        249.99993048642978,
        269.5311750556821,
        281.24992179723347,
        316.40616202188767,
        335.93740659114,
        351.56240224654186,
        374.99989572964466,
        398.43738921274746,
        406.24988704044836,
        421.87488269585026,
        437.4998783512521,
        449.2186250928035,
        468.74986966205586,
        480.4686164036072
      ],
      "power": [
        3.024070233848592e-10,
        2.650570232942361e-11,
        3.2508984972012074e-11,
        2.158247164998456e-11,
        3.102011812380301e-11,
        2.257711848923438e-11,
        3.95557252224025e-11,
        1.2243921267663274e-11,
        1.4338935224887596e-11,
        2.8135324842387586e-11,
        2.5802833534393386e-11,
        2.3504365791235775e-11,
        3.861103901291922e-11,
        1.8111383739573012e-11,
        3.56888378354732e-11,
        3.081381262258706e-11,
        2.3077504845732842e-11,
        3.255125056214318e-11,
        3.411680322172379e-11,
        3.887455200856423e-11,
        2.041025374396214e-11,
        1.7214201224029645e-11,
        5.17351394794205e-11,
        3.166560475766707e-11,
        2.2510120950460357e-11,
        2.014201835568643e-11,
        1.5153499564098676e-11,
        2.7127479744198987e-11,
        4.058289289613445e-11,
        4.313277989355265e-11
      ],
      "confidence": 0.7
    }
  ]
}