{
  "chunk": 2010,
  "total_chunks": 3600,
  "patterns_found": 2,
  "start_time": 2009.0005580557106,
  "end_time": 2009.9995583332106,
  "patterns": [
    {
      "type": "spike",
      "count": 21,
      "times": [
        2009.0045580568217,
        2009.0075580576552,
        2009.0115580587662,
        2009.0145580595995,
        2009.017558060433,
        2009.0245580623773,
        2009.0295580637662,
        2009.0325580645995,
        2009.0375580659884,
        2009.039558066544,
        2009.0475580687662,
        2009.0565580712662,
        2009.0985580829329,
        2009.916558310155,
        2009.9275583132107,
        2009.9655583237663,
        2009.9735583259885,
        2009.9825583284885,
        2009.9865583295996,
        2009.9885583301552,
        2009.9955583320996
      ],
      "amplitudes": [
        0.0010796077769625113,
        0.0010751703508628464,
        0.0010754373986227928,
        0.0012021862050527587,
        0.001091604061523897,
        0.0011396200530083551,
        0.001181181860330062,
        0.0010581486155492774,
        0.0011170364795548215,
        0.0010759954757445305,
        0.0010700863264246345,
        0.0010501826193466558,
        0.0011912921097352105,
        0.0011505049015025917,
        0.0010566126661459491,
        0.0011550659542046823,
        0.0011709805549565235,
        0.001063991392847485,
        0.0011935713879597585,
        0.0010718788013735665,
        0.0010904706519971438
      ],
      "confidence": 0.8
    },
    {
      "type": "oscillation",
      "frequencies": [
        3.906248914738643,
        27.343742403170502,
        39.06248914738643,
        46.87498697686372,
        66.40623155055694,
        74.21872938003422,
        89.8437250389888,
        97.65622286846607,
        109.37496961268201,
        121.09371635689794,
        140.62496093059116,
        148.43745876006844,
        160.15620550428437,
        183.59369899271624,
        195.31244573693215,
        203.12494356640946,
        214.8436903106254,
        234.3749348843186,
        246.0936816285345,
        257.81242837275045,
        269.5311751169664,
        277.3436729464437,
        296.8749175201369,
        324.21865992330737,
        335.9374066675233,
        355.46865124121655,
        367.1873979854325,
        378.9061447296484,
        390.6248914738643,
        398.4373893033416,
        414.06238496229616,
        429.6873806212508,
        445.31237628020534,
        460.9373719391599,
        480.4686165128531,
        496.0936121718077
      ],
      "power": [
        3.2745380645941645e-10,
        2.3219808838350424e-11,
        1.5309069797556837e-11,
        3.698703595809625e-11,
        3.706184098780696e-11,
        2.338235577701469e-11,
        2.2588961868433513e-11,
        2.7771645524703072e-11,
        1.4346775772774488e-11,
        3.004449111010344e-11,
        3.694702803272527e-11,
        2.946025581816645e-11,
        3.3598522690928054e-11,
        2.9614855371990346e-11,
        2.2814128642222574e-11,
        2.158754677940119e-11,
        1.890335751655005e-11,
        2.507371333495474e-11,
        1.3710492636022073e-11,
        2.1656075292073886e-11,
        3.1815622949210483e-11,
        3.1713472442732726e-11,
        2.4906640974658043e-11,
        2.323338070098653e-11,
        2.029088546187376e-11,
        3.1036835848921134e-11,
        1.6494036674839234e-11,
        2.3757258245112264e-11,
        3.0244769556876145e-11,
        2.2670193413388813e-11,
        2.377126182109786e-11,
        2.335419367250137e-11,
        2.0903593020327463e-11,
        1.1179550106564778e-11,
        3.3377950571740084e-11,
        2.7573947204971422e-11
      ],
      "confidence": 0.7
    }
  ]
}