{
  "chunk": 1731,
  "total_chunks": 3600,
  "patterns_found": 2,
  "start_time": 1730.0004805556891,
  "end_time": 1730.9994808331892,
  "patterns": [
    {
      "type": "spike",
      "count": 6,
      "times": [
        1730.4474806798557,
        1730.4864806906892,
        1730.5124806979113,
        1730.532480703467,
        1730.5764807156893,
        1730.7234807565226
      ],
      "amplitudes": [
        0.0016917389957752274,
        0.0017433761630920143,
        0.0016980642203019685,
        0.0017098621219669803,
        0.0016903535445137786,
        0.001716146879108458
      ],
      "confidence": 0.8
    },
    {
      "type": "oscillation",
      "frequencies": [
        3.906248914738643,
        11.71874674421593,
        19.531244573693215,
        27.343742403170502,
        39.06248914738643,
        50.781235891602364,
        66.40623155055694,
        74.21872938003422,
        85.93747612425015,
        97.65622286846607,
        113.28121852742065,
        128.90621418637522,
        140.62496093059116,
        167.96870333376165,
        183.59369899271624,
        191.40619682219352,
        203.12494356640946,
        214.8436903106254,
        222.65618814010267,
        238.28118379905723,
        249.99993054327317,
        257.81242837275045,
        269.5311751169664,
        281.2499218611823,
        300.7811664348755,
        312.49991317909144,
        328.12490883804605,
        339.843655582262,
        359.3749001559552,
        378.9061447296484,
        386.71864255912567,
        414.06238496229616,
        421.8748827917735,
        437.49987845072803,
        460.9373719391599,
        484.37486542759177,
        492.187363257069
      ],
      "power": [
        3.3033881183702415e-10,
        2.517318865766678e-11,
        2.149630903064798e-11,
        2.236149942063052e-11,
        2.6703770516266113e-11,
        1.8729671098685975e-11,
        2.1857969254701367e-11,
        2.290693385199855e-11,
        2.066998632001469e-11,
        3.7712018251490655e-11,
        3.0513393556186635e-11,
        2.069103202781513e-11,
        1.1289221204974714e-11,
        2.5649642088541736e-11,
        2.2163237388792354e-11,
        2.628583679680117e-11,
        1.965360375195891e-11,
        3.044203731659535e-11,
        2.445211747557864e-11,
        2.2979260457786557e-11,
        1.801599735076628e-11,
        2.2246528017598458e-11,
        3.0347394064785644e-11,
        2.2904718360354674e-11,
        1.9646765747119205e-11,
        1.9674349232791713e-11,
        1.6389289633005862e-11,
        4.566784965120662e-11,
        2.3799194149057547e-11,
        1.8571362125495954e-11,
        2.6789328283813935e-11,
        2.927163470117997e-11,
        2.3491772829950662e-11,
        2.8530951704490367e-11,
        5.048872279785812e-11,
        3.312455305549083e-11,
        1.7741858337395008e-11
      ],
      "confidence": 0.7
    }
  ]
}