{
  "chunk": 3049,
  "total_chunks": 3600,
  "patterns_found": 2,
  "start_time": 3048.000846666902,
  "end_time": 3048.999846944402,
  "patterns": [
    {
      "type": "spike",
      "count": 6,
      "times": [
        3048.392846775791,
        3048.4118467810686,
        3048.488846802458,
        3048.5778468271797,
        3048.661846850513,
        3048.724846868013
      ],
      "amplitudes": [
        0.0016802819113621353,
        0.0017212645947117479,
        0.0016854241660364186,
        0.0016823910228769296,
        0.0017969042259268072,
        0.001688262066544959
      ],
      "confidence": 0.8
    },
    {
      "type": "oscillation",
      "frequencies": [
        3.9062489138504652,
        15.624995655401861,
        27.343742396953257,
        39.06248913850465,
        46.87498696620558,
        54.68748479390651,
        62.499982621607444,
        78.1249782770093,
        93.74997393241117,
        109.37496958781303,
        121.09371632936443,
        132.8124630709158,
        144.5312098124672,
        156.2499565540186,
        167.96870329557,
        183.59369895097186,
        191.4061967786728,
        203.12494352022418,
        218.74993917562605,
        234.37493483102793,
        242.18743265872885,
        249.99993048642978,
        277.343672883383,
        285.156170711084,
        296.8749174526354,
        312.4999131080372,
        328.12490876343907,
        343.74990441884097,
        351.56240224654186,
        367.1873979019437,
        378.9061446434951,
        398.43738921274746,
        410.15613595429886,
        421.87488269585026,
        433.59362943740166,
        449.2186250928035,
        460.9373718343549,
        472.6561185759063,
        484.3748653174577,
        492.1873631451586
      ],
      "power": [
        3.123354708304838e-10,
        2.138383506891166e-11,
        1.0777278563235486e-11,
        2.30368665944458e-11,
        1.6986540185002896e-11,
        2.2341593003103545e-11,
        2.5963218447774857e-11,
        2.1964269604215532e-11,
        1.9910874898406695e-11,
        4.077266667141998e-11,
        1.7832568704720514e-11,
        8.716947385021185e-12,
        1.90147876759072e-11,
        2.7815418763033966e-11,
        3.2614845492377447e-11,
        2.513005384672531e-11,
        2.4050871151832144e-11,
        2.028133102818149e-11,
        1.7556108287288998e-11,
        3.0374806495634354e-11,
        4.191697411959842e-11,
        3.612062782258003e-11,
        1.5700339710591706e-11,
        2.00924129859623e-11,
        2.7991007529196172e-11,
        2.7496196376447968e-11,
        4.355537187585427e-11,
        2.1057463757246552e-11,
        1.5899269203370315e-11,
        2.4355234670243673e-11,
        3.4347427393020254e-11,
        2.3088103206249274e-11,
        1.1735172963199258e-11,
        2.924924241818298e-11,
        1.2772588661690734e-11,
        2.1316048348584567e-11,
        1.7321961655606467e-11,
        2.0851077718617767e-11,
        2.975723307855685e-11,
        3.0669795354103245e-11
      ],
      "confidence": 0.7
    }
  ]
}