{
  "chunk": 2403,
  "total_chunks": 3600,
  "patterns_found": 2,
  "start_time": 2402.0006672224076,
  "end_time": 2402.999667499908,
  "patterns": [
    {
      "type": "spike",
      "count": 9,
      "times": [
        2402.3686673246298,
        2402.381667328241,
        2402.3846673290745,
        2402.4176673382412,
        2402.421667339352,
        2402.486667357408,
        2402.4906673585187,
        2402.5706673807413,
        2402.6126673924077
      ],
      "amplitudes": [
        0.0017146030966505303,
        0.0016983674394752523,
        0.0016874976963330301,
        0.0017164893332148516,
        0.0016970425343737507,
        0.0017368055938994425,
        0.001686707849089409,
        0.00169691318795914,
        0.001693820202277094
      ],
      "confidence": 0.8
    },
    {
      "type": "oscillation",
      "frequencies": [
        3.9062489138504652,
        15.624995655401861,
        23.43749348310279,
        39.06248913850465,
        46.87498696620558,
        62.499982621607444,
        74.21872936315884,
        85.93747610471024,
        97.65622284626163,
        113.28121850166349,
        124.99996524321489,
        136.7187119847663,
        144.5312098124672,
        152.34370764016813,
        167.96870329557,
        175.78120112327093,
        191.4061967786728,
        210.93744134792513,
        234.37493483102793,
        257.8124283141307,
        277.343672883383,
        292.96866853878487,
        320.31241093573817,
        328.12490876343907,
        339.84365550499047,
        374.99989572964466,
        390.6248913850465,
        410.15613595429886,
        421.87488269585026,
        437.4998783512521,
        453.12487400665395,
        464.84362074820535,
        472.6561185759063,
        492.1873631451586
      ],
      "power": [
        2.9017818808263843e-10,
        2.648380111059658e-11,
        2.404323720561326e-11,
        4.219631921793311e-11,
        3.204036998302444e-11,
        2.830237463926695e-11,
        1.6902718307233336e-11,
        2.5363016482480676e-11,
        2.448247669409091e-11,
        1.912475481541567e-11,
        2.0872322683521494e-11,
        1.5254452208273303e-11,
        2.6402887720155322e-11,
        1.617694229682766e-11,
        2.7856566479149675e-11,
        3.003305902785508e-11,
        1.9867426909932245e-11,
        3.132141791376856e-11,
        2.870111576981796e-11,
        4.3761323661996865e-11,
        1.920632555187768e-11,
        2.4261235594034226e-11,
        1.983597349913638e-11,
        2.4516737012365306e-11,
        3.938949297096228e-11,
        1.9545264240790095e-11,
        3.1750440675825245e-11,
        1.6714877511868812e-11,
        3.195002215086903e-11,
        1.8828024175752216e-11,
        2.583975218350099e-11,
        2.0907957190226828e-11,
        2.090826417681844e-11,
        2.7652471607388453e-11
      ],
      "confidence": 0.7
    }
  ]
}