{
  "chunk": 2549,
  "total_chunks": 3600,
  "patterns_found": 2,
  "start_time": 2548.0007077779746,
  "end_time": 2548.9997080554745,
  "patterns": [
    {
      "type": "spike",
      "count": 5,
      "times": [
        2548.493707914919,
        2548.565707934919,
        2548.597707943808,
        2548.69570797103,
        2548.754707987419
      ],
      "amplitudes": [
        0.0016989918008934453,
        0.0017334322849768826,
        0.0017710686220711216,
        0.0017113832338569333,
        0.0017333972526487923
      ],
      "confidence": 0.8
    },
    {
      "type": "oscillation",
      "frequencies": [
        3.906248915626821,
        15.624995662507285,
        31.24999132501457,
        39.062489156268214,
        50.781235903148676,
        66.40623156565596,
        85.93747614379006,
        109.37496963755099,
        117.18746746880464,
        128.9062142156851,
        148.43745879381922,
        160.15620554069966,
        187.4999479500874,
        195.31244578134107,
        207.0311925282215,
        230.46868602198245,
        242.18743276886292,
        261.718677346997,
        281.2499219251311,
        292.9686686720116,
        312.4999132501457,
        328.124908912653,
        335.93740674390665,
        343.74990457516026,
        355.4686513220407,
        374.9998959001748,
        390.62489156268214,
        410.1561361408162,
        429.68738071895035,
        437.49987855020396,
        453.12487421271123,
        460.9373720439649,
        472.65611879084537,
        484.37486553772584,
        496.0936122846063
      ],
      "power": [
        2.821566085124999e-10,
        3.559010251572481e-11,
        2.1296869492209897e-11,
        1.8828274903218366e-11,
        1.5274446132226133e-11,
        3.331373958195623e-11,
        3.487772604722889e-11,
        1.5245309688729385e-11,
        2.1569291369744387e-11,
        3.1622283592492796e-11,
        2.8372705889350372e-11,
        3.48495272339541e-11,
        5.5426470103576087e-11,
        3.673478969620982e-11,
        2.8998692463992186e-11,
        2.539620363553361e-11,
        3.1249937467485884e-11,
        2.1325171282442245e-11,
        2.5640604631616725e-11,
        3.1222227796505314e-11,
        3.182218966832437e-11,
        1.3116776624967488e-11,
        1.9470943955475482e-11,
        1.9286826380057757e-11,
        2.1742240309023295e-11,
        1.614223092529467e-11,
        2.23654065396154e-11,
        2.3522413498851922e-11,
        2.6858336521459024e-11,
        1.824055551624457e-11,
        1.5903804877009204e-11,
        1.3512447633840248e-11,
        1.630056844004549e-11,
        2.2937037475100212e-11,
        1.6512510159840857e-11
      ],
      "confidence": 0.7
    }
  ]
}