{
  "chunk": 2861,
  "total_chunks": 3600,
  "patterns_found": 2,
  "start_time": 2860.000794444665,
  "end_time": 2860.9997947221655,
  "patterns": [
    {
      "type": "spike",
      "count": 6,
      "times": [
        2860.3547945429987,
        2860.4587945718877,
        2860.4687945746655,
        2860.4737945760544,
        2860.5097945860543,
        2860.5587945996654
      ],
      "amplitudes": [
        0.001782831973874337,
        0.0017075677029057058,
        0.0017057073079449693,
        0.0016935235274769384,
        0.0018261094756123748,
        0.0016989895923609976
      ],
      "confidence": 0.8
    },
    {
      "type": "oscillation",
      "frequencies": [
        3.9062489138504652,
        35.156240224654184,
        46.87498696620558,
        58.59373370775698,
        89.8437250185607,
        101.56247176011209,
        109.37496958781303,
        121.09371632936443,
        128.90621415706536,
        144.5312098124672,
        152.34370764016813,
        160.15620546786909,
        175.78120112327093,
        187.49994786482233,
        210.93744134792513,
        222.65618808947653,
        238.28118374487838,
        253.90617940028025,
        261.7186772279812,
        277.343672883383,
        292.96866853878487,
        308.5936641941868,
        332.03115767728957,
        347.6561533326914,
        359.3749000742428,
        378.9061446434951,
        394.531140298897,
        414.0623848681493,
        429.68738052355116,
        441.40612726510255,
        453.12487400665395,
        468.74986966205586,
        480.4686164036072,
        492.1873631451586
      ],
      "power": [
        2.813460540543316e-10,
        1.8697133903306878e-11,
        1.5937422525137202e-11,
        3.874186793984625e-11,
        2.6187821855743125e-11,
        2.316227745071076e-11,
        2.339088594622321e-11,
        2.1554123339091475e-11,
        2.9578411688716527e-11,
        2.6496548504900612e-11,
        2.7595163556869113e-11,
        2.914676149618556e-11,
        4.9667234737198427e-11,
        2.410502325018557e-11,
        3.944419207223671e-11,
        2.148369509664174e-11,
        2.0266226330228518e-11,
        2.0938327715214612e-11,
        1.963136703151742e-11,
        4.983128299048153e-11,
        3.5742806233980375e-11,
        2.4821784675754394e-11,
        2.6362889585842026e-11,
        3.2870952126008144e-11,
        2.399148257535468e-11,
        3.741901078723387e-11,
        3.391235687345021e-11,
        3.573154288314606e-11,
        2.758824560781811e-11,
        2.1926899732136108e-11,
        3.7269458022819685e-11,
        3.60255149888898e-11,
        2.5656850770014883e-11,
        2.0124975900724753e-11
      ],
      "confidence": 0.7
    }
  ]
}