{
  "chunk": 844,
  "total_chunks": 3600,
  "patterns_found": 2,
  "start_time": 843.0002341667317,
  "end_time": 843.9992344442319,
  "patterns": [
    {
      "type": "spike",
      "count": 22,
      "times": [
        843.0012341670096,
        843.0052341681206,
        843.0092341692317,
        843.0132341703429,
        843.017234171454,
        843.0202341722874,
        843.0292341747873,
        843.0462341795095,
        843.0522341811762,
        843.0542341817318,
        843.0572341825651,
        843.0602341833984,
        843.9452344292318,
        843.9502344306208,
        843.9612344336763,
        843.9732344370096,
        843.9792344386763,
        843.9822344395096,
        843.9842344400652,
        843.9862344406207,
        843.9892344414541,
        843.9972344436762
      ],
      "amplitudes": [
        0.0011024263809398856,
        0.0012069547177071,
        0.0011239312523635824,
        0.0011874695831336083,
        0.0012095245096137431,
        0.0010846298726517479,
        0.0010435578523606455,
        0.0010612808481507358,
        0.0010625524041584654,
        0.0010649675698711338,
        0.0011962483582111767,
        0.0010839055480805903,
        0.0011446396395553232,
        0.001212223784727626,
        0.0010601023718490976,
        0.0010434699516567974,
        0.0010655932871688537,
        0.0010928329504843483,
        0.001062853559177253,
        0.0010843916112354606,
        0.0010548696673786963,
        0.0011054625351391908
      ],
      "confidence": 0.8
    },
    {
      "type": "oscillation",
      "frequencies": [
        3.906248914738643,
        27.343742403170502,
        46.87498697686372,
        70.31248046529558,
        78.12497829477286,
        85.93747612425015,
        101.56247178320473,
        113.28121852742065,
        124.99996527163658,
        144.5312098453298,
        152.3437076748071,
        171.8749522485003,
        179.6874500779776,
        199.2186946516708,
        214.8436903106254,
        234.3749348843186,
        253.90617945801182,
        261.7186772874891,
        277.3436729464437,
        289.0624196906596,
        308.5936642643528,
        324.21865992330737,
        335.9374066675233,
        355.46865124121655,
        371.0936469001711,
        382.81239364438704,
        406.2498871328189,
        417.96863387703485,
        445.31237628020534,
        480.4686165128531,
        492.187363257069
      ],
      "power": [
        3.1185657874287124e-10,
        2.0058472485615236e-11,
        3.77884113513767e-11,
        2.32181822584288e-11,
        2.871759256425593e-11,
        2.0733652754327676e-11,
        1.7366216194133506e-11,
        1.6010179377028398e-11,
        2.835361493486887e-11,
        1.7240765317083495e-11,
        1.6660328762915483e-11,
        3.1445077278277265e-11,
        2.6000730279338588e-11,
        3.612355138855358e-11,
        2.621243951238743e-11,
        2.5946989152460045e-11,
        3.1060375054915956e-11,
        3.139903281133623e-11,
        4.4142897265667685e-11,
        1.123693589853743e-11,
        3.3100959908364614e-11,
        2.436380073950293e-11,
        2.9507891990572676e-11,
        1.7673454988122197e-11,
        5.134140355208324e-11,
        2.6741955301326517e-11,
        2.0080678318956925e-11,
        2.3782508927018745e-11,
        4.3321165053620793e-11,
        6.046039216205541e-11,
        3.6926087043047983e-11
      ],
      "confidence": 0.7
    }
  ]
}