{
  "chunk": 1738,
  "total_chunks": 3600,
  "patterns_found": 2,
  "start_time": 1737.000482500134,
  "end_time": 1737.9994827776343,
  "patterns": [
    {
      "type": "spike",
      "count": 24,
      "times": [
        1737.005482501523,
        1737.0204825056896,
        1737.0274825076342,
        1737.0344825095785,
        1737.0374825104118,
        1737.059482516523,
        1737.069482519301,
        1737.0714825198563,
        1737.0904825251341,
        1737.933482759301,
        1737.941482761523,
        1737.9514827643009,
        1737.9544827651341,
        1737.9564827656898,
        1737.959482766523,
        1737.963482767634,
        1737.9674827687454,
        1737.9694827693008,
        1737.972482770134,
        1737.9764827712454,
        1737.9894827748565,
        1737.9934827759675,
        1737.995482776523,
        1737.9974827770786
      ],
      "amplitudes": [
        0.0011188068641058045,
        0.0011277514072732461,
        0.0011824182861614487,
        0.0011287207815931,
        0.0010666363548805246,
        0.0010548083765064388,
        0.0011029756756225776,
        0.0010616883435764055,
        0.0010642460757996125,
        0.001113285107494979,
        0.001181269202040007,
        0.0011352910422949391,
        0.0010912176054478212,
        0.0010901727536559397,
        0.0011397103576602972,
        0.0010946447526429576,
        0.001074485613027988,
        0.0010603341754294295,
        0.0010935629605460457,
        0.0010534870792274769,
        0.0011680734125126663,
        0.0011973543158593622,
        0.0010772647271565848,
        0.0011094702822894637
      ],
      "confidence": 0.8
    },
    {
      "type": "oscillation",
      "frequencies": [
        3.906248914738643,
        19.531244573693215,
        35.15624023264779,
        46.87498697686372,
        58.59373372107965,
        74.21872938003422,
        89.8437250389888,
        101.56247178320473,
        113.28121852742065,
        132.81246310111388,
        152.3437076748071,
        183.59369899271624,
        195.31244573693215,
        207.03119248114808,
        214.8436903106254,
        222.65618814010267,
        257.81242837275045,
        281.2499218611823,
        289.0624196906596,
        300.7811664348755,
        308.5936642643528,
        316.4061620938301,
        328.12490883804605,
        343.7499044970006,
        363.2811490706938,
        374.99989581490973,
        386.71864255912567,
        414.06238496229616,
        425.7811317065121,
        433.5936295359894,
        445.31237628020534,
        453.1248741096826,
        464.8436208538985,
        480.4686165128531,
        488.2811143423304
      ],
      "power": [
        3.375510741435189e-10,
        2.871502255126998e-11,
        1.7946192674786517e-11,
        1.7446764571085167e-11,
        1.692676930979843e-11,
        2.7932358860562005e-11,
        4.255054053512278e-11,
        1.770314506660922e-11,
        3.0328538522671004e-11,
        2.2495786798122372e-11,
        2.5523824355643658e-11,
        2.387264703003945e-11,
        2.4376657789289837e-11,
        2.870234147764052e-11,
        2.678058553810038e-11,
        3.0112796728523096e-11,
        3.126942200278409e-11,
        1.5537746163140014e-11,
        1.481278505026071e-11,
        1.2812112773104783e-11,
        1.3204633866057716e-11,
        1.8318993439765285e-11,
        1.670073921716259e-11,
        3.098839631364349e-11,
        1.7316575096841044e-11,
        3.7262225477482397e-11,
        2.7757479862373543e-11,
        5.0616213935225865e-11,
        2.602968028075011e-11,
        1.3659991189796865e-11,
        1.995998966168307e-11,
        2.395660222678983e-11,
        1.558546185270432e-11,
        3.077312316442397e-11,
        2.8750582991610955e-11
      ],
      "confidence": 0.7
    }
  ]
}