{
  "chunk": 2704,
  "total_chunks": 3600,
  "patterns_found": 2,
  "start_time": 2703.000750833542,
  "end_time": 2703.9997511110423,
  "patterns": [
    {
      "type": "spike",
      "count": 18,
      "times": [
        2703.0067508352085,
        2703.0167508379864,
        2703.0217508393753,
        2703.0307508418755,
        2703.0337508427087,
        2703.0357508432644,
        2703.072750853542,
        2703.8857510793755,
        2703.927751091042,
        2703.9527510979865,
        2703.9577510993754,
        2703.9717511032645,
        2703.974751104098,
        2703.9797511054867,
        2703.9817511060423,
        2703.9837511065975,
        2703.9887511079864,
        2703.9967511102086
      ],
      "amplitudes": [
        0.0012870349981276264,
        0.0011109004544984883,
        0.0010865170896306655,
        0.0011429447929142502,
        0.001093181470893737,
        0.0011505796627229003,
        0.0011434234977738043,
        0.0010642394807561556,
        0.0010777354775072013,
        0.0010527372050674842,
        0.0011428510129851545,
        0.0011565340487935162,
        0.0011826265165030896,
        0.001170422306781191,
        0.0011015453304378214,
        0.0010591865552618328,
        0.0011810546122291445,
        0.0011040573491307934
      ],
      "confidence": 0.8
    },
    {
      "type": "oscillation",
      "frequencies": [
        3.906248915626821,
        23.437493493760925,
        35.15624024064139,
        50.781235903148676,
        74.21872939690961,
        82.03122722816325,
        101.56247180629735,
        117.18746746880464,
        128.9062142156851,
        140.62496096256555,
        152.34370770944602,
        164.0624544563265,
        171.87495228758013,
        179.68745011883377,
        195.31244578134107,
        214.84369035947518,
        238.2811838532361,
        246.09368168448972,
        257.8124284313702,
        273.4374240938775,
        289.06241975638477,
        308.59366433451885,
        335.93740674390665,
        343.74990457516026,
        355.4686513220407,
        371.093646984548,
        386.7186426470553,
        406.2498872251894,
        425.7811318033235,
        433.59362963457716,
        453.12487421271123,
        476.5623677064722,
        492.18736336897945
      ],
      "power": [
        3.22685859206271e-10,
        2.4653579448308493e-11,
        1.930622678033811e-11,
        1.310893088410475e-11,
        3.243042319916849e-11,
        3.4446343200701866e-11,
        1.3506232937935817e-11,
        3.7623811603809385e-11,
        3.609078201952417e-11,
        2.3213096586636264e-11,
        4.625881282990394e-11,
        1.9783881764251493e-11,
        2.9083004980091043e-11,
        2.4081267951301545e-11,
        2.5197334569436846e-11,
        3.69852743732588e-11,
        1.3904194998977377e-11,
        1.1342521307059296e-11,
        1.86703849424387e-11,
        2.462017343747382e-11,
        2.7026653162641825e-11,
        3.095161811171308e-11,
        2.063764653705985e-11,
        4.020848753495223e-11,
        3.229342731612222e-11,
        2.920389303337162e-11,
        2.3385254950476455e-11,
        4.024986458496424e-11,
        2.8618893520826936e-11,
        2.7407809114752134e-11,
        4.934393352256223e-11,
        2.1456164242712778e-11,
        1.7583956194687256e-11
      ],
      "confidence": 0.7
    }
  ]
}