{
  "chunk": 293,
  "total_chunks": 3600,
  "patterns_found": 2,
  "start_time": 292.0000811111337,
  "end_time": 292.9990813886337,
  "patterns": [
    {
      "type": "spike",
      "count": 10,
      "times": [
        292.28708119085593,
        292.4090812247448,
        292.4360812322448,
        292.44708123530035,
        292.4960812489115,
        292.50808125224484,
        292.53708126030034,
        292.58108127252257,
        292.5940812761337,
        292.61508128196704
      ],
      "amplitudes": [
        0.001740766758030265,
        0.0016950405906753212,
        0.0016953457411673868,
        0.001701660270097092,
        0.001746990505316851,
        0.0017096616551433605,
        0.0017394454014747806,
        0.001711108764277137,
        0.0017090244465965028,
        0.0017145224968832646
      ],
      "confidence": 0.8
    },
    {
      "type": "oscillation",
      "frequencies": [
        3.906248914960688,
        31.249991319685503,
        42.96873806456757,
        54.68748480944963,
        74.21872938425307,
        85.93747612913513,
        93.7499739590565,
        105.46872070393857,
        113.28121853385994,
        132.8124631086634,
        144.53120985354545,
        152.34370768346682,
        160.1562055133882,
        171.87495225827027,
        187.499947918113,
        203.12494357795578,
        214.84369032283783,
        230.46868598268057,
        246.09368164252334,
        261.7186773023661,
        269.53117513228744,
        300.781166451973,
        320.3124110267764,
        335.93740668661917,
        347.6561534315012,
        367.18739800630465,
        386.7186425811081,
        402.34363824095084,
        414.0623849858329,
        425.78113173071495,
        433.5936295606364,
        441.40612739055774,
        464.84362088032185,
        476.56236762520393,
        484.3748654551253
      ],
      "power": [
        2.873853654537291e-10,
        2.4621069348116846e-11,
        2.8749701069240736e-11,
        2.7914020363111048e-11,
        1.8171326358811983e-11,
        3.093410664699617e-11,
        2.521908564676221e-11,
        3.400805385119387e-11,
        4.9481732009277546e-11,
        2.3073269456577488e-11,
        2.3583861046687257e-11,
        2.7457705366147367e-11,
        2.2985816470166634e-11,
        1.8971488488700764e-11,
        2.921664099285819e-11,
        2.158730122811488e-11,
        1.656048231306515e-11,
        2.6440381012113082e-11,
        1.5952379267425644e-11,
        2.8216888022443605e-11,
        2.70963250303686e-11,
        2.7081460799251183e-11,
        1.7492588295549507e-11,
        2.982494478015804e-11,
        3.727686372825854e-11,
        2.5837296545930388e-11,
        2.5997610565053892e-11,
        1.3657168869580055e-11,
        1.093852227373386e-11,
        1.8832570151677975e-11,
        1.4104535529214668e-11,
        1.1882391931775825e-11,
        3.492836977045238e-11,
        3.9759569596098387e-11,
        2.8598507112502616e-11
      ],
      "confidence": 0.7
    }
  ]
}