{
  "chunk": 480,
  "total_chunks": 3600,
  "patterns_found": 2,
  "start_time": 479.0001330555925,
  "end_time": 479.99913333309263,
  "patterns": [
    {
      "type": "spike",
      "count": 19,
      "times": [
        479.00413305670367,
        479.01313305920365,
        479.0151330597592,
        479.02713306309255,
        479.03113306420363,
        479.0471330686481,
        479.052133070037,
        479.061133072537,
        479.07213307559255,
        479.9161333100371,
        479.9331333147593,
        479.93513331531483,
        479.9381333161482,
        479.9551333208704,
        479.96213332281485,
        479.9691333247593,
        479.975133326426,
        479.9781333272593,
        479.98813333003704
      ],
      "amplitudes": [
        0.0011458838553654574,
        0.0012135831963558672,
        0.0010666739889761835,
        0.0011188904423021836,
        0.0011635538322800542,
        0.0011290399871449212,
        0.001069967118778711,
        0.0011219976055984143,
        0.0010552672966415702,
        0.0010686436881079133,
        0.0011428774160659196,
        0.0011063531436568584,
        0.0011429137432739914,
        0.0011026052956188425,
        0.0011529292605241023,
        0.0010957679348176596,
        0.0011232552163446348,
        0.0011118493419682947,
        0.001059570814240094
      ],
      "confidence": 0.8
    },
    {
      "type": "oscillation",
      "frequencies": [
        3.906248914960688,
        19.531244574803438,
        31.249991319685503,
        42.96873806456757,
        54.68748480944963,
        62.499982639371005,
        74.21872938425307,
        89.84372504409582,
        101.56247178897789,
        117.18746744882064,
        124.99996527874201,
        140.62496093858476,
        156.2499565984275,
        167.96870334330958,
        183.59369900315232,
        199.2186946629951,
        210.93744140787715,
        218.74993923779851,
        234.37493489764128,
        257.8124283874054,
        269.53117513228744,
        281.2499218771695,
        304.68741536693364,
        324.2186599417371,
        335.93740668661917,
        351.5624023464619,
        371.09364692126536,
        394.53114041102947,
        402.34363824095084,
        414.0623849858329,
        425.78113173071495,
        445.3123763055184,
        457.0311230504005,
        464.84362088032185,
        484.3748654551253,
        496.0936122000073
      ],
      "power": [
        3.14675713416431e-10,
        2.787818818854423e-11,
        1.6168939734533772e-11,
        3.0289439621921054e-11,
        1.697507005985296e-11,
        1.1591494116496077e-11,
        2.8998197133321817e-11,
        1.575853882494617e-11,
        3.882398936364618e-11,
        1.4767499342614916e-11,
        2.7073786381236547e-11,
        2.6262579505133668e-11,
        1.707694403430997e-11,
        1.716277805556102e-11,
        4.532792000644086e-11,
        3.778850870133292e-11,
        3.088265547089088e-11,
        2.765347655238765e-11,
        3.5679306009814323e-11,
        2.1541336869690325e-11,
        2.2691465135680617e-11,
        2.648610996041277e-11,
        2.2872369469286896e-11,
        2.4966225589530163e-11,
        1.8928470554533945e-11,
        1.1062300963206382e-11,
        5.0526212207236295e-11,
        3.058652863269612e-11,
        2.327669509734569e-11,
        3.0233565315846495e-11,
        1.5730105986201487e-11,
        3.2134195906701286e-11,
        3.135183543573283e-11,
        2.976466389956271e-11,
        3.498659662904368e-11,
        1.6893956084460648e-11
      ],
      "confidence": 0.7
    }
  ]
}