{
  "chunk": 2267,
  "total_chunks": 3600,
  "patterns_found": 2,
  "start_time": 2266.0006294446193,
  "end_time": 2266.9996297221196,
  "patterns": [
    {
      "type": "spike",
      "count": 3,
      "times": [
        2266.523629589897,
        2266.596629610175,
        2266.660629627953
      ],
      "amplitudes": [
        0.0016850153172503805,
        0.0017042887634351512,
        0.0016923523246542861
      ],
      "confidence": 0.8
    },
    {
      "type": "oscillation",
      "frequencies": [
        3.9062489138504652,
        31.249991310803722,
        46.87498696620558,
        62.499982621607444,
        82.03122719085977,
        105.46872067396257,
        113.28121850166349,
        124.99996524321489,
        148.4374587263177,
        167.96870329557,
        183.59369895097186,
        203.12494352022418,
        218.74993917562605,
        230.46868591717745,
        246.0936815725793,
        261.7186772279812,
        273.4374239695326,
        281.24992179723347,
        296.8749174526354,
        316.40616202188767,
        324.2186598495886,
        343.74990441884097,
        355.4686511603923,
        363.28114898809326,
        374.99989572964466,
        386.71864247119606,
        398.43738921274746,
        410.15613595429886,
        421.87488269585026,
        433.59362943740166,
        449.2186250928035,
        468.74986966205586,
        480.4686164036072,
        492.1873631451586
      ],
      "power": [
        3.2515780656132743e-10,
        3.098180349909914e-11,
        2.5526018756977897e-11,
        2.9327718617809604e-11,
        1.922895048305774e-11,
        2.7568697485756408e-11,
        2.669129380281979e-11,
        3.1792916318246106e-11,
        2.1694726592988613e-11,
        2.637315053037666e-11,
        2.1099922765947967e-11,
        3.623922004236278e-11,
        2.5362270665665984e-11,
        2.6115681404991212e-11,
        1.9905976944821557e-11,
        4.3801378850179646e-11,
        1.9176319679699557e-11,
        2.3157539994354123e-11,
        3.8277825009274744e-11,
        2.6113438707314876e-11,
        2.452267188694486e-11,
        2.4116304035150538e-11,
        2.4605114704254933e-11,
        1.967709386739672e-11,
        2.8297103320826582e-11,
        1.8785306866285255e-11,
        2.37972033454606e-11,
        2.924932684399789e-11,
        1.6525483826652723e-11,
        1.8414629164846625e-11,
        1.9705228553649097e-11,
        2.785674919998643e-11,
        5.7513203095204e-11,
        2.1397839985351958e-11
      ],
      "confidence": 0.7
    }
  ]
}