{
  "chunk": 1431,
  "total_chunks": 3600,
  "patterns_found": 2,
  "start_time": 1430.0003972223326,
  "end_time": 1430.9993974998326,
  "patterns": [
    {
      "type": "spike",
      "count": 3,
      "times": [
        1430.439397344277,
        1430.5513973753882,
        1430.5823973839993
      ],
      "amplitudes": [
        0.0017068602988451146,
        0.001693698510695213,
        0.0016901919528702078
      ],
      "confidence": 0.8
    },
    {
      "type": "oscillation",
      "frequencies": [
        3.906248914738643,
        35.15624023264779,
        50.781235891602364,
        66.40623155055694,
        82.03122720951151,
        89.8437250389888,
        109.37496961268201,
        124.99996527163658,
        136.7187120158525,
        156.24995658954572,
        167.96870333376165,
        175.78120116323893,
        191.40619682219352,
        203.12494356640946,
        214.8436903106254,
        226.5624370548413,
        242.18743271379589,
        253.90617945801182,
        265.62492620222775,
        289.0624196906596,
        312.49991317909144,
        320.31241100856874,
        343.7499044970006,
        363.2811490706938,
        382.81239364438704,
        398.4373893033416,
        410.15613604755754,
        421.8748827917735,
        453.1248741096826,
        468.7498697686372,
        480.4686165128531,
        492.187363257069
      ],
      "power": [
        3.481498003492075e-10,
        2.3672716485929482e-11,
        2.0147219059695176e-11,
        2.8550691511740856e-11,
        1.9122386042579547e-11,
        2.588859258922571e-11,
        3.211802169816754e-11,
        3.3228587533892724e-11,
        2.7129174935116453e-11,
        2.8831343316184654e-11,
        1.3127746333944662e-11,
        1.0671853444279499e-11,
        1.7784351391781987e-11,
        2.7024234146438045e-11,
        2.8952375819288106e-11,
        2.48433836229691e-11,
        2.789071721711804e-11,
        1.4773740740359446e-11,
        2.3606984077684693e-11,
        3.7464427928546855e-11,
        2.3393839660687275e-11,
        2.756912797777026e-11,
        1.8674268680969803e-11,
        2.704695232691293e-11,
        1.5805022651561438e-11,
        2.5842809303855296e-11,
        2.276100391345786e-11,
        2.1795120423958843e-11,
        4.7350458961317445e-11,
        1.23641399907625e-11,
        4.1493794323879864e-11,
        3.085970926048428e-11
      ],
      "confidence": 0.7
    }
  ]
}