{
  "chunk": 1612,
  "total_chunks": 3600,
  "patterns_found": 2,
  "start_time": 1611.0004475001244,
  "end_time": 1611.9994477776245,
  "patterns": [
    {
      "type": "spike",
      "count": 18,
      "times": [
        1611.0144475040133,
        1611.0184475051244,
        1611.0304475084577,
        1611.0334475092911,
        1611.0394475109576,
        1611.0444475123466,
        1611.069447519291,
        1611.07444752068,
        1611.92044775568,
        1611.9574477659578,
        1611.9614477670689,
        1611.9704477695689,
        1611.9754477709578,
        1611.9814477726245,
        1611.9854477737356,
        1611.9894477748467,
        1611.9914477754023,
        1611.9974477770688
      ],
      "amplitudes": [
        0.0011805225093269583,
        0.0012310139899418789,
        0.001083572276760091,
        0.0011226150020950774,
        0.0010747999766525223,
        0.0010676781329785705,
        0.0011306346552311076,
        0.0010804962991934953,
        0.0011461061433463854,
        0.0010775938612681843,
        0.0011545758725794155,
        0.0010527376873423718,
        0.0011477240326728151,
        0.0011001153834113802,
        0.001140718542304614,
        0.0011537031080998898,
        0.001083534936341842,
        0.0011526768378506845
      ],
      "confidence": 0.8
    },
    {
      "type": "oscillation",
      "frequencies": [
        3.906248914738643,
        15.624995658954573,
        23.43749348843186,
        42.96873806212508,
        54.687484806341004,
        66.40623155055694,
        78.12497829477286,
        93.74997395372743,
        109.37496961268201,
        121.09371635689794,
        128.90621418637522,
        156.24995658954572,
        171.8749522485003,
        191.40619682219352,
        203.12494356640946,
        214.8436903106254,
        222.65618814010267,
        234.3749348843186,
        246.0936816285345,
        265.62492620222775,
        292.96866860539825,
        300.7811664348755,
        312.49991317909144,
        332.0311577527847,
        347.65615341173924,
        374.99989581490973,
        382.81239364438704,
        394.531140388603,
        402.34363821808023,
        425.7811317065121,
        449.21862519494397,
        464.8436208538985,
        476.56236759811446,
        496.0936121718077
      ],
      "power": [
        2.848839630173352e-10,
        4.3769340122249386e-11,
        5.399371898768695e-11,
        3.163477693649452e-11,
        1.698210420668131e-11,
        1.954047956570557e-11,
        2.968333178383377e-11,
        2.7865263011737243e-11,
        2.056454909977888e-11,
        1.967372225929128e-11,
        3.445152438613042e-11,
        3.0344080453512025e-11,
        3.281953550615319e-11,
        3.5742626652278585e-11,
        2.5452236942602214e-11,
        3.411211703400231e-11,
        2.7220671629213758e-11,
        2.565627692269476e-11,
        4.039324135731276e-11,
        3.272198688247633e-11,
        3.102093675971128e-11,
        1.5954052460034297e-11,
        4.928335451656125e-11,
        2.4791568007656135e-11,
        2.6036869808087946e-11,
        4.9867618868741126e-11,
        4.0552218785669755e-11,
        3.2932159440918856e-11,
        4.256037314843937e-11,
        1.2229919657742486e-11,
        1.3664689833479923e-11,
        3.184079215187135e-11,
        1.573433709939517e-11,
        1.9742463956420253e-11
      ],
      "confidence": 0.7
    }
  ]
}