{
  "chunk": 182,
  "total_chunks": 3600,
  "patterns_found": 2,
  "start_time": 181.00005027779176,
  "end_time": 181.99905055529183,
  "patterns": [
    {
      "type": "spike",
      "count": 24,
      "times": [
        181.00505027918064,
        181.01105028084731,
        181.01405028168065,
        181.0240502844584,
        181.03305028695843,
        181.03505028751397,
        181.03705028806954,
        181.05005029168063,
        181.0520502922362,
        181.07405029834732,
        181.09005030279175,
        181.1150503097362,
        181.90005052779182,
        181.93805053834737,
        181.94305053973628,
        181.94505054029182,
        181.95405054279183,
        181.9590505441807,
        181.9650505458474,
        181.97005054723627,
        181.9730505480696,
        181.97705054918072,
        181.9860505516807,
        181.99005055279184
      ],
      "amplitudes": [
        0.0010702952728185338,
        0.0011683128537859381,
        0.001136507198248534,
        0.0010555014796857067,
        0.0011000344554703044,
        0.0010795051518873056,
        0.0010710533158969856,
        0.001054161706413031,
        0.0010591943471989203,
        0.001158625805332407,
        0.0011014991616506778,
        0.0010735826886133272,
        0.0011036181066141335,
        0.0010896423357177486,
        0.0011641547661835473,
        0.0010670379299768322,
        0.0010664257796475828,
        0.0011141082929545369,
        0.0010614430305395477,
        0.001155338997590532,
        0.0010808951962031094,
        0.001073548332141597,
        0.001058076250651916,
        0.0010836259261530878
      ],
      "confidence": 0.8
    },
    {
      "type": "oscillation",
      "frequencies": [
        3.906248914960688,
        19.531244574803438,
        31.249991319685503,
        42.96873806456757,
        58.59373372441032,
        66.4062315543317,
        82.03122721417445,
        89.84372504409582,
        105.46872070393857,
        117.18746744882064,
        136.71871202362408,
        160.1562055133882,
        167.96870334330958,
        179.68745008819164,
        187.499947918113,
        195.31244574803438,
        214.84369032283783,
        226.56243706771988,
        242.18743272756265,
        253.9061794724447,
        269.53117513228744,
        281.2499218771695,
        289.0624197070909,
        312.499913196855,
        328.1249088566978,
        343.74990451654054,
        359.3749001763833,
        371.09364692126536,
        386.7186425811081,
        398.4373893259902,
        410.1561360708722,
        421.8748828157543,
        429.68738064567566,
        441.40612739055774,
        464.84362088032185,
        480.4686165401646,
        492.1873632850467
      ],
      "power": [
        3.3345936343931617e-10,
        2.4188931589546673e-11,
        2.841706872610291e-11,
        1.8100217618365352e-11,
        2.8596181405729928e-11,
        3.706129433405112e-11,
        2.4516218129410656e-11,
        1.8185800398648768e-11,
        2.229955392707923e-11,
        3.9235680210172324e-11,
        2.43201872335219e-11,
        1.6962613195220413e-11,
        1.7094920452330718e-11,
        1.9282295110029992e-11,
        1.7244109258467827e-11,
        2.163493534324067e-11,
        3.5452739595446916e-11,
        2.285983923485365e-11,
        2.944964661821184e-11,
        2.4166247994143676e-11,
        3.390197074574481e-11,
        2.6447241496634855e-11,
        2.0072035127528784e-11,
        3.7594635792864026e-11,
        3.6113336441428383e-11,
        3.4371818730670616e-11,
        1.7241125514749897e-11,
        3.4907872677958424e-11,
        2.8837732092874663e-11,
        3.443690767846679e-11,
        1.89684727278529e-11,
        1.710027272734787e-11,
        2.8703526767000598e-11,
        3.404590500414653e-11,
        4.6062478816564586e-11,
        2.0943813334413733e-11,
        2.6010435036716875e-11
      ],
      "confidence": 0.7
    }
  ]
}