{
  "chunk": 2126,
  "total_chunks": 3600,
  "patterns_found": 2,
  "start_time": 2125.0005902779417,
  "end_time": 2125.999590555442,
  "patterns": [
    {
      "type": "spike",
      "count": 20,
      "times": [
        2125.0035902787754,
        2125.009590280442,
        2125.0115902809976,
        2125.0165902823865,
        2125.0195902832197,
        2125.031590286553,
        2125.0505902918308,
        2125.0565902934973,
        2125.066590296275,
        2125.08259030072,
        2125.0885903023864,
        2125.8995905276643,
        2125.9305905362753,
        2125.942590539609,
        2125.9485905412753,
        2125.958590544053,
        2125.97359054822,
        2125.9785905496087,
        2125.986590551831,
        2125.9955905543306
      ],
      "amplitudes": [
        0.001230099572330209,
        0.0010928817124914842,
        0.0010697776081524547,
        0.001132605717150624,
        0.0012720404812495624,
        0.0010778510727755348,
        0.0011134157871884208,
        0.0012151801851681846,
        0.0010804688737445255,
        0.0010866873116375435,
        0.0011288563380904121,
        0.0011300216803654419,
        0.0011408144013183553,
        0.0010649280435544926,
        0.0010739801342766848,
        0.0011100746985649576,
        0.0011556795283704608,
        0.0011049022718069438,
        0.0011429738565151457,
        0.0010726629062560683
      ],
      "confidence": 0.8
    },
    {
      "type": "oscillation",
      "frequencies": [
        3.9062489138504652,
        19.531244569252326,
        35.156240224654184,
        46.87498696620558,
        62.499982621607444,
        78.1249782770093,
        101.56247176011209,
        109.37496958781303,
        132.8124630709158,
        144.5312098124672,
        156.2499565540186,
        164.06245438171953,
        175.78120112327093,
        191.4061967786728,
        203.12494352022418,
        214.84369026177558,
        234.37493483102793,
        257.8124283141307,
        269.5311750556821,
        285.156170711084,
        296.8749174526354,
        304.68741528033627,
        316.40616202188767,
        339.84365550499047,
        351.56240224654186,
        363.28114898809326,
        378.9061446434951,
        394.531140298897,
        410.15613595429886,
        429.68738052355116,
        437.4998783512521,
        445.31237617895306,
        464.84362074820535,
        492.1873631451586
      ],
      "power": [
        3.408650520116598e-10,
        4.049800145760825e-11,
        3.858108351712809e-11,
        4.3028805653818556e-11,
        2.1342994700277158e-11,
        3.2171812487025413e-11,
        2.44372648776418e-11,
        1.9555706436377285e-11,
        4.809296196818888e-11,
        3.1132610391071465e-11,
        1.1873693372486727e-11,
        1.4969246492360382e-11,
        2.7311669804471333e-11,
        3.2833091145362684e-11,
        1.4474308321779333e-11,
        1.7433524775295273e-11,
        3.865362935769317e-11,
        4.59053101942088e-11,
        2.980952219477078e-11,
        2.0800704065001547e-11,
        2.369815105450838e-11,
        1.9770883470706258e-11,
        3.485699270686977e-11,
        3.111918879892573e-11,
        2.3984071681934387e-11,
        3.117510108091524e-11,
        4.746357295197805e-11,
        2.3908579364158263e-11,
        3.085548845609402e-11,
        1.4436379564531925e-11,
        1.0569097947798522e-11,
        2.1596123268775916e-11,
        3.7409750394968746e-11,
        3.725190457659569e-11
      ],
      "confidence": 0.7
    }
  ]
}