{
  "chunk": 1771,
  "total_chunks": 3600,
  "patterns_found": 2,
  "start_time": 1770.0004916668033,
  "end_time": 1770.9994919443034,
  "patterns": [
    {
      "type": "spike",
      "count": 8,
      "times": [
        1770.3684917690257,
        1770.4184917829145,
        1770.4684917968034,
        1770.4874918020812,
        1770.5304918140257,
        1770.5324918145811,
        1770.5574918215257,
        1770.6054918348589
      ],
      "amplitudes": [
        0.0016927968498704493,
        0.0017373640337647403,
        0.0018080654342816247,
        0.0016882699532261621,
        0.0017205361613732888,
        0.0016884117371092052,
        0.00170857498114395,
        0.001692322420314647
      ],
      "confidence": 0.8
    },
    {
      "type": "oscillation",
      "frequencies": [
        3.906248914738643,
        19.531244573693215,
        39.06248914738643,
        50.781235891602364,
        58.59373372107965,
        66.40623155055694,
        89.8437250389888,
        101.56247178320473,
        109.37496961268201,
        121.09371635689794,
        132.81246310111388,
        144.5312098453298,
        152.3437076748071,
        164.06245441902303,
        175.78120116323893,
        191.40619682219352,
        207.03119248114808,
        218.74993922536402,
        238.28118379905723,
        249.99993054327317,
        265.62492620222775,
        281.2499218611823,
        289.0624196906596,
        300.7811664348755,
        320.31241100856874,
        332.0311577527847,
        339.843655582262,
        359.3749001559552,
        371.0936469001711,
        382.81239364438704,
        390.6248914738643,
        402.34363821808023,
        410.15613604755754,
        437.49987845072803,
        457.0311230244213,
        464.8436208538985,
        488.2811143423304
      ],
      "power": [
        3.093902538354429e-10,
        2.224851303709939e-11,
        3.3226703380207644e-11,
        1.7553467234436632e-11,
        1.9079676622134563e-11,
        1.3367632209729941e-11,
        1.8384494314501935e-11,
        2.6934029882900908e-11,
        3.6096785185923534e-11,
        2.8907067828680695e-11,
        2.0380967667221826e-11,
        2.5608129971538314e-11,
        2.2013620737806028e-11,
        2.3319084396086862e-11,
        1.0647863253207371e-11,
        3.2881305364046935e-11,
        1.1730685705600355e-11,
        2.0100680715390505e-11,
        3.521550858411127e-11,
        2.796731495338067e-11,
        2.825427892793011e-11,
        2.47852005955004e-11,
        3.435611352005279e-11,
        2.6991819061793528e-11,
        3.5407292337731296e-11,
        2.869060641410317e-11,
        2.4482333156848884e-11,
        3.1312044242981736e-11,
        3.023018648137907e-11,
        2.2105620188674298e-11,
        7.1166278012422295e-12,
        1.518769596698526e-11,
        2.6743211523797303e-11,
        5.531975176651026e-11,
        1.729630769292342e-11,
        1.9287565381631688e-11,
        3.180512709598805e-11
      ],
      "confidence": 0.7
    }
  ]
}