{
  "chunk": 3380,
  "total_chunks": 3600,
  "patterns_found": 2,
  "start_time": 3379.000938611372,
  "end_time": 3379.9999388888723,
  "patterns": [
    {
      "type": "spike",
      "count": 25,
      "times": [
        3379.0019386116496,
        3379.0049386124833,
        3379.0119386144274,
        3379.0169386158163,
        3379.018938616372,
        3379.0209386169277,
        3379.0229386174833,
        3379.0259386183166,
        3379.0359386210944,
        3379.044938623594,
        3379.891938858872,
        3379.915938865539,
        3379.922938867483,
        3379.92893886915,
        3379.9579388772054,
        3379.9669388797056,
        3379.968938880261,
        3379.9719388810945,
        3379.977938882761,
        3379.9819388838723,
        3379.9869388852608,
        3379.9899388860945,
        3379.9929388869277,
        3379.9949388874834,
        3379.9969388880386
      ],
      "amplitudes": [
        0.0010908751047954445,
        0.0010721796786399467,
        0.0011259048807798953,
        0.001334480764444225,
        0.0010591090385729685,
        0.0010623936580434741,
        0.001072027009972303,
        0.0011036467704378498,
        0.0010729705035963549,
        0.0010837661479624848,
        0.0010966452429358477,
        0.0011019438111121039,
        0.0011310003911723892,
        0.0010816550690986306,
        0.001092337770138932,
        0.001227755950136354,
        0.0010637993922754246,
        0.0011077083110514548,
        0.0011532319581743292,
        0.0011381009489779578,
        0.0010686782824742493,
        0.0011631630010112025,
        0.0010943601941135574,
        0.001066446633749598,
        0.0012040551886823654
      ],
      "confidence": 0.8
    },
    {
      "type": "oscillation",
      "frequencies": [
        3.906248915626821,
        11.718746746880463,
        23.437493493760925,
        31.24999132501457,
        42.96873807189503,
        54.687484818775495,
        66.40623156565596,
        78.12497831253643,
        97.65622289067053,
        105.46872072192417,
        113.28121855317781,
        128.9062142156851,
        144.53120987819239,
        152.34370770944602,
        164.0624544563265,
        187.4999479500874,
        214.84369035947518,
        234.37493493760928,
        246.09368168448972,
        257.8124284313702,
        269.53117517825063,
        296.87491758763844,
        316.4061621657725,
        332.0311578282798,
        347.65615349078706,
        355.4686513220407,
        367.1873980689212,
        378.90614481580167,
        398.43738939393575,
        410.1561361408162,
        417.9686339720699,
        441.4061274658308,
        453.12487421271123,
        460.9373720439649,
        468.74986987521856,
        476.5623677064722,
        496.0936122846063
      ],
      "power": [
        2.4222364225431114e-10,
        3.124938220191127e-11,
        1.6723688933390766e-11,
        3.312319690185199e-11,
        1.7013530839604268e-11,
        2.1048698672751914e-11,
        2.3225138020861677e-11,
        1.4787875662570213e-11,
        2.193337309785903e-11,
        2.2862892022977227e-11,
        2.7029026422547108e-11,
        3.734914090756844e-11,
        3.109359251474473e-11,
        2.0153968421260005e-11,
        2.3640475377389834e-11,
        3.705759463223097e-11,
        3.1553182348268595e-11,
        2.018419351703093e-11,
        1.3118221234056452e-11,
        2.1850215861377176e-11,
        1.3516244034021797e-11,
        3.459588534959074e-11,
        2.124829195291417e-11,
        3.635564731542523e-11,
        2.7568563238220716e-11,
        2.47932024941646e-11,
        2.191205639725777e-11,
        3.121150286972476e-11,
        2.1540154778023743e-11,
        1.7512822588369812e-11,
        3.261160702658736e-11,
        4.9100945200025856e-11,
        1.8613383954907858e-11,
        1.5091931077316016e-11,
        1.73414606080909e-11,
        2.4195898479482763e-11,
        3.466822188494499e-11
      ],
      "confidence": 0.7
    }
  ]
}