{
  "chunk": 296,
  "total_chunks": 3600,
  "patterns_found": 2,
  "start_time": 295.00008194446724,
  "end_time": 295.9990822219673,
  "patterns": [
    {
      "type": "spike",
      "count": 19,
      "times": [
        295.00808194668946,
        295.01708194918945,
        295.0210819503006,
        295.0230819508561,
        295.0300819528006,
        295.03908195530056,
        295.046081957245,
        295.04808195780055,
        295.0680819633561,
        295.08108196696725,
        295.08708196863387,
        295.93308220363394,
        295.9580822105784,
        295.9670822130784,
        295.97708221585617,
        295.9810822169673,
        295.987082218634,
        295.9890822191895,
        295.99408222057843
      ],
      "amplitudes": [
        0.001101442179393388,
        0.0011295388691407284,
        0.0010988900099021491,
        0.0011312029509634918,
        0.0011061963804963226,
        0.0010815472123737913,
        0.0010921135745006515,
        0.0011574636069948845,
        0.0010857721673133902,
        0.0011087974922906522,
        0.00108197282976356,
        0.0011228507486221173,
        0.00109996366819999,
        0.0011182987705867866,
        0.0010973531190853045,
        0.001190781762846961,
        0.0010852112056522563,
        0.0011420428577658638,
        0.0012416973603489394
      ],
      "confidence": 0.8
    },
    {
      "type": "oscillation",
      "frequencies": [
        3.906248914960688,
        15.624995659842751,
        27.343742404724814,
        50.781235894488944,
        58.59373372441032,
        82.03122721417445,
        89.84372504409582,
        101.56247178897789,
        121.09371636378133,
        128.9062141937027,
        136.71871202362408,
        156.2499565984275,
        175.78120117323095,
        187.499947918113,
        199.2186946629951,
        214.84369032283783,
        230.46868598268057,
        246.09368164252334,
        261.7186773023661,
        277.3436729622088,
        292.9686686220516,
        304.68741536693364,
        320.3124110267764,
        335.93740668661917,
        343.74990451654054,
        351.5624023464619,
        371.09364692126536,
        386.7186425811081,
        398.4373893259902,
        406.24988715591155,
        429.68738064567566,
        449.2186252204791,
        457.0311230504005,
        468.74986979528256,
        488.28111437008596,
        496.0936122000073
      ],
      "power": [
        4.085438155513533e-10,
        2.2950215378727368e-11,
        3.3530443501593906e-11,
        4.9910943981757676e-11,
        3.356830957885491e-11,
        2.289999438037438e-11,
        3.691190474690979e-11,
        3.2315473923322486e-11,
        2.632254048299593e-11,
        2.909101167796879e-11,
        2.859395508462584e-11,
        2.0140556814027713e-11,
        4.236418911093754e-11,
        3.418844804589546e-11,
        2.8592354316772092e-11,
        1.4104468953468297e-11,
        1.92112581877546e-11,
        1.870821306863549e-11,
        1.4437721761877586e-11,
        3.796873072749362e-11,
        2.6311212424925585e-11,
        1.228836498552014e-11,
        2.7759447497599335e-11,
        2.70423828421497e-11,
        2.330301969684367e-11,
        2.4029592701557252e-11,
        3.234368491745889e-11,
        2.544623414173577e-11,
        1.5638837128035033e-11,
        2.4996717767893663e-11,
        4.184621170561704e-11,
        3.262871269978167e-11,
        3.724779429962745e-11,
        2.393102085894871e-11,
        2.66236163541965e-11,
        2.2823247974052775e-11
      ],
      "confidence": 0.7
    }
  ]
}