{
  "chunk": 2211,
  "total_chunks": 3600,
  "patterns_found": 2,
  "start_time": 2210.0006138890594,
  "end_time": 2210.9996141665597,
  "patterns": [
    {
      "type": "spike",
      "count": 4,
      "times": [
        2210.3516139865596,
        2210.502614028504,
        2210.533614037115,
        2210.5946140540595
      ],
      "amplitudes": [
        0.0017149126713880327,
        0.0017262231887118788,
        0.0017213759622775485,
        0.0017483259238834797
      ],
      "confidence": 0.8
    },
    {
      "type": "oscillation",
      "frequencies": [
        3.9062489138504652,
        23.43749348310279,
        31.249991310803722,
        58.59373370775698,
        74.21872936315884,
        89.8437250185607,
        101.56247176011209,
        124.99996524321489,
        144.5312098124672,
        160.15620546786909,
        183.59369895097186,
        195.31244569252326,
        214.84369026177558,
        226.56243700332698,
        242.18743265872885,
        253.90617940028025,
        261.7186772279812,
        273.4374239695326,
        281.24992179723347,
        289.0624196249344,
        308.5936641941868,
        324.2186598495886,
        339.84365550499047,
        363.28114898809326,
        378.9061446434951,
        398.43738921274746,
        417.96863378199976,
        437.4998783512521,
        460.9373718343549,
        476.56236748975675,
        492.1873631451586
      ],
      "power": [
        3.862715749789233e-10,
        3.506168260878185e-11,
        4.8479225713905364e-11,
        3.741577927987275e-11,
        1.466331851149579e-11,
        2.713418978339931e-11,
        2.714781616193154e-11,
        5.0389168831000944e-11,
        2.3688214004431414e-11,
        1.7616751940336527e-11,
        3.835630779506788e-11,
        2.549158886289948e-11,
        2.0201374292863345e-11,
        3.285926117065538e-11,
        2.6853642243062346e-11,
        2.1805544785240074e-11,
        3.087094371539619e-11,
        2.441669701094673e-11,
        2.519850167011117e-11,
        2.5283038306895418e-11,
        1.8806573107081926e-11,
        2.8565110582216327e-11,
        3.6072560418026394e-11,
        4.852130032279702e-11,
        3.0890164529108735e-11,
        4.668074509669795e-11,
        1.6123085024727878e-11,
        3.740929034743575e-11,
        2.1678090753950748e-11,
        2.583985013854231e-11,
        2.0648474034256107e-11
      ],
      "confidence": 0.7
    }
  ]
}