{
  "chunk": 1143,
  "total_chunks": 3600,
  "patterns_found": 2,
  "start_time": 1142.0003172223105,
  "end_time": 1142.9993174998106,
  "patterns": [
    {
      "type": "spike",
      "count": 11,
      "times": [
        1142.3373173159216,
        1142.362317322866,
        1142.3953173320326,
        1142.4403173445326,
        1142.452317347866,
        1142.461317350366,
        1142.4773173548103,
        1142.515317365366,
        1142.523317367588,
        1142.619317394255,
        1142.6343173984217
      ],
      "amplitudes": [
        0.0017092047979275825,
        0.0016862561140307067,
        0.0016966723368184763,
        0.0017275487595844379,
        0.0017184401608508612,
        0.0017616203908472814,
        0.001686945283811288,
        0.0017553044826064622,
        0.001700121389723626,
        0.0016951741574438288,
        0.0017160910818738344
      ],
      "confidence": 0.8
    },
    {
      "type": "oscillation",
      "frequencies": [
        3.906248915626821,
        19.531244578134107,
        35.15624024064139,
        46.87498698752185,
        62.49998265002914,
        82.03122722816325,
        93.7499739750437,
        113.28121855317781,
        124.99996530005828,
        144.53120987819239,
        171.87495228758013,
        199.21869469696787,
        214.84369035947518,
        230.46868602198245,
        242.18743276886292,
        253.9061795157434,
        265.62492626262383,
        281.2499219251311,
        296.87491758763844,
        320.3124110813993,
        332.0311578282798,
        339.84365565953345,
        355.4686513220407,
        363.2811491532944,
        371.093646984548,
        378.90614481580167,
        394.53114047830894,
        406.2498872251894,
        425.7811318033235,
        437.49987855020396,
        449.21862529708443,
        464.8436209595917,
        472.65611879084537,
        488.28111445335264
      ],
      "power": [
        2.8952298405294407e-10,
        2.5261749489560496e-11,
        2.7456755617447836e-11,
        2.127410887652214e-11,
        1.2778764618664315e-11,
        3.892867230982682e-11,
        2.2443083368396022e-11,
        3.0791501224128004e-11,
        3.155590011784538e-11,
        3.0750152398720805e-11,
        2.4274661465409588e-11,
        2.3990682102921207e-11,
        1.5852813584997333e-11,
        2.6614487338801325e-11,
        5.287975885811326e-11,
        2.8457367371902122e-11,
        2.2364518330830923e-11,
        2.73727289127989e-11,
        2.9811363818868304e-11,
        2.8794249242405914e-11,
        2.4922255962746832e-11,
        3.393179586750048e-11,
        1.736282187021709e-11,
        1.7179398365956972e-11,
        2.4086266568600067e-11,
        2.6477143943754456e-11,
        2.206761647614844e-11,
        1.9462444742181292e-11,
        3.22301815449451e-11,
        4.0501545152063426e-11,
        3.012368118098243e-11,
        3.189692548046423e-11,
        3.7793234017069614e-11,
        4.7208366859002527e-11
      ],
      "confidence": 0.7
    }
  ]
}