{
  "chunk": 1587,
  "total_chunks": 3600,
  "patterns_found": 2,
  "start_time": 1586.000440555678,
  "end_time": 1586.9994408331781,
  "patterns": [
    {
      "type": "spike",
      "count": 4,
      "times": [
        1586.3504406529003,
        1586.5154406987335,
        1586.5344407040113,
        1586.585440718178
      ],
      "amplitudes": [
        0.0017867681835097523,
        0.0016857819107925867,
        0.0016939185973867512,
        0.0017145592368263184
      ],
      "confidence": 0.8
    },
    {
      "type": "oscillation",
      "frequencies": [
        3.906248915626821,
        19.531244578134107,
        27.343742409387747,
        46.87498698752185,
        58.59373373440232,
        74.21872939690961,
        85.93747614379006,
        97.65622289067053,
        105.46872072192417,
        121.09371638443146,
        136.71871204693875,
        148.43745879381922,
        167.96870337195332,
        187.4999479500874,
        203.1249436125947,
        214.84369035947518,
        230.46868602198245,
        246.09368168448972,
        257.8124284313702,
        277.3436730095043,
        289.06241975638477,
        312.4999132501457,
        324.2186599970262,
        339.84365565953345,
        347.65615349078706,
        367.1873980689212,
        382.8123937314285,
        398.43738939393575,
        406.2498872251894,
        421.8748828876967,
        429.68738071895035,
        441.4061274658308,
        449.21862529708443,
        468.74986987521856,
        484.37486553772584,
        496.0936122846063
      ],
      "power": [
        3.1651446656790634e-10,
        1.9056984196676056e-11,
        2.0598855907768393e-11,
        1.1462929524511544e-11,
        2.8748842897136606e-11,
        3.7853232692842605e-11,
        2.6728536232659103e-11,
        3.305442425219329e-11,
        2.923542750413519e-11,
        1.5068505522412048e-11,
        3.024262213173674e-11,
        2.4885497920339046e-11,
        1.889892211210545e-11,
        3.5598799749732154e-11,
        1.6270994753702163e-11,
        3.857125367178871e-11,
        1.4199594033536312e-11,
        2.0823047164957324e-11,
        1.0850081515198292e-11,
        2.946096328066765e-11,
        2.546957034256525e-11,
        2.780724282372764e-11,
        2.3318757638355687e-11,
        2.3702121788390555e-11,
        1.9591342465292374e-11,
        2.120133375113645e-11,
        1.9541515722463945e-11,
        3.0671000938685326e-11,
        3.947705229843239e-11,
        1.9155877259947986e-11,
        7.74196319581301e-12,
        2.2877421069533223e-11,
        2.2723474580627442e-11,
        3.422944441872671e-11,
        1.6020208206009474e-11,
        1.0851950577749186e-11
      ],
      "confidence": 0.7
    }
  ]
}