{
  "chunk": 2649,
  "total_chunks": 3600,
  "patterns_found": 2,
  "start_time": 2648.00073555576,
  "end_time": 2648.9997358332603,
  "patterns": [
    {
      "type": "spike",
      "count": 10,
      "times": [
        2648.355735654371,
        2648.42373567326,
        2648.46873568576,
        2648.4977356938157,
        2648.559735711038,
        2648.5777357160378,
        2648.5837357177047,
        2648.598735721871,
        2648.6197357277047,
        2648.6387357329822
      ],
      "amplitudes": [
        0.0017072366301105382,
        0.0017167637537970329,
        0.001965814923864332,
        0.0016916404817521051,
        0.0017579127402391056,
        0.0017133024053660813,
        0.001699227714119432,
        0.0016852278531229465,
        0.0016819631490614297,
        0.001696724201082785
      ],
      "confidence": 0.8
    },
    {
      "type": "oscillation",
      "frequencies": [
        3.906248915626821,
        15.624995662507285,
        31.24999132501457,
        46.87498698752185,
        62.49998265002914,
        89.84372505941688,
        109.37496963755099,
        132.81246313131192,
        144.53120987819239,
        156.24995662507285,
        175.78120120320696,
        191.40619686571424,
        207.0311925282215,
        218.74993927510198,
        230.46868602198245,
        242.18743276886292,
        261.718677346997,
        277.3436730095043,
        296.87491758763844,
        308.59366433451885,
        320.3124110813993,
        339.84365565953345,
        371.093646984548,
        382.8123937314285,
        394.53114047830894,
        410.1561361408162,
        417.9686339720699,
        429.68738071895035,
        449.21862529708443,
        460.9373720439649,
        476.5623677064722,
        496.0936122846063
      ],
      "power": [
        3.4028925703960975e-10,
        3.856065214716702e-11,
        2.107021846866034e-11,
        1.771867162836606e-11,
        3.314118512941585e-11,
        2.4737033001921062e-11,
        2.5086940172417374e-11,
        1.3137581306439298e-11,
        2.8545076014978517e-11,
        2.601775930987203e-11,
        2.221159939860899e-11,
        2.384492689023471e-11,
        2.5480569407942525e-11,
        1.7133414218186425e-11,
        4.03633735888093e-11,
        2.8703530160899684e-11,
        1.9636466400829044e-11,
        1.939673080689145e-11,
        2.2993071160026925e-11,
        3.1941802979838004e-11,
        3.377926003932814e-11,
        3.239841555320664e-11,
        4.257158130891057e-11,
        2.3592791287701542e-11,
        2.5887018296462476e-11,
        1.9203022292229868e-11,
        2.433157298501696e-11,
        2.484125834309751e-11,
        4.603145066821338e-11,
        2.2739551221765293e-11,
        1.724048480670288e-11,
        3.01034528404277e-11
      ],
      "confidence": 0.7
    }
  ]
}