{
  "chunk": 2685,
  "total_chunks": 3600,
  "patterns_found": 2,
  "start_time": 2684.000745555763,
  "end_time": 2684.9997458332628,
  "patterns": [
    {
      "type": "spike",
      "count": 6,
      "times": [
        2684.337745649374,
        2684.4157456710404,
        2684.4267456740963,
        2684.5507457085405,
        2684.5687457135405,
        2684.678745744096
      ],
      "amplitudes": [
        0.0016978158455582992,
        0.0016962870143367942,
        0.0017859106577342344,
        0.0017328136680354023,
        0.0016850704383033878,
        0.0016810786358830779
      ],
      "confidence": 0.8
    },
    {
      "type": "oscillation",
      "frequencies": [
        3.906248915626821,
        19.531244578134107,
        27.343742409387747,
        39.062489156268214,
        54.687484818775495,
        66.40623156565596,
        74.21872939690961,
        97.65622289067053,
        113.28121855317781,
        121.09371638443146,
        128.9062142156851,
        136.71871204693875,
        156.24995662507285,
        175.78120120320696,
        191.40619686571424,
        203.1249436125947,
        214.84369035947518,
        226.56243710635562,
        246.09368168448972,
        269.53117517825063,
        277.3436730095043,
        289.06241975638477,
        312.4999132501457,
        332.0311578282798,
        359.37490023766753,
        374.9998959001748,
        386.7186426470553,
        406.2498872251894,
        429.68738071895035,
        437.49987855020396,
        460.9373720439649,
        472.65611879084537,
        488.28111445335264
      ],
      "power": [
        2.807616595507445e-10,
        2.539158143393638e-11,
        2.94382323356291e-11,
        2.497488745559148e-11,
        2.1818162613008104e-11,
        3.425803407266826e-11,
        3.332919739463747e-11,
        3.032607619095912e-11,
        1.3131905509698438e-11,
        1.139404572926618e-11,
        9.54685878363719e-12,
        1.556358690032095e-11,
        4.040011189343871e-11,
        1.7462337885178987e-11,
        1.4893798229975075e-11,
        8.824001436421581e-12,
        1.4491285316344466e-11,
        1.787948027998109e-11,
        2.8366152698529005e-11,
        2.6403592681064056e-11,
        3.036613224704239e-11,
        3.3871391904718594e-11,
        2.9355631047681774e-11,
        3.485774233839184e-11,
        2.980492066054211e-11,
        1.845838985257174e-11,
        4.1052038740469004e-11,
        1.7797723502840445e-11,
        3.108518758715871e-11,
        1.8507491731319913e-11,
        3.222163483329428e-11,
        2.1233620813101287e-11,
        4.242874760663248e-11
      ],
      "confidence": 0.7
    }
  ]
}