{
  "chunk": 574,
  "total_chunks": 3600,
  "patterns_found": 2,
  "start_time": 573.0001591667109,
  "end_time": 573.9991594442109,
  "patterns": [
    {
      "type": "spike",
      "count": 22,
      "times": [
        573.0061591683776,
        573.0141591705998,
        573.0201591722665,
        573.0241591733776,
        573.027159174211,
        573.0421591783776,
        573.0481591800442,
        573.0561591822665,
        573.0951591930998,
        573.1031591953221,
        573.1441592067109,
        573.9111594197666,
        573.9351594264332,
        573.9391594275443,
        573.9661594350443,
        573.9691594358776,
        573.9711594364333,
        573.9821594394888,
        573.9851594403221,
        573.9871594408777,
        573.9891594414332,
        573.9961594433777
      ],
      "amplitudes": [
        0.001076241586809962,
        0.0012841780697337543,
        0.0011204070274179992,
        0.001068274088287996,
        0.001127304394400064,
        0.0011021371241220722,
        0.0010667247291919364,
        0.0011509297870303892,
        0.001132526356273157,
        0.0010670532462020972,
        0.0010990404558306943,
        0.0010832504464812164,
        0.001058316913771795,
        0.0011440493967866136,
        0.0010950083296335802,
        0.0010715143980690998,
        0.0010670752572695783,
        0.0012108498767042948,
        0.0011917237737352198,
        0.0010958346122579175,
        0.001191172702054321,
        0.0011024090876648723
      ],
      "confidence": 0.8
    },
    {
      "type": "oscillation",
      "frequencies": [
        3.906248914738643,
        15.624995658954573,
        39.06248914738643,
        62.49998263581829,
        74.21872938003422,
        89.8437250389888,
        101.56247178320473,
        121.09371635689794,
        140.62496093059116,
        152.3437076748071,
        164.06245441902303,
        183.59369899271624,
        203.12494356640946,
        238.28118379905723,
        257.81242837275045,
        269.5311751169664,
        285.15617077592094,
        292.96866860539825,
        320.31241100856874,
        332.0311577527847,
        347.65615341173924,
        359.3749001559552,
        382.81239364438704,
        406.2498871328189,
        417.96863387703485,
        441.40612736546666,
        453.1248741096826,
        468.7498697686372,
        484.37486542759177,
        496.0936121718077
      ],
      "power": [
        3.409928442513329e-10,
        2.095504806118686e-11,
        3.8030933396610045e-11,
        3.979409845953196e-11,
        2.298006440218867e-11,
        2.0736956764712787e-11,
        2.8850766135500532e-11,
        3.51256117364398e-11,
        1.8115278369570897e-11,
        1.5679926707635343e-11,
        4.386986766897801e-11,
        4.2319265130480133e-11,
        3.87944548348296e-11,
        1.5535934370076012e-11,
        4.3204375834920996e-11,
        2.764095474853449e-11,
        1.7840171529322e-11,
        2.393546500965677e-11,
        2.2273015686165954e-11,
        2.029487870733542e-11,
        2.5204504655841328e-11,
        1.953172910953895e-11,
        1.8761988696869027e-11,
        4.311872865514939e-11,
        2.4397564495338906e-11,
        3.481648127474866e-11,
        1.1809651197109974e-11,
        3.2016331811480374e-11,
        4.073677573764906e-11,
        1.4312538931086219e-11
      ],
      "confidence": 0.7
    }
  ]
}