{
  "chunk": 1544,
  "total_chunks": 3600,
  "patterns_found": 2,
  "start_time": 1543.0004286112303,
  "end_time": 1543.9994288887303,
  "patterns": [
    {
      "type": "spike",
      "count": 18,
      "times": [
        1543.0054286126192,
        1543.0074286131746,
        1543.019428616508,
        1543.024428617897,
        1543.0304286195635,
        1543.0324286201192,
        1543.042428622897,
        1543.0474286242859,
        1543.060428627897,
        1543.0924286367858,
        1543.932428870119,
        1543.955428876508,
        1543.9574288770636,
        1543.9614288781747,
        1543.969428880397,
        1543.9754288820636,
        1543.9904288862303,
        1543.996428887897
      ],
      "amplitudes": [
        0.0010446331291600313,
        0.0011080685252469065,
        0.0010387533811097693,
        0.0010752977163994283,
        0.0011134228880113875,
        0.0010859081790355377,
        0.0010591936102386584,
        0.0010375011090062152,
        0.0010893456144319717,
        0.0011151330111339123,
        0.001093574633686754,
        0.001064362420657297,
        0.0011311945199521545,
        0.001148507144587579,
        0.0010921648143946273,
        0.0012217936556421743,
        0.0011117053878342486,
        0.0010925580984662863
      ],
      "confidence": 0.8
    },
    {
      "type": "oscillation",
      "frequencies": [
        3.906248914738643,
        23.43749348843186,
        39.06248914738643,
        66.40623155055694,
        85.93747612425015,
        97.65622286846607,
        124.99996527163658,
        136.7187120158525,
        148.43745876006844,
        156.24995658954572,
        167.96870333376165,
        183.59369899271624,
        207.03119248114808,
        230.46868596957995,
        246.0936816285345,
        253.90617945801182,
        269.5311751169664,
        277.3436729464437,
        289.0624196906596,
        308.5936642643528,
        324.21865992330737,
        339.843655582262,
        355.46865124121655,
        371.0936469001711,
        378.9061447296484,
        394.531140388603,
        406.2498871328189,
        425.7811317065121,
        445.31237628020534,
        468.7498697686372,
        476.56236759811446,
        484.37486542759177,
        496.0936121718077
      ],
      "power": [
        3.612405271631535e-10,
        4.0809853673430605e-11,
        2.0910759507117502e-11,
        3.2054840216302836e-11,
        2.6480035114875263e-11,
        3.171996188207371e-11,
        2.9848576802009944e-11,
        2.7148146131223888e-11,
        2.7356615586680768e-11,
        2.290330571489479e-11,
        2.2910802240789455e-11,
        1.8138525107687548e-11,
        3.853174868576564e-11,
        2.5196081383513095e-11,
        3.4164598401786684e-11,
        3.36934274152151e-11,
        2.3878480610934117e-11,
        2.6218089498163762e-11,
        3.3356599716767307e-11,
        3.77515316459699e-11,
        2.5350792071170914e-11,
        2.6729898040594693e-11,
        3.520525372097755e-11,
        2.1182105964648303e-11,
        4.1355930677466547e-11,
        2.9961196415645784e-11,
        3.146628173940579e-11,
        1.9471082291869868e-11,
        3.0729318656547573e-11,
        2.8449944152639218e-11,
        2.1524274013009776e-11,
        1.735716062501805e-11,
        2.103095765695277e-11
      ],
      "confidence": 0.7
    }
  ]
}