{
  "chunk": 680,
  "total_chunks": 3600,
  "patterns_found": 2,
  "start_time": 679.0001886111636,
  "end_time": 679.9991888886636,
  "patterns": [
    {
      "type": "spike",
      "count": 18,
      "times": [
        679.0051886125524,
        679.0121886144968,
        679.0231886175525,
        679.0391886219969,
        679.0561886267191,
        679.061188628108,
        679.0731886314413,
        679.0761886322747,
        679.1091886414413,
        679.9261888683858,
        679.9371888714414,
        679.9511888753303,
        679.957188876997,
        679.9671888797748,
        679.9831888842192,
        679.9901888861637,
        679.9941888872747,
        679.9961888878303
      ],
      "amplitudes": [
        0.0011257259709260886,
        0.0011133343606781908,
        0.001069631613573078,
        0.0010628663479322169,
        0.0011076585272776379,
        0.0010736985551949038,
        0.0011458708410563474,
        0.00107177094462397,
        0.0010681259855130428,
        0.0010800871508150243,
        0.0010890808992373281,
        0.0011116059565738016,
        0.0010971833090681915,
        0.0011164201544318813,
        0.0011438912193880888,
        0.001094683569860061,
        0.0011718257957139095,
        0.0010869127273818392
      ],
      "confidence": 0.8
    },
    {
      "type": "oscillation",
      "frequencies": [
        3.906248915182732,
        11.718746745548195,
        27.343742406279123,
        42.96873806701005,
        54.687484812558246,
        70.31248047328917,
        93.74997396438556,
        109.37496962511649,
        121.0937163706647,
        132.81246311621288,
        152.34370769212654,
        171.8749522680402,
        183.5936990135884,
        199.21869467431932,
        210.93744141986753,
        226.56243708059844,
        238.28118382614664,
        246.0936816565121,
        257.81242840206033,
        273.43742406279125,
        289.06241972352217,
        304.6874153842531,
        316.4061621298013,
        324.21865996016675,
        343.7499045360804,
        359.3749001968113,
        386.7186426030905,
        394.5311404334559,
        410.1561360941869,
        421.87488283973505,
        453.1248741611969,
        464.8436209067451,
        476.5623676522933,
        492.1873633130242
      ],
      "power": [
        2.724485603695217e-10,
        2.2752059539270133e-11,
        3.3358634958277736e-11,
        1.4070377332148172e-11,
        1.807664151227581e-11,
        2.402366388420337e-11,
        3.496786111026203e-11,
        2.2953335350230234e-11,
        3.0026945282358586e-11,
        4.213080487317011e-11,
        3.378572327702838e-11,
        4.4691947445612267e-11,
        1.6258682602864775e-11,
        2.6139043111445006e-11,
        3.6735185736558705e-11,
        2.022410718414334e-11,
        2.7847662339124283e-11,
        2.908556195576452e-11,
        2.8556872411224534e-11,
        2.0243758499416344e-11,
        1.6995500817562185e-11,
        2.306656752436266e-11,
        2.1563585171231336e-11,
        3.230949335708899e-11,
        3.665267212283912e-11,
        2.5554210869414692e-11,
        2.3657934872242642e-11,
        3.5675116406061184e-11,
        2.721763263194765e-11,
        4.7955982591665085e-11,
        2.268724589259119e-11,
        3.2377512017744614e-11,
        2.720011638777836e-11,
        4.08383831598478e-11
      ],
      "confidence": 0.7
    }
  ]
}