{
  "chunk": 223,
  "total_chunks": 3600,
  "patterns_found": 2,
  "start_time": 222.00006166668382,
  "end_time": 222.9990619441839,
  "patterns": [
    {
      "type": "spike",
      "count": 7,
      "times": [
        222.4070617797394,
        222.43006178612828,
        222.4600617944616,
        222.50706180751718,
        222.56006182223942,
        222.6370618436283,
        222.65806184946163
      ],
      "amplitudes": [
        0.001700118913570492,
        0.0017135412465997025,
        0.0017608412269844117,
        0.0017130600938362228,
        0.0016887325222483226,
        0.0017499520512629107,
        0.0016986258399185761
      ],
      "confidence": 0.8
    },
    {
      "type": "oscillation",
      "frequencies": [
        3.906248914960688,
        31.249991319685503,
        39.062489149606876,
        50.781235894488944,
        58.59373372441032,
        70.31248046929238,
        78.12497829921375,
        93.7499739590565,
        109.37496961889926,
        121.09371636378133,
        132.8124631086634,
        140.62496093858476,
        148.43745876850613,
        171.87495225827027,
        183.59369900315232,
        210.93744140787715,
        226.56243706771988,
        242.18743272756265,
        249.99993055748402,
        265.6249262173268,
        273.43742404724816,
        289.0624197070909,
        304.68741536693364,
        320.3124110267764,
        335.93740668661917,
        351.5624023464619,
        367.18739800630465,
        386.7186425811081,
        414.0623849858329,
        429.68738064567566,
        441.40612739055774,
        457.0311230504005,
        468.74986979528256,
        484.3748654551253
      ],
      "power": [
        3.3061950870514153e-10,
        3.095206487753962e-11,
        2.218894865334808e-11,
        3.2738895888085194e-11,
        2.3559554899175122e-11,
        2.3122103265547016e-11,
        2.1880044959157217e-11,
        2.593697234214938e-11,
        3.447238961030587e-11,
        2.719777448553497e-11,
        3.408653997678528e-11,
        2.2969233029290045e-11,
        2.357303478505267e-11,
        2.107211353328865e-11,
        2.6385793966535585e-11,
        3.725742658856177e-11,
        2.6889724899148437e-11,
        3.224499863876544e-11,
        2.0028590773780506e-11,
        2.0736481071787456e-11,
        3.318238905262968e-11,
        3.78233736275672e-11,
        3.4721325327757115e-11,
        3.449304910255441e-11,
        2.858096452547302e-11,
        4.233229174456345e-11,
        3.1809837190226364e-11,
        2.63745855389184e-11,
        3.059046720560214e-11,
        3.7080376548286284e-11,
        2.615986036111127e-11,
        1.8138907982534125e-11,
        1.621544764798129e-11,
        5.322839815455399e-11
      ],
      "confidence": 0.7
    }
  ]
}