{
  "chunk": 2652,
  "total_chunks": 3600,
  "patterns_found": 2,
  "start_time": 2651.0007363890936,
  "end_time": 2651.9997366665934,
  "patterns": [
    {
      "type": "spike",
      "count": 20,
      "times": [
        2651.0107363918714,
        2651.025736396038,
        2651.030736397427,
        2651.047736402149,
        2651.0497364027046,
        2651.053736403816,
        2651.056736404649,
        2651.0697364082603,
        2651.9357366488157,
        2651.944736651316,
        2651.949736652705,
        2651.9517366532605,
        2651.9557366543713,
        2651.9587366552046,
        2651.9647366568715,
        2651.9687366579824,
        2651.971736658816,
        2651.9797366610383,
        2651.9867366629824,
        2651.9957366654826
      ],
      "amplitudes": [
        0.0010796280144396376,
        0.001289879127328757,
        0.0012046981494478015,
        0.0010689335319386973,
        0.0011136597277191782,
        0.0010843862169027177,
        0.0011318442163668675,
        0.0010691795180833563,
        0.001166538073196058,
        0.0011974832682072221,
        0.0011635467644018577,
        0.0010990807865277664,
        0.0010683294873188036,
        0.0011093983395679954,
        0.0010617036365903275,
        0.001140322639103712,
        0.0010760512739826263,
        0.0010965199546834176,
        0.0011302800929612134,
        0.0010795433772976463
      ],
      "confidence": 0.8
    },
    {
      "type": "oscillation",
      "frequencies": [
        3.906248915626821,
        23.437493493760925,
        46.87498698752185,
        74.21872939690961,
        89.84372505941688,
        105.46872072192417,
        117.18746746880464,
        128.9062142156851,
        152.34370770944602,
        179.68745011883377,
        191.40619686571424,
        203.1249436125947,
        210.93744144384834,
        222.6561881907288,
        234.37493493760928,
        246.09368168448972,
        257.8124284313702,
        265.62492626262383,
        281.2499219251311,
        300.78116650326524,
        312.4999132501457,
        324.2186599970262,
        332.0311578282798,
        347.65615349078706,
        359.37490023766753,
        367.1873980689212,
        378.90614481580167,
        394.53114047830894,
        414.062385056443,
        429.68738071895035,
        441.4061274658308,
        453.12487421271123,
        464.8436209595917,
        484.37486553772584,
        496.0936122846063
      ],
      "power": [
        2.925372193264055e-10,
        2.4230870160157616e-11,
        2.9660546624933185e-11,
        1.7763320463610017e-11,
        3.8855524709779543e-11,
        1.524668450223272e-11,
        3.146774423275239e-11,
        1.8466562601721025e-11,
        2.0050837282730928e-11,
        3.07325987401528e-11,
        2.06733431648587e-11,
        1.780020916740604e-11,
        2.4699073327051773e-11,
        2.7427574940155882e-11,
        2.169585414267999e-11,
        1.694464350581915e-11,
        2.5405726849565966e-11,
        3.191892905359933e-11,
        3.348699687342056e-11,
        2.397965622540191e-11,
        1.1294355387779525e-11,
        3.356935936644331e-11,
        2.704636789656618e-11,
        1.9197006913453055e-11,
        1.6979386553821622e-11,
        2.5933553256794467e-11,
        2.7025315569810256e-11,
        1.9118429929745608e-11,
        2.1322183005633604e-11,
        3.633603091747034e-11,
        4.1426561270290866e-11,
        2.3862967725759968e-11,
        2.2596894919600066e-11,
        2.8186993113671723e-11,
        2.1592869756341787e-11
      ],
      "confidence": 0.7
    }
  ]
}