{
  "chunk": 1408,
  "total_chunks": 3600,
  "patterns_found": 2,
  "start_time": 1407.000390833442,
  "end_time": 1407.999391110942,
  "patterns": [
    {
      "type": "spike",
      "count": 24,
      "times": [
        1407.0013908337198,
        1407.005390834831,
        1407.0073908353863,
        1407.009390835942,
        1407.0123908367752,
        1407.0173908381641,
        1407.0203908389976,
        1407.045390845942,
        1407.0593908498308,
        1407.0783908551086,
        1407.0833908564975,
        1407.1073908631643,
        1407.8873910798309,
        1407.8933910814976,
        1407.9393910942754,
        1407.954391098442,
        1407.96439110122,
        1407.9693911026088,
        1407.9803911056642,
        1407.98239110622,
        1407.990391108442,
        1407.9923911089977,
        1407.9943911095531,
        1407.9983911106642
      ],
      "amplitudes": [
        0.0010629868098299992,
        0.0011422501244282499,
        0.0010844801040416296,
        0.0010594833201036844,
        0.0011925363177334323,
        0.001073994959279494,
        0.0011334535774799824,
        0.0011111525976392946,
        0.0010632813512919512,
        0.0010516666070084489,
        0.0011466879248728501,
        0.0011848652554613576,
        0.0010507689314916816,
        0.0010574428890175406,
        0.0010853878916963439,
        0.0011297833530871822,
        0.0010505812505094895,
        0.0010535773081935696,
        0.001132573120575338,
        0.0010731494520031437,
        0.0010495738009278772,
        0.0010653095737621038,
        0.001107657713799368,
        0.0011296025686158937
      ],
      "confidence": 0.8
    },
    {
      "type": "oscillation",
      "frequencies": [
        3.906248914738643,
        19.531244573693215,
        27.343742403170502,
        35.15624023264779,
        46.87498697686372,
        62.49998263581829,
        85.93747612425015,
        97.65622286846607,
        105.46872069794337,
        124.99996527163658,
        136.7187120158525,
        148.43745876006844,
        156.24995658954572,
        171.8749522485003,
        191.40619682219352,
        203.12494356640946,
        214.8436903106254,
        222.65618814010267,
        234.3749348843186,
        249.99993054327317,
        261.7186772874891,
        281.2499218611823,
        296.8749175201369,
        308.5936642643528,
        328.12490883804605,
        343.7499044970006,
        363.2811490706938,
        390.6248914738643,
        406.2498871328189,
        414.06238496229616,
        425.7811317065121,
        437.49987845072803,
        453.1248741096826,
        464.8436208538985,
        484.37486542759177,
        496.0936121718077
      ],
      "power": [
        3.4443790861489356e-10,
        1.3099539787586841e-11,
        1.139604323630466e-11,
        1.5731398542241034e-11,
        1.6854733586514353e-11,
        1.8546723916549628e-11,
        3.139474455983515e-11,
        3.870247805884432e-11,
        3.6307936345704575e-11,
        4.374881888467965e-11,
        3.2042293912408255e-11,
        2.2951606985497672e-11,
        1.5737602668228362e-11,
        4.761106301585768e-11,
        2.531245171617345e-11,
        2.119335036347306e-11,
        2.6522543174682325e-11,
        2.1471200174363834e-11,
        3.561062535176173e-11,
        2.6176021268279625e-11,
        2.906299224441571e-11,
        2.3650959711400047e-11,
        3.000207571042653e-11,
        4.3525839796588584e-11,
        2.243972215251383e-11,
        3.396941705758192e-11,
        2.9680945528083946e-11,
        4.033745341285332e-11,
        1.5792181256548212e-11,
        2.436213186626144e-11,
        2.4163170424250624e-11,
        1.3262604425446962e-11,
        2.54566958629017e-11,
        2.8092434830853956e-11,
        4.5429918872315325e-11,
        1.1986952346807763e-11
      ],
      "confidence": 0.7
    }
  ]
}