{
  "chunk": 1725,
  "total_chunks": 3600,
  "patterns_found": 2,
  "start_time": 1724.000478889022,
  "end_time": 1724.9994791665222,
  "patterns": [
    {
      "type": "spike",
      "count": 7,
      "times": [
        1724.3614789892997,
        1724.3994789998553,
        1724.4494790137442,
        1724.4754790209665,
        1724.5044790290221,
        1724.5084790301332,
        1724.527479035411
      ],
      "amplitudes": [
        0.0016815696815288567,
        0.001826102659425776,
        0.0016837340080742445,
        0.0017489107272327486,
        0.0017057091116178917,
        0.0016938589304407742,
        0.0017220706458417093
      ],
      "confidence": 0.8
    },
    {
      "type": "oscillation",
      "frequencies": [
        3.906248914738643,
        19.531244573693215,
        39.06248914738643,
        54.687484806341004,
        66.40623155055694,
        85.93747612425015,
        93.74997395372743,
        105.46872069794337,
        117.1874674421593,
        124.99996527163658,
        136.7187120158525,
        148.43745876006844,
        160.15620550428437,
        179.6874500779776,
        191.40619682219352,
        203.12494356640946,
        214.8436903106254,
        226.5624370548413,
        246.0936816285345,
        269.5311751169664,
        285.15617077592094,
        308.5936642643528,
        324.21865992330737,
        332.0311577527847,
        343.7499044970006,
        351.56240232647787,
        367.1873979854325,
        390.6248914738643,
        398.4373893033416,
        425.7811317065121,
        441.40612736546666,
        453.1248741096826,
        476.56236759811446,
        492.187363257069
      ],
      "power": [
        2.725414396029203e-10,
        5.0732342691152315e-11,
        2.346979740924747e-11,
        4.5571995811787536e-11,
        1.903574035406347e-11,
        3.4996694414098434e-11,
        2.369597339681392e-11,
        2.2153509079268158e-11,
        1.688344742231985e-11,
        2.3296435405912086e-11,
        2.273900775629583e-11,
        2.3398140437218223e-11,
        2.2968496443272167e-11,
        2.9549394261058256e-11,
        1.5405092415072545e-11,
        2.0167096163537343e-11,
        1.873481371746242e-11,
        2.4481576772750362e-11,
        4.783584872519513e-11,
        1.4262967345399249e-11,
        3.4924375426855905e-11,
        2.357334254515591e-11,
        1.6660489627163634e-11,
        1.535550457442981e-11,
        2.834848009971758e-11,
        3.0075285140772485e-11,
        3.389200753366557e-11,
        1.4219942846062919e-11,
        2.7993520655695048e-11,
        1.9047551071686958e-11,
        4.335700021691161e-11,
        2.430783474225843e-11,
        2.2201768345444933e-11,
        1.7522951966259596e-11
      ],
      "confidence": 0.7
    }
  ]
}