{
  "chunk": 996,
  "total_chunks": 3600,
  "patterns_found": 2,
  "start_time": 995.0002763889657,
  "end_time": 995.9992766664658,
  "patterns": [
    {
      "type": "spike",
      "count": 23,
      "times": [
        995.003276389799,
        995.0072763909102,
        995.0122763922991,
        995.0152763931324,
        995.0212763947991,
        995.0302763972991,
        995.035276398688,
        995.0372763992435,
        995.0392763997991,
        995.0582764050769,
        995.0632764064658,
        995.9122766422992,
        995.9202766445213,
        995.9272766464658,
        995.935276648688,
        995.9412766503547,
        995.9482766522991,
        995.9562766545214,
        995.9582766550769,
        995.971276658688,
        995.9852766625769,
        995.9912766642436,
        995.9972766659102
      ],
      "amplitudes": [
        0.0011238632048094265,
        0.0010982492918573804,
        0.0011040988809583939,
        0.001067561746729942,
        0.0010953641390782265,
        0.001071685500866859,
        0.0010825792650493657,
        0.0011380553411290957,
        0.0010898801705845043,
        0.0010925276915774807,
        0.0010936269408554362,
        0.0011248188990807114,
        0.0012104429490038637,
        0.0011642323024969663,
        0.001123319083001519,
        0.0011437574262929589,
        0.0010770599582229708,
        0.0010778130513781304,
        0.0010665819263092969,
        0.0010725612082137003,
        0.0010941448176407158,
        0.0010904081224047504,
        0.0011299646256417149
      ],
      "confidence": 0.8
    },
    {
      "type": "oscillation",
      "frequencies": [
        3.906248915182732,
        15.624995660730928,
        39.06248915182732,
        54.687484812558246,
        62.49998264292371,
        70.31248047328917,
        82.03122721883737,
        93.74997396438556,
        101.56247179475103,
        109.37496962511649,
        117.18746745548196,
        136.71871203139563,
        148.43745877694383,
        164.06245443767475,
        179.68745009840566,
        199.21869467431932,
        210.93744141986753,
        226.56243708059844,
        234.37493491096393,
        253.9061794868776,
        269.5311751476085,
        281.2499218931567,
        304.6874153842531,
        320.312411044984,
        335.937406705715,
        351.5624023664459,
        367.1873980271768,
        394.5311404334559,
        410.1561360941869,
        425.7811317549178,
        453.1248741611969,
        472.65611873711055,
        488.2811143978415,
        496.09361222820695
      ],
      "power": [
        3.075906964017768e-10,
        3.913670382667918e-11,
        3.221041668277755e-11,
        3.493115072842177e-11,
        2.968670333421678e-11,
        3.956946434402167e-11,
        3.3355066119902845e-11,
        2.545783234101022e-11,
        2.4700871731806324e-11,
        1.8548738891653223e-11,
        2.883127755561282e-11,
        3.48029978507391e-11,
        2.4319434490421303e-11,
        2.8446227149557088e-11,
        2.952942690822672e-11,
        2.1794015186600977e-11,
        1.8212814286413194e-11,
        2.4679679145796775e-11,
        2.4423831713250092e-11,
        2.415796765116798e-11,
        2.5213708532418114e-11,
        4.460390323002525e-11,
        3.652016272449687e-11,
        2.7143515280853725e-11,
        2.1858341087207194e-11,
        4.074412138639196e-11,
        2.3225652788990518e-11,
        3.701839729597384e-11,
        2.8002488295785265e-11,
        3.040200678142285e-11,
        3.159949393646484e-11,
        2.7077752718519146e-11,
        2.1495549958412606e-11,
        2.437828368654563e-11
      ],
      "confidence": 0.7
    }
  ]
}