{
  "chunk": 1853,
  "total_chunks": 3600,
  "patterns_found": 2,
  "start_time": 1852.0005144445875,
  "end_time": 1852.9995147220875,
  "patterns": [
    {
      "type": "spike",
      "count": 9,
      "times": [
        1852.3215145337542,
        1852.371514547643,
        1852.4365145656986,
        1852.4405145668097,
        1852.4805145779208,
        1852.511514586532,
        1852.5495145970874,
        1852.6155146154208,
        1852.686514635143
      ],
      "amplitudes": [
        0.0017174099087619867,
        0.0016804281566991425,
        0.001711040863790268,
        0.0017302423457418753,
        0.0018019399477153034,
        0.0017215537676143898,
        0.0016947911789346615,
        0.001693402176825287,
        0.0017463663752479994
      ],
      "confidence": 0.8
    },
    {
      "type": "oscillation",
      "frequencies": [
        3.906248914738643,
        19.531244573693215,
        39.06248914738643,
        54.687484806341004,
        66.40623155055694,
        74.21872938003422,
        85.93747612425015,
        105.46872069794337,
        117.1874674421593,
        124.99996527163658,
        136.7187120158525,
        167.96870333376165,
        179.6874500779776,
        207.03119248114808,
        218.74993922536402,
        234.3749348843186,
        249.99993054327317,
        265.62492620222775,
        273.437424031705,
        289.0624196906596,
        300.7811664348755,
        332.0311577527847,
        359.3749001559552,
        374.99989581490973,
        390.6248914738643,
        402.34363821808023,
        417.96863387703485,
        433.5936295359894,
        445.31237628020534,
        457.0311230244213,
        472.65611868337584,
        480.4686165128531,
        496.0936121718077
      ],
      "power": [
        3.1175184094031634e-10,
        3.1000004830446656e-11,
        2.4699625024252305e-11,
        3.7438080424964995e-11,
        1.977607216131543e-11,
        3.3635231210363455e-11,
        2.0474250334046844e-11,
        2.1620192405099536e-11,
        2.380986248346918e-11,
        2.301215196681506e-11,
        2.6279492836277534e-11,
        2.269460821039412e-11,
        4.697564997224161e-11,
        1.762312003724698e-11,
        2.1953852032037535e-11,
        1.9109970551216618e-11,
        2.0499565692268532e-11,
        2.8497593814479453e-11,
        1.9784812545220288e-11,
        1.803545825747428e-11,
        4.1375096795825565e-11,
        2.662704195326742e-11,
        3.109173929369576e-11,
        1.105826744621805e-11,
        1.5853119017290582e-11,
        2.272821599876656e-11,
        4.005776035462167e-11,
        2.7619859673525852e-11,
        1.8403698044907666e-11,
        1.4555038481384017e-11,
        2.4476291066982944e-11,
        1.9032872135473862e-11,
        1.9798076704884376e-11
      ],
      "confidence": 0.7
    }
  ]
}