{
  "chunk": 1667,
  "total_chunks": 3600,
  "patterns_found": 2,
  "start_time": 1666.0004627779065,
  "end_time": 1666.9994630554065,
  "patterns": [
    {
      "type": "spike",
      "count": 8,
      "times": [
        1666.3754628820732,
        1666.39946288874,
        1666.4244628956842,
        1666.483462912073,
        1666.5144629206843,
        1666.5294629248508,
        1666.5344629262397,
        1666.5864629406842
      ],
      "amplitudes": [
        0.0017585028655324147,
        0.0016865321465536303,
        0.001810296123726269,
        0.001685061650057408,
        0.0016929133397751966,
        0.0017015059600582983,
        0.0017603033143644838,
        0.0017245713534683352
      ],
      "confidence": 0.8
    },
    {
      "type": "oscillation",
      "frequencies": [
        3.906248914738643,
        15.624995658954573,
        23.43749348843186,
        39.06248914738643,
        54.687484806341004,
        66.40623155055694,
        82.03122720951151,
        89.8437250389888,
        109.37496961268201,
        117.1874674421593,
        132.81246310111388,
        144.5312098453298,
        164.06245441902303,
        183.59369899271624,
        191.40619682219352,
        207.03119248114808,
        218.74993922536402,
        238.28118379905723,
        253.90617945801182,
        269.5311751169664,
        281.2499218611823,
        296.8749175201369,
        324.21865992330737,
        343.7499044970006,
        351.56240232647787,
        371.0936469001711,
        378.9061447296484,
        398.4373893033416,
        410.15613604755754,
        425.7811317065121,
        433.5936295359894,
        441.40612736546666,
        453.1248741096826,
        472.65611868337584,
        488.2811143423304
      ],
      "power": [
        2.6471454889186146e-10,
        2.2304146201849652e-11,
        4.106067746498956e-11,
        3.345158026833358e-11,
        3.001080715905231e-11,
        3.743423523430949e-11,
        2.676637447547391e-11,
        2.3072708735479822e-11,
        2.2699581340292853e-11,
        3.3014242404510465e-11,
        3.275061980192168e-11,
        4.3259340981099694e-11,
        3.0498985618218124e-11,
        2.1529729973302983e-11,
        3.117524553921456e-11,
        3.094980160249318e-11,
        4.0367703892343566e-11,
        1.849345323098038e-11,
        4.666530083758557e-11,
        6.193993856505916e-11,
        3.203467766709491e-11,
        1.887687342232195e-11,
        4.2660654827974597e-11,
        1.7246391975700306e-11,
        1.732958967072738e-11,
        2.4968604834132837e-11,
        2.2526170484823208e-11,
        3.0954642886915866e-11,
        4.565591106550673e-11,
        2.009732950763561e-11,
        1.7125935799613958e-11,
        2.8841321383304378e-11,
        2.6957826387096724e-11,
        1.2753529586182985e-11,
        2.762123175175093e-11
      ],
      "confidence": 0.7
    }
  ]
}