{
  "chunk": 1112,
  "total_chunks": 3600,
  "patterns_found": 2,
  "start_time": 1111.000308611197,
  "end_time": 1111.999308888697,
  "patterns": [
    {
      "type": "spike",
      "count": 22,
      "times": [
        1111.0033086120302,
        1111.0073086131413,
        1111.0143086150858,
        1111.0193086164747,
        1111.0253086181413,
        1111.036308621197,
        1111.0473086242525,
        1111.058308627308,
        1111.0923086367525,
        1111.1413086503635,
        1111.8753088542526,
        1111.9173088659193,
        1111.9243088678636,
        1111.9273088686969,
        1111.9333088703636,
        1111.9573088770303,
        1111.9613088781414,
        1111.9713088809192,
        1111.977308882586,
        1111.986308885086,
        1111.990308886197,
        1111.9963088878637
      ],
      "amplitudes": [
        0.0010580595137275118,
        0.001071001127782141,
        0.001079471533759615,
        0.0011064023938773249,
        0.0010753155495305754,
        0.0011908088469586534,
        0.0010856612240236151,
        0.0011623067435156441,
        0.0010604242013762207,
        0.0011060642779066971,
        0.0010988489808907266,
        0.001085604798411831,
        0.001124585241989339,
        0.0011151121943106285,
        0.001062265889346047,
        0.001077813793831072,
        0.0011613116492742459,
        0.0010655808370755595,
        0.001071314080282338,
        0.0011636214778724758,
        0.001123411568645712,
        0.0011631099636450432
      ],
      "confidence": 0.8
    },
    {
      "type": "oscillation",
      "frequencies": [
        3.906248914738643,
        11.71874674421593,
        19.531244573693215,
        27.343742403170502,
        46.87498697686372,
        62.49998263581829,
        82.03122720951151,
        93.74997395372743,
        101.56247178320473,
        113.28121852742065,
        121.09371635689794,
        136.7187120158525,
        148.43745876006844,
        156.24995658954572,
        164.06245441902303,
        187.49994790745487,
        199.2186946516708,
        207.03119248114808,
        226.5624370548413,
        238.28118379905723,
        261.7186772874891,
        277.3436729464437,
        292.96866860539825,
        316.4061620938301,
        328.12490883804605,
        343.7499044970006,
        355.46865124121655,
        374.99989581490973,
        394.531140388603,
        406.2498871328189,
        441.40612736546666,
        460.9373719391599,
        472.65611868337584,
        484.37486542759177,
        496.0936121718077
      ],
      "power": [
        2.685264037672355e-10,
        1.7045640396753887e-11,
        2.4534001208911434e-11,
        1.538176117922167e-11,
        2.4104602319189424e-11,
        1.9367038224714554e-11,
        3.639984092040988e-11,
        1.8689374620452774e-11,
        2.6367396019286318e-11,
        1.5023411570586374e-11,
        3.1472158162849064e-11,
        2.6086449821448328e-11,
        2.919129713745759e-11,
        2.043617738243184e-11,
        1.9468754868606218e-11,
        3.151775526883662e-11,
        2.1941393885331012e-11,
        2.468410322894738e-11,
        2.3133573178686586e-11,
        1.850072345287462e-11,
        3.871177927400996e-11,
        2.3254834225118218e-11,
        2.0963362199825972e-11,
        2.542688681508051e-11,
        1.995064069810474e-11,
        1.8920963224972054e-11,
        2.2208591205887055e-11,
        2.6986473554194714e-11,
        1.7189705052612922e-11,
        3.7156898154695897e-11,
        1.903770235814602e-11,
        2.638886883761453e-11,
        4.544603888820117e-11,
        3.729914903151692e-11,
        2.4990823294543755e-11
      ],
      "confidence": 0.7
    }
  ]
}