{
  "chunk": 1599,
  "total_chunks": 3600,
  "patterns_found": 2,
  "start_time": 1598.0004438890123,
  "end_time": 1598.9994441665124,
  "patterns": [
    {
      "type": "spike",
      "count": 7,
      "times": [
        1598.3494439859567,
        1598.398443999568,
        1598.4594440165124,
        1598.5084440301234,
        1598.5384440384569,
        1598.6034440565122,
        1598.6884440801234
      ],
      "amplitudes": [
        0.0017377019081530058,
        0.0017001608688072111,
        0.0016955008282168646,
        0.0017445746202612265,
        0.0017225467519459679,
        0.00174275653599457,
        0.0017431994839819092
      ],
      "confidence": 0.8
    },
    {
      "type": "oscillation",
      "frequencies": [
        3.906248914738643,
        15.624995658954573,
        23.43749348843186,
        39.06248914738643,
        50.781235891602364,
        62.49998263581829,
        70.31248046529558,
        82.03122720951151,
        93.74997395372743,
        121.09371635689794,
        144.5312098453298,
        160.15620550428437,
        179.6874500779776,
        195.31244573693215,
        230.46868596957995,
        242.18743271379589,
        253.90617945801182,
        261.7186772874891,
        273.437424031705,
        285.15617077592094,
        308.5936642643528,
        324.21865992330737,
        335.9374066675233,
        351.56240232647787,
        359.3749001559552,
        378.9061447296484,
        386.71864255912567,
        398.4373893033416,
        406.2498871328189,
        425.7811317065121,
        445.31237628020534,
        457.0311230244213,
        468.7498697686372,
        480.4686165128531,
        488.2811143423304,
        496.0936121718077
      ],
      "power": [
        2.7834212825438826e-10,
        2.8707516965481994e-11,
        3.753433324629102e-11,
        2.7992491780693083e-11,
        2.558960613336994e-11,
        2.1076614085318032e-11,
        1.6876871566382182e-11,
        1.924985178181039e-11,
        2.286519765310854e-11,
        4.5444521746990066e-11,
        3.5075508160841026e-11,
        4.3048286714552924e-11,
        3.608311528207706e-11,
        3.040816670687985e-11,
        2.8337035393208234e-11,
        2.6821825786092346e-11,
        2.68947840306402e-11,
        2.6995500496121955e-11,
        1.2197083851248029e-11,
        2.0203724678313208e-11,
        4.050216357143377e-11,
        3.2711742845601233e-11,
        2.1970515152068063e-11,
        2.5604961751118827e-11,
        2.0797018823857307e-11,
        3.6689222686351906e-11,
        3.179863627983863e-11,
        1.546066408360473e-11,
        1.785704723256166e-11,
        3.720207548632644e-11,
        2.697870957980036e-11,
        1.3657866481001459e-11,
        2.3463944139011722e-11,
        4.178005863172792e-11,
        2.4201461211581948e-11,
        2.3925896681249416e-11
      ],
      "confidence": 0.7
    }
  ]
}