{
  "chunk": 2255,
  "total_chunks": 3600,
  "patterns_found": 2,
  "start_time": 2254.0006261112853,
  "end_time": 2254.999626388785,
  "patterns": [
    {
      "type": "spike",
      "count": 6,
      "times": [
        2254.3196261998964,
        2254.5036262510075,
        2254.523626256563,
        2254.5756262710074,
        2254.6536262926743,
        2254.6646262957297
      ],
      "amplitudes": [
        0.0017004908026677173,
        0.0017454514431435712,
        0.0017510395316029203,
        0.0016979781438588174,
        0.0017110132082250235,
        0.0017335911278594269
      ],
      "confidence": 0.8
    },
    {
      "type": "oscillation",
      "frequencies": [
        3.906248915626821,
        11.718746746880463,
        19.531244578134107,
        35.15624024064139,
        58.59373373440232,
        70.31248048128278,
        82.03122722816325,
        89.84372505941688,
        97.65622289067053,
        113.28121855317781,
        121.09371638443146,
        132.81246313131192,
        160.15620554069966,
        175.78120120320696,
        191.40619686571424,
        207.0311925282215,
        214.84369035947518,
        238.2811838532361,
        261.718677346997,
        273.4374240938775,
        281.2499219251311,
        292.9686686720116,
        300.78116650326524,
        308.59366433451885,
        332.0311578282798,
        347.65615349078706,
        355.4686513220407,
        378.90614481580167,
        390.62489156268214,
        406.2498872251894,
        421.8748828876967,
        433.59362963457716,
        445.3123763814576,
        460.9373720439649,
        480.46861662209903,
        492.18736336897945
      ],
      "power": [
        3.400695197452529e-10,
        5.763799149548548e-11,
        2.233317915164045e-11,
        2.087078614811306e-11,
        2.756294482302141e-11,
        1.8902218055674398e-11,
        1.9535188913998603e-11,
        1.748487371421029e-11,
        1.6448807220284655e-11,
        1.7328344928947057e-11,
        2.0819713525779593e-11,
        3.9942440714164864e-11,
        2.6146071664910923e-11,
        2.6043786714897574e-11,
        3.086532488279287e-11,
        2.0333534349920292e-11,
        4.208641151799153e-11,
        1.4652645270721368e-11,
        2.0049788798726008e-11,
        2.099545354874867e-11,
        3.480454377244059e-11,
        1.9268822120937673e-11,
        2.1192674970095556e-11,
        2.0155097248223856e-11,
        2.8614635577230515e-11,
        2.302341984099457e-11,
        1.7070053174813353e-11,
        2.3289428076017065e-11,
        2.0188447509519756e-11,
        1.9524920661672494e-11,
        2.1498846897176978e-11,
        1.5483066859674177e-11,
        3.089660840991375e-11,
        4.4947076524286307e-11,
        3.7543567885352216e-11,
        2.0326243048745212e-11
      ],
      "confidence": 0.7
    }
  ]
}