{
  "chunk": 2662,
  "total_chunks": 3600,
  "patterns_found": 2,
  "start_time": 2661.0007391668723,
  "end_time": 2661.999739444372,
  "patterns": [
    {
      "type": "spike",
      "count": 29,
      "times": [
        2661.00173916715,
        2661.0087391690945,
        2661.0127391702054,
        2661.0167391713167,
        2661.022739172983,
        2661.032739175761,
        2661.041739178261,
        2661.045739179372,
        2661.058739182983,
        2661.0787391885387,
        2661.089739191594,
        2661.094739192983,
        2661.1257392015946,
        2661.879739411039,
        2661.88373941215,
        2661.90173941715,
        2661.9177394215944,
        2661.931739425483,
        2661.9397394277057,
        2661.942739428539,
        2661.9487394302055,
        2661.9627394340946,
        2661.9727394368724,
        2661.9757394377057,
        2661.9807394390946,
        2661.9857394404835,
        2661.9887394413167,
        2661.99173944215,
        2661.9937394427056
      ],
      "amplitudes": [
        0.0011912144873166776,
        0.0010869451251844559,
        0.0010889465142079951,
        0.001153527010174376,
        0.0010548414256234713,
        0.0010900164201963225,
        0.0011207640526501902,
        0.0011369188139122041,
        0.0010957651374278775,
        0.0010668433324426488,
        0.0010560609362244588,
        0.0010711759221975975,
        0.0010471123329537117,
        0.0010951704534154997,
        0.0010670326486423355,
        0.0010960704670878744,
        0.0011534501125547367,
        0.001046171979039849,
        0.0010947532202679872,
        0.0010907989471778629,
        0.0010493670094987777,
        0.0010726198054093552,
        0.0010875285809785783,
        0.0010635208965131527,
        0.0010589238062568898,
        0.0010840508367633251,
        0.0010457336004530001,
        0.0011481272637558874,
        0.0012615535198639326
      ],
      "confidence": 0.8
    },
    {
      "type": "oscillation",
      "frequencies": [
        3.906248915626821,
        15.624995662507285,
        27.343742409387747,
        39.062489156268214,
        54.687484818775495,
        85.93747614379006,
        93.7499739750437,
        113.28121855317781,
        128.9062142156851,
        156.24995662507285,
        167.96870337195332,
        179.68745011883377,
        187.4999479500874,
        195.31244578134107,
        210.93744144384834,
        222.6561881907288,
        234.37493493760928,
        242.18743276886292,
        253.9061795157434,
        269.53117517825063,
        285.15617084075797,
        300.78116650326524,
        308.59366433451885,
        320.3124110813993,
        335.93740674390665,
        347.65615349078706,
        355.4686513220407,
        367.1873980689212,
        378.90614481580167,
        386.7186426470553,
        406.2498872251894,
        425.7811318033235,
        449.21862529708443,
        460.9373720439649,
        476.5623677064722,
        488.28111445335264
      ],
      "power": [
        3.0102391541764057e-10,
        2.4045863733143337e-11,
        3.0758025000142885e-11,
        2.986315680508232e-11,
        5.315050964415006e-11,
        2.3717059321214945e-11,
        2.809199317121404e-11,
        3.296107610969188e-11,
        3.4167312730299554e-11,
        1.963884824594537e-11,
        2.644726990457985e-11,
        1.928173244340024e-11,
        2.14272472028334e-11,
        1.4423293776566322e-11,
        2.4727107123395232e-11,
        3.8115668575664334e-11,
        2.2901256617050847e-11,
        2.562850273988503e-11,
        2.8737587802721892e-11,
        2.5219098171733268e-11,
        1.9796668303053383e-11,
        3.131554706104583e-11,
        3.457713062356556e-11,
        2.905727750863709e-11,
        2.4062518916029764e-11,
        2.650852957377602e-11,
        1.7834540300905493e-11,
        2.650718977793278e-11,
        1.674835665945175e-11,
        2.4557010951050466e-11,
        1.6029484179051258e-11,
        2.3032470837112478e-11,
        2.724031546374845e-11,
        1.8124695431910832e-11,
        2.87097491779133e-11,
        2.5923249096498726e-11
      ],
      "confidence": 0.7
    }
  ]
}