{
  "chunk": 3212,
  "total_chunks": 3600,
  "patterns_found": 2,
  "start_time": 3211.0008919446923,
  "end_time": 3211.9998922221926,
  "patterns": [
    {
      "type": "spike",
      "count": 25,
      "times": [
        3211.0018919449703,
        3211.0068919463592,
        3211.015891948859,
        3211.0178919494147,
        3211.0218919505255,
        3211.024891951359,
        3211.0308919530257,
        3211.0508919585814,
        3211.057891960526,
        3211.061891961637,
        3211.0638919621924,
        3211.0738919649702,
        3211.0798919666368,
        3211.8508921808034,
        3211.9218922005257,
        3211.9368922046924,
        3211.9458922071926,
        3211.9498922083035,
        3211.9578922105256,
        3211.960892211359,
        3211.9758922155256,
        3211.9818922171926,
        3211.984892218026,
        3211.9908922196923,
        3211.9948922208036
      ],
      "amplitudes": [
        0.0010753839284971508,
        0.001120986371085187,
        0.001090428333730569,
        0.0011673671657240101,
        0.0012245291631226985,
        0.0010916116358661281,
        0.0011072228703225499,
        0.0010466642668436428,
        0.0011208681542285463,
        0.001181221646860088,
        0.001071611926355023,
        0.0012383363078975783,
        0.0010885997933928833,
        0.0010847797326122039,
        0.0010481640000152242,
        0.0010601163126233127,
        0.0010783886859848024,
        0.0010452510300041364,
        0.001073213554514686,
        0.001046574241072022,
        0.0010948619227783088,
        0.0010490199515314428,
        0.0010633177970772892,
        0.001076781989830927,
        0.0011827741759290868
      ],
      "confidence": 0.8
    },
    {
      "type": "oscillation",
      "frequencies": [
        3.9062489138504652,
        15.624995655401861,
        27.343742396953257,
        35.156240224654184,
        46.87498696620558,
        58.59373370775698,
        78.1249782770093,
        89.8437250185607,
        101.56247176011209,
        117.18746741551396,
        124.99996524321489,
        136.7187119847663,
        148.4374587263177,
        167.96870329557,
        183.59369895097186,
        195.31244569252326,
        222.65618808947653,
        246.0936815725793,
        257.8124283141307,
        265.6249261418316,
        285.156170711084,
        300.7811663664858,
        308.5936641941868,
        320.31241093573817,
        335.93740659114,
        355.4686511603923,
        371.0936468157942,
        390.6248913850465,
        398.43738921274746,
        406.24988704044836,
        414.0623848681493,
        425.7811316097007,
        437.4998783512521,
        445.31237617895306,
        457.03112292050446,
        472.6561185759063,
        488.28111423130815
      ],
      "power": [
        3.846947719192114e-10,
        1.5734218547265678e-11,
        1.5125818929483777e-11,
        1.5540508410818816e-11,
        1.9815587265449623e-11,
        1.714563116872217e-11,
        2.1375406849136874e-11,
        2.2413330888292635e-11,
        2.3436272381830828e-11,
        2.138765973557889e-11,
        2.2435046381723602e-11,
        2.72476746670227e-11,
        2.4185323430886673e-11,
        1.6825115687076614e-11,
        3.474377069682332e-11,
        2.30820538568522e-11,
        3.514635465042682e-11,
        1.4567006530795432e-11,
        2.54553095474841e-11,
        1.9503610570223802e-11,
        1.2258579677682366e-11,
        1.186563031336492e-11,
        1.6121040450578522e-11,
        3.256548489881693e-11,
        3.4528068376015445e-11,
        2.4358939030859135e-11,
        4.348409360495468e-11,
        2.5255434221984e-11,
        1.4368451183752949e-11,
        1.5392226871204606e-11,
        1.5547124227015442e-11,
        2.3501527525426387e-11,
        2.912444869442676e-11,
        1.954091877242861e-11,
        1.1861849380356397e-11,
        2.1388373191149146e-11,
        3.5115508931539323e-11
      ],
      "confidence": 0.7
    }
  ]
}