{
  "chunk": 1793,
  "total_chunks": 3600,
  "patterns_found": 2,
  "start_time": 1792.000497777916,
  "end_time": 1792.9994980554163,
  "patterns": [
    {
      "type": "spike",
      "count": 10,
      "times": [
        1792.3054978626385,
        1792.4094978915273,
        1792.4314978976383,
        1792.4724979090272,
        1792.482497911805,
        1792.486497912916,
        1792.4974979159717,
        1792.5064979184717,
        1792.5934979426384,
        1792.608497946805
      ],
      "amplitudes": [
        0.001731006747809284,
        0.0017190166742937485,
        0.0016946369786625128,
        0.0017190629631233518,
        0.0016989108541275667,
        0.0016899807257245757,
        0.0017308842655406368,
        0.0016950324313078833,
        0.0017129343974798135,
        0.0017288207306922498
      ],
      "confidence": 0.8
    },
    {
      "type": "oscillation",
      "frequencies": [
        3.906248914738643,
        23.43749348843186,
        31.249991317909146,
        42.96873806212508,
        62.49998263581829,
        70.31248046529558,
        82.03122720951151,
        89.8437250389888,
        101.56247178320473,
        140.62496093059116,
        171.8749522485003,
        187.49994790745487,
        207.03119248114808,
        218.74993922536402,
        230.46868596957995,
        242.18743271379589,
        269.5311751169664,
        289.0624196906596,
        296.8749175201369,
        304.6874153496142,
        312.49991317909144,
        320.31241100856874,
        351.56240232647787,
        367.1873979854325,
        378.9061447296484,
        386.71864255912567,
        394.531140388603,
        410.15613604755754,
        421.8748827917735,
        429.6873806212508,
        441.40612736546666,
        453.1248741096826,
        464.8436208538985,
        484.37486542759177,
        496.0936121718077
      ],
      "power": [
        3.199726990514368e-10,
        2.1007008590099264e-11,
        2.3593277156270045e-11,
        2.5609957246452706e-11,
        3.305183510479598e-11,
        2.3617194707000172e-11,
        2.4012086060049056e-11,
        2.6281928659184182e-11,
        3.5871586311320034e-11,
        2.679400327988815e-11,
        3.070270179316829e-11,
        2.5332580787205388e-11,
        2.176506480648959e-11,
        1.5264798102275918e-11,
        1.8016500552664407e-11,
        3.4596273920741534e-11,
        3.597389794935685e-11,
        3.29622325211036e-11,
        1.9369650944654084e-11,
        3.031343672983567e-11,
        2.989806446316436e-11,
        2.8638457958696626e-11,
        2.3446671929435486e-11,
        5.7584466361729264e-11,
        2.4025888074048434e-11,
        2.353081806640103e-11,
        2.7580625017676193e-11,
        2.3294641385117863e-11,
        1.973750310867676e-11,
        2.2823078564002187e-11,
        1.5092390620600145e-11,
        2.5243660343182694e-11,
        2.7346407405363402e-11,
        1.4391343299612647e-11,
        1.9852474931295747e-11
      ],
      "confidence": 0.7
    }
  ]
}