{
  "chunk": 3522,
  "total_chunks": 3600,
  "patterns_found": 2,
  "start_time": 3521.0009780558275,
  "end_time": 3521.9999783333274,
  "patterns": [
    {
      "type": "spike",
      "count": 24,
      "times": [
        3521.0049780569384,
        3521.019978061105,
        3521.0269780630497,
        3521.0289780636053,
        3521.032978064716,
        3521.0359780655494,
        3521.048978069161,
        3521.0549780708275,
        3521.0829780786053,
        3521.1139780872163,
        3521.879978299994,
        3521.9239783122166,
        3521.928978313605,
        3521.9539783205496,
        3521.9559783211052,
        3521.960978322494,
        3521.9649783236055,
        3521.9679783244387,
        3521.9769783269385,
        3521.98097832805,
        3521.9829783286054,
        3521.9869783297163,
        3521.988978330272,
        3521.996978332494
      ],
      "amplitudes": [
        0.0010745930432814457,
        0.0011122074481458382,
        0.0010850401503146015,
        0.001080322665729457,
        0.0010541693619494866,
        0.0010402739012421798,
        0.0010417460494528755,
        0.0010675689502479657,
        0.0011365782670833685,
        0.0010723620194465421,
        0.0010554774048202214,
        0.001060903891674477,
        0.0011708455314417732,
        0.0011937829205058163,
        0.0010608755100381703,
        0.0011180291377511726,
        0.0010456865706614158,
        0.0010793622334386568,
        0.0011552058177251422,
        0.001061509395378039,
        0.0011392349839531833,
        0.0011025584902520226,
        0.0011861452043736317,
        0.001068966776007288
      ],
      "confidence": 0.8
    },
    {
      "type": "oscillation",
      "frequencies": [
        3.906248915626821,
        23.437493493760925,
        42.96873807189503,
        78.12497831253643,
        97.65622289067053,
        105.46872072192417,
        128.9062142156851,
        140.62496096256555,
        148.43745879381922,
        167.96870337195332,
        183.5936990344606,
        191.40619686571424,
        203.1249436125947,
        222.6561881907288,
        246.09368168448972,
        257.8124284313702,
        273.4374240938775,
        281.2499219251311,
        289.06241975638477,
        316.4061621657725,
        328.124908912653,
        343.74990457516026,
        367.1873980689212,
        390.62489156268214,
        398.43738939393575,
        414.062385056443,
        421.8748828876967,
        437.49987855020396,
        453.12487421271123,
        468.74986987521856,
        480.46861662209903,
        496.0936122846063
      ],
      "power": [
        3.094020542699375e-10,
        1.967766321119029e-11,
        3.427188683303477e-11,
        3.187614617307762e-11,
        2.5240849062379607e-11,
        2.08538273373141e-11,
        2.403537254291231e-11,
        2.1304171042745334e-11,
        7.143178506672944e-12,
        2.7628307679019017e-11,
        2.584427457993276e-11,
        2.423790828652687e-11,
        5.939949410154453e-11,
        3.995218902953411e-11,
        2.9203227724162255e-11,
        1.909917122962144e-11,
        2.3362743996888616e-11,
        2.0846192946511445e-11,
        2.5563583635913353e-11,
        3.997553613032823e-11,
        2.162032849850441e-11,
        1.9692892320932582e-11,
        3.600581442962175e-11,
        2.08360149556266e-11,
        2.367719291801176e-11,
        1.4915528895876937e-11,
        1.4756173426153852e-11,
        1.4799860389335623e-11,
        2.8390487776732132e-11,
        1.5926726819086244e-11,
        2.2341940153969353e-11,
        2.775226992901706e-11
      ],
      "confidence": 0.7
    }
  ]
}