{
  "chunk": 1594,
  "total_chunks": 3600,
  "patterns_found": 2,
  "start_time": 1593.000442500123,
  "end_time": 1593.999442777623,
  "patterns": [
    {
      "type": "spike",
      "count": 22,
      "times": [
        1593.0024425006786,
        1593.0054425015119,
        1593.013442503734,
        1593.0204425056786,
        1593.022442506234,
        1593.0294425081786,
        1593.0324425090118,
        1593.0384425106786,
        1593.0464425129007,
        1593.0494425137342,
        1593.0524425145675,
        1593.0574425159564,
        1593.0974425270674,
        1593.1194425331785,
        1593.919442755401,
        1593.9304427584564,
        1593.9584427662342,
        1593.9764427712341,
        1593.9874427742898,
        1593.990442775123,
        1593.994442776234,
        1593.9964427767898
      ],
      "amplitudes": [
        0.0010711070031753738,
        0.0010835501129845243,
        0.0011646959883288629,
        0.0011245128114418387,
        0.0011744373536813942,
        0.0010704610494039215,
        0.0010704371002825974,
        0.0012192299381081977,
        0.0010557318074602422,
        0.0010789383416922147,
        0.0011302853752436963,
        0.001126601134651926,
        0.0010615590721536072,
        0.0012409735753002576,
        0.0010629090482443587,
        0.0010981927409688262,
        0.0010645684775914491,
        0.001099854693141783,
        0.0010551788477551629,
        0.0011288518167063494,
        0.0011690290833885762,
        0.001110650981935909
      ],
      "confidence": 0.8
    },
    {
      "type": "oscillation",
      "frequencies": [
        3.906248914738643,
        27.343742403170502,
        50.781235891602364,
        58.59373372107965,
        78.12497829477286,
        89.8437250389888,
        97.65622286846607,
        113.28121852742065,
        124.99996527163658,
        136.7187120158525,
        152.3437076748071,
        164.06245441902303,
        175.78120116323893,
        187.49994790745487,
        199.2186946516708,
        210.93744139588674,
        222.65618814010267,
        242.18743271379589,
        253.90617945801182,
        265.62492620222775,
        277.3436729464437,
        292.96866860539825,
        312.49991317909144,
        320.31241100856874,
        335.9374066675233,
        351.56240232647787,
        363.2811490706938,
        371.0936469001711,
        378.9061447296484,
        390.6248914738643,
        406.2498871328189,
        441.40612736546666,
        468.7498697686372,
        488.2811143423304
      ],
      "power": [
        2.873377385670255e-10,
        3.320820502333569e-11,
        2.920077478845575e-11,
        3.752772910377562e-11,
        2.919888717656528e-11,
        2.928311279798718e-11,
        2.8639621167570354e-11,
        3.090335385757941e-11,
        2.043335698278306e-11,
        3.581239887272369e-11,
        2.2431791945230857e-11,
        3.5808014905758494e-11,
        2.5899227683536882e-11,
        1.6340297100680436e-11,
        2.6510936676941376e-11,
        4.060542008994005e-11,
        2.728555922313947e-11,
        2.741802859813999e-11,
        2.3542446905078004e-11,
        2.5489033745163517e-11,
        2.3940911709746013e-11,
        4.74920796566699e-11,
        3.46538343422051e-11,
        2.59243885235482e-11,
        4.026104885539753e-11,
        1.2891639873967668e-11,
        1.2223278996304432e-11,
        2.5623419683187536e-11,
        2.759011170454886e-11,
        2.2142736263097492e-11,
        2.0317334271747892e-11,
        3.072851372559824e-11,
        3.015351410153483e-11,
        2.8843417905568163e-11
      ],
      "confidence": 0.7
    }
  ]
}