{
  "chunk": 3226,
  "total_chunks": 3600,
  "patterns_found": 2,
  "start_time": 3225.0008958335825,
  "end_time": 3225.9998961110823,
  "patterns": [
    {
      "type": "spike",
      "count": 20,
      "times": [
        3225.00189583386,
        3225.0038958344157,
        3225.0098958360823,
        3225.014895837471,
        3225.024895840249,
        3225.027895841082,
        3225.032895842471,
        3225.0398958444157,
        3225.042895845249,
        3225.0448958458046,
        3225.0598958499713,
        3225.0778958549713,
        3225.93789609386,
        3225.9678961021937,
        3225.9728961035826,
        3225.9828961063604,
        3225.9858961071936,
        3225.9898961083045,
        3225.992896109138,
        3225.9958961099715
      ],
      "amplitudes": [
        0.0011495181818378382,
        0.0010925481940405872,
        0.0011930825817754694,
        0.0011865295731271523,
        0.0011406952628531697,
        0.001074076379348362,
        0.0010831237782186393,
        0.0010916844640021604,
        0.0011163714755414948,
        0.0011300135737721958,
        0.0010752646893807183,
        0.0010922011527077378,
        0.001076301349931771,
        0.0012110405239331796,
        0.001096172409779345,
        0.0010904069740596712,
        0.0011312676499278637,
        0.0010861244322184346,
        0.0011313257908538742,
        0.0011196138658172055
      ],
      "confidence": 0.8
    },
    {
      "type": "oscillation",
      "frequencies": [
        3.906248915626821,
        19.531244578134107,
        35.15624024064139,
        46.87498698752185,
        74.21872939690961,
        89.84372505941688,
        105.46872072192417,
        117.18746746880464,
        128.9062142156851,
        152.34370770944602,
        171.87495228758013,
        187.4999479500874,
        207.0311925282215,
        222.6561881907288,
        230.46868602198245,
        242.18743276886292,
        265.62492626262383,
        277.3436730095043,
        289.06241975638477,
        300.78116650326524,
        316.4061621657725,
        339.84365565953345,
        351.5624024064139,
        371.093646984548,
        382.8123937314285,
        406.2498872251894,
        421.8748828876967,
        433.59362963457716,
        449.21862529708443,
        472.65611879084537,
        488.28111445335264,
        496.0936122846063
      ],
      "power": [
        2.881187310470684e-10,
        2.7375669625119483e-11,
        2.1006837821897565e-11,
        3.6016778939649236e-11,
        1.570905219510591e-11,
        3.0083499374756314e-11,
        2.801243292034998e-11,
        2.2069112077465822e-11,
        2.3482003386260277e-11,
        2.906591463702686e-11,
        3.14981616798228e-11,
        3.776607428671627e-11,
        3.736272465774066e-11,
        3.478624630472424e-11,
        3.389664701920934e-11,
        3.108806851317365e-11,
        4.080826023282893e-11,
        1.4982384363641967e-11,
        1.690503073707607e-11,
        3.079358790374723e-11,
        2.0665805268103586e-11,
        4.990456093991674e-11,
        3.415651314692297e-11,
        3.204709974812387e-11,
        5.265932727965359e-11,
        2.1128544848118798e-11,
        2.455044399717051e-11,
        2.2604417177635794e-11,
        4.159506804134956e-11,
        4.054601383154768e-11,
        2.1124625232565062e-11,
        9.90603254425282e-12
      ],
      "confidence": 0.7
    }
  ]
}