{
  "chunk": 3087,
  "total_chunks": 3600,
  "patterns_found": 2,
  "start_time": 3086.0008572224606,
  "end_time": 3086.9998574999604,
  "patterns": [
    {
      "type": "spike",
      "count": 7,
      "times": [
        3086.384857329127,
        3086.4048573346827,
        3086.449857347183,
        3086.5098573638493,
        3086.533857370516,
        3086.6068573907937,
        3086.6178573938496
      ],
      "amplitudes": [
        0.0016844867928680327,
        0.0016833198322096115,
        0.001703122949144713,
        0.0017021483148029631,
        0.0017159066891816108,
        0.0017061584273610746,
        0.0017037306218258507
      ],
      "confidence": 0.8
    },
    {
      "type": "oscillation",
      "frequencies": [
        3.906248915626821,
        15.624995662507285,
        31.24999132501457,
        50.781235903148676,
        70.31248048128278,
        82.03122722816325,
        93.7499739750437,
        113.28121855317781,
        124.99996530005828,
        136.71871204693875,
        148.43745879381922,
        160.15620554069966,
        175.78120120320696,
        191.40619686571424,
        214.84369035947518,
        230.46868602198245,
        246.09368168448972,
        257.8124284313702,
        269.53117517825063,
        285.15617084075797,
        292.9686686720116,
        316.4061621657725,
        332.0311578282798,
        347.65615349078706,
        363.2811491532944,
        374.9998959001748,
        406.2498872251894,
        417.9686339720699,
        437.49987855020396,
        449.21862529708443,
        464.8436209595917,
        476.5623677064722,
        492.18736336897945
      ],
      "power": [
        2.5238271278249086e-10,
        1.4690660321738684e-11,
        1.4035905876746035e-11,
        5.125535786258652e-11,
        4.0128986862304987e-11,
        1.987460852789147e-11,
        2.6575365913019206e-11,
        4.494587392055119e-11,
        3.962537367593372e-11,
        4.4874791490670307e-11,
        1.7360454884230477e-11,
        2.302157787291783e-11,
        3.452902451795802e-11,
        4.2940141679596185e-11,
        2.7326163074791095e-11,
        3.427336872441189e-11,
        4.240586507688484e-11,
        3.242393412656324e-11,
        2.0548237316890298e-11,
        1.8297320441394553e-11,
        2.7796138259450957e-11,
        3.403523601815405e-11,
        3.304783901894225e-11,
        3.4104982554581824e-11,
        2.5961752333919003e-11,
        2.5472625332041362e-11,
        4.082521636367554e-11,
        1.6146695775875245e-11,
        3.094870351399182e-11,
        2.7922910020711906e-11,
        1.8189836956645626e-11,
        2.3317203641338624e-11,
        1.119358476999432e-11
      ],
      "confidence": 0.7
    }
  ]
}