{
  "chunk": 861,
  "total_chunks": 3600,
  "patterns_found": 2,
  "start_time": 860.0002388889553,
  "end_time": 860.9992391664554,
  "patterns": [
    {
      "type": "spike",
      "count": 5,
      "times": [
        860.5002390278443,
        860.5062390295109,
        860.5302390361776,
        860.5452390403442,
        860.5772390492331
      ],
      "amplitudes": [
        0.0016899448942974493,
        0.0017052040427652049,
        0.0016746313673075782,
        0.001694329615815191,
        0.0017245996793341688
      ],
      "confidence": 0.8
    },
    {
      "type": "oscillation",
      "frequencies": [
        3.906248915182732,
        19.53124457591366,
        35.156240236644585,
        46.87498698219278,
        58.59373372774098,
        74.21872938847191,
        82.03122721883737,
        93.74997396438556,
        105.46872070993376,
        117.18746745548196,
        128.90621420103017,
        140.62496094657834,
        160.156205522492,
        171.8749522680402,
        183.5936990135884,
        199.21869467431932,
        210.93744141986753,
        222.65618816541573,
        230.4686859957812,
        253.9061794868776,
        281.2499218931567,
        292.9686686387049,
        308.59366429943583,
        324.21865996016675,
        335.937406705715,
        347.65615345126315,
        359.3749001968113,
        386.7186426030905,
        398.43738934863865,
        421.87488283973505,
        441.4061274156487,
        457.03112307637963,
        468.74986982192786,
        480.46861656747603,
        496.09361222820695
      ],
      "power": [
        3.2041366257510253e-10,
        2.4150320448734996e-11,
        1.7226842425375262e-11,
        1.786581466509445e-11,
        1.5102962288187443e-11,
        5.2804290690274204e-11,
        3.9839598910626446e-11,
        1.7396661916585538e-11,
        2.6102245417661317e-11,
        1.647486488515004e-11,
        1.7782906582167902e-11,
        1.9366193972407003e-11,
        3.6040841085536466e-11,
        2.5459557278080445e-11,
        2.927850413232413e-11,
        4.0646946924628425e-11,
        2.2867425838858358e-11,
        1.5183658616362093e-11,
        1.3626059996995831e-11,
        3.904459828805224e-11,
        3.196237271987029e-11,
        1.732315235508874e-11,
        2.9983838413654246e-11,
        1.7939280636811282e-11,
        1.6920793544251336e-11,
        2.2159871568309455e-11,
        2.5947297516214332e-11,
        2.8272679873931893e-11,
        1.9942013736675874e-11,
        1.769491777718638e-11,
        2.826288282995791e-11,
        3.232349016058325e-11,
        2.421522963067955e-11,
        1.8450631316415232e-11,
        1.2801280009223167e-11
      ],
      "confidence": 0.7
    }
  ]
}