{
  "chunk": 133,
  "total_chunks": 3600,
  "patterns_found": 2,
  "start_time": 132.00003666667686,
  "end_time": 132.99903694417694,
  "patterns": [
    {
      "type": "spike",
      "count": 5,
      "times": [
        132.472036797788,
        132.51403680945467,
        132.55503682084355,
        132.62003683889913,
        132.62403684001023
      ],
      "amplitudes": [
        0.0017061122936167083,
        0.0018119732040506797,
        0.0016970793886149408,
        0.001757578575023302,
        0.001716551472535049
      ],
      "confidence": 0.8
    },
    {
      "type": "oscillation",
      "frequencies": [
        3.906248914960688,
        19.531244574803438,
        31.249991319685503,
        50.781235894488944,
        66.4062315543317,
        78.12497829921375,
        85.93747612913513,
        105.46872070393857,
        124.99996527874201,
        136.71871202362408,
        152.34370768346682,
        160.1562055133882,
        171.87495225827027,
        187.499947918113,
        207.03119249291646,
        214.84369032283783,
        226.56243706771988,
        234.37493489764128,
        246.09368164252334,
        265.6249262173268,
        277.3436729622088,
        296.87491753701227,
        312.499913196855,
        328.1249088566978,
        351.5624023464619,
        359.3749001763833,
        378.90614475118673,
        394.53114041102947,
        402.34363824095084,
        414.0623849858329,
        429.68738064567566,
        445.3123763055184,
        460.93737196536114,
        472.6561187102432,
        492.1873632850467
      ],
      "power": [
        3.5953741718203105e-10,
        3.467845604567232e-11,
        5.0400822177389184e-11,
        2.3347015928555404e-11,
        2.2820523597816744e-11,
        1.8201595619102514e-11,
        3.7857402750999584e-11,
        2.6732920856449174e-11,
        2.8399167809304533e-11,
        4.387309339466153e-11,
        2.3339833340617994e-11,
        2.0752836626158506e-11,
        3.45785667601806e-11,
        2.4280007677613633e-11,
        2.1639266873173088e-11,
        3.6151384980158364e-11,
        2.6744228807030813e-11,
        3.389820630705258e-11,
        2.957574439651987e-11,
        4.372905224053436e-11,
        2.7867070741658275e-11,
        2.808801165887912e-11,
        1.4226252688642853e-11,
        2.2916372839879224e-11,
        2.7300074985610127e-11,
        2.1534361693153807e-11,
        3.9399410763909105e-11,
        2.0113249538228014e-11,
        4.087775919147357e-11,
        1.8062249801133118e-11,
        2.6532907273008123e-11,
        1.3483691237326423e-11,
        1.8249893550643928e-11,
        1.335475919492242e-11,
        3.238906265224803e-11
      ],
      "confidence": 0.7
    }
  ]
}