{
  "chunk": 1585,
  "total_chunks": 3600,
  "patterns_found": 2,
  "start_time": 1584.0004400001224,
  "end_time": 1584.9994402776224,
  "patterns": [
    {
      "type": "spike",
      "count": 6,
      "times": [
        1584.3414400948445,
        1584.425440118178,
        1584.4754401320668,
        1584.555440154289,
        1584.5844401623447,
        1584.5884401634557
      ],
      "amplitudes": [
        0.0017171760074530314,
        0.0017114242458900566,
        0.001707911649088579,
        0.0017377033918842552,
        0.0016833878254943454,
        0.001696587097099292
      ],
      "confidence": 0.8
    },
    {
      "type": "oscillation",
      "frequencies": [
        3.906248914738643,
        35.15624023264779,
        42.96873806212508,
        54.687484806341004,
        66.40623155055694,
        74.21872938003422,
        93.74997395372743,
        113.28121852742065,
        124.99996527163658,
        136.7187120158525,
        156.24995658954572,
        167.96870333376165,
        179.6874500779776,
        195.31244573693215,
        214.8436903106254,
        226.5624370548413,
        238.28118379905723,
        253.90617945801182,
        265.62492620222775,
        277.3436729464437,
        292.96866860539825,
        300.7811664348755,
        316.4061620938301,
        335.9374066675233,
        363.2811490706938,
        386.71864255912567,
        402.34363821808023,
        414.06238496229616,
        433.5936295359894,
        449.21862519494397,
        476.56236759811446,
        488.2811143423304,
        496.0936121718077
      ],
      "power": [
        3.0283942048739034e-10,
        3.818459136585086e-11,
        3.866067229908649e-11,
        1.3003305427373636e-11,
        3.812489022318311e-11,
        3.467830940397732e-11,
        2.72515577539872e-11,
        2.8295557479106532e-11,
        3.1244902287034315e-11,
        2.3452214389320558e-11,
        2.3243957046347558e-11,
        1.9943901598712162e-11,
        2.118965924111397e-11,
        2.823992169246448e-11,
        2.762190954786824e-11,
        3.859113482806679e-11,
        3.4625408039806483e-11,
        2.5579228303684506e-11,
        2.250007556727258e-11,
        2.2581256258216085e-11,
        3.220789882753712e-11,
        2.4195913856419693e-11,
        1.7734955836842322e-11,
        2.7568384529442918e-11,
        2.8850148429590474e-11,
        2.31233960866778e-11,
        2.2616723990744292e-11,
        2.5999717871766412e-11,
        1.3365012114422362e-11,
        2.5404948714889485e-11,
        2.914341959422035e-11,
        3.319609167399562e-11,
        3.102515942112576e-11
      ],
      "confidence": 0.7
    }
  ]
}