{
  "chunk": 784,
  "total_chunks": 3600,
  "patterns_found": 2,
  "start_time": 783.0002175000604,
  "end_time": 783.9992177775605,
  "patterns": [
    {
      "type": "spike",
      "count": 16,
      "times": [
        783.011217503116,
        783.0162175045049,
        783.0192175053382,
        783.0222175061716,
        783.0332175092271,
        783.0422175117271,
        783.0482175133938,
        783.0712175197826,
        783.9352177597827,
        783.943217762005,
        783.970217769505,
        783.9752177708939,
        783.983217773116,
        783.9872177742272,
        783.9892177747828,
        783.9982177772828
      ],
      "amplitudes": [
        0.0010924255679982818,
        0.0010876632182623839,
        0.0010622539951009,
        0.0010531086992976166,
        0.0011177939054393988,
        0.001093767712431422,
        0.0010795824801206506,
        0.0010568435171550866,
        0.0010482671526661342,
        0.001069074871050594,
        0.00117380084440229,
        0.001205497598027755,
        0.0010784771795380075,
        0.0010612895348692745,
        0.0011866950935804856,
        0.0011280357376968627
      ],
      "confidence": 0.8
    },
    {
      "type": "oscillation",
      "frequencies": [
        3.906248914738643,
        11.71874674421593,
        23.43749348843186,
        39.06248914738643,
        58.59373372107965,
        74.21872938003422,
        89.8437250389888,
        105.46872069794337,
        124.99996527163658,
        136.7187120158525,
        156.24995658954572,
        171.8749522485003,
        183.59369899271624,
        214.8436903106254,
        234.3749348843186,
        253.90617945801182,
        269.5311751169664,
        277.3436729464437,
        289.0624196906596,
        308.5936642643528,
        320.31241100856874,
        335.9374066675233,
        355.46865124121655,
        374.99989581490973,
        386.71864255912567,
        394.531140388603,
        406.2498871328189,
        417.96863387703485,
        433.5936295359894,
        445.31237628020534,
        453.1248741096826,
        468.7498697686372,
        484.37486542759177,
        496.0936121718077
      ],
      "power": [
        2.7201302331184396e-10,
        2.0718368441376627e-11,
        2.7991905938594903e-11,
        2.224674353554572e-11,
        4.7549120449015986e-11,
        3.411069606348181e-11,
        2.2529257981500442e-11,
        2.9087065743951398e-11,
        2.457262428609881e-11,
        8.320212855920398e-12,
        2.1637385407514776e-11,
        2.9037267489654675e-11,
        2.8748913329654173e-11,
        3.945330092521982e-11,
        1.78521276935743e-11,
        3.5968721730964286e-11,
        3.365249188897705e-11,
        1.4367382891402596e-11,
        2.1939325603305917e-11,
        3.0085561050332576e-11,
        1.576114986284055e-11,
        3.148152966906071e-11,
        2.4104915840973833e-11,
        2.6606988555501534e-11,
        2.5201477331800206e-11,
        2.565429472334398e-11,
        1.7081477864934496e-11,
        1.5018899955676883e-11,
        1.9387216044547986e-11,
        3.2119204783127093e-11,
        2.991973521721711e-11,
        2.927113819076288e-11,
        1.2680626767305042e-11,
        2.4032079433194705e-11
      ],
      "confidence": 0.7
    }
  ]
}