{
  "chunk": 2927,
  "total_chunks": 3600,
  "patterns_found": 2,
  "start_time": 2926.000812778004,
  "end_time": 2926.9998130555036,
  "patterns": [
    {
      "type": "spike",
      "count": 5,
      "times": [
        2926.355812876615,
        2926.4878129132817,
        2926.511812919948,
        2926.529812924948,
        2926.5688129357814
      ],
      "amplitudes": [
        0.001715581847413647,
        0.0017273967432885275,
        0.001676101855688838,
        0.0017482217520427953,
        0.0017545462648601608
      ],
      "confidence": 0.8
    },
    {
      "type": "oscillation",
      "frequencies": [
        3.906248915626821,
        23.437493493760925,
        42.96873807189503,
        62.49998265002914,
        82.03122722816325,
        97.65622289067053,
        109.37496963755099,
        117.18746746880464,
        132.81246313131192,
        144.53120987819239,
        160.15620554069966,
        175.78120120320696,
        199.21869469696787,
        207.0311925282215,
        230.46868602198245,
        249.99993060011656,
        261.718677346997,
        273.4374240938775,
        285.15617084075797,
        296.87491758763844,
        308.59366433451885,
        324.2186599970262,
        343.74990457516026,
        367.1873980689212,
        378.90614481580167,
        394.53114047830894,
        406.2498872251894,
        414.062385056443,
        433.59362963457716,
        449.21862529708443,
        476.5623677064722,
        496.0936122846063
      ],
      "power": [
        2.5753235930716904e-10,
        3.1028819055434864e-11,
        4.460081009725893e-11,
        1.5122847910263784e-11,
        1.8299714456659537e-11,
        3.9872014010717184e-11,
        5.4055258340716885e-11,
        3.363617007053973e-11,
        2.926207997434901e-11,
        2.885220258752024e-11,
        1.7810688349175245e-11,
        3.0150938797993247e-11,
        2.7348395047848106e-11,
        3.223331852120677e-11,
        3.246195836696688e-11,
        1.659364934692008e-11,
        1.8743155538124254e-11,
        1.465761949038253e-11,
        2.3755696955566592e-11,
        2.7532576264485128e-11,
        3.448099932705214e-11,
        2.276217591923912e-11,
        3.846990583371629e-11,
        2.6075235816843195e-11,
        4.8091797002744665e-11,
        2.5283316473782256e-11,
        2.6536481615655053e-11,
        2.690841860520092e-11,
        3.4360697444002816e-11,
        2.1096997558825814e-11,
        2.7439815409102965e-11,
        2.4978493718198006e-11
      ],
      "confidence": 0.7
    }
  ]
}