{
  "chunk": 356,
  "total_chunks": 3600,
  "patterns_found": 2,
  "start_time": 355.0000986111385,
  "end_time": 355.9990988886386,
  "patterns": [
    {
      "type": "spike",
      "count": 20,
      "times": [
        355.00209861169407,
        355.00809861336074,
        355.0230986175274,
        355.02509861808295,
        355.0280986189163,
        355.03309862030517,
        355.0590986275274,
        355.92909886919415,
        355.93409887058306,
        355.9440988733608,
        355.9590988775275,
        355.9630988786386,
        355.9670988797497,
        355.97009888058307,
        355.9750988819719,
        355.9780988828053,
        355.9810988836386,
        355.98309888419413,
        355.98809888558304,
        355.99109888641635
      ],
      "amplitudes": [
        0.0010850697697581146,
        0.0011090891900146897,
        0.0010778396077954844,
        0.0011100813601020547,
        0.0011204377327367226,
        0.00112676043753124,
        0.0010700284934112433,
        0.001114007467307482,
        0.00108954801484231,
        0.001100524327955657,
        0.0011351101443884976,
        0.0010790330607949258,
        0.0010848452589066562,
        0.0010597256375497824,
        0.0011424638065035896,
        0.0010711328303548435,
        0.0010630583324415198,
        0.001115944787064353,
        0.0010549224260462114,
        0.0010763210733786687
      ],
      "confidence": 0.8
    },
    {
      "type": "oscillation",
      "frequencies": [
        3.906248914960688,
        11.718746744882063,
        27.343742404724814,
        35.15624023464619,
        66.4062315543317,
        74.21872938425307,
        85.93747612913513,
        109.37496961889926,
        117.18746744882064,
        132.8124631086634,
        144.53120985354545,
        171.87495225827027,
        187.499947918113,
        207.03119249291646,
        214.84369032283783,
        226.56243706771988,
        242.18743272756265,
        253.9061794724447,
        273.43742404724816,
        289.0624197070909,
        304.68741536693364,
        316.4061621118157,
        332.03115777165846,
        351.5624023464619,
        363.281149091344,
        371.09364692126536,
        394.53114041102947,
        402.34363824095084,
        421.8748828157543,
        433.5936295606364,
        441.40612739055774,
        453.12487413543977,
        472.6561187102432,
        484.3748654551253,
        496.0936122000073
      ],
      "power": [
        2.953206594935635e-10,
        2.3962142719329133e-11,
        2.0413937562399454e-11,
        2.8850390216856078e-11,
        3.0821594583030997e-11,
        3.0899256801150125e-11,
        2.4493627760674142e-11,
        2.4188234014842665e-11,
        1.8604997081486905e-11,
        2.2346647366791864e-11,
        4.7203436433564646e-11,
        2.810834535681904e-11,
        1.657995211329964e-11,
        2.0437573641852125e-11,
        2.21870724104349e-11,
        1.7512713285026223e-11,
        2.5071678292463648e-11,
        1.7890919793363194e-11,
        3.047783157472457e-11,
        2.6462669205419498e-11,
        3.951840162942707e-11,
        2.8010890328210516e-11,
        1.7623447518403404e-11,
        2.155315274217694e-11,
        3.581050574584475e-11,
        4.110762119399436e-11,
        2.5369340116204626e-11,
        1.5917035143279223e-11,
        3.302585418506152e-11,
        1.2852815027899738e-11,
        1.6252783729457058e-11,
        2.6281868057522855e-11,
        3.083768205010832e-11,
        1.6581933336757393e-11,
        2.0497432523070815e-11
      ],
      "confidence": 0.7
    }
  ]
}