{
  "chunk": 1875,
  "total_chunks": 3600,
  "patterns_found": 2,
  "start_time": 1874.0005205557002,
  "end_time": 1874.9995208332002,
  "patterns": [
    {
      "type": "spike",
      "count": 5,
      "times": [
        1874.442520678478,
        1874.451520680978,
        1874.5705207140336,
        1874.613520725978,
        1874.865520795978
      ],
      "amplitudes": [
        0.0016733711090318104,
        0.0016907652343224628,
        0.0016880253050008238,
        0.0016921182956820813,
        0.0017059571117472804
      ],
      "confidence": 0.8
    },
    {
      "type": "oscillation",
      "frequencies": [
        3.906248914738643,
        27.343742403170502,
        39.06248914738643,
        54.687484806341004,
        82.03122720951151,
        93.74997395372743,
        109.37496961268201,
        124.99996527163658,
        132.81246310111388,
        144.5312098453298,
        160.15620550428437,
        187.49994790745487,
        195.31244573693215,
        207.03119248114808,
        218.74993922536402,
        230.46868596957995,
        238.28118379905723,
        249.99993054327317,
        257.81242837275045,
        265.62492620222775,
        277.3436729464437,
        296.8749175201369,
        308.5936642643528,
        316.4061620938301,
        332.0311577527847,
        359.3749001559552,
        371.0936469001711,
        390.6248914738643,
        398.4373893033416,
        414.06238496229616,
        425.7811317065121,
        441.40612736546666,
        453.1248741096826,
        464.8436208538985,
        476.56236759811446,
        488.2811143423304
      ],
      "power": [
        2.9422828794740374e-10,
        1.8862482806118615e-11,
        1.1393339972401534e-11,
        1.424113248533067e-11,
        2.0778191898749227e-11,
        3.1617482902248614e-11,
        1.9529739818835424e-11,
        2.373524365766257e-11,
        2.1285235074795397e-11,
        2.3527309546407624e-11,
        3.491717904278266e-11,
        2.998603042761096e-11,
        3.950081482715053e-11,
        2.5007323721350426e-11,
        1.926991606625933e-11,
        1.3461919475057253e-11,
        2.1132364852916127e-11,
        2.437040417144508e-11,
        3.387282647552644e-11,
        2.2709381283082017e-11,
        1.8670299740933818e-11,
        4.7612873963754854e-11,
        1.3201364661457033e-11,
        1.893437435699203e-11,
        2.355543193268166e-11,
        2.150688962889867e-11,
        2.3200649248063392e-11,
        4.561308924589997e-11,
        3.780421003832513e-11,
        5.343434408843293e-11,
        1.3740231129374736e-11,
        2.0365439701038578e-11,
        2.4830734099930362e-11,
        2.4546580371890033e-11,
        1.8439571724433676e-11,
        3.91020802175223e-11
      ],
      "confidence": 0.7
    }
  ]
}