{
  "chunk": 1918,
  "total_chunks": 3600,
  "patterns_found": 2,
  "start_time": 1917.000532500148,
  "end_time": 1917.999532777648,
  "patterns": [
    {
      "type": "spike",
      "count": 17,
      "times": [
        1917.0035325009815,
        1917.0075325020925,
        1917.0175325048701,
        1917.0195325054258,
        1917.0215325059814,
        1917.0385325107036,
        1917.0475325132036,
        1917.0495325137592,
        1917.9395327609814,
        1917.9615327670926,
        1917.968532769037,
        1917.972532770148,
        1917.9795327720926,
        1917.981532772648,
        1917.9845327734815,
        1917.9885327745926,
        1917.9925327757037
      ],
      "amplitudes": [
        0.0010887425898469998,
        0.001165926528538911,
        0.0010506736838140796,
        0.0011342336759300226,
        0.0010572953471903758,
        0.0010750262132119199,
        0.0012516806831944327,
        0.0012055162309285014,
        0.00110153610902852,
        0.0010460955901500206,
        0.0010491523955687163,
        0.0010590073233974536,
        0.0011963561440966194,
        0.0010747965283795502,
        0.0011046618871780774,
        0.0011476436758674053,
        0.0011023876061695714
      ],
      "confidence": 0.8
    },
    {
      "type": "oscillation",
      "frequencies": [
        3.906248914738643,
        15.624995658954573,
        35.15624023264779,
        54.687484806341004,
        74.21872938003422,
        82.03122720951151,
        93.74997395372743,
        121.09371635689794,
        144.5312098453298,
        152.3437076748071,
        160.15620550428437,
        167.96870333376165,
        175.78120116323893,
        187.49994790745487,
        210.93744139588674,
        222.65618814010267,
        238.28118379905723,
        253.90617945801182,
        261.7186772874891,
        281.2499218611823,
        300.7811664348755,
        316.4061620938301,
        328.12490883804605,
        339.843655582262,
        347.65615341173924,
        367.1873979854325,
        378.9061447296484,
        386.71864255912567,
        394.531140388603,
        406.2498871328189,
        417.96863387703485,
        429.6873806212508,
        445.31237628020534,
        457.0311230244213,
        468.7498697686372,
        480.4686165128531,
        496.0936121718077
      ],
      "power": [
        2.739457130791003e-10,
        1.370157732397392e-11,
        3.7635949742660764e-11,
        2.8689209588096263e-11,
        1.4807252687295322e-11,
        3.9499951669760933e-11,
        4.6164684877709775e-11,
        3.5649751084345674e-11,
        2.2458622672014828e-11,
        2.8277239767899855e-11,
        1.4616391202749747e-11,
        1.6508549249055887e-11,
        1.7302032361844674e-11,
        3.821385659810788e-11,
        3.154543862426426e-11,
        2.241206171352619e-11,
        3.335578771380531e-11,
        1.32561192028545e-11,
        2.2671075973773465e-11,
        4.07524651402481e-11,
        1.8063709235549475e-11,
        2.607617213027272e-11,
        3.979516776964303e-11,
        1.8066941705298448e-11,
        2.4696615736525967e-11,
        2.3846694515628416e-11,
        2.4922324566726366e-11,
        2.3451374635190686e-11,
        4.054692179151047e-11,
        2.1801312078947888e-11,
        2.0011490638030302e-11,
        2.8369728750613466e-11,
        3.4567384157721505e-11,
        1.2404827481862251e-11,
        1.8595666616140037e-11,
        5.030849461300073e-11,
        2.8682502108179486e-11
      ],
      "confidence": 0.7
    }
  ]
}