{
  "chunk": 2768,
  "total_chunks": 3600,
  "patterns_found": 2,
  "start_time": 2767.000768611325,
  "end_time": 2767.9997688888247,
  "patterns": [
    {
      "type": "spike",
      "count": 19,
      "times": [
        2767.003768612158,
        2767.0147686152136,
        2767.017768616047,
        2767.0227686174358,
        2767.0297686193803,
        2767.0377686216025,
        2767.043768623269,
        2767.048768624658,
        2767.052768625769,
        2767.057768627158,
        2767.1207686446583,
        2767.948768874658,
        2767.959768877714,
        2767.9757688821583,
        2767.980768883547,
        2767.984768884658,
        2767.9867688852137,
        2767.9937688871582,
        2767.995768887714
      ],
      "amplitudes": [
        0.0011722678687876515,
        0.001196741470755746,
        0.0011653763597690367,
        0.0011498197378689435,
        0.001072774459531595,
        0.0010696042428512797,
        0.001162331792677249,
        0.0011112607815711498,
        0.0011441713214191654,
        0.001067436969678081,
        0.0010607458530272594,
        0.0010718671503663854,
        0.0011126320890739814,
        0.0011508776440546384,
        0.001078438924070902,
        0.0010855405558177161,
        0.001123133214521896,
        0.0012134218435753599,
        0.001061341938114715
      ],
      "confidence": 0.8
    },
    {
      "type": "oscillation",
      "frequencies": [
        3.906248915626821,
        27.343742409387747,
        42.96873807189503,
        54.687484818775495,
        66.40623156565596,
        74.21872939690961,
        85.93747614379006,
        97.65622289067053,
        109.37496963755099,
        132.81246313131192,
        144.53120987819239,
        160.15620554069966,
        183.5936990344606,
        195.31244578134107,
        214.84369035947518,
        234.37493493760928,
        253.9061795157434,
        269.53117517825063,
        277.3436730095043,
        289.06241975638477,
        296.87491758763844,
        316.4061621657725,
        335.93740674390665,
        351.5624024064139,
        363.2811491532944,
        374.9998959001748,
        382.8123937314285,
        394.53114047830894,
        410.1561361408162,
        425.7811318033235,
        437.49987855020396,
        453.12487421271123,
        464.8436209595917,
        496.0936122846063
      ],
      "power": [
        3.4260489040291694e-10,
        2.5360304999791714e-11,
        2.7326579395991635e-11,
        2.0839942859651928e-11,
        1.768548505510416e-11,
        1.768907437999589e-11,
        2.7758746757644236e-11,
        3.286650171181853e-11,
        1.8847190872741186e-11,
        2.0235753531725175e-11,
        1.8725201846218977e-11,
        2.725043267825794e-11,
        2.7523021874078956e-11,
        2.781881103404381e-11,
        2.2587120277947993e-11,
        3.0342746967253423e-11,
        4.524605431926893e-11,
        2.5679438420536165e-11,
        2.4795767232690844e-11,
        3.0404378763252315e-11,
        3.999604884336129e-11,
        2.838758143070086e-11,
        2.8147047421248544e-11,
        2.836197872683227e-11,
        2.4869097252321997e-11,
        2.2177152142109634e-11,
        2.3198897110769353e-11,
        2.230379407533621e-11,
        3.385134638597007e-11,
        1.921073797543271e-11,
        1.5743997983097708e-11,
        1.4558645527487428e-11,
        4.244512689051862e-11,
        3.2389991728756335e-11
      ],
      "confidence": 0.7
    }
  ]
}