{
  "chunk": 805,
  "total_chunks": 3600,
  "patterns_found": 2,
  "start_time": 804.0002233333954,
  "end_time": 804.9992236108955,
  "patterns": [
    {
      "type": "spike",
      "count": 6,
      "times": [
        804.3862234406176,
        804.4892234692288,
        804.4922234700621,
        804.515223476451,
        804.5182234772843,
        804.5802234945065
      ],
      "amplitudes": [
        0.001739499046565978,
        0.001741939320966418,
        0.0017039536925037022,
        0.0018600697019925997,
        0.0017580432613249785,
        0.0017035503521410896
      ],
      "confidence": 0.8
    },
    {
      "type": "oscillation",
      "frequencies": [
        3.906248914738643,
        15.624995658954573,
        31.249991317909146,
        58.59373372107965,
        70.31248046529558,
        78.12497829477286,
        105.46872069794337,
        113.28121852742065,
        124.99996527163658,
        140.62496093059116,
        164.06245441902303,
        175.78120116323893,
        191.40619682219352,
        210.93744139588674,
        230.46868596957995,
        246.0936816285345,
        261.7186772874891,
        277.3436729464437,
        296.8749175201369,
        304.6874153496142,
        316.4061620938301,
        335.9374066675233,
        351.56240232647787,
        367.1873979854325,
        386.71864255912567,
        406.2498871328189,
        417.96863387703485,
        429.6873806212508,
        453.1248741096826,
        460.9373719391599,
        476.56236759811446,
        488.2811143423304
      ],
      "power": [
        3.5191743584436116e-10,
        3.290660866373663e-11,
        4.1327486047709617e-11,
        2.0665988209235496e-11,
        2.7392768379091188e-11,
        2.3371630981874402e-11,
        2.388464820940185e-11,
        2.251319618787544e-11,
        1.8433399440651593e-11,
        3.9437400303410004e-11,
        1.8928526071874698e-11,
        3.59365136146311e-11,
        3.4361395157978174e-11,
        2.2932640069939433e-11,
        4.013375388546695e-11,
        1.8189002852109923e-11,
        4.353049104757411e-11,
        3.7250702269458045e-11,
        2.2577230976821907e-11,
        2.2638369317629672e-11,
        2.8346751014747202e-11,
        3.697021652171966e-11,
        2.9730720130427964e-11,
        2.2579124187053738e-11,
        3.137106012079624e-11,
        1.590548311954993e-11,
        2.3357567747297414e-11,
        3.261382170249756e-11,
        2.3234416074100206e-11,
        3.5324522008819626e-11,
        3.0838992042761076e-11,
        5.423724791742395e-11
      ],
      "confidence": 0.7
    }
  ]
}