{
  "chunk": 676,
  "total_chunks": 3600,
  "patterns_found": 2,
  "start_time": 675.0001875000521,
  "end_time": 675.9991877775522,
  "patterns": [
    {
      "type": "spike",
      "count": 20,
      "times": [
        675.0021875006076,
        675.0041875011632,
        675.014187503941,
        675.0171875047744,
        675.0201875056076,
        675.0251875069965,
        675.0331875092188,
        675.0721875200521,
        675.0911875253299,
        675.9141877539411,
        675.9521877644967,
        675.9671877686633,
        675.9721877700522,
        675.9771877714411,
        675.9791877719966,
        675.9811877725522,
        675.9841877733855,
        675.9871877742189,
        675.9941877761634,
        675.9981877772744
      ],
      "amplitudes": [
        0.0011499463802277811,
        0.0010864448682263914,
        0.0010658913784647017,
        0.0011329121407679175,
        0.001193515000934873,
        0.0011149652898808956,
        0.0011341965343553753,
        0.0011020966587957446,
        0.00104363285123129,
        0.0010734248710011403,
        0.0010410722371289186,
        0.0011134513501121067,
        0.0011595944173191522,
        0.0011655948621175625,
        0.0010412701647824114,
        0.001060103282619475,
        0.00120747751958788,
        0.0010832896199544533,
        0.0010783689175949446,
        0.001076170367929192
      ],
      "confidence": 0.8
    },
    {
      "type": "oscillation",
      "frequencies": [
        3.906248914738643,
        31.249991317909146,
        46.87498697686372,
        62.49998263581829,
        82.03122720951151,
        93.74997395372743,
        113.28121852742065,
        144.5312098453298,
        160.15620550428437,
        183.59369899271624,
        195.31244573693215,
        203.12494356640946,
        214.8436903106254,
        226.5624370548413,
        246.0936816285345,
        257.81242837275045,
        277.3436729464437,
        285.15617077592094,
        300.7811664348755,
        320.31241100856874,
        332.0311577527847,
        343.7499044970006,
        351.56240232647787,
        359.3749001559552,
        378.9061447296484,
        390.6248914738643,
        406.2498871328189,
        417.96863387703485,
        429.6873806212508,
        437.49987845072803,
        453.1248741096826,
        464.8436208538985,
        488.2811143423304
      ],
      "power": [
        2.72093251796366e-10,
        3.421345291615503e-11,
        3.4397671369359e-11,
        2.0148764505907062e-11,
        2.806361575208289e-11,
        3.9338997280121644e-11,
        3.6393629299616086e-11,
        3.1675228449721373e-11,
        2.2115492457771385e-11,
        3.889514568688579e-11,
        3.3009493936565997e-11,
        2.265156702523525e-11,
        1.7770071277755462e-11,
        4.115933526845136e-11,
        1.8435835393727004e-11,
        2.607412508827283e-11,
        1.7214104068413554e-11,
        2.2036921725181186e-11,
        2.9049554333462322e-11,
        1.869162855859607e-11,
        1.9382240350663277e-11,
        2.4316150449764992e-11,
        2.5141241719471317e-11,
        3.163221757030947e-11,
        2.7973525626199102e-11,
        2.6723703361892576e-11,
        3.0139745740285606e-11,
        3.355659982386088e-11,
        3.324278339016858e-11,
        2.484093853969791e-11,
        1.83387649816068e-11,
        3.4641621985849947e-11,
        3.036411230980603e-11
      ],
      "confidence": 0.7
    }
  ]
}