{
  "chunk": 220,
  "total_chunks": 3600,
  "patterns_found": 2,
  "start_time": 219.00006083335023,
  "end_time": 219.99906111085033,
  "patterns": [
    {
      "type": "spike",
      "count": 26,
      "times": [
        219.00106083362803,
        219.00506083473914,
        219.00706083529468,
        219.00906083585025,
        219.01306083696136,
        219.02606084057246,
        219.02806084112802,
        219.0330608425169,
        219.04506084585026,
        219.05606084890582,
        219.06206085057246,
        219.08406085668358,
        219.0890608580725,
        219.10306086196135,
        219.89806108279475,
        219.9410610947392,
        219.96106110029476,
        219.96606110168366,
        219.97006110279477,
        219.97406110390588,
        219.978061105017,
        219.9820611061281,
        219.98706110751698,
        219.9910611086281,
        219.99306110918366,
        219.996061110017
      ],
      "amplitudes": [
        0.001107655721548132,
        0.0011770222150172204,
        0.001118819803313613,
        0.001085997499749885,
        0.0011101668080427092,
        0.0011313989523625083,
        0.0011409431052196762,
        0.0010611363818457085,
        0.0010739117367949103,
        0.0011147268450012163,
        0.0010511743902996335,
        0.0010952304368748158,
        0.0010931121603357883,
        0.0010583740529099476,
        0.0011732978852019669,
        0.001071744461370634,
        0.0010828335813499663,
        0.001071150727425721,
        0.0010525201381413752,
        0.0010826973320182,
        0.0011112175109606278,
        0.001080484897651516,
        0.001125843874099466,
        0.0011132919227809408,
        0.0010809598450824002,
        0.0010725095497718653
      ],
      "confidence": 0.8
    },
    {
      "type": "oscillation",
      "frequencies": [
        3.9062489148496655,
        19.531244574248326,
        27.343742403947658,
        39.06248914849665,
        54.687484807895316,
        66.40623155244431,
        78.1249782969933,
        89.84372504154231,
        105.46872070094096,
        113.2812185306403,
        121.09371636033963,
        140.62496093458796,
        156.2499565939866,
        164.06245442368595,
        183.59369899793427,
        195.31244574248328,
        210.93744140188193,
        222.65618814643094,
        238.28118380582958,
        246.09368163552892,
        261.7186772949276,
        273.4374240394766,
        281.2499218691759,
        289.06241969887526,
        300.78116644342424,
        316.4061621028229,
        328.1249088473719,
        335.93740667707124,
        355.46865125131956,
        367.18739799586854,
        378.9061447404176,
        402.34363822951553,
        417.9686338889142,
        429.6873806334632,
        445.31237629286187,
        464.8436208671102,
        476.56236761165917,
        488.2811143562082,
        496.09361218590755
      ],
      "power": [
        2.778567579445796e-10,
        2.642180268401136e-11,
        3.387604132281683e-11,
        3.6930818636349065e-11,
        9.963086891275316e-12,
        2.4758319848420927e-11,
        1.783472585001744e-11,
        3.695356973025603e-11,
        3.120289122308673e-11,
        1.6161701224722033e-11,
        1.814993967776724e-11,
        2.5447654704153668e-11,
        2.1169845318588817e-11,
        1.824897856492606e-11,
        3.8707251821023524e-11,
        4.057570070577509e-11,
        1.7408651070843406e-11,
        1.2787493381625095e-11,
        2.576126999781722e-11,
        3.4420490256255876e-11,
        1.589610443953696e-11,
        2.7567675225717162e-11,
        3.0521193603706033e-11,
        2.0538681960579938e-11,
        4.3966295469559374e-11,
        2.3342387302542765e-11,
        1.3746995738575804e-11,
        1.532913389895468e-11,
        2.7441486717346898e-11,
        3.774617581339934e-11,
        4.319740557771834e-11,
        4.179377345442771e-11,
        5.6752938300650136e-11,
        2.8454329374927636e-11,
        2.062670629975036e-11,
        3.116934722526553e-11,
        3.496499235155753e-11,
        2.1613043477340285e-11,
        1.6734143205421594e-11
      ],
      "confidence": 0.7
    }
  ]
}