{
  "chunk": 3600,
  "total_chunks": 3600,
  "patterns_found": 2,
  "start_time": 3599.0009997225,
  "end_time": 3600.0,
  "patterns": [
    {
      "type": "spike",
      "count": 26,
      "times": [
        3599.0039997233334,
        3599.0119997255556,
        3599.014999726389,
        3599.0179997272226,
        3599.0199997277778,
        3599.022999728611,
        3599.0249997291667,
        3599.0549997375,
        3599.0639997400003,
        3599.8869999686112,
        3599.906999974167,
        3599.9129999758334,
        3599.919999977778,
        3599.922999978611,
        3599.9309999808333,
        3599.937999982778,
        3599.941999983889,
        3599.946999985278,
        3599.955999987778,
        3599.9669999908333,
        3599.976999993611,
        3599.9859999961113,
        3599.9899999972226,
        3599.9939999983335,
        3599.9969999991667,
        3599.9989999997224
      ],
      "amplitudes": [
        0.0010599371664431346,
        0.0011860041919587658,
        0.0011034603266837817,
        0.0010601478618308714,
        0.0011535749775167111,
        0.0010789348782520504,
        0.0010572345327821663,
        0.0010593960194493993,
        0.0010645284423482914,
        0.0011089527140231623,
        0.0010614529628562206,
        0.0010783514454210982,
        0.0010581209175506417,
        0.0010695199780742836,
        0.0010567530171983939,
        0.0011046563044726418,
        0.0010691756116017975,
        0.0010680940165036148,
        0.0010881892782304043,
        0.0010698429704971517,
        0.001089247689167609,
        0.0011890995338771355,
        0.0011549336405476138,
        0.0011653281236682605,
        0.0011184922836951564,
        0.0010928775483715905
      ],
      "confidence": 0.8
    },
    {
      "type": "oscillation",
      "frequencies": [
        3.906248915626821,
        11.718746746880463,
        39.062489156268214,
        54.687484818775495,
        82.03122722816325,
        101.56247180629735,
        113.28121855317781,
        124.99996530005828,
        144.53120987819239,
        160.15620554069966,
        179.68745011883377,
        191.40619686571424,
        210.93744144384834,
        218.74993927510198,
        242.18743276886292,
        249.99993060011656,
        265.62492626262383,
        281.2499219251311,
        292.9686686720116,
        304.68741541889204,
        324.2186599970262,
        335.93740674390665,
        347.65615349078706,
        355.4686513220407,
        363.2811491532944,
        371.093646984548,
        378.90614481580167,
        386.7186426470553,
        402.3436383095626,
        414.062385056443,
        429.68738071895035,
        437.49987855020396,
        445.3123763814576,
        460.9373720439649,
        468.74986987521856,
        484.37486553772584,
        496.0936122846063
      ],
      "power": [
        2.99397311953066e-10,
        3.887076548813481e-11,
        2.3201690624290034e-11,
        2.55520938664316e-11,
        3.0685699435158373e-11,
        2.0032551962878355e-11,
        2.4360767212613558e-11,
        2.028575777478844e-11,
        2.0487978247190477e-11,
        2.728352265418078e-11,
        1.9298998107890334e-11,
        2.908882983241735e-11,
        2.2234453173114787e-11,
        1.498253205342167e-11,
        3.090781130057011e-11,
        2.4271148788456253e-11,
        2.1117019653313337e-11,
        2.3479211260606773e-11,
        2.8477999824343192e-11,
        2.1230333551367906e-11,
        3.136642736090107e-11,
        3.2240885369070196e-11,
        2.5608814761488965e-11,
        1.6729316305014158e-11,
        1.3152924470908576e-11,
        2.6479666854126457e-11,
        2.028364245148233e-11,
        1.894457786978224e-11,
        2.9072584502791423e-11,
        2.456797984894988e-11,
        3.258020059946512e-11,
        3.144797783149467e-11,
        2.3151165301489635e-11,
        2.1771422233826533e-11,
        1.9747388565026902e-11,
        2.0530882447950896e-11,
        1.788096780780942e-11
      ],
      "confidence": 0.7
    }
  ]
}