{
  "chunk": 104,
  "total_chunks": 3600,
  "patterns_found": 2,
  "start_time": 103.00002861111906,
  "end_time": 103.99902888861914,
  "patterns": [
    {
      "type": "spike",
      "count": 17,
      "times": [
        103.00402861223017,
        103.00602861278573,
        103.01002861389684,
        103.01402861500796,
        103.02502861806352,
        103.02802861889684,
        103.04002862223018,
        103.08102863361907,
        103.13302864806352,
        103.9600288777858,
        103.96302887861914,
        103.97102888084136,
        103.97802888278581,
        103.98002888334136,
        103.98202888389692,
        103.9920288866747,
        103.99802888834137
      ],
      "amplitudes": [
        0.001222846571840991,
        0.0010890941045390708,
        0.0010871429564740954,
        0.0011254860601039635,
        0.0011565900715090206,
        0.001091403422418319,
        0.001103302166995092,
        0.0010873117688825005,
        0.0010729466201629307,
        0.001076079304730018,
        0.001091244041384415,
        0.0011375089671959077,
        0.0010660357114344377,
        0.0011128907123634884,
        0.00111621943451441,
        0.0011465937739865274,
        0.0011254557970934494
      ],
      "confidence": 0.8
    },
    {
      "type": "oscillation",
      "frequencies": [
        3.9062489149051767,
        19.531244574525882,
        31.249991319241413,
        39.062489149051764,
        70.31248046829317,
        85.93747612791388,
        97.65622287262941,
        117.1874674471553,
        124.99996527696565,
        136.71871202168117,
        148.4374587663967,
        160.15620551111223,
        171.87495225582776,
        183.5936990005433,
        195.31244574525883,
        203.12494357506918,
        222.65618814959507,
        249.9999305539313,
        265.624926213552,
        285.1561707880779,
        304.68741536260376,
        328.1249088520348,
        335.9374066818452,
        363.2811490861814,
        386.7186425756125,
        394.53114040542283,
        414.0623849799487,
        425.78113172466425,
        441.40612738428496,
        457.03112304390567,
        464.843620873716,
        480.46861653333673,
        496.09361219295744
      ],
      "power": [
        3.131561795845892e-10,
        1.9399716324980968e-11,
        2.4926830901618935e-11,
        2.4385138124689442e-11,
        2.879155125645214e-11,
        3.122573557493543e-11,
        2.8122836629155058e-11,
        2.900045855730217e-11,
        3.1512723846281717e-11,
        2.8719183133729083e-11,
        3.019387008444383e-11,
        2.7880050211667762e-11,
        1.8029069554666732e-11,
        1.4328042250078419e-11,
        2.2354985897159418e-11,
        2.4970886270931287e-11,
        3.2842701969433275e-11,
        4.327009788542102e-11,
        1.5674499493004804e-11,
        2.3056883887431986e-11,
        2.679668478115088e-11,
        2.7446211711981272e-11,
        3.095309410551362e-11,
        1.683408612687705e-11,
        2.6961110370731288e-11,
        3.1823610124450224e-11,
        4.3010564518672777e-11,
        2.805664832422013e-11,
        2.2154507151519477e-11,
        1.507460123237852e-11,
        2.4416107830234327e-11,
        3.7651019900974624e-11,
        3.3250090615984414e-11
      ],
      "confidence": 0.7
    }
  ]
}