{
  "chunk": 1401,
  "total_chunks": 3600,
  "patterns_found": 2,
  "start_time": 1400.000388888997,
  "end_time": 1400.9993891664972,
  "patterns": [
    {
      "type": "spike",
      "count": 8,
      "times": [
        1400.3643889901082,
        1400.405389001497,
        1400.4443890123302,
        1400.4583890162191,
        1400.5643890456638,
        1400.5693890470525,
        1400.5883890523303,
        1400.6283890634415
      ],
      "amplitudes": [
        0.0017117669384070554,
        0.0017106837163188245,
        0.0017440281445411647,
        0.001716787122113423,
        0.0016956396606510158,
        0.0017507633853873032,
        0.0017013804849592314,
        0.001710366944122751
      ],
      "confidence": 0.8
    },
    {
      "type": "oscillation",
      "frequencies": [
        3.906248914738643,
        19.531244573693215,
        39.06248914738643,
        46.87498697686372,
        58.59373372107965,
        66.40623155055694,
        78.12497829477286,
        85.93747612425015,
        109.37496961268201,
        124.99996527163658,
        136.7187120158525,
        148.43745876006844,
        160.15620550428437,
        171.8749522485003,
        187.49994790745487,
        207.03119248114808,
        226.5624370548413,
        242.18743271379589,
        269.5311751169664,
        281.2499218611823,
        296.8749175201369,
        308.5936642643528,
        324.21865992330737,
        335.9374066675233,
        347.65615341173924,
        363.2811490706938,
        374.99989581490973,
        386.71864255912567,
        410.15613604755754,
        433.5936295359894,
        441.40612736546666,
        449.21862519494397,
        464.8436208538985,
        472.65611868337584,
        488.2811143423304
      ],
      "power": [
        3.6448623663784484e-10,
        2.6876271055630666e-11,
        3.1278238216548354e-11,
        4.139316040115237e-11,
        2.938185959155513e-11,
        1.726855341295134e-11,
        2.4873724929132463e-11,
        1.9767662383615398e-11,
        4.4557403573858733e-11,
        3.009098742492263e-11,
        2.6439620177639006e-11,
        2.3944461913798323e-11,
        2.3049141322455478e-11,
        2.6433113354465352e-11,
        1.878244167667491e-11,
        1.1921315455021086e-11,
        2.772392385168308e-11,
        2.09759466325616e-11,
        2.7109652074457425e-11,
        1.9775845398829576e-11,
        2.523491936881735e-11,
        2.800841242170389e-11,
        3.056129998461541e-11,
        2.7714282622222218e-11,
        1.7278075185701273e-11,
        2.312513187224753e-11,
        1.518936612382658e-11,
        2.782113241997867e-11,
        3.8033346499597983e-11,
        2.3311492621236693e-11,
        1.608352574278489e-11,
        2.094098313898861e-11,
        2.1018380325630186e-11,
        1.8869094262192795e-11,
        2.9575571701236295e-11
      ],
      "confidence": 0.7
    }
  ]
}