{
  "chunk": 1018,
  "total_chunks": 3600,
  "patterns_found": 2,
  "start_time": 1017.0002825000786,
  "end_time": 1017.9992827775786,
  "patterns": [
    {
      "type": "spike",
      "count": 23,
      "times": [
        1017.0042825011897,
        1017.0062825017452,
        1017.0112825031341,
        1017.0192825053563,
        1017.025282507023,
        1017.0302825084119,
        1017.0352825098007,
        1017.0492825136896,
        1017.0642825178563,
        1017.0852825236897,
        1017.0992825275786,
        1017.9262827573008,
        1017.9442827623009,
        1017.9622827673008,
        1017.9652827681341,
        1017.9672827686898,
        1017.9732827703564,
        1017.9752827709119,
        1017.9772827714675,
        1017.9842827734119,
        1017.9862827739674,
        1017.9892827748008,
        1017.9972827770231
      ],
      "amplitudes": [
        0.0010558269909724382,
        0.0011918528264489893,
        0.0011865563041718896,
        0.0011414346722590765,
        0.0011109947967526909,
        0.0010803470937801834,
        0.0011098333096732534,
        0.0011071015421571556,
        0.0010441799394678914,
        0.0010860814398932306,
        0.0011017928457135555,
        0.0010673739075973319,
        0.0010430674414092333,
        0.001052083977818904,
        0.0010818335137146044,
        0.0010455947857997152,
        0.0010833146028760292,
        0.0010581651360091794,
        0.0010524686618160885,
        0.0011002087732876866,
        0.0010689573463209738,
        0.0010449680344402493,
        0.0011176426937535245
      ],
      "confidence": 0.8
    },
    {
      "type": "oscillation",
      "frequencies": [
        3.906248915182732,
        15.624995660730928,
        31.249991321461856,
        42.96873806701005,
        54.687484812558246,
        70.31248047328917,
        97.6562228795683,
        109.37496962511649,
        124.99996528584742,
        140.62496094657834,
        148.43745877694383,
        171.8749522680402,
        191.40619684395386,
        207.03119250468478,
        218.74993925023298,
        230.4686859957812,
        246.0936816565121,
        261.718677317243,
        277.343672977974,
        300.78116646907034,
        320.312411044984,
        328.1249088753495,
        335.937406705715,
        355.46865128162864,
        363.28114911199407,
        374.99989585754224,
        386.7186426030905,
        421.87488283973505,
        437.49987850046597,
        449.2186252460142,
        460.9373719915624,
        480.46861656747603,
        492.1873633130242
      ],
      "power": [
        2.5239414305897587e-10,
        3.987178246082733e-11,
        2.2706958963709846e-11,
        3.263868785582842e-11,
        2.951076620733345e-11,
        2.1169046386766304e-11,
        2.6432959339305498e-11,
        2.350536597842419e-11,
        2.3923001347404196e-11,
        1.1844034050051702e-11,
        2.2082032796102687e-11,
        1.9668101707482842e-11,
        1.6095204059624983e-11,
        2.3751677988176275e-11,
        2.0421291680314276e-11,
        3.1739511089985625e-11,
        1.830850735070358e-11,
        1.5595103459522143e-11,
        2.327403460465237e-11,
        2.544430082775742e-11,
        4.8947742574475687e-11,
        3.1871422301584793e-11,
        3.1412188661014336e-11,
        2.8479503689127847e-11,
        3.264156287868988e-11,
        3.5336642415820874e-11,
        6.130655759332537e-11,
        3.933756810603431e-11,
        2.4159114732807734e-11,
        2.5609794015144032e-11,
        2.211242941693866e-11,
        2.5949438781447202e-11,
        3.441386250087831e-11
      ],
      "confidence": 0.7
    }
  ]
}