{
  "chunk": 3236,
  "total_chunks": 3600,
  "patterns_found": 2,
  "start_time": 3235.0008986113608,
  "end_time": 3235.999898888861,
  "patterns": [
    {
      "type": "spike",
      "count": 22,
      "times": [
        3235.003898612194,
        3235.009898613861,
        3235.0248986180277,
        3235.0348986208055,
        3235.0548986263607,
        3235.0598986277496,
        3235.063898628861,
        3235.909898863861,
        3235.918898866361,
        3235.9358988710833,
        3235.944898873583,
        3235.9488988746944,
        3235.952898875805,
        3235.955898876639,
        3235.963898878861,
        3235.9658988794167,
        3235.967898879972,
        3235.9718988810832,
        3235.975898882194,
        3235.989898886083,
        3235.9928988869165,
        3235.994898887472
      ],
      "amplitudes": [
        0.0010894860033002726,
        0.0011323631418581463,
        0.0011468594539758793,
        0.00108863666182274,
        0.0011770696644565612,
        0.0011049094367844223,
        0.001087185049571446,
        0.0010969073074881708,
        0.0011147730844751026,
        0.0010695807759790537,
        0.0010996438647120368,
        0.0010718121548327735,
        0.0010655960721801892,
        0.0011224230293063928,
        0.0010616595980370302,
        0.0010982783294687486,
        0.001139862569304729,
        0.00106657282085961,
        0.0011040607118710053,
        0.0011013332694903026,
        0.001130648082150999,
        0.0011042601236040015
      ],
      "confidence": 0.8
    },
    {
      "type": "oscillation",
      "frequencies": [
        3.9062489138504652,
        19.531244569252326,
        46.87498696620558,
        66.4062315354579,
        89.8437250185607,
        109.37496958781303,
        128.90621415706536,
        148.4374587263177,
        160.15620546786909,
        171.87495220942048,
        183.59369895097186,
        199.21869460637373,
        207.03119243407465,
        214.84369026177558,
        226.56243700332698,
        249.99993048642978,
        257.8124283141307,
        269.5311750556821,
        281.24992179723347,
        296.8749174526354,
        308.5936641941868,
        320.31241093573817,
        332.03115767728957,
        355.4686511603923,
        378.9061446434951,
        398.43738921274746,
        410.15613595429886,
        421.87488269585026,
        429.68738052355116,
        441.40612726510255,
        449.2186250928035,
        457.03112292050446,
        464.84362074820535,
        488.28111423130815,
        496.0936120590091
      ],
      "power": [
        2.873239843312705e-10,
        2.2041206709340108e-11,
        3.8755719569128464e-11,
        3.7163977367329034e-11,
        2.5886573424691396e-11,
        1.808415066494091e-11,
        2.4358453614993908e-11,
        2.76756686481685e-11,
        3.2849524992000607e-11,
        2.7136270461052965e-11,
        1.2596717108231953e-11,
        2.3768120771397697e-11,
        2.1454491943571037e-11,
        4.1010119317497924e-11,
        1.8630100337857108e-11,
        4.759338227034241e-11,
        4.3630637565800795e-11,
        3.1127350072470756e-11,
        3.1235350496560726e-11,
        2.5768791280042115e-11,
        2.7863561078851262e-11,
        2.8730194150454498e-11,
        2.3376532176724164e-11,
        2.7730169688559302e-11,
        3.526264983822749e-11,
        2.6855645482175416e-11,
        2.2837126607576213e-11,
        1.6168758844408372e-11,
        1.9662219527528236e-11,
        1.317484824987125e-11,
        1.0741317828765312e-11,
        1.73976239195176e-11,
        2.9527711331288405e-11,
        2.4792573457414815e-11,
        2.497217966380139e-11
      ],
      "confidence": 0.7
    }
  ]
}