{
  "chunk": 1258,
  "total_chunks": 3600,
  "patterns_found": 2,
  "start_time": 1257.0003491667637,
  "end_time": 1257.9993494442638,
  "patterns": [
    {
      "type": "spike",
      "count": 20,
      "times": [
        1257.0023491673194,
        1257.007349168708,
        1257.0093491692637,
        1257.012349170097,
        1257.0173491714859,
        1257.0263491739859,
        1257.0283491745415,
        1257.0423491784304,
        1257.0503491806526,
        1257.0583491828747,
        1257.0643491845415,
        1257.900349416764,
        1257.9283494245415,
        1257.9513494309306,
        1257.9553494320417,
        1257.975349437597,
        1257.9793494387081,
        1257.989349441486,
        1257.9923494423194,
        1257.9973494437083
      ],
      "amplitudes": [
        0.0011971809279701236,
        0.0011816856936340322,
        0.0010814995537909578,
        0.0010693091101050512,
        0.0010895584090715685,
        0.001141537065678968,
        0.0010876851099601956,
        0.0010607926595346956,
        0.0011645495729341686,
        0.0011185726333472151,
        0.0011662522012740833,
        0.0011264728929292838,
        0.0011349367220022356,
        0.001064203176300989,
        0.0010963125338746076,
        0.0011008320769814572,
        0.0011298490189080772,
        0.0010964515408997697,
        0.0010582683557040316,
        0.0011447172758132756
      ],
      "confidence": 0.8
    },
    {
      "type": "oscillation",
      "frequencies": [
        3.906248914738643,
        19.531244573693215,
        31.249991317909146,
        42.96873806212508,
        66.40623155055694,
        82.03122720951151,
        93.74997395372743,
        113.28121852742065,
        124.99996527163658,
        144.5312098453298,
        156.24995658954572,
        167.96870333376165,
        179.6874500779776,
        199.2186946516708,
        214.8436903106254,
        222.65618814010267,
        230.46868596957995,
        238.28118379905723,
        249.99993054327317,
        257.81242837275045,
        269.5311751169664,
        277.3436729464437,
        289.0624196906596,
        308.5936642643528,
        316.4061620938301,
        324.21865992330737,
        332.0311577527847,
        339.843655582262,
        347.65615341173924,
        371.0936469001711,
        390.6248914738643,
        406.2498871328189,
        414.06238496229616,
        425.7811317065121,
        437.49987845072803,
        445.31237628020534,
        453.1248741096826,
        464.8436208538985,
        476.56236759811446,
        492.187363257069
      ],
      "power": [
        2.885628794215824e-10,
        2.5277762397405296e-11,
        1.9194450871515587e-11,
        2.0375469902587706e-11,
        3.4749225311508866e-11,
        1.8763572718527265e-11,
        3.5165422556802386e-11,
        2.490623310666619e-11,
        3.1650168115403704e-11,
        2.8854294122823503e-11,
        3.444184417070279e-11,
        2.6980137057825794e-11,
        1.5308337779920747e-11,
        4.084618330185183e-11,
        3.94128355927338e-11,
        2.2392894617197004e-11,
        2.5438445393505064e-11,
        2.3188816007031757e-11,
        2.3681310259299195e-11,
        2.402865357969629e-11,
        2.875319515488766e-11,
        3.217617381224807e-11,
        2.943806671322879e-11,
        3.804399971459715e-11,
        3.6511388569717337e-11,
        3.561298435320588e-11,
        2.032432561415319e-11,
        2.0292533715315974e-11,
        2.3744622375298273e-11,
        2.498709908553524e-11,
        2.1702331500791698e-11,
        2.1814022520611256e-11,
        2.8672907922466227e-11,
        3.291721667575442e-11,
        2.842792006692201e-11,
        2.6489234410980384e-11,
        1.9990358841260904e-11,
        2.5380932159956816e-11,
        2.8734604202330135e-11,
        2.8948734360698255e-11
      ],
      "confidence": 0.7
    }
  ]
}