{
  "chunk": 2592,
  "total_chunks": 3600,
  "patterns_found": 2,
  "start_time": 2591.000719722422,
  "end_time": 2591.9997199999225,
  "patterns": [
    {
      "type": "spike",
      "count": 26,
      "times": [
        2591.002719722978,
        2591.0067197240887,
        2591.0137197260333,
        2591.015719726589,
        2591.018719727422,
        2591.0217197282554,
        2591.024719729089,
        2591.029719730478,
        2591.0377197327,
        2591.042719734089,
        2591.060719739089,
        2591.070719741867,
        2591.078719744089,
        2591.0807197446447,
        2591.087719746589,
        2591.0917197477,
        2591.137719760478,
        2591.920719977978,
        2591.929719980478,
        2591.9347199818667,
        2591.948719985756,
        2591.9507199863115,
        2591.9577199882556,
        2591.960719989089,
        2591.992719997978,
        2591.9947199985336
      ],
      "amplitudes": [
        0.0011587541622071092,
        0.0010918856774994386,
        0.0011278690449015479,
        0.0012077875946661393,
        0.0011076711973843792,
        0.0011014588940401187,
        0.0011162800683361116,
        0.001118390783479583,
        0.0010824605044428303,
        0.0010602385471403088,
        0.0010742876704118106,
        0.0010794815985523442,
        0.001071968907675443,
        0.0010669580400285996,
        0.001057860195591535,
        0.001171201049508069,
        0.001069870525324636,
        0.0011199269960684606,
        0.001060791660297884,
        0.0011679469188231914,
        0.0010834803622893892,
        0.0010593903035446628,
        0.001126569694956692,
        0.0010985688035774926,
        0.001129070748992851,
        0.0011146495537810097
      ],
      "confidence": 0.8
    },
    {
      "type": "oscillation",
      "frequencies": [
        3.9062489138504652,
        27.343742396953257,
        46.87498696620558,
        58.59373370775698,
        70.31248044930837,
        78.1249782770093,
        89.8437250185607,
        101.56247176011209,
        117.18746741551396,
        128.90621415706536,
        144.5312098124672,
        160.15620546786909,
        175.78120112327093,
        191.4061967786728,
        199.21869460637373,
        214.84369026177558,
        222.65618808947653,
        230.46868591717745,
        242.18743265872885,
        249.99993048642978,
        261.7186772279812,
        289.0624196249344,
        304.68741528033627,
        320.31241093573817,
        339.84365550499047,
        347.6561533326914,
        355.4686511603923,
        371.0936468157942,
        378.9061446434951,
        390.6248913850465,
        406.24988704044836,
        414.0623848681493,
        429.68738052355116,
        445.31237617895306,
        468.74986966205586,
        476.56236748975675,
        488.28111423130815
      ],
      "power": [
        3.423039973735669e-10,
        3.1991433980323924e-11,
        1.8590163973475938e-11,
        2.878493444706033e-11,
        2.6916249431121584e-11,
        2.025383625156938e-11,
        2.964644575311461e-11,
        1.923965112107199e-11,
        2.4386666717268947e-11,
        2.5760951583876705e-11,
        1.8959257232347414e-11,
        3.101865274386602e-11,
        2.3969594559559076e-11,
        2.8737519169361607e-11,
        2.80386799295134e-11,
        2.5828264431154048e-11,
        1.648394226549826e-11,
        1.4115241832940631e-11,
        2.1125743007099656e-11,
        1.5517126421129967e-11,
        2.888007972246741e-11,
        3.634973327539962e-11,
        2.3590304886074913e-11,
        2.1053276901109636e-11,
        2.0806445654670622e-11,
        2.1749379250989186e-11,
        1.7660881520978268e-11,
        2.1183114564991086e-11,
        7.198621867399712e-12,
        2.0665685708811298e-11,
        3.557319127992028e-11,
        2.7446789548271735e-11,
        4.761179735898983e-11,
        3.2030814578305576e-11,
        2.0264263559319592e-11,
        2.639510902839638e-11,
        2.851116682263056e-11
      ],
      "confidence": 0.7
    }
  ]
}