{
  "chunk": 3060,
  "total_chunks": 3600,
  "patterns_found": 2,
  "start_time": 3059.0008497224585,
  "end_time": 3059.9998499999583,
  "patterns": [
    {
      "type": "spike",
      "count": 16,
      "times": [
        3059.0048497235694,
        3059.0138497260696,
        3059.016849726903,
        3059.0278497299582,
        3059.061849739403,
        3059.892849970236,
        3059.934849981903,
        3059.947849985514,
        3059.952849986903,
        3059.957849988292,
        3059.9668499907916,
        3059.9778499938475,
        3059.9868499963472,
        3059.991849997736,
        3059.993849998292,
        3059.9988499996807
      ],
      "amplitudes": [
        0.001094793789480835,
        0.0010687338935545865,
        0.0012054006116611299,
        0.0011579223052382386,
        0.0010965673220687396,
        0.0010716715857622744,
        0.0010758291199749117,
        0.0010558713648068788,
        0.0011544032970681414,
        0.001086220895830138,
        0.001216931255198767,
        0.0010507566185210793,
        0.0011205199690416843,
        0.0010576917672161035,
        0.0011258224668220273,
        0.0010752021293543015
      ],
      "confidence": 0.8
    },
    {
      "type": "oscillation",
      "frequencies": [
        3.906248915626821,
        27.343742409387747,
        42.96873807189503,
        62.49998265002914,
        74.21872939690961,
        85.93747614379006,
        105.46872072192417,
        124.99996530005828,
        140.62496096256555,
        148.43745879381922,
        160.15620554069966,
        183.5936990344606,
        195.31244578134107,
        207.0311925282215,
        222.6561881907288,
        246.09368168448972,
        265.62492626262383,
        292.9686686720116,
        312.4999132501457,
        324.2186599970262,
        335.93740674390665,
        351.5624024064139,
        371.093646984548,
        382.8123937314285,
        390.62489156268214,
        406.2498872251894,
        421.8748828876967,
        453.12487421271123,
        460.9373720439649,
        476.5623677064722,
        496.0936122846063
      ],
      "power": [
        3.4735954791823165e-10,
        2.3264825742786195e-11,
        4.640256301563089e-11,
        3.299880770386994e-11,
        2.1356853919844852e-11,
        2.4447706143233594e-11,
        2.3022671442286063e-11,
        4.6162907822803725e-11,
        1.5425602692156748e-11,
        1.5159698832470206e-11,
        2.3332731670813842e-11,
        3.138073621813182e-11,
        2.14995654704011e-11,
        7.387980210100181e-12,
        2.1563756327583557e-11,
        3.678013378984987e-11,
        2.4983009176872104e-11,
        4.7081840096289183e-11,
        3.703805774643792e-11,
        2.1028517541945794e-11,
        3.469364849513197e-11,
        3.721923039976117e-11,
        2.0965236277067015e-11,
        2.1058971218165096e-11,
        1.424775920635392e-11,
        2.0961182137672563e-11,
        4.144283530740067e-11,
        3.076371691054406e-11,
        3.0044557603241644e-11,
        2.0184737892659577e-11,
        4.633077932854795e-11
      ],
      "confidence": 0.7
    }
  ]
}