{
  "chunk": 1824,
  "total_chunks": 3600,
  "patterns_found": 2,
  "start_time": 1823.0005063890296,
  "end_time": 1823.9995066665297,
  "patterns": [
    {
      "type": "spike",
      "count": 24,
      "times": [
        1823.0085063912518,
        1823.0115063920853,
        1823.0145063929185,
        1823.0195063943074,
        1823.030506397363,
        1823.0365063990296,
        1823.0415064004185,
        1823.0435064009741,
        1823.0475064020852,
        1823.1185064218075,
        1823.8835066343074,
        1823.9015066393074,
        1823.908506641252,
        1823.9155066431963,
        1823.9195066443076,
        1823.9415066504187,
        1823.943506650974,
        1823.9555066543076,
        1823.9705066584743,
        1823.975506659863,
        1823.9805066612519,
        1823.9855066626408,
        1823.9925066645853,
        1823.9985066662518
      ],
      "amplitudes": [
        0.001182731817215005,
        0.0010993817395487469,
        0.0010642233828240413,
        0.0011416053248135987,
        0.0011434757746313683,
        0.0011997647010071814,
        0.0010628130994338604,
        0.0011366967871780224,
        0.0010813351632627912,
        0.0011070114323826269,
        0.0010658329157269962,
        0.0011059511025447923,
        0.0011129775203368017,
        0.0010631127532204677,
        0.0010741637403231456,
        0.0010619002355040758,
        0.0010923285701673457,
        0.0010711791277343023,
        0.0010574456533697933,
        0.0010619283970695378,
        0.0010888700838520768,
        0.001071488435840862,
        0.001212043708962678,
        0.0011526304143815872
      ],
      "confidence": 0.8
    },
    {
      "type": "oscillation",
      "frequencies": [
        3.906248914738643,
        23.43749348843186,
        39.06248914738643,
        54.687484806341004,
        66.40623155055694,
        89.8437250389888,
        101.56247178320473,
        109.37496961268201,
        128.90621418637522,
        140.62496093059116,
        152.3437076748071,
        160.15620550428437,
        175.78120116323893,
        187.49994790745487,
        195.31244573693215,
        207.03119248114808,
        222.65618814010267,
        249.99993054327317,
        269.5311751169664,
        292.96866860539825,
        300.7811664348755,
        312.49991317909144,
        320.31241100856874,
        332.0311577527847,
        343.7499044970006,
        363.2811490706938,
        386.71864255912567,
        410.15613604755754,
        421.8748827917735,
        441.40612736546666,
        464.8436208538985,
        484.37486542759177,
        496.0936121718077
      ],
      "power": [
        3.7047669606406566e-10,
        3.437020750036499e-11,
        1.2876713891573826e-11,
        4.3159479798356004e-11,
        3.157167254540124e-11,
        1.0681458326135087e-11,
        2.290792517595779e-11,
        1.8696572606782667e-11,
        1.9972818615275507e-11,
        1.545680922012314e-11,
        1.6235839938090652e-11,
        2.109660527189313e-11,
        2.8802811040542995e-11,
        2.6474667855939947e-11,
        2.2596778144470373e-11,
        2.3320899143392162e-11,
        2.6872845663617334e-11,
        3.254322517289994e-11,
        2.1851924679981002e-11,
        2.829150156597371e-11,
        2.348461297706423e-11,
        2.122377966161021e-11,
        2.916604852551464e-11,
        2.191375289269492e-11,
        2.2695112963788944e-11,
        1.9682917460501312e-11,
        2.2650949536946907e-11,
        3.5562884538428283e-11,
        3.109894147590221e-11,
        2.1397161014737933e-11,
        4.7751053834765384e-11,
        1.8756878609430754e-11,
        1.4405467150611528e-11
      ],
      "confidence": 0.7
    }
  ]
}