{
  "chunk": 3585,
  "total_chunks": 3600,
  "patterns_found": 2,
  "start_time": 3584.000995555832,
  "end_time": 3584.9999958333324,
  "patterns": [
    {
      "type": "spike",
      "count": 7,
      "times": [
        3584.4239956733322,
        3584.456995682499,
        3584.4739956872213,
        3584.483995689999,
        3584.5279957022212,
        3584.5719957144433,
        3584.6449957347213
      ],
      "amplitudes": [
        0.001699816736100355,
        0.0017062650721433553,
        0.0017105071390926038,
        0.0017294076448541478,
        0.0017183601214968433,
        0.001746325378340368,
        0.0016961035397349742
      ],
      "confidence": 0.8
    },
    {
      "type": "oscillation",
      "frequencies": [
        3.9062489138504652,
        23.43749348310279,
        35.156240224654184,
        54.68748479390651,
        66.4062315354579,
        78.1249782770093,
        89.8437250185607,
        105.46872067396257,
        124.99996524321489,
        136.7187119847663,
        152.34370764016813,
        167.96870329557,
        179.6874500371214,
        195.31244569252326,
        207.03119243407465,
        222.65618808947653,
        238.28118374487838,
        261.7186772279812,
        277.343672883383,
        308.5936641941868,
        328.12490876343907,
        339.84365550499047,
        347.6561533326914,
        359.3749000742428,
        371.0936468157942,
        390.6248913850465,
        398.43738921274746,
        406.24988704044836,
        421.87488269585026,
        429.68738052355116,
        449.2186250928035,
        457.03112292050446,
        468.74986966205586,
        480.4686164036072,
        496.0936120590091
      ],
      "power": [
        3.235964104626146e-10,
        2.5670848268024276e-11,
        3.860754187521564e-11,
        4.263555782359616e-11,
        1.8243147347793957e-11,
        1.247690653840142e-11,
        1.968430555579909e-11,
        2.4382836985561734e-11,
        2.8319871878616673e-11,
        2.09429504190206e-11,
        2.044603529945493e-11,
        2.7540578788015588e-11,
        2.0062203990018966e-11,
        2.5109851641873058e-11,
        2.1283113636214385e-11,
        1.477459649955282e-11,
        2.4856553652590834e-11,
        2.2294239847236662e-11,
        3.618250701801207e-11,
        2.522226931800602e-11,
        1.2377534206874847e-11,
        1.1848531381773504e-11,
        8.46782752703586e-12,
        1.740919797306625e-11,
        2.4860873973965934e-11,
        2.5796121725896545e-11,
        2.4895281021137682e-11,
        1.8289146331042994e-11,
        1.8871199462459157e-11,
        2.3159535753238692e-11,
        3.517582520636261e-11,
        2.956169395070847e-11,
        1.3801224513518856e-11,
        2.677136034923905e-11,
        1.1200986856859184e-11
      ],
      "confidence": 0.7
    }
  ]
}