{
  "chunk": 595,
  "total_chunks": 3600,
  "patterns_found": 2,
  "start_time": 594.0001650000459,
  "end_time": 594.9991652775459,
  "patterns": [
    {
      "type": "spike",
      "count": 10,
      "times": [
        594.373165103657,
        594.4281651189348,
        594.4731651314348,
        594.4951651375459,
        594.5121651422681,
        594.5211651447681,
        594.5551651542125,
        594.5771651603237,
        594.6021651672681,
        594.6291651747681
      ],
      "amplitudes": [
        0.0016888663624593384,
        0.0016803939012937,
        0.0016910137034994391,
        0.00170718208147762,
        0.0017955616415009986,
        0.0017203762716459948,
        0.001803559682767868,
        0.0016826781220238196,
        0.0017240749025929831,
        0.001715589059913759
      ],
      "confidence": 0.8
    },
    {
      "type": "oscillation",
      "frequencies": [
        3.906248914738643,
        19.531244573693215,
        31.249991317909146,
        46.87498697686372,
        70.31248046529558,
        78.12497829477286,
        93.74997395372743,
        117.1874674421593,
        128.90621418637522,
        140.62496093059116,
        148.43745876006844,
        160.15620550428437,
        175.78120116323893,
        187.49994790745487,
        207.03119248114808,
        218.74993922536402,
        234.3749348843186,
        246.0936816285345,
        265.62492620222775,
        281.2499218611823,
        300.7811664348755,
        328.12490883804605,
        339.843655582262,
        351.56240232647787,
        363.2811490706938,
        382.81239364438704,
        398.4373893033416,
        406.2498871328189,
        425.7811317065121,
        441.40612736546666,
        460.9373719391599,
        472.65611868337584,
        484.37486542759177
      ],
      "power": [
        2.733683237988277e-10,
        2.004564119499282e-11,
        1.6183104995876122e-11,
        5.096964941653968e-11,
        3.8385270857134095e-11,
        3.797550537041867e-11,
        2.4465493202640777e-11,
        1.7127924414823e-11,
        2.946904706442106e-11,
        2.251755279707568e-11,
        1.9772176870915024e-11,
        3.4489951866024645e-11,
        2.4067998730989755e-11,
        2.901492927083177e-11,
        3.603297885254105e-11,
        3.388053728183648e-11,
        2.575251536112003e-11,
        2.045225586413771e-11,
        3.936192348805832e-11,
        2.4859177799467534e-11,
        2.584251780807518e-11,
        3.9451424475689836e-11,
        1.356423132359165e-11,
        1.3012298193158369e-11,
        3.053196775543604e-11,
        2.3011481035072537e-11,
        2.2288250918918215e-11,
        3.576280183845305e-11,
        1.7529758548962222e-11,
        2.1172391764032575e-11,
        2.293483916297195e-11,
        1.4450671854662497e-11,
        2.7695882591520985e-11
      ],
      "confidence": 0.7
    }
  ]
}