{
  "chunk": 579,
  "total_chunks": 3600,
  "patterns_found": 2,
  "start_time": 578.0001605556001,
  "end_time": 578.9991608331003,
  "patterns": [
    {
      "type": "spike",
      "count": 10,
      "times": [
        578.3671606575447,
        578.4651606847669,
        578.4731606869891,
        578.4941606928224,
        578.5021606950447,
        578.5391607053225,
        578.559160710878,
        578.5781607161558,
        578.5821607172669,
        578.7341607594891
      ],
      "amplitudes": [
        0.0016929093252228198,
        0.00168796996760065,
        0.0017000873501345766,
        0.0017083794545496756,
        0.001797713232623883,
        0.0017114420581713918,
        0.0017203627106301147,
        0.0017587829095179865,
        0.0017298546991766379,
        0.0017477804034080272
      ],
      "confidence": 0.8
    },
    {
      "type": "oscillation",
      "frequencies": [
        3.906248914738643,
        23.43749348843186,
        39.06248914738643,
        54.687484806341004,
        62.49998263581829,
        74.21872938003422,
        93.74997395372743,
        105.46872069794337,
        124.99996527163658,
        140.62496093059116,
        160.15620550428437,
        179.6874500779776,
        191.40619682219352,
        207.03119248114808,
        222.65618814010267,
        246.0936816285345,
        265.62492620222775,
        277.3436729464437,
        296.8749175201369,
        308.5936642643528,
        320.31241100856874,
        335.9374066675233,
        347.65615341173924,
        363.2811490706938,
        386.71864255912567,
        398.4373893033416,
        414.06238496229616,
        425.7811317065121,
        437.49987845072803,
        449.21862519494397,
        460.9373719391599,
        480.4686165128531,
        488.2811143423304
      ],
      "power": [
        3.131101792414487e-10,
        3.197662233667557e-11,
        3.1452809366062316e-11,
        2.6822339988566084e-11,
        2.575705515402393e-11,
        1.8537352235294454e-11,
        3.32000522333455e-11,
        3.50779358191812e-11,
        2.262490110443816e-11,
        2.6898493807067617e-11,
        2.349502347588065e-11,
        2.2919656278060364e-11,
        2.4931281680356782e-11,
        2.188353975312879e-11,
        2.599752768985475e-11,
        6.844833489318854e-11,
        2.0716010246078427e-11,
        1.7342302600081836e-11,
        3.66933808478841e-11,
        1.617380791490975e-11,
        1.3087696148818506e-11,
        2.8564258108676416e-11,
        4.081571707771436e-11,
        2.6445402275979772e-11,
        3.249064538100283e-11,
        2.4906101605959613e-11,
        2.3094859441585744e-11,
        2.1210725018914553e-11,
        1.6372567277423097e-11,
        2.2961113039539696e-11,
        2.5041162893071067e-11,
        2.3485331900320505e-11,
        2.135686774909702e-11
      ],
      "confidence": 0.7
    }
  ]
}