{
  "chunk": 3228,
  "total_chunks": 3600,
  "patterns_found": 2,
  "start_time": 3227.0008963891382,
  "end_time": 3227.999896666638,
  "patterns": [
    {
      "type": "spike",
      "count": 22,
      "times": [
        3227.0068963908047,
        3227.009896391638,
        3227.0138963927493,
        3227.01789639386,
        3227.0258963960823,
        3227.027896396638,
        3227.0348963985825,
        3227.037896399416,
        3227.0398963999714,
        3227.051896403305,
        3227.063896406638,
        3227.0808964113603,
        3227.1248964235824,
        3227.8998966388604,
        3227.923896645527,
        3227.9468966519157,
        3227.9628966563605,
        3227.9708966585827,
        3227.9748966596935,
        3227.977896660527,
        3227.9848966624713,
        3227.9988966663605
      ],
      "amplitudes": [
        0.001059680472685555,
        0.0010593178994934085,
        0.0010715631738619348,
        0.0010724873755426872,
        0.0010873259083053618,
        0.0010789683809179554,
        0.0010884848095004027,
        0.0010708718344773045,
        0.0010743375417377298,
        0.0010860305404300724,
        0.0011287295806678577,
        0.0010882469667888267,
        0.0010601032422392924,
        0.0011031830518787582,
        0.00104459167669222,
        0.0010414047169544206,
        0.0011149469256465114,
        0.0011223508765448083,
        0.00114598992109146,
        0.0010697490003558228,
        0.0010448489818206156,
        0.0010528573203429474
      ],
      "confidence": 0.8
    },
    {
      "type": "oscillation",
      "frequencies": [
        3.906248915626821,
        11.718746746880463,
        31.24999132501457,
        42.96873807189503,
        70.31248048128278,
        85.93747614379006,
        97.65622289067053,
        113.28121855317781,
        128.9062142156851,
        136.71871204693875,
        152.34370770944602,
        164.0624544563265,
        183.5936990344606,
        191.40619686571424,
        203.1249436125947,
        218.74993927510198,
        234.37493493760928,
        261.718677346997,
        277.3436730095043,
        289.06241975638477,
        300.78116650326524,
        324.2186599970262,
        332.0311578282798,
        351.5624024064139,
        359.37490023766753,
        367.1873980689212,
        378.90614481580167,
        394.53114047830894,
        402.3436383095626,
        414.062385056443,
        421.8748828876967,
        437.49987855020396,
        453.12487421271123,
        476.5623677064722,
        488.28111445335264,
        496.0936122846063
      ],
      "power": [
        2.5940067381892103e-10,
        3.8874252599509537e-11,
        2.484994818124426e-11,
        1.4742493505456488e-11,
        3.285471186782697e-11,
        9.884443868422054e-12,
        3.474334340363698e-11,
        4.6998773238201426e-11,
        1.745571088944596e-11,
        2.1150614163293445e-11,
        9.060409509372449e-12,
        2.904883526873027e-11,
        2.3858205419097458e-11,
        2.5811978095911618e-11,
        2.7561103538444754e-11,
        2.5826198019454314e-11,
        2.5336312262317888e-11,
        3.831040459237326e-11,
        2.0560113108318922e-11,
        2.014122001338068e-11,
        2.95846606991167e-11,
        2.270778431960306e-11,
        2.3038119579095836e-11,
        2.1587190629789743e-11,
        2.3008247947428058e-11,
        1.9355352854549228e-11,
        2.6089644176352705e-11,
        3.676246284188524e-11,
        2.79568714813424e-11,
        1.4897501782990162e-11,
        1.3089960491653518e-11,
        4.0209439417979516e-11,
        1.5101930169831532e-11,
        4.3638177784415167e-11,
        3.537118412066582e-11,
        1.836084009422843e-11
      ],
      "confidence": 0.7
    }
  ]
}