{
  "chunk": 2095,
  "total_chunks": 3600,
  "patterns_found": 2,
  "start_time": 2094.0005816668286,
  "end_time": 2094.9995819443284,
  "patterns": [
    {
      "type": "spike",
      "count": 4,
      "times": [
        2094.5035818065508,
        2094.5215818115507,
        2094.5625818229396,
        2094.636581843495
      ],
      "amplitudes": [
        0.0017047193375911197,
        0.0017527829771311599,
        0.0016972635631664179,
        0.0017137383774836622
      ],
      "confidence": 0.8
    },
    {
      "type": "oscillation",
      "frequencies": [
        3.906248915626821,
        19.531244578134107,
        27.343742409387747,
        39.062489156268214,
        50.781235903148676,
        58.59373373440232,
        70.31248048128278,
        82.03122722816325,
        97.65622289067053,
        117.18746746880464,
        140.62496096256555,
        148.43745879381922,
        175.78120120320696,
        199.21869469696787,
        210.93744144384834,
        222.6561881907288,
        234.37493493760928,
        257.8124284313702,
        281.2499219251311,
        289.06241975638477,
        300.78116650326524,
        320.3124110813993,
        335.93740674390665,
        347.65615349078706,
        359.37490023766753,
        367.1873980689212,
        374.9998959001748,
        386.7186426470553,
        398.43738939393575,
        414.062385056443,
        421.8748828876967,
        437.49987855020396,
        449.21862529708443,
        464.8436209595917,
        484.37486553772584,
        496.0936122846063
      ],
      "power": [
        3.004468392016307e-10,
        3.840581676589345e-11,
        2.7440505621648172e-11,
        1.3462060929482341e-11,
        2.6402106039698567e-11,
        2.3427964020306322e-11,
        1.8649550044384227e-11,
        1.34877095784019e-11,
        1.8889745258201226e-11,
        2.3342778028679006e-11,
        1.8834399096044113e-11,
        1.677223740119161e-11,
        4.9522948803717314e-11,
        3.367576627857623e-11,
        1.9330340537683724e-11,
        1.9693873505545136e-11,
        2.958672109001456e-11,
        5.999737597015984e-11,
        2.3668230515288046e-11,
        2.8703595316777452e-11,
        4.2136120429118456e-11,
        2.459527721241666e-11,
        6.626248410713633e-11,
        1.7360508513931578e-11,
        2.8950153434599306e-11,
        2.152670460973895e-11,
        2.317468680385221e-11,
        1.8981451460748192e-11,
        2.5404656935262772e-11,
        1.2165368277431314e-11,
        1.525327665017295e-11,
        1.558870981244497e-11,
        2.7783341487484512e-11,
        2.8650129604234027e-11,
        3.385796479739586e-11,
        1.9630226926749172e-11
      ],
      "confidence": 0.7
    }
  ]
}