{
  "chunk": 2829,
  "total_chunks": 3600,
  "patterns_found": 2,
  "start_time": 2828.0007855557737,
  "end_time": 2828.999785833274,
  "patterns": [
    {
      "type": "spike",
      "count": 7,
      "times": [
        2828.3987856663293,
        2828.4177856716074,
        2828.4517856810517,
        2828.4747856874405,
        2828.481785689385,
        2828.5037856954964,
        2828.612785725774
      ],
      "amplitudes": [
        0.0016926276962740247,
        0.001751908850373983,
        0.001710366836571142,
        0.0017151214963905936,
        0.0017056606600095565,
        0.0017303158527634404,
        0.001703023836488255
      ],
      "confidence": 0.8
    },
    {
      "type": "oscillation",
      "frequencies": [
        3.9062489138504652,
        19.531244569252326,
        39.06248913850465,
        50.781235880056045,
        58.59373370775698,
        70.31248044930837,
        78.1249782770093,
        85.93747610471024,
        93.74997393241117,
        109.37496958781303,
        121.09371632936443,
        128.90621415706536,
        144.5312098124672,
        152.34370764016813,
        164.06245438171953,
        187.49994786482233,
        207.03119243407465,
        222.65618808947653,
        234.37493483102793,
        249.99993048642978,
        269.5311750556821,
        285.156170711084,
        292.96866853878487,
        304.68741528033627,
        332.03115767728957,
        347.6561533326914,
        359.3749000742428,
        367.1873979019437,
        378.9061446434951,
        390.6248913850465,
        402.3436381265979,
        425.7811316097007,
        433.59362943740166,
        445.31237617895306,
        476.56236748975675
      ],
      "power": [
        3.680269176490292e-10,
        4.1038369432576515e-11,
        2.3578496418987826e-11,
        1.6218616297798342e-11,
        2.309307903925212e-11,
        2.65371524862241e-11,
        3.3320031593543306e-11,
        2.676157880971487e-11,
        2.6015392779057923e-11,
        2.4844153549006576e-11,
        1.5674104430583704e-11,
        1.7716757689145413e-11,
        2.0737635682564683e-11,
        1.7568545590752193e-11,
        2.3638354367454073e-11,
        2.9459039875543e-11,
        2.774920161626658e-11,
        1.3149417856164452e-11,
        3.831553531519595e-11,
        3.862743825924704e-11,
        5.022787760515596e-11,
        1.6449285147430995e-11,
        1.6310820479578386e-11,
        3.0898483082957215e-11,
        2.450298239257869e-11,
        1.9737301374233464e-11,
        2.1267494532268228e-11,
        2.6368189734199185e-11,
        2.1119122172949366e-11,
        2.066441537915318e-11,
        3.1670565287719126e-11,
        1.1035412274884064e-11,
        2.1982088747991173e-11,
        3.864144478503917e-11,
        2.266908093381834e-11
      ],
      "confidence": 0.7
    }
  ]
}