{
  "chunk": 1237,
  "total_chunks": 3600,
  "patterns_found": 2,
  "start_time": 1236.0003433334289,
  "end_time": 1236.999343610929,
  "patterns": [
    {
      "type": "spike",
      "count": 8,
      "times": [
        1236.4693434637065,
        1236.4963434712065,
        1236.5313434809289,
        1236.5723434923177,
        1236.5993434998177,
        1236.6223435062066,
        1236.65234351454,
        1236.657343515929
      ],
      "amplitudes": [
        0.0016764560023756893,
        0.0017052665503325894,
        0.001780487000930006,
        0.0017047872444135217,
        0.001708284099583026,
        0.0016995068581552933,
        0.0016911386541987859,
        0.001700750057299331
      ],
      "confidence": 0.8
    },
    {
      "type": "oscillation",
      "frequencies": [
        3.906248915626821,
        11.718746746880463,
        27.343742409387747,
        46.87498698752185,
        66.40623156565596,
        85.93747614379006,
        101.56247180629735,
        113.28121855317781,
        132.81246313131192,
        148.43745879381922,
        167.96870337195332,
        175.78120120320696,
        195.31244578134107,
        210.93744144384834,
        234.37493493760928,
        257.8124284313702,
        277.3436730095043,
        289.06241975638477,
        304.68741541889204,
        320.3124110813993,
        332.0311578282798,
        339.84365565953345,
        355.4686513220407,
        367.1873980689212,
        378.90614481580167,
        394.53114047830894,
        433.59362963457716,
        449.21862529708443,
        460.9373720439649,
        484.37486553772584
      ],
      "power": [
        2.4263079081865747e-10,
        3.446786281698018e-11,
        1.5925105459377947e-11,
        3.5850977519538164e-11,
        2.952869169969688e-11,
        3.244212369803457e-11,
        2.1424480558311374e-11,
        2.592945757946002e-11,
        3.658117374920858e-11,
        2.420809924474586e-11,
        2.52391007585421e-11,
        2.3946842367461075e-11,
        2.262084971718024e-11,
        3.211448407896265e-11,
        2.296137720745383e-11,
        3.7533248141847626e-11,
        2.3608093803225977e-11,
        2.522431923211936e-11,
        3.7087478119741615e-11,
        2.6584950673321954e-11,
        1.79767535643165e-11,
        2.3506178851707777e-11,
        1.4000740116586581e-11,
        2.4472866063583025e-11,
        2.5886453169139825e-11,
        4.1636268150805154e-11,
        2.2153784657834856e-11,
        2.6375281663728e-11,
        1.473962807720208e-11,
        2.8156544253277616e-11
      ],
      "confidence": 0.7
    }
  ]
}