{
  "chunk": 2144,
  "total_chunks": 3600,
  "patterns_found": 2,
  "start_time": 2143.0005952779434,
  "end_time": 2143.999595555443,
  "patterns": [
    {
      "type": "spike",
      "count": 19,
      "times": [
        2143.0035952787766,
        2143.0055952793323,
        2143.0085952801655,
        2143.0135952815544,
        2143.01559528211,
        2143.020595283499,
        2143.02459528461,
        2143.0395952887766,
        2143.048595291277,
        2143.061595294888,
        2143.074595298499,
        2143.091595303221,
        2143.8035955009987,
        2143.911595530999,
        2143.9535955426654,
        2143.96959554711,
        2143.9755955487767,
        2143.986595551832,
        2143.9905955529434
      ],
      "amplitudes": [
        0.0010748079454242622,
        0.0010719163789907375,
        0.0010965489954406448,
        0.0011069525391368012,
        0.0010727090792326947,
        0.0011044754721883923,
        0.0010921931988577922,
        0.001074025537980782,
        0.0010671201767962887,
        0.0010634338123723254,
        0.0011339601177072164,
        0.0010558381701939728,
        0.0010908704650999773,
        0.0010534888264049707,
        0.0010642664168338113,
        0.001048579490877804,
        0.0011152999964429444,
        0.001145698006931015,
        0.0010695694464492398
      ],
      "confidence": 0.8
    },
    {
      "type": "oscillation",
      "frequencies": [
        3.906248915626821,
        11.718746746880463,
        42.96873807189503,
        54.687484818775495,
        70.31248048128278,
        78.12497831253643,
        85.93747614379006,
        97.65622289067053,
        109.37496963755099,
        124.99996530005828,
        152.34370770944602,
        160.15620554069966,
        171.87495228758013,
        183.5936990344606,
        195.31244578134107,
        210.93744144384834,
        218.74993927510198,
        230.46868602198245,
        238.2811838532361,
        253.9061795157434,
        265.62492626262383,
        281.2499219251311,
        289.06241975638477,
        300.78116650326524,
        308.59366433451885,
        320.3124110813993,
        343.74990457516026,
        355.4686513220407,
        363.2811491532944,
        374.9998959001748,
        390.62489156268214,
        402.3436383095626,
        414.062385056443,
        437.49987855020396,
        449.21862529708443,
        464.8436209595917,
        476.5623677064722,
        484.37486553772584,
        496.0936122846063
      ],
      "power": [
        2.952041740563955e-10,
        3.034423230988645e-11,
        4.993466477515639e-11,
        2.6139455045282596e-11,
        1.8516759338949752e-11,
        1.710773754921941e-11,
        1.9386674579812173e-11,
        3.692202125828584e-11,
        2.8388381403970733e-11,
        5.5363637296070665e-11,
        2.91522647718336e-11,
        1.7535765767163382e-11,
        3.1585219388753437e-11,
        1.996660318813497e-11,
        3.156071117115424e-11,
        2.1043558501731737e-11,
        2.313021059957063e-11,
        3.000133868827034e-11,
        2.8829202745184622e-11,
        1.811189852748145e-11,
        2.3061740806373623e-11,
        1.8211596467251317e-11,
        2.2301880321149615e-11,
        1.9048690076746933e-11,
        2.0879032551929307e-11,
        3.123420465616343e-11,
        2.8087056143277605e-11,
        2.689771543230271e-11,
        1.897849245970995e-11,
        1.9249119043279974e-11,
        2.2819255566079306e-11,
        2.2003743762175484e-11,
        2.681037913724025e-11,
        2.5980849900011306e-11,
        3.3701777753987144e-11,
        2.8332177496296852e-11,
        3.589162745015284e-11,
        2.7879317031921932e-11,
        2.938504316608547e-11
      ],
      "confidence": 0.7
    }
  ]
}