{
  "chunk": 666,
  "total_chunks": 3600,
  "patterns_found": 2,
  "start_time": 665.0001847222736,
  "end_time": 665.9991849997737,
  "patterns": [
    {
      "type": "spike",
      "count": 22,
      "times": [
        665.0031847231069,
        665.0111847253291,
        665.0131847258847,
        665.0151847264402,
        665.025184729218,
        665.0281847300513,
        665.0511847364403,
        665.0801847444958,
        665.0961847489402,
        665.8901849694959,
        665.9441849844959,
        665.9471849853292,
        665.9501849861625,
        665.9551849875514,
        665.957184988107,
        665.9601849889403,
        665.9681849911625,
        665.9741849928292,
        665.9791849942181,
        665.9871849964403,
        665.9901849972737,
        665.9971849992181
      ],
      "amplitudes": [
        0.0010708548559079573,
        0.001197889460791167,
        0.0010861932759419525,
        0.0011477689400585915,
        0.001063849427524725,
        0.001166134974578629,
        0.0012925272069221972,
        0.0010702718643392126,
        0.0011349091544394377,
        0.001202379926931687,
        0.0011294124688769741,
        0.0010974718953216402,
        0.0010733883097270862,
        0.0010475337926877143,
        0.001046619191232607,
        0.0010450529015591035,
        0.0010653920547413999,
        0.001181016807924936,
        0.0010978821404888613,
        0.0010876724879395937,
        0.0010586370820539035,
        0.001073732553037756
      ],
      "confidence": 0.8
    },
    {
      "type": "oscillation",
      "frequencies": [
        3.906248915182732,
        19.53124457591366,
        39.06248915182732,
        46.87498698219278,
        54.687484812558246,
        66.40623155810644,
        78.12497830365464,
        89.84372504920283,
        101.56247179475103,
        117.18746745548196,
        140.62496094657834,
        164.06245443767475,
        183.5936990135884,
        195.3124457591366,
        214.84369033505027,
        230.4686859957812,
        238.28118382614664,
        257.81242840206033,
        281.2499218931567,
        289.06241972352217,
        296.87491755388766,
        308.59366429943583,
        316.4061621298013,
        324.21865996016675,
        335.937406705715,
        355.46865128162864,
        367.1873980271768,
        374.99989585754224,
        382.81239368790773,
        394.5311404334559,
        406.24988717900413,
        414.06238500936956,
        429.68738067010054,
        445.31237633083146,
        464.8436209067451,
        476.5623676522933,
        484.3748654826588,
        492.1873633130242
      ],
      "power": [
        2.7024225985879947e-10,
        2.971782315486469e-11,
        3.401669448182246e-11,
        2.7419646994439954e-11,
        2.136423827111583e-11,
        3.8911481304209164e-11,
        2.6118844964341276e-11,
        1.853932840037836e-11,
        2.713881443161046e-11,
        3.9208256410737936e-11,
        4.1874483743060696e-11,
        5.238080005012179e-11,
        1.959069457776055e-11,
        3.07717787910624e-11,
        1.8429605431950177e-11,
        3.150709554418091e-11,
        4.308814797656344e-11,
        2.4482871170373973e-11,
        2.7007527745400373e-11,
        1.5799418617526503e-11,
        2.8704350580752537e-11,
        1.644180220225139e-11,
        2.5804944504626507e-11,
        1.6814370439342536e-11,
        2.4919254175740578e-11,
        3.162063478230787e-11,
        2.549610737573759e-11,
        2.1936685398518568e-11,
        1.7311264845830924e-11,
        1.3263668217078007e-11,
        2.1591009441226198e-11,
        4.090739155776077e-11,
        2.1057839340582304e-11,
        2.048400792923527e-11,
        1.4322161942211873e-11,
        2.2370415955377164e-11,
        2.2914559237949625e-11,
        2.4131915552170264e-11
      ],
      "confidence": 0.7
    }
  ]
}