{
  "chunk": 2075,
  "total_chunks": 3600,
  "patterns_found": 2,
  "start_time": 2074.000576111271,
  "end_time": 2074.9995763887714,
  "patterns": [
    {
      "type": "spike",
      "count": 10,
      "times": [
        2074.3695762137713,
        2074.388576219049,
        2074.41057622516,
        2074.4175762271047,
        2074.4895762471047,
        2074.4915762476603,
        2074.5125762534935,
        2074.564576267938,
        2074.59957627766,
        2074.618576282938
      ],
      "amplitudes": [
        0.0016976250767758024,
        0.001693219301040464,
        0.0017066615473893352,
        0.001794376132234141,
        0.001743346395751852,
        0.0017274089790718643,
        0.0017076828593422188,
        0.0016906575055388433,
        0.0016930784674243971,
        0.0017051852743106355
      ],
      "confidence": 0.8
    },
    {
      "type": "oscillation",
      "frequencies": [
        3.9062489138504652,
        23.43749348310279,
        35.156240224654184,
        50.781235880056045,
        66.4062315354579,
        78.1249782770093,
        89.8437250185607,
        105.46872067396257,
        124.99996524321489,
        148.4374587263177,
        167.96870329557,
        175.78120112327093,
        199.21869460637373,
        218.74993917562605,
        238.28118374487838,
        246.0936815725793,
        253.90617940028025,
        269.5311750556821,
        285.156170711084,
        304.68741528033627,
        316.40616202188767,
        328.12490876343907,
        343.74990441884097,
        355.4686511603923,
        367.1873979019437,
        378.9061446434951,
        394.531140298897,
        402.3436381265979,
        414.0623848681493,
        425.7811316097007,
        445.31237617895306,
        468.74986966205586,
        480.4686164036072,
        488.28111423130815
      ],
      "power": [
        3.3398000118736314e-10,
        2.3258828015917337e-11,
        9.67632155143347e-12,
        2.3169921472428538e-11,
        3.783423451683138e-11,
        8.188838055193645e-12,
        2.719816000341923e-11,
        3.232857711681498e-11,
        2.0497508677700888e-11,
        4.546796469140315e-11,
        2.0685059243709244e-11,
        1.9956007848779727e-11,
        2.129514455336193e-11,
        2.3783095032509882e-11,
        3.3337982574790905e-11,
        3.66011218428467e-11,
        4.1728157085334114e-11,
        2.4791608684087834e-11,
        4.527327233809577e-11,
        5.857421076881459e-11,
        2.5440573570375376e-11,
        2.3293444123265588e-11,
        3.058730299641846e-11,
        4.828208824998552e-11,
        2.4006599661732998e-11,
        2.2866075877249038e-11,
        1.858385204884051e-11,
        2.5616998012021248e-11,
        2.3956343710259867e-11,
        3.080910430832167e-11,
        3.52152755539403e-11,
        3.945315974824037e-11,
        2.940262847865603e-11,
        2.3720203478402913e-11
      ],
      "confidence": 0.7
    }
  ]
}