{
  "chunk": 3,
  "total_chunks": 3600,
  "patterns_found": 2,
  "start_time": 2.00000055555571,
  "end_time": 2.999000833055787,
  "patterns": [
    {
      "type": "spike",
      "count": 4,
      "times": [
        2.444000678889078,
        2.4470006797224113,
        2.5260007016668617,
        2.6120007255557574
      ],
      "amplitudes": [
        0.0016739340578972748,
        0.0016780069135658748,
        0.0017522443068332463,
        0.0016942938247843228
      ],
      "confidence": 0.8
    },
    {
      "type": "oscillation",
      "frequencies": [
        3.9062489149294626,
        31.2499913194357,
        39.06248914929463,
        54.687484809012474,
        66.40623155380086,
        78.12497829858926,
        89.84372504337765,
        109.37496961802495,
        128.90621419267225,
        140.62496093746066,
        148.43745876731958,
        160.15620551210796,
        167.9687033419669,
        179.6874500867553,
        195.31244574647312,
        214.84369032112045,
        226.56243706590882,
        238.28118381069723,
        253.90617947041505,
        265.62492621520346,
        273.43742404506236,
        292.9686686197097,
        312.499913194357,
        328.1249088540749,
        335.9374066839338,
        343.7499045137927,
        363.28114908844003,
        378.9061447481579,
        390.62489149294623,
        402.34363823773464,
        414.06238498252304,
        421.87488281238194,
        437.4998784720998,
        449.2186252168882,
        464.84362087660605,
        476.56236762139446
      ],
      "power": [
        2.9347104274621e-10,
        1.6525059223459832e-11,
        3.19958188076873e-11,
        2.0765470050799923e-11,
        1.9794339194331684e-11,
        2.6787858492355698e-11,
        2.470264358245249e-11,
        1.8343760008615164e-11,
        3.1933171606917784e-11,
        3.3660535086304763e-11,
        1.4884186258592138e-11,
        2.915147440808051e-11,
        2.9672114046592045e-11,
        2.8492875852589034e-11,
        1.8881445731094195e-11,
        4.189807698249882e-11,
        2.273913319652925e-11,
        2.896624876145915e-11,
        2.2439692556361482e-11,
        2.1449144075124874e-11,
        2.037942774866084e-11,
        1.8526348862789573e-11,
        2.550310277676732e-11,
        2.968723962121182e-11,
        3.548207856554819e-11,
        2.8994955822914062e-11,
        2.0724231466079362e-11,
        2.224504521106078e-11,
        1.354046641346229e-11,
        1.3564475943917525e-11,
        1.4136372243970537e-11,
        1.528484154615788e-11,
        2.2609534091927347e-11,
        1.6800409859198984e-11,
        1.735898283317541e-11,
        2.7212455952581996e-11
      ],
      "confidence": 0.7
    }
  ]
}