{
  "chunk": 1395,
  "total_chunks": 3600,
  "patterns_found": 2,
  "start_time": 1394.00038722233,
  "end_time": 1394.99938749983,
  "patterns": [
    {
      "type": "spike",
      "count": 5,
      "times": [
        1394.5053873626077,
        1394.5073873631632,
        1394.5333873703855,
        1394.5363873712188,
        1394.5523873756633
      ],
      "amplitudes": [
        0.0017739955257194396,
        0.0017326627109228079,
        0.00173657516269509,
        0.0017862275515678225,
        0.0017320775942699746
      ],
      "confidence": 0.8
    },
    {
      "type": "oscillation",
      "frequencies": [
        3.906248914738643,
        19.531244573693215,
        35.15624023264779,
        54.687484806341004,
        82.03122720951151,
        97.65622286846607,
        113.28121852742065,
        121.09371635689794,
        136.7187120158525,
        152.3437076748071,
        167.96870333376165,
        183.59369899271624,
        195.31244573693215,
        210.93744139588674,
        234.3749348843186,
        246.0936816285345,
        269.5311751169664,
        285.15617077592094,
        292.96866860539825,
        300.7811664348755,
        316.4061620938301,
        347.65615341173924,
        359.3749001559552,
        371.0936469001711,
        382.81239364438704,
        398.4373893033416,
        410.15613604755754,
        417.96863387703485,
        433.5936295359894,
        445.31237628020534,
        476.56236759811446,
        492.187363257069
      ],
      "power": [
        2.978282487961473e-10,
        1.924034563787861e-11,
        2.2643046272461144e-11,
        2.095997999589827e-11,
        1.7930045178516653e-11,
        1.927796472064562e-11,
        1.703373346039075e-11,
        2.331183737335975e-11,
        1.741875170867927e-11,
        2.3678933025293397e-11,
        2.934956135540994e-11,
        1.9279244647476768e-11,
        2.6701787618564334e-11,
        3.0005269839035485e-11,
        2.206962863742993e-11,
        1.5903875428557043e-11,
        2.962300721203661e-11,
        1.4989864845931524e-11,
        2.0479508527827542e-11,
        2.29469416778287e-11,
        4.622256574796555e-11,
        3.505957617693497e-11,
        3.042318967459945e-11,
        4.987965086760377e-11,
        1.4998177013271464e-11,
        2.7857252815013013e-11,
        2.2752871741447955e-11,
        2.6928661914957168e-11,
        2.8946385093558846e-11,
        2.5572803770836134e-11,
        2.327419377791983e-11,
        1.2270581509313583e-11
      ],
      "confidence": 0.7
    }
  ]
}