{
  "chunk": 1296,
  "total_chunks": 3600,
  "patterns_found": 2,
  "start_time": 1295.0003597223222,
  "end_time": 1295.9993599998222,
  "patterns": [
    {
      "type": "spike",
      "count": 23,
      "times": [
        1295.0103597251,
        1295.0133597259332,
        1295.0193597276,
        1295.0283597301,
        1295.032359731211,
        1295.0353597320445,
        1295.0583597384334,
        1295.0603597389888,
        1295.0633597398223,
        1295.0963597489888,
        1295.1083597523223,
        1295.1623597673222,
        1295.9113599753778,
        1295.9193599776002,
        1295.9343599817666,
        1295.9523599867666,
        1295.9543599873223,
        1295.9573599881555,
        1295.965359990378,
        1295.9723599923223,
        1295.9823599951,
        1295.9943599984333,
        1295.9973599992668
      ],
      "amplitudes": [
        0.0011752120922370372,
        0.0010673013232902877,
        0.0011118616237090352,
        0.0010972136900465352,
        0.001103972849552636,
        0.0010857147521730194,
        0.0012020576984967328,
        0.001172482270025149,
        0.0010437984231511214,
        0.0010497295187059377,
        0.0010455261036165216,
        0.0011119161727096785,
        0.0010598853274233293,
        0.001079164757508008,
        0.0010538928885722501,
        0.001092667669142726,
        0.001046467308900438,
        0.001109555419740055,
        0.0012723732140620028,
        0.0011251240653464907,
        0.0010572133919819423,
        0.0011316852025494,
        0.0011101423544424718
      ],
      "confidence": 0.8
    },
    {
      "type": "oscillation",
      "frequencies": [
        3.906248914738643,
        11.71874674421593,
        31.249991317909146,
        46.87498697686372,
        62.49998263581829,
        74.21872938003422,
        85.93747612425015,
        93.74997395372743,
        105.46872069794337,
        128.90621418637522,
        136.7187120158525,
        152.3437076748071,
        160.15620550428437,
        167.96870333376165,
        175.78120116323893,
        195.31244573693215,
        207.03119248114808,
        226.5624370548413,
        242.18743271379589,
        257.81242837275045,
        273.437424031705,
        285.15617077592094,
        300.7811664348755,
        312.49991317909144,
        320.31241100856874,
        332.0311577527847,
        343.7499044970006,
        363.2811490706938,
        378.9061447296484,
        398.4373893033416,
        410.15613604755754,
        425.7811317065121,
        437.49987845072803,
        445.31237628020534,
        453.1248741096826,
        472.65611868337584,
        496.0936121718077
      ],
      "power": [
        2.8202805810384013e-10,
        3.448641854528807e-11,
        2.6132232082706245e-11,
        2.211473412821245e-11,
        4.31624902788368e-11,
        2.3420646697543396e-11,
        2.2280188852559472e-11,
        1.9775144532572967e-11,
        1.5064712234193837e-11,
        2.475910758027224e-11,
        2.2648229774081872e-11,
        2.1959461320370215e-11,
        2.032342639411066e-11,
        2.503084820241669e-11,
        3.107326140533157e-11,
        2.041632078399535e-11,
        2.114789867275265e-11,
        2.182218821232822e-11,
        2.8349174921436146e-11,
        2.7977826079904886e-11,
        1.002123629829697e-11,
        1.6209039042703832e-11,
        1.5978597674310957e-11,
        2.2650956873872777e-11,
        4.2387307215536996e-11,
        2.8079829054939533e-11,
        1.612895180701116e-11,
        2.3538708821164432e-11,
        2.9412243939575246e-11,
        1.57720601980461e-11,
        1.1944931095414228e-11,
        2.3082274666552536e-11,
        1.805012172329322e-11,
        1.767281608703483e-11,
        3.114728616920021e-11,
        4.405675985412246e-11,
        2.9865662287933305e-11
      ],
      "confidence": 0.7
    }
  ]
}