{
  "chunk": 1783,
  "total_chunks": 3600,
  "patterns_found": 2,
  "start_time": 1782.0004950001376,
  "end_time": 1782.9994952776376,
  "patterns": [
    {
      "type": "spike",
      "count": 6,
      "times": [
        1782.4164951156931,
        1782.4294951193042,
        1782.4684951301376,
        1782.498495138471,
        1782.5184951440265,
        1782.5244951456932
      ],
      "amplitudes": [
        0.0017612173033046735,
        0.00175169999027228,
        0.0017750943811561414,
        0.0018042784536540907,
        0.0017266383523699093,
        0.001742253520930203
      ],
      "confidence": 0.8
    },
    {
      "type": "oscillation",
      "frequencies": [
        3.906248914738643,
        23.43749348843186,
        39.06248914738643,
        50.781235891602364,
        74.21872938003422,
        82.03122720951151,
        117.1874674421593,
        132.81246310111388,
        148.43745876006844,
        164.06245441902303,
        179.6874500779776,
        195.31244573693215,
        214.8436903106254,
        226.5624370548413,
        238.28118379905723,
        246.0936816285345,
        273.437424031705,
        281.2499218611823,
        292.96866860539825,
        316.4061620938301,
        332.0311577527847,
        347.65615341173924,
        359.3749001559552,
        371.0936469001711,
        382.81239364438704,
        394.531140388603,
        406.2498871328189,
        429.6873806212508,
        449.21862519494397,
        464.8436208538985,
        484.37486542759177,
        496.0936121718077
      ],
      "power": [
        3.0125467342630234e-10,
        5.029599468533916e-11,
        1.7490770668344694e-11,
        3.288272191924891e-11,
        2.2231185778311402e-11,
        4.571325689269996e-11,
        1.9587195090892916e-11,
        1.9530810718604254e-11,
        4.980856350427928e-11,
        2.204025990069211e-11,
        4.328825660353206e-11,
        3.0501115897599185e-11,
        3.533148645301966e-11,
        1.5510254513530893e-11,
        1.3803314764400286e-11,
        2.5168500498485764e-11,
        3.6537883280913454e-11,
        2.389588795106709e-11,
        1.973792797206601e-11,
        2.942736934835864e-11,
        2.6335088225869073e-11,
        9.067454373094597e-12,
        4.135273008588632e-11,
        2.347587442761486e-11,
        2.608672520321049e-11,
        2.8949107734209996e-11,
        3.717378497228718e-11,
        2.3086365092815707e-11,
        1.7626505031553538e-11,
        2.534997488181565e-11,
        2.432184510306454e-11,
        1.7510907616980968e-11
      ],
      "confidence": 0.7
    }
  ]
}