{
  "chunk": 2091,
  "total_chunks": 3600,
  "patterns_found": 2,
  "start_time": 2090.000580555717,
  "end_time": 2090.999580833217,
  "patterns": [
    {
      "type": "spike",
      "count": 8,
      "times": [
        2090.35458065405,
        2090.391580664328,
        2090.401580667106,
        2090.464580684606,
        2090.528580702384,
        2090.539580705439,
        2090.5435807065505,
        2090.5475807076614
      ],
      "amplitudes": [
        0.0016889312677549788,
        0.001701776104573723,
        0.0017221675818040946,
        0.001720579711856711,
        0.0016829541948240405,
        0.0017222458256170943,
        0.0016946524090014135,
        0.0017386368423315405
      ],
      "confidence": 0.8
    },
    {
      "type": "oscillation",
      "frequencies": [
        3.906248915626821,
        31.24999132501457,
        46.87498698752185,
        54.687484818775495,
        62.49998265002914,
        70.31248048128278,
        85.93747614379006,
        97.65622289067053,
        109.37496963755099,
        124.99996530005828,
        156.24995662507285,
        175.78120120320696,
        187.4999479500874,
        203.1249436125947,
        222.6561881907288,
        234.37493493760928,
        257.8124284313702,
        277.3436730095043,
        292.9686686720116,
        304.68741541889204,
        324.2186599970262,
        351.5624024064139,
        363.2811491532944,
        378.90614481580167,
        398.43738939393575,
        414.062385056443,
        429.68738071895035,
        445.3123763814576,
        457.0311231283381,
        472.65611879084537,
        484.37486553772584,
        492.18736336897945
      ],
      "power": [
        3.035860400667921e-10,
        2.3407745022292324e-11,
        3.407932447890229e-11,
        2.0315631771055686e-11,
        1.958612852272855e-11,
        1.9768384230935283e-11,
        2.0544449489886438e-11,
        1.9609391763770615e-11,
        2.6848528839149492e-11,
        2.200728407537909e-11,
        3.374136972264661e-11,
        1.807894118887138e-11,
        3.002783058410301e-11,
        2.8507576154668477e-11,
        1.7390707441290945e-11,
        2.105903009126966e-11,
        2.555248339571198e-11,
        3.1943607556449913e-11,
        3.8027573118608916e-11,
        1.7002465494550668e-11,
        3.664270291460057e-11,
        2.277053449665634e-11,
        2.2490057657569356e-11,
        1.9252681838716736e-11,
        3.921227782702604e-11,
        1.3340009774845641e-11,
        2.238855904639236e-11,
        2.884847314097425e-11,
        2.6429547647208833e-11,
        4.866873353261984e-11,
        3.82533281045927e-11,
        3.520037821944089e-11
      ],
      "confidence": 0.7
    }
  ]
}