{
  "chunk": 3213,
  "total_chunks": 3600,
  "patterns_found": 2,
  "start_time": 3212.00089222247,
  "end_time": 3212.9998924999704,
  "patterns": [
    {
      "type": "spike",
      "count": 5,
      "times": [
        3212.429892341637,
        3212.461892350526,
        3212.4998923610815,
        3212.5458923738593,
        3212.6128923924703
      ],
      "amplitudes": [
        0.0017266860060816361,
        0.0017504366703874274,
        0.00171658620838024,
        0.0017366957486092244,
        0.001693798164164408
      ],
      "confidence": 0.8
    },
    {
      "type": "oscillation",
      "frequencies": [
        3.9062489138504652,
        15.624995655401861,
        31.249991310803722,
        50.781235880056045,
        70.31248044930837,
        78.1249782770093,
        97.65622284626163,
        109.37496958781303,
        124.99996524321489,
        132.8124630709158,
        140.62496089861673,
        152.34370764016813,
        167.96870329557,
        179.6874500371214,
        187.49994786482233,
        203.12494352022418,
        210.93744134792513,
        222.65618808947653,
        238.28118374487838,
        261.7186772279812,
        273.4374239695326,
        289.0624196249344,
        300.7811663664858,
        308.5936641941868,
        328.12490876343907,
        339.84365550499047,
        355.4686511603923,
        371.0936468157942,
        378.9061446434951,
        394.531140298897,
        406.24988704044836,
        429.68738052355116,
        445.31237617895306,
        457.03112292050446,
        464.84362074820535,
        472.6561185759063,
        492.1873631451586
      ],
      "power": [
        3.0981582390000233e-10,
        5.048086205076749e-11,
        2.8839918316522227e-11,
        2.3956195580812258e-11,
        2.4743658730706446e-11,
        2.8733591398083396e-11,
        2.043546328659441e-11,
        1.7683242357040205e-11,
        2.3175415085929465e-11,
        2.951145837174196e-11,
        2.0332741506272926e-11,
        2.292089791709191e-11,
        1.9915232030912804e-11,
        3.408788880710771e-11,
        3.338479833110411e-11,
        1.3220261715552028e-11,
        1.7117924038759837e-11,
        2.5907132837479205e-11,
        3.3277361684773834e-11,
        3.859202508524772e-11,
        2.0161086165762317e-11,
        4.319626600742732e-11,
        1.8181310768963068e-11,
        1.8554209675384973e-11,
        1.7376479893213693e-11,
        2.7714322487390874e-11,
        2.5697410355914663e-11,
        2.208856521785371e-11,
        2.1169285500693727e-11,
        3.6854304463421816e-11,
        2.2546483734053993e-11,
        3.332166119270206e-11,
        3.231002349908167e-11,
        3.497588928629112e-11,
        4.479038754756691e-11,
        3.083442377316108e-11,
        3.331261764498079e-11
      ],
      "confidence": 0.7
    }
  ]
}