{
  "chunk": 299,
  "total_chunks": 3600,
  "patterns_found": 2,
  "start_time": 298.0000827778008,
  "end_time": 298.99908305530084,
  "patterns": [
    {
      "type": "spike",
      "count": 2,
      "times": [
        298.44108290030084,
        298.6500829583564
      ],
      "amplitudes": [
        0.0016923120203664243,
        0.0017050981104627678
      ],
      "confidence": 0.8
    },
    {
      "type": "oscillation",
      "frequencies": [
        3.906248914960688,
        15.624995659842751,
        27.343742404724814,
        39.062489149606876,
        46.87498697952825,
        58.59373372441032,
        74.21872938425307,
        113.28121853385994,
        121.09371636378133,
        132.8124631086634,
        144.53120985354545,
        164.0624544283489,
        183.59369900315232,
        203.12494357795578,
        214.84369032283783,
        246.09368164252334,
        257.8124283874054,
        281.2499218771695,
        296.87491753701227,
        324.2186599417371,
        335.93740668661917,
        343.74990451654054,
        367.18739800630465,
        398.4373893259902,
        406.24988715591155,
        429.68738064567566,
        441.40612739055774,
        464.84362088032185,
        476.56236762520393,
        484.3748654551253,
        496.0936122000073
      ],
      "power": [
        3.2004708129223015e-10,
        3.101875757289133e-11,
        1.8373889696185686e-11,
        1.863357229508893e-11,
        2.922415021382835e-11,
        3.249317840934012e-11,
        2.8008469198637628e-11,
        2.8673034165252236e-11,
        2.657986817698961e-11,
        1.973616625928439e-11,
        1.419621410714164e-11,
        3.461129774345664e-11,
        1.8622549957256706e-11,
        3.586389214031035e-11,
        3.921505269007083e-11,
        2.438026236874437e-11,
        4.543549633335882e-11,
        1.8892109340159956e-11,
        2.3966529858905818e-11,
        1.9579421703930744e-11,
        2.3752891088597687e-11,
        2.583437732996541e-11,
        3.129574553878622e-11,
        2.165260455778127e-11,
        3.366976928782613e-11,
        1.952939390346626e-11,
        3.3235966773243516e-11,
        2.4472539519827428e-11,
        1.6786038785181097e-11,
        2.0446876993645296e-11,
        1.149274238524e-11
      ],
      "confidence": 0.7
    }
  ]
}