{
  "chunk": 2161,
  "total_chunks": 3600,
  "patterns_found": 2,
  "start_time": 2160.0006000001667,
  "end_time": 2160.999600277667,
  "patterns": [
    {
      "type": "spike",
      "count": 7,
      "times": [
        2160.381600106,
        2160.4276001187777,
        2160.4536001260003,
        2160.4806001335,
        2160.526600146278,
        2160.539600149889,
        2160.5656001571115
      ],
      "amplitudes": [
        0.0016979467516471903,
        0.0017165595569146668,
        0.0017610188415181538,
        0.0017204317634216355,
        0.0017063598669291346,
        0.0017252792628682932,
        0.0017514900484409395
      ],
      "confidence": 0.8
    },
    {
      "type": "oscillation",
      "frequencies": [
        3.906248915626821,
        23.437493493760925,
        31.24999132501457,
        42.96873807189503,
        58.59373373440232,
        70.31248048128278,
        82.03122722816325,
        89.84372505941688,
        109.37496963755099,
        117.18746746880464,
        132.81246313131192,
        148.43745879381922,
        164.0624544563265,
        175.78120120320696,
        187.4999479500874,
        207.0311925282215,
        238.2811838532361,
        249.99993060011656,
        269.53117517825063,
        289.06241975638477,
        300.78116650326524,
        312.4999132501457,
        339.84365565953345,
        351.5624024064139,
        359.37490023766753,
        386.7186426470553,
        406.2498872251894,
        414.062385056443,
        421.8748828876967,
        441.4061274658308,
        457.0311231283381,
        480.46861662209903,
        496.0936122846063
      ],
      "power": [
        2.671035338439275e-10,
        1.8488341323083436e-11,
        2.086115111095733e-11,
        2.4846706892480446e-11,
        3.4815234571389126e-11,
        2.838426754297764e-11,
        2.2909132061106925e-11,
        2.2326416810606567e-11,
        2.522557356184239e-11,
        2.551999082843468e-11,
        1.5775556303414088e-11,
        1.785388956057481e-11,
        1.9620183766264542e-11,
        2.381290948990206e-11,
        3.086128461151971e-11,
        1.6081784609492683e-11,
        3.9641225548520145e-11,
        1.3703137429317674e-11,
        2.8357658070935043e-11,
        2.951835691744057e-11,
        2.790757891027514e-11,
        1.998269627288541e-11,
        3.439882870148197e-11,
        1.3303147423571227e-11,
        2.5641955401549965e-11,
        2.277228676890772e-11,
        1.5251649688527814e-11,
        1.594900340575616e-11,
        1.6940927971005682e-11,
        2.3938031086976805e-11,
        2.8854092160172235e-11,
        2.2528865430001278e-11,
        3.504986077544808e-11
      ],
      "confidence": 0.7
    }
  ]
}