{
  "chunk": 1133,
  "total_chunks": 3600,
  "patterns_found": 2,
  "start_time": 1132.0003144445318,
  "end_time": 1132.9993147220318,
  "patterns": [
    {
      "type": "spike",
      "count": 3,
      "times": [
        1132.5063145850875,
        1132.540314594532,
        1132.558314599532
      ],
      "amplitudes": [
        0.0017119250353041949,
        0.0017041813537320332,
        0.0018260788315290592
      ],
      "confidence": 0.8
    },
    {
      "type": "oscillation",
      "frequencies": [
        3.906248914738643,
        23.43749348843186,
        31.249991317909146,
        70.31248046529558,
        78.12497829477286,
        93.74997395372743,
        113.28121852742065,
        128.90621418637522,
        136.7187120158525,
        148.43745876006844,
        164.06245441902303,
        175.78120116323893,
        207.03119248114808,
        226.5624370548413,
        238.28118379905723,
        249.99993054327317,
        265.62492620222775,
        277.3436729464437,
        292.96866860539825,
        312.49991317909144,
        320.31241100856874,
        328.12490883804605,
        343.7499044970006,
        355.46865124121655,
        371.0936469001711,
        382.81239364438704,
        398.4373893033416,
        410.15613604755754,
        425.7811317065121,
        433.5936295359894,
        449.21862519494397,
        464.8436208538985,
        480.4686165128531
      ],
      "power": [
        3.275844889172821e-10,
        2.194476133932608e-11,
        1.8294214153955045e-11,
        2.964239806240946e-11,
        3.4744781231160296e-11,
        3.1525545128174034e-11,
        2.6046394334720825e-11,
        2.035446214508204e-11,
        1.3716151788093532e-11,
        1.3490745874167491e-11,
        1.571046166552302e-11,
        5.009427096216963e-11,
        2.9060653679216428e-11,
        2.375794045911173e-11,
        3.297021504258199e-11,
        3.0450862891806595e-11,
        1.8112833981886254e-11,
        1.6473856663860517e-11,
        3.396500695730754e-11,
        2.7823517441803817e-11,
        2.413272520628401e-11,
        2.3109201196042942e-11,
        2.4133983786119406e-11,
        5.2012824956470123e-11,
        1.4545630274500282e-11,
        2.8720034298729695e-11,
        2.5782125900810475e-11,
        5.210674863616789e-11,
        3.67695473235085e-11,
        4.260957762954002e-11,
        3.111431704754008e-11,
        3.262696466176567e-11,
        3.7115804010603626e-11
      ],
      "confidence": 0.7
    }
  ]
}