{
  "chunk": 507,
  "total_chunks": 3600,
  "patterns_found": 2,
  "start_time": 506.0001405555946,
  "end_time": 506.9991408330947,
  "patterns": [
    {
      "type": "spike",
      "count": 4,
      "times": [
        506.4481406800391,
        506.47214068670576,
        506.507140696428,
        506.5441407067058
      ],
      "amplitudes": [
        0.0017366566485019102,
        0.0017791227076289053,
        0.0018036167053908409,
        0.0017484541168717811
      ],
      "confidence": 0.8
    },
    {
      "type": "oscillation",
      "frequencies": [
        3.906248914960688,
        23.437493489764126,
        31.249991319685503,
        42.96873806456757,
        54.68748480944963,
        62.499982639371005,
        70.31248046929238,
        89.84372504409582,
        97.65622287401719,
        124.99996527874201,
        152.34370768346682,
        164.0624544283489,
        183.59369900315232,
        207.03119249291646,
        218.74993923779851,
        226.56243706771988,
        242.18743272756265,
        261.7186773023661,
        277.3436729622088,
        289.0624197070909,
        312.499913196855,
        328.1249088566978,
        343.74990451654054,
        363.281149091344,
        378.90614475118673,
        398.4373893259902,
        410.1561360708722,
        429.68738064567566,
        437.49987847559703,
        449.2186252204791,
        464.84362088032185,
        480.4686165401646,
        496.0936122000073
      ],
      "power": [
        3.4478295216161907e-10,
        3.242871147327973e-11,
        4.1051408530395254e-11,
        2.0283855652151508e-11,
        2.3523367140085397e-11,
        2.6109580262052512e-11,
        2.444646299164502e-11,
        2.536477711099037e-11,
        2.430133531797338e-11,
        2.1461881583525454e-11,
        1.763410851336586e-11,
        2.849118629016967e-11,
        2.081083502217392e-11,
        3.0726904010287306e-11,
        1.5647521582736915e-11,
        1.3882951736088734e-11,
        3.513364653027074e-11,
        1.830366128083403e-11,
        2.0514085346322546e-11,
        1.917766325972196e-11,
        1.8402352494316723e-11,
        3.460212704836356e-11,
        4.027822057783888e-11,
        1.5890001162551776e-11,
        3.531810304031822e-11,
        4.214784260668079e-11,
        3.5596643125113646e-11,
        3.169630700682109e-11,
        2.436226702485073e-11,
        3.9482433177677166e-11,
        2.579475597737328e-11,
        3.242529792554385e-11,
        1.5750466263093626e-11
      ],
      "confidence": 0.7
    }
  ]
}