{
  "chunk": 1860,
  "total_chunks": 3600,
  "patterns_found": 2,
  "start_time": 1859.0005163890323,
  "end_time": 1859.9995166665326,
  "patterns": [
    {
      "type": "spike",
      "count": 22,
      "times": [
        1859.0035163898658,
        1859.007516390977,
        1859.0105163918101,
        1859.0175163937547,
        1859.0195163943101,
        1859.024516395699,
        1859.0355163987547,
        1859.03751639931,
        1859.0735164093103,
        1859.0905164140324,
        1859.1535164315324,
        1859.9145166429214,
        1859.934516648477,
        1859.9365166490325,
        1859.9455166515324,
        1859.957516654866,
        1859.9635166565324,
        1859.9675166576437,
        1859.970516658477,
        1859.979516660977,
        1859.9825166618102,
        1859.9855166626437
      ],
      "amplitudes": [
        0.0010579843371300035,
        0.0011110324398445962,
        0.0010878165745437098,
        0.0010976405208259956,
        0.0011393655670687683,
        0.0010803599396558465,
        0.0010398071842154402,
        0.0010517666777310549,
        0.0011552728312969258,
        0.0010697958713754474,
        0.001054469421114109,
        0.0010519512329608674,
        0.0010944369071452323,
        0.0011684842736204785,
        0.0010507337692279653,
        0.001082072768349096,
        0.0010817062835700552,
        0.0010885644191171043,
        0.0010541831932441242,
        0.0010434309861434869,
        0.0010950691157392911,
        0.0010471285750647166
      ],
      "confidence": 0.8
    },
    {
      "type": "oscillation",
      "frequencies": [
        3.906248914738643,
        11.71874674421593,
        23.43749348843186,
        39.06248914738643,
        58.59373372107965,
        66.40623155055694,
        82.03122720951151,
        101.56247178320473,
        124.99996527163658,
        144.5312098453298,
        156.24995658954572,
        171.8749522485003,
        203.12494356640946,
        222.65618814010267,
        230.46868596957995,
        242.18743271379589,
        253.90617945801182,
        269.5311751169664,
        285.15617077592094,
        300.7811664348755,
        320.31241100856874,
        335.9374066675233,
        355.46865124121655,
        374.99989581490973,
        386.71864255912567,
        398.4373893033416,
        410.15613604755754,
        429.6873806212508,
        437.49987845072803,
        449.21862519494397,
        457.0311230244213,
        464.8436208538985,
        472.65611868337584,
        492.187363257069
      ],
      "power": [
        2.985643624384053e-10,
        2.134735042975443e-11,
        4.32184392673807e-11,
        2.5009435689148082e-11,
        3.4289786831661745e-11,
        2.9163348787697776e-11,
        3.141453798324854e-11,
        1.986849365751688e-11,
        4.229761828978392e-11,
        3.134458932977237e-11,
        3.150448319006778e-11,
        1.7698307117119653e-11,
        5.193262022649382e-11,
        1.6850803897629408e-11,
        1.9599684270020277e-11,
        2.9633703703508074e-11,
        3.043751994548908e-11,
        1.7382032246355062e-11,
        3.794810464002815e-11,
        3.267546974660889e-11,
        1.2485751914713238e-11,
        3.605570307537102e-11,
        4.252178621955006e-11,
        2.1094772191173137e-11,
        1.9334905855085234e-11,
        2.2001247025822344e-11,
        1.9810432729979e-11,
        3.12380740378289e-11,
        2.9763406925711663e-11,
        1.8393557933513144e-11,
        2.2284014298363562e-11,
        1.7950028913431585e-11,
        1.7018831750186044e-11,
        3.354118855292904e-11
      ],
      "confidence": 0.7
    }
  ]
}