{
  "chunk": 47,
  "total_chunks": 3600,
  "patterns_found": 2,
  "start_time": 46.00001277778133,
  "end_time": 46.99901305528141,
  "patterns": [
    {
      "type": "spike",
      "count": 8,
      "times": [
        46.32501286805913,
        46.348012874448024,
        46.41901289417025,
        46.47601291000359,
        46.52301292305915,
        46.528012924448035,
        46.541012928059146,
        46.56401293444804
      ],
      "amplitudes": [
        0.0017049716706555081,
        0.0017035025807396109,
        0.001736103786627802,
        0.001749551209361112,
        0.0017129491364005472,
        0.0016961098470261353,
        0.0017227264136637417,
        0.0018013267782764318
      ],
      "confidence": 0.8
    },
    {
      "type": "oscillation",
      "frequencies": [
        3.9062489149329322,
        27.343742404530527,
        39.06248914932932,
        46.874986979195185,
        58.593733723993985,
        70.31248046879278,
        85.93747612852451,
        97.6562228733233,
        113.28121853305504,
        124.99996527785383,
        136.71871202265262,
        148.43745876745143,
        164.06245442718316,
        171.87495225704902,
        179.68745008691488,
        191.4061968317137,
        218.74993923624422,
        238.28118381090886,
        253.9061794706406,
        265.6249262154394,
        281.24992187517114,
        304.6874153647687,
        320.3124110245004,
        332.0311577692992,
        343.74990451409803,
        351.5624023439639,
        363.2811490887627,
        382.8123936634274,
        398.4373893231591,
        406.24988715302493,
        417.96863389782374,
        429.68738064262254,
        445.31237630235427,
        453.12487413222016,
        460.937371962086,
        476.5623676218177,
        496.0936121964824
      ],
      "power": [
        3.2740861034333317e-10,
        2.5049458308808463e-11,
        3.25634401960531e-11,
        2.582208449289561e-11,
        2.1450937367386106e-11,
        2.316767278096636e-11,
        2.3535452728836737e-11,
        2.9362212531964944e-11,
        3.0134424049514984e-11,
        3.7038157628592323e-11,
        2.776294659380476e-11,
        3.549438519553421e-11,
        1.8788228826159893e-11,
        1.7216242558818524e-11,
        2.313710878647418e-11,
        3.943389811428785e-11,
        3.5568548390560546e-11,
        1.7994519202660305e-11,
        1.5172194268170282e-11,
        2.067499148031547e-11,
        3.520809664661087e-11,
        3.0290487508832124e-11,
        2.791967550761695e-11,
        3.164044432394146e-11,
        2.2477678600283694e-11,
        1.1609193083048956e-11,
        3.350488464643863e-11,
        2.7274410367427543e-11,
        1.7889926568531447e-11,
        1.8523092771381677e-11,
        1.9868044333000765e-11,
        4.1698586497054737e-11,
        3.591815291461597e-11,
        2.946018571845068e-11,
        2.7809006909450597e-11,
        3.5134114165028654e-11,
        3.228891500219741e-11
      ],
      "confidence": 0.7
    }
  ]
}