{
  "chunk": 382,
  "total_chunks": 3600,
  "patterns_found": 2,
  "start_time": 381.00010583336274,
  "end_time": 381.99910611086284,
  "patterns": [
    {
      "type": "spike",
      "count": 19,
      "times": [
        381.0041058344739,
        381.0071058353072,
        381.01010583614055,
        381.0121058366961,
        381.0151058375294,
        381.01810583836277,
        381.03010584169607,
        381.03210584225167,
        381.03610584336275,
        381.08910585808496,
        381.8791060775295,
        381.9331060925295,
        381.9361060933628,
        381.94310609530726,
        381.96510610141837,
        381.98510610697394,
        381.98810610780725,
        381.9911061086406,
        381.99310610919616
      ],
      "amplitudes": [
        0.0010757397516612355,
        0.0010815007633558334,
        0.0010734084015828478,
        0.0011319205537157334,
        0.0011068313168765545,
        0.0011359791743365665,
        0.001040626222080262,
        0.0011168669482782834,
        0.0010890352239936636,
        0.0010425441811797063,
        0.0010787492403861968,
        0.0010936360693354112,
        0.0010691939174249435,
        0.0010908464152666198,
        0.0011044877650635103,
        0.0012318726221391457,
        0.0010587393275511441,
        0.00107286799083637,
        0.001039512176558603
      ],
      "confidence": 0.8
    },
    {
      "type": "oscillation",
      "frequencies": [
        3.906248914960688,
        27.343742404724814,
        39.062489149606876,
        50.781235894488944,
        82.03122721417445,
        97.65622287401719,
        109.37496961889926,
        140.62496093858476,
        152.34370768346682,
        167.96870334330958,
        183.59369900315232,
        199.2186946629951,
        207.03119249291646,
        214.84369032283783,
        230.46868598268057,
        249.99993055748402,
        289.0624197070909,
        328.1249088566978,
        355.46865126142256,
        371.09364692126536,
        382.8123936661474,
        402.34363824095084,
        414.0623849858329,
        421.8748828157543,
        433.5936295606364,
        441.40612739055774,
        460.93737196536114,
        488.28111437008596,
        496.0936122000073
      ],
      "power": [
        3.01530853523342e-10,
        2.656374087046962e-11,
        2.8639306691444934e-11,
        3.677096219615629e-11,
        1.8179022812109517e-11,
        2.1209802203340277e-11,
        3.087757253197482e-11,
        1.7698498408760392e-11,
        2.954956630757717e-11,
        3.3445800872827305e-11,
        2.692231820554812e-11,
        1.8244561603106043e-11,
        2.3491070681368072e-11,
        2.8946830831457026e-11,
        2.6907424870695105e-11,
        1.849328327606672e-11,
        3.4660922514105186e-11,
        3.905579071880341e-11,
        2.4109972769992345e-11,
        1.657357556185504e-11,
        2.9093894850692707e-11,
        3.7329038218034433e-11,
        2.284420421149393e-11,
        2.6487158369890175e-11,
        2.299956972068022e-11,
        2.7990050124704303e-11,
        3.458476616808512e-11,
        1.0508474260751066e-11,
        1.3395109695347773e-11
      ],
      "confidence": 0.7
    }
  ]
}