{
  "chunk": 1905,
  "total_chunks": 3600,
  "patterns_found": 2,
  "start_time": 1904.0005288890359,
  "end_time": 1904.999529166536,
  "patterns": [
    {
      "type": "spike",
      "count": 8,
      "times": [
        1904.3735289926472,
        1904.3835289954247,
        1904.419529005425,
        1904.432529009036,
        1904.580529050147,
        1904.585529051536,
        1904.6265290629249,
        1904.6505290695916
      ],
      "amplitudes": [
        0.0017198795731625,
        0.0017503119646896164,
        0.0016896988806751041,
        0.0016961396649748887,
        0.001699620374279584,
        0.0016847404898248394,
        0.0016842438818352795,
        0.0017289082266470604
      ],
      "confidence": 0.8
    },
    {
      "type": "oscillation",
      "frequencies": [
        3.906248914738643,
        11.71874674421593,
        23.43749348843186,
        31.249991317909146,
        50.781235891602364,
        66.40623155055694,
        85.93747612425015,
        97.65622286846607,
        109.37496961268201,
        121.09371635689794,
        132.81246310111388,
        144.5312098453298,
        156.24995658954572,
        171.8749522485003,
        195.31244573693215,
        218.74993922536402,
        230.46868596957995,
        246.0936816285345,
        257.81242837275045,
        265.62492620222775,
        289.0624196906596,
        304.6874153496142,
        320.31241100856874,
        332.0311577527847,
        347.65615341173924,
        359.3749001559552,
        371.0936469001711,
        386.71864255912567,
        417.96863387703485,
        425.7811317065121,
        453.1248741096826,
        460.9373719391599,
        468.7498697686372,
        484.37486542759177
      ],
      "power": [
        2.9861817879861545e-10,
        4.1844889691664084e-11,
        1.7239027873593132e-11,
        2.4927492974598707e-11,
        3.427023908204397e-11,
        3.491575636226784e-11,
        1.1887199778473702e-11,
        1.5403486466903527e-11,
        2.2764082201094724e-11,
        2.0355157807648384e-11,
        1.842739153654259e-11,
        2.615200895645174e-11,
        1.9232345480251468e-11,
        2.8419579538538054e-11,
        3.3191797568888097e-11,
        1.4729871609897753e-11,
        2.3098561162124136e-11,
        3.8829999674453334e-11,
        1.2621628383496002e-11,
        1.676841592694477e-11,
        2.1421547144047607e-11,
        2.6315051028155275e-11,
        2.0516051714033432e-11,
        2.5788910960465853e-11,
        1.1267903093650405e-11,
        2.3823397002187532e-11,
        2.45046465505524e-11,
        3.7144717706499326e-11,
        3.782178178610967e-11,
        2.787975644206204e-11,
        2.758572103321971e-11,
        1.9196522630231785e-11,
        1.5809362057372664e-11,
        2.4364001750415456e-11
      ],
      "confidence": 0.7
    }
  ]
}