{
  "chunk": 781,
  "total_chunks": 3600,
  "patterns_found": 2,
  "start_time": 780.0002166667269,
  "end_time": 780.999216944227,
  "patterns": [
    {
      "type": "spike",
      "count": 5,
      "times": [
        780.4532167925603,
        780.4922168033936,
        780.5282168133936,
        780.6272168408937,
        780.6522168478381
      ],
      "amplitudes": [
        0.0017373133189004409,
        0.0017030763236298666,
        0.0017141888287072941,
        0.0017053346597215918,
        0.0017071505311266287
      ],
      "confidence": 0.8
    },
    {
      "type": "oscillation",
      "frequencies": [
        3.906248915182732,
        23.43749349109639,
        66.40623155810644,
        78.12497830365464,
        89.84372504920283,
        101.56247179475103,
        121.0937163706647,
        128.90621420103017,
        140.62496094657834,
        148.43745877694383,
        160.156205522492,
        179.68745009840566,
        207.03119250468478,
        222.65618816541573,
        230.4686859957812,
        253.9061794868776,
        261.718677317243,
        285.1561708083394,
        296.87491755388766,
        308.59366429943583,
        328.1249088753495,
        343.7499045360804,
        355.46865128162864,
        374.99989585754224,
        382.81239368790773,
        394.5311404334559,
        421.87488283973505,
        429.68738067010054,
        445.31237633083146,
        457.03112307637963,
        468.74986982192786,
        480.46861656747603,
        492.1873633130242
      ],
      "power": [
        3.037121064016952e-10,
        2.6626098723371012e-11,
        2.504512740603515e-11,
        1.4267347332140222e-11,
        1.6741641064715172e-11,
        2.1198682308712833e-11,
        1.85651534284712e-11,
        2.5786864678236592e-11,
        2.6370562056120547e-11,
        2.756231561461077e-11,
        3.4805926955343693e-11,
        1.9333146359297424e-11,
        3.5479592101743674e-11,
        2.3581756928130655e-11,
        2.8819377938717966e-11,
        3.1141923455948985e-11,
        2.1487510197723834e-11,
        3.980788651075084e-11,
        3.090749409660876e-11,
        2.5667817312158034e-11,
        2.5024089718443197e-11,
        1.6685613654808568e-11,
        2.6347666173260532e-11,
        1.5960630280549628e-11,
        2.5697143431501546e-11,
        2.1942188314281287e-11,
        2.4233492536921184e-11,
        4.835553856109519e-11,
        2.5640218135065942e-11,
        1.8343720580781257e-11,
        1.8348941501418947e-11,
        3.154806573341442e-11,
        2.0298000823532387e-11
      ],
      "confidence": 0.7
    }
  ]
}