{
  "chunk": 1497,
  "total_chunks": 3600,
  "patterns_found": 2,
  "start_time": 1496.000415555671,
  "end_time": 1496.999415833171,
  "patterns": [
    {
      "type": "spike",
      "count": 7,
      "times": [
        1496.3644156567823,
        1496.3864156628933,
        1496.4234156731711,
        1496.4804156890045,
        1496.5074156965045,
        1496.6114157253933,
        1496.648415735671
      ],
      "amplitudes": [
        0.00174804651226036,
        0.0017102512579602683,
        0.001708655567266546,
        0.0017052527336551564,
        0.0016784191643275485,
        0.0016861255077415828,
        0.0017169045067607644
      ],
      "confidence": 0.8
    },
    {
      "type": "oscillation",
      "frequencies": [
        3.906248914738643,
        23.43749348843186,
        35.15624023264779,
        50.781235891602364,
        78.12497829477286,
        89.8437250389888,
        105.46872069794337,
        117.1874674421593,
        136.7187120158525,
        156.24995658954572,
        167.96870333376165,
        199.2186946516708,
        214.8436903106254,
        226.5624370548413,
        242.18743271379589,
        253.90617945801182,
        273.437424031705,
        285.15617077592094,
        292.96866860539825,
        304.6874153496142,
        324.21865992330737,
        343.7499044970006,
        351.56240232647787,
        367.1873979854325,
        378.9061447296484,
        402.34363821808023,
        414.06238496229616,
        425.7811317065121,
        441.40612736546666,
        457.0311230244213,
        468.7498697686372,
        484.37486542759177,
        496.0936121718077
      ],
      "power": [
        3.2486182831744824e-10,
        1.9785694820060396e-11,
        2.6408141436879065e-11,
        1.7604810144201873e-11,
        2.3418115028851655e-11,
        1.6752172146628146e-11,
        2.0741377917914753e-11,
        3.4223097133890676e-11,
        1.7855560473038348e-11,
        3.732434801923004e-11,
        3.5858052017735295e-11,
        3.2729143518675134e-11,
        2.1496806974497878e-11,
        3.4021741739576886e-11,
        1.9300848800652577e-11,
        3.362423799649049e-11,
        1.5061774226972968e-11,
        2.2906305238413025e-11,
        2.628277091838146e-11,
        2.7343765279616378e-11,
        2.3735080333144375e-11,
        2.4756198917731757e-11,
        2.6790821658018217e-11,
        1.8239104039929452e-11,
        1.9374908324510282e-11,
        2.547907856768963e-11,
        3.089934681546477e-11,
        2.1077768400965844e-11,
        3.21431986921428e-11,
        3.1419732264534725e-11,
        2.5609180135216472e-11,
        1.4056717731613571e-11,
        2.3476645201898184e-11
      ],
      "confidence": 0.7
    }
  ]
}