{
  "chunk": 3517,
  "total_chunks": 3600,
  "patterns_found": 2,
  "start_time": 3516.000976666938,
  "end_time": 3516.999976944438,
  "patterns": [
    {
      "type": "spike",
      "count": 9,
      "times": [
        3516.446976790827,
        3516.456976793605,
        3516.4679767966604,
        3516.474976798605,
        3516.505976807216,
        3516.531976814438,
        3516.536976815827,
        3516.541976817216,
        3516.5619768227716
      ],
      "amplitudes": [
        0.0017079704655373696,
        0.0017090757116029875,
        0.0016989202668636376,
        0.0017303274808531208,
        0.001702436108292426,
        0.001693561359213233,
        0.0017258242374763766,
        0.001779560636245256,
        0.0016932906806919527
      ],
      "confidence": 0.8
    },
    {
      "type": "oscillation",
      "frequencies": [
        3.906248915626821,
        19.531244578134107,
        31.24999132501457,
        42.96873807189503,
        50.781235903148676,
        58.59373373440232,
        78.12497831253643,
        89.84372505941688,
        101.56247180629735,
        113.28121855317781,
        124.99996530005828,
        140.62496096256555,
        152.34370770944602,
        171.87495228758013,
        183.5936990344606,
        199.21869469696787,
        214.84369035947518,
        234.37493493760928,
        249.99993060011656,
        273.4374240938775,
        285.15617084075797,
        304.68741541889204,
        328.124908912653,
        335.93740674390665,
        371.093646984548,
        390.62489156268214,
        398.43738939393575,
        414.062385056443,
        425.7811318033235,
        445.3123763814576,
        460.9373720439649,
        476.5623677064722,
        488.28111445335264,
        496.0936122846063
      ],
      "power": [
        3.1511981572213756e-10,
        3.410876189681369e-11,
        1.3265330873875568e-11,
        2.1684138683659394e-11,
        1.3288172681144806e-11,
        2.415403774842078e-11,
        3.0788432928559426e-11,
        1.9022236479504963e-11,
        1.5508070815323884e-11,
        2.3323166920947153e-11,
        2.3248463784227784e-11,
        2.4337222731740513e-11,
        3.3602870800998015e-11,
        2.720618744102761e-11,
        1.0672763734509708e-11,
        2.683152067564611e-11,
        1.4817874341291662e-11,
        4.6222021614677745e-11,
        2.947815467215358e-11,
        2.450147143243921e-11,
        2.399122321167791e-11,
        4.1260754695722366e-11,
        1.7081233598342917e-11,
        2.2360735098775167e-11,
        3.5209179853004944e-11,
        2.4704252368759177e-11,
        2.3456298848004246e-11,
        2.3640792193934915e-11,
        2.991077015371248e-11,
        2.971704675786123e-11,
        2.1893290249516948e-11,
        2.1156907399548226e-11,
        2.430692266743861e-11,
        1.5878366371116338e-11
      ],
      "confidence": 0.7
    }
  ]
}