{
  "chunk": 2206,
  "total_chunks": 3600,
  "patterns_found": 2,
  "start_time": 2205.00061250017,
  "end_time": 2205.9996127776703,
  "patterns": [
    {
      "type": "spike",
      "count": 18,
      "times": [
        2205.0086125023927,
        2205.015612504337,
        2205.01861250517,
        2205.024612506837,
        2205.028612507948,
        2205.0396125110037,
        2205.042612511837,
        2205.050612514059,
        2205.0666125185035,
        2205.9136127537813,
        2205.93661276017,
        2205.946612762948,
        2205.9636127676704,
        2205.9806127723928,
        2205.9856127737817,
        2205.993612776004,
        2205.995612776559,
        2205.9976127771147
      ],
      "amplitudes": [
        0.0012019444426842082,
        0.0010638249977562844,
        0.0011881803064506093,
        0.0010614043761424628,
        0.0010768432255326584,
        0.001176305418330279,
        0.0010823673802109297,
        0.0011565988326842141,
        0.0010686138354968166,
        0.0010617891376123304,
        0.0010638500879429805,
        0.0010652494054108404,
        0.0010682210592585606,
        0.0012047588388813296,
        0.0011096238189067863,
        0.0010602508222610687,
        0.0010892682244897456,
        0.001050978611042627
      ],
      "confidence": 0.8
    },
    {
      "type": "oscillation",
      "frequencies": [
        3.9062489138504652,
        23.43749348310279,
        35.156240224654184,
        50.781235880056045,
        58.59373370775698,
        74.21872936315884,
        85.93747610471024,
        93.74997393241117,
        113.28121850166349,
        132.8124630709158,
        156.2499565540186,
        183.59369895097186,
        199.21869460637373,
        230.46868591717745,
        246.0936815725793,
        253.90617940028025,
        273.4374239695326,
        300.7811663664858,
        308.5936641941868,
        320.31241093573817,
        328.12490876343907,
        347.6561533326914,
        355.4686511603923,
        374.99989572964466,
        386.71864247119606,
        394.531140298897,
        406.24988704044836,
        417.96863378199976,
        429.68738052355116,
        437.4998783512521,
        457.03112292050446,
        468.74986966205586,
        484.3748653174577,
        496.0936120590091
      ],
      "power": [
        2.817849380527402e-10,
        2.5744095941050814e-11,
        2.3513588521437492e-11,
        2.3186105885801465e-11,
        1.9504347971466637e-11,
        3.772737766075584e-11,
        1.9591398786111266e-11,
        2.4830610419490207e-11,
        1.8781231998731107e-11,
        2.1895009003178313e-11,
        2.344662921294778e-11,
        3.187287998685295e-11,
        4.154393329724172e-11,
        3.4160351873418494e-11,
        1.9220996649589603e-11,
        3.189557956384865e-11,
        4.216040209129181e-11,
        4.394684453942829e-11,
        2.2830350248858456e-11,
        1.3332581715296505e-11,
        2.147243800913394e-11,
        4.863265807731199e-11,
        3.0025906654533305e-11,
        1.7874821191366118e-11,
        1.959497391522613e-11,
        2.3626799728325114e-11,
        1.4449499895657366e-11,
        2.15562830977567e-11,
        2.1316479717680786e-11,
        2.516504755122015e-11,
        4.0869321389281464e-11,
        1.6180233541462246e-11,
        3.5741396905469285e-11,
        2.497806806915323e-11
      ],
      "confidence": 0.7
    }
  ]
}