{
  "chunk": 1850,
  "total_chunks": 3600,
  "patterns_found": 2,
  "start_time": 1849.0005136112538,
  "end_time": 1849.9995138887539,
  "patterns": [
    {
      "type": "spike",
      "count": 22,
      "times": [
        1849.0025136118095,
        1849.0065136129206,
        1849.013513614865,
        1849.0205136168095,
        1849.0245136179205,
        1849.0285136190316,
        1849.0315136198649,
        1849.0385136218094,
        1849.0485136245873,
        1849.0645136290316,
        1849.0775136326429,
        1849.940513872365,
        1849.9595138776428,
        1849.9615138781985,
        1849.9695138804207,
        1849.9775138826428,
        1849.980513883476,
        1849.9835138843096,
        1849.9875138854206,
        1849.990513886254,
        1849.9955138876428,
        1849.9975138881985
      ],
      "amplitudes": [
        0.0010968261600728475,
        0.001119755670099513,
        0.0011669688210100902,
        0.0010788096690186025,
        0.0011016501433002506,
        0.0011076960067184648,
        0.0010363234492633973,
        0.0011196759939502655,
        0.0010895322271197955,
        0.0010695824911302414,
        0.0011101749977018888,
        0.0010959080574572655,
        0.0010526724522503413,
        0.0010585850720777302,
        0.0010450665094326578,
        0.0010897071862462154,
        0.0010688724525667291,
        0.0011514722936325761,
        0.0011108109486759467,
        0.0012348002985548313,
        0.0010465386265982282,
        0.0011343308846273191
      ],
      "confidence": 0.8
    },
    {
      "type": "oscillation",
      "frequencies": [
        3.906248914738643,
        42.96873806212508,
        50.781235891602364,
        74.21872938003422,
        82.03122720951151,
        97.65622286846607,
        117.1874674421593,
        144.5312098453298,
        171.8749522485003,
        191.40619682219352,
        203.12494356640946,
        226.5624370548413,
        242.18743271379589,
        265.62492620222775,
        273.437424031705,
        289.0624196906596,
        304.6874153496142,
        312.49991317909144,
        332.0311577527847,
        343.7499044970006,
        351.56240232647787,
        367.1873979854325,
        378.9061447296484,
        394.531140388603,
        417.96863387703485,
        429.6873806212508,
        441.40612736546666,
        453.1248741096826,
        464.8436208538985,
        472.65611868337584,
        488.2811143423304
      ],
      "power": [
        3.330698017917248e-10,
        2.986309552561003e-11,
        3.308891256397148e-11,
        2.5109052469637247e-11,
        2.238292172766974e-11,
        1.860309456786565e-11,
        1.487265419381826e-11,
        4.4074346912226254e-11,
        2.697559971038706e-11,
        3.561200261870007e-11,
        2.5636824807525645e-11,
        3.789005776141214e-11,
        1.4731269415740578e-11,
        2.603248609629813e-11,
        1.9746227346135665e-11,
        2.1475294184578213e-11,
        2.4214541404547717e-11,
        2.7438938979747917e-11,
        2.712560664184534e-11,
        1.0545023198168008e-11,
        1.06081147010596e-11,
        2.0728280440256342e-11,
        9.45360653131185e-12,
        2.7863443851600647e-11,
        2.3695824844384253e-11,
        1.5654172112373294e-11,
        2.8754672620387295e-11,
        2.6971914913288762e-11,
        2.9747621810528547e-11,
        2.513667339331964e-11,
        3.797948201504158e-11
      ],
      "confidence": 0.7
    }
  ]
}