{
  "chunk": 2139,
  "total_chunks": 3600,
  "patterns_found": 2,
  "start_time": 2138.000593889054,
  "end_time": 2138.999594166554,
  "patterns": [
    {
      "type": "spike",
      "count": 7,
      "times": [
        2138.3405939834984,
        2138.3455939848873,
        2138.419594005443,
        2138.437594010443,
        2138.4625940173873,
        2138.5015940282206,
        2138.531594036554
      ],
      "amplitudes": [
        0.0017199733905268794,
        0.0017090946284719606,
        0.0017605381424959149,
        0.001792616916967943,
        0.0017675252188145054,
        0.001711777476491545,
        0.0017243767484307632
      ],
      "confidence": 0.8
    },
    {
      "type": "oscillation",
      "frequencies": [
        3.906248915626821,
        19.531244578134107,
        50.781235903148676,
        66.40623156565596,
        85.93747614379006,
        101.56247180629735,
        113.28121855317781,
        128.9062142156851,
        136.71871204693875,
        148.43745879381922,
        175.78120120320696,
        187.4999479500874,
        199.21869469696787,
        226.56243710635562,
        234.37493493760928,
        253.9061795157434,
        261.718677346997,
        277.3436730095043,
        289.06241975638477,
        316.4061621657725,
        335.93740674390665,
        351.5624024064139,
        367.1873980689212,
        382.8123937314285,
        406.2498872251894,
        414.062385056443,
        421.8748828876967,
        441.4061274658308,
        457.0311231283381,
        472.65611879084537,
        488.28111445335264
      ],
      "power": [
        3.288773292457407e-10,
        2.8069448119741855e-11,
        4.09999242882955e-11,
        1.9108465932402092e-11,
        4.86494895860776e-11,
        3.280273200066514e-11,
        4.384197192428506e-11,
        2.7485853314143813e-11,
        2.3964696369095337e-11,
        3.182673812562607e-11,
        2.4504542455026863e-11,
        5.968803444156564e-11,
        2.916546935676781e-11,
        2.433918875162153e-11,
        2.707513910333831e-11,
        3.296649763495786e-11,
        3.914371327548353e-11,
        4.486254351844087e-11,
        2.731114850766941e-11,
        3.119885950187894e-11,
        2.6685247123560692e-11,
        4.2004698527776097e-11,
        2.5302940790775502e-11,
        3.258893335178664e-11,
        3.4517960478068834e-11,
        1.559515049484124e-11,
        1.2016116888732033e-11,
        2.9605940026268514e-11,
        1.2112074704876958e-11,
        2.6658624265541235e-11,
        3.1650242831884904e-11
      ],
      "confidence": 0.7
    }
  ]
}