{
  "chunk": 3354,
  "total_chunks": 3600,
  "patterns_found": 2,
  "start_time": 3353.000931389148,
  "end_time": 3353.999931666648,
  "patterns": [
    {
      "type": "spike",
      "count": 22,
      "times": [
        3353.00893139137,
        3353.0129313924813,
        3353.0149313930365,
        3353.01793139387,
        3353.0249313958143,
        3353.02693139637,
        3353.034931398592,
        3353.0419314005367,
        3353.049931402759,
        3353.0609314058142,
        3353.1789314385924,
        3353.874931631926,
        3353.9169316435923,
        3353.9439316510925,
        3353.9459316516477,
        3353.9489316524814,
        3353.954931654148,
        3353.972931659148,
        3353.976931660259,
        3353.9799316610925,
        3353.9849316624814,
        3353.9869316630366
      ],
      "amplitudes": [
        0.001120870061976706,
        0.0011289139518626862,
        0.0010964329085614653,
        0.0011266628066058473,
        0.0010656702430387388,
        0.0011275381013876194,
        0.0011092369575237166,
        0.0010837885915264004,
        0.0010523742812872893,
        0.0011112233030143332,
        0.001078471806679663,
        0.0010695421369426494,
        0.0011079274335230802,
        0.001059943091192429,
        0.0010908948821064213,
        0.0010919615495059577,
        0.001052837580730525,
        0.0011214682787764403,
        0.0010633776747138346,
        0.0010682539816697847,
        0.0012061365152175338,
        0.0010571989567333135
      ],
      "confidence": 0.8
    },
    {
      "type": "oscillation",
      "frequencies": [
        3.906248915626821,
        15.624995662507285,
        23.437493493760925,
        42.96873807189503,
        66.40623156565596,
        82.03122722816325,
        93.7499739750437,
        105.46872072192417,
        124.99996530005828,
        152.34370770944602,
        164.0624544563265,
        175.78120120320696,
        187.4999479500874,
        207.0311925282215,
        222.6561881907288,
        238.2811838532361,
        246.09368168448972,
        257.8124284313702,
        273.4374240938775,
        281.2499219251311,
        292.9686686720116,
        300.78116650326524,
        308.59366433451885,
        328.124908912653,
        339.84365565953345,
        355.4686513220407,
        378.90614481580167,
        398.43738939393575,
        410.1561361408162,
        425.7811318033235,
        433.59362963457716,
        445.3123763814576,
        460.9373720439649,
        468.74986987521856,
        484.37486553772584,
        492.18736336897945
      ],
      "power": [
        3.083770476323851e-10,
        1.6722069407303482e-11,
        2.951468512804905e-11,
        4.2484093493352046e-11,
        2.8170513957118367e-11,
        1.7457505589078106e-11,
        3.3467314055677064e-11,
        2.8365559705095456e-11,
        4.9121533541272723e-11,
        2.9256235595645103e-11,
        4.563001123353036e-11,
        3.138608139665556e-11,
        3.6545931298142074e-11,
        2.7042802677336683e-11,
        4.634298084333468e-11,
        2.3147907960680813e-11,
        1.7392159284568367e-11,
        2.396828418243945e-11,
        2.1832572331491666e-11,
        1.3819274387345927e-11,
        2.0592365683918238e-11,
        2.431015840617524e-11,
        2.425986301856219e-11,
        2.8387484852805207e-11,
        2.729298547470226e-11,
        2.9427151799016843e-11,
        4.575227767866745e-11,
        3.7380813750421356e-11,
        1.357286891844869e-11,
        1.3274476009222799e-11,
        2.6885089133928272e-11,
        3.120836067729291e-11,
        3.306750381191617e-11,
        3.586111409804877e-11,
        3.354480468699924e-11,
        2.929658905651205e-11
      ],
      "confidence": 0.7
    }
  ]
}