{
  "chunk": 793,
  "total_chunks": 3600,
  "patterns_found": 2,
  "start_time": 792.0002200000612,
  "end_time": 792.9992202775612,
  "patterns": [
    {
      "type": "spike",
      "count": 5,
      "times": [
        792.4552201264501,
        792.4772201325612,
        792.5082201411723,
        792.5302201472834,
        792.5892201636723
      ],
      "amplitudes": [
        0.0017375369501992873,
        0.0016841566465325426,
        0.0017722765352779731,
        0.001685165972680904,
        0.0017732405280200757
      ],
      "confidence": 0.8
    },
    {
      "type": "oscillation",
      "frequencies": [
        3.906248915182732,
        15.624995660730928,
        27.343742406279123,
        39.06248915182732,
        50.78123589737552,
        62.49998264292371,
        70.31248047328917,
        93.74997396438556,
        117.18746745548196,
        128.90621420103017,
        140.62496094657834,
        160.156205522492,
        171.8749522680402,
        191.40619684395386,
        203.12494358950207,
        222.65618816541573,
        238.28118382614664,
        249.99993057169485,
        261.718677317243,
        273.43742406279125,
        289.06241972352217,
        296.87491755388766,
        308.59366429943583,
        320.312411044984,
        328.1249088753495,
        339.84365562089766,
        359.3749001968113,
        374.99989585754224,
        386.7186426030905,
        394.5311404334559,
        410.1561360941869,
        417.9686339245523,
        437.49987850046597,
        453.1248741611969,
        468.74986982192786,
        484.3748654826588,
        492.1873633130242
      ],
      "power": [
        2.777211103921153e-10,
        1.5230221222711646e-11,
        2.3464994021296876e-11,
        2.3701905707374475e-11,
        2.047316443305707e-11,
        1.5376214284146626e-11,
        1.863102664932986e-11,
        2.096362758699329e-11,
        1.8766242336016606e-11,
        2.384913904421607e-11,
        2.7823893327891066e-11,
        2.2918885850665003e-11,
        3.0824397177600545e-11,
        2.2858712549990472e-11,
        1.7238444288425075e-11,
        3.496056017754894e-11,
        2.598228014288611e-11,
        2.1934118615375166e-11,
        3.497056146322603e-11,
        2.1356677695408378e-11,
        2.991315889550417e-11,
        2.403714996690109e-11,
        2.73747497473385e-11,
        2.5924622930200512e-11,
        3.1314323591464673e-11,
        2.5915747161854718e-11,
        2.8271167145729922e-11,
        3.1844769642183417e-11,
        1.807038735588535e-11,
        2.1798267075170474e-11,
        1.8363645479810737e-11,
        2.3457929598713275e-11,
        4.969721021736254e-11,
        3.301963331639537e-11,
        3.943636184230167e-11,
        4.361426997587089e-11,
        4.690432156175129e-11
      ],
      "confidence": 0.7
    }
  ]
}