{
  "chunk": 419,
  "total_chunks": 3600,
  "patterns_found": 2,
  "start_time": 418.00011611114337,
  "end_time": 418.9991163886435,
  "patterns": [
    {
      "type": "spike",
      "count": 14,
      "times": [
        418.3821162172545,
        418.3911162197545,
        418.41211622558785,
        418.48111624475456,
        418.4861162461434,
        418.506116251699,
        418.5251162569768,
        418.5641162678101,
        418.57511627086564,
        418.5861162739212,
        418.58911627475453,
        418.59111627531007,
        418.6131162814212,
        418.623116284199
      ],
      "amplitudes": [
        0.0017104862759471807,
        0.001703322792850437,
        0.0017015383334878186,
        0.001689551808460818,
        0.0017093751580438857,
        0.0018145481679694188,
        0.00170470313590789,
        0.001713682821557175,
        0.0016730426092932467,
        0.0016851958363697608,
        0.0017077485049886373,
        0.001756065709174518,
        0.0016852155007380247,
        0.0017210033211827803
      ],
      "confidence": 0.8
    },
    {
      "type": "oscillation",
      "frequencies": [
        3.906248914960688,
        15.624995659842751,
        23.437493489764126,
        39.062489149606876,
        54.68748480944963,
        70.31248046929238,
        78.12497829921375,
        85.93747612913513,
        93.7499739590565,
        101.56247178897789,
        109.37496961889926,
        124.99996527874201,
        140.62496093858476,
        148.43745876850613,
        160.1562055133882,
        179.68745008819164,
        191.4061968330737,
        199.2186946629951,
        210.93744140787715,
        226.56243706771988,
        238.28118381260197,
        253.9061794724447,
        265.6249262173268,
        277.3436729622088,
        289.0624197070909,
        316.4061621118157,
        332.03115777165846,
        347.6561534315012,
        359.3749001763833,
        374.999895836226,
        390.62489149606876,
        410.1561360708722,
        417.9686339007936,
        425.78113173071495,
        449.2186252204791,
        460.93737196536114,
        488.28111437008596,
        496.0936122000073
      ],
      "power": [
        3.060185374973497e-10,
        2.11954640294546e-11,
        1.725170379378294e-11,
        2.878169039736055e-11,
        4.2185105465951786e-11,
        1.0088421650518958e-11,
        1.1991109528394468e-11,
        2.4230655475498458e-11,
        2.278662725947744e-11,
        2.1385150973844858e-11,
        2.395812476824384e-11,
        1.4855341485694987e-11,
        1.5864818706337302e-11,
        2.4237903298862733e-11,
        3.524817998072588e-11,
        4.474319927777529e-11,
        2.249779017450439e-11,
        2.8667271416663077e-11,
        1.9238726523833165e-11,
        1.0031118733141682e-11,
        2.3363914151278133e-11,
        1.703192941607014e-11,
        2.766694797912035e-11,
        1.9086748232700455e-11,
        2.4105882358304536e-11,
        1.9075173823886937e-11,
        3.761270967363711e-11,
        3.8463891190371016e-11,
        3.802956042909411e-11,
        2.1027100898023395e-11,
        1.16837488939549e-11,
        2.778029845604287e-11,
        2.9468357484850486e-11,
        2.7636390505131352e-11,
        3.8620358305509024e-11,
        3.8429644653550385e-11,
        2.512234439373873e-11,
        2.6049463180047157e-11
      ],
      "confidence": 0.7
    }
  ]
}