{
  "chunk": 3039,
  "total_chunks": 3600,
  "patterns_found": 2,
  "start_time": 3038.0008438891236,
  "end_time": 3038.9998441666235,
  "patterns": [
    {
      "type": "spike",
      "count": 9,
      "times": [
        3038.3188439774567,
        3038.368843991346,
        3038.394843998568,
        3038.426844007457,
        3038.4418440116233,
        3038.475844021068,
        3038.5498440416236,
        3038.5548440430125,
        3038.604844056901
      ],
      "amplitudes": [
        0.0017021844526186316,
        0.0016950471185274603,
        0.001744929218838485,
        0.0017152799734212795,
        0.0017119439768964063,
        0.0017367754639718777,
        0.0017130844720149698,
        0.0017549823328032682,
        0.0016906109135971033
      ],
      "confidence": 0.8
    },
    {
      "type": "oscillation",
      "frequencies": [
        3.906248915626821,
        27.343742409387747,
        35.15624024064139,
        46.87498698752185,
        58.59373373440232,
        82.03122722816325,
        97.65622289067053,
        117.18746746880464,
        128.9062142156851,
        148.43745879381922,
        160.15620554069966,
        171.87495228758013,
        187.4999479500874,
        195.31244578134107,
        203.1249436125947,
        226.56243710635562,
        238.2811838532361,
        261.718677346997,
        273.4374240938775,
        292.9686686720116,
        312.4999132501457,
        328.124908912653,
        347.65615349078706,
        359.37490023766753,
        371.093646984548,
        378.90614481580167,
        402.3436383095626,
        417.9686339720699,
        425.7811318033235,
        433.59362963457716,
        449.21862529708443,
        468.74986987521856,
        488.28111445335264
      ],
      "power": [
        3.1454869282629797e-10,
        4.7349777685079446e-11,
        2.5679431166113402e-11,
        1.2228285305483435e-11,
        2.6768851400297712e-11,
        2.554301155071507e-11,
        3.1141957412883416e-11,
        3.880868892557219e-11,
        1.8583627524890914e-11,
        4.800779934433807e-11,
        1.8054201930528006e-11,
        2.1061411919735e-11,
        2.435583292346107e-11,
        3.291166412204489e-11,
        4.4138968333766855e-11,
        3.140993297507604e-11,
        2.081501309477839e-11,
        3.986249181433864e-11,
        2.618732156466182e-11,
        2.150496681916251e-11,
        3.9476544024718616e-11,
        2.101078972407982e-11,
        1.7067581739617737e-11,
        2.502019647915508e-11,
        1.3503456024354541e-11,
        1.520543580725439e-11,
        3.1939114595752177e-11,
        3.329219081580205e-11,
        2.7800107909235133e-11,
        2.2389525707920132e-11,
        2.4757278949117248e-11,
        3.163987896445118e-11,
        2.931804678644825e-11
      ],
      "confidence": 0.7
    }
  ]
}