{
  "chunk": 3319,
  "total_chunks": 3600,
  "patterns_found": 2,
  "start_time": 3318.0009216669227,
  "end_time": 3318.999921944423,
  "patterns": [
    {
      "type": "spike",
      "count": 3,
      "times": [
        3318.475921798867,
        3318.532921814701,
        3318.6609218502563
      ],
      "amplitudes": [
        0.0018372797392989136,
        0.0017341743126643209,
        0.0017292783477909556
      ],
      "confidence": 0.8
    },
    {
      "type": "oscillation",
      "frequencies": [
        3.9062489138504652,
        15.624995655401861,
        31.249991310803722,
        54.68748479390651,
        70.31248044930837,
        85.93747610471024,
        97.65622284626163,
        105.46872067396257,
        113.28121850166349,
        124.99996524321489,
        136.7187119847663,
        152.34370764016813,
        167.96870329557,
        175.78120112327093,
        187.49994786482233,
        207.03119243407465,
        214.84369026177558,
        222.65618808947653,
        246.0936815725793,
        257.8124283141307,
        273.4374239695326,
        281.24992179723347,
        296.8749174526354,
        316.40616202188767,
        328.12490876343907,
        355.4686511603923,
        363.28114898809326,
        374.99989572964466,
        382.8123935573456,
        394.531140298897,
        406.24988704044836,
        414.0623848681493,
        425.7811316097007,
        445.31237617895306,
        457.03112292050446,
        468.74986966205586,
        476.56236748975675,
        484.3748653174577,
        492.1873631451586
      ],
      "power": [
        2.9629413103526706e-10,
        1.5876400374040256e-11,
        3.378678484668152e-11,
        1.5229944946215162e-11,
        3.927165319197937e-11,
        3.15130207692026e-11,
        2.6996844481302262e-11,
        2.920833679078197e-11,
        2.5943132611016455e-11,
        1.707889269169825e-11,
        3.377184206131314e-11,
        2.17074240779111e-11,
        1.474627591953556e-11,
        1.647761294065865e-11,
        1.4753488653463534e-11,
        3.059461198059526e-11,
        2.653033422307069e-11,
        2.3561503584175656e-11,
        2.944587587901667e-11,
        2.4064435195027242e-11,
        1.8332343485769723e-11,
        2.4601139576627255e-11,
        2.6712079258820648e-11,
        2.8000293128874948e-11,
        2.616051897992349e-11,
        3.6003153355213045e-11,
        2.9033451511186682e-11,
        2.431494925782626e-11,
        1.6580460557293253e-11,
        2.312012660029288e-11,
        2.5992270411429117e-11,
        2.3451688764930214e-11,
        2.6095393826452324e-11,
        2.9325403398755655e-11,
        2.502040191652128e-11,
        2.415393201515515e-11,
        2.575594568602404e-11,
        1.7199541944862783e-11,
        1.5488170244716857e-11
      ],
      "confidence": 0.7
    }
  ]
}