{
  "chunk": 1747,
  "total_chunks": 3600,
  "patterns_found": 2,
  "start_time": 1746.0004850001349,
  "end_time": 1746.999485277635,
  "patterns": [
    {
      "type": "spike",
      "count": 10,
      "times": [
        1746.350485097357,
        1746.4304851195793,
        1746.4574851270793,
        1746.499485138746,
        1746.543485150968,
        1746.5644851568015,
        1746.5684851579126,
        1746.5944851651348,
        1746.6044851679126,
        1746.6114851698571
      ],
      "amplitudes": [
        0.0016919884859779156,
        0.0017007296665285383,
        0.0017002525704383278,
        0.0017369210796672426,
        0.0017013882741058804,
        0.0017217907957499776,
        0.0017628877140039546,
        0.0016834744045102978,
        0.0016908868008725128,
        0.001696994806462729
      ],
      "confidence": 0.8
    },
    {
      "type": "oscillation",
      "frequencies": [
        3.906248914738643,
        19.531244573693215,
        35.15624023264779,
        46.87498697686372,
        54.687484806341004,
        78.12497829477286,
        85.93747612425015,
        101.56247178320473,
        109.37496961268201,
        128.90621418637522,
        136.7187120158525,
        152.3437076748071,
        160.15620550428437,
        179.6874500779776,
        191.40619682219352,
        207.03119248114808,
        226.5624370548413,
        246.0936816285345,
        261.7186772874891,
        277.3436729464437,
        292.96866860539825,
        308.5936642643528,
        324.21865992330737,
        359.3749001559552,
        382.81239364438704,
        406.2498871328189,
        414.06238496229616,
        425.7811317065121,
        453.1248741096826,
        464.8436208538985,
        476.56236759811446,
        488.2811143423304,
        496.0936121718077
      ],
      "power": [
        3.246250710894717e-10,
        2.6105908586426355e-11,
        2.538622776162178e-11,
        2.100489540008864e-11,
        2.6073243357918093e-11,
        2.910972862228814e-11,
        3.1271628350646374e-11,
        9.620517818301688e-12,
        1.4104928771737977e-11,
        3.0680768163868384e-11,
        2.84395811255247e-11,
        2.457153639209087e-11,
        1.8234510781891996e-11,
        2.3478197818008145e-11,
        1.566595828213042e-11,
        2.7786810056308283e-11,
        3.4849253244652014e-11,
        3.0540362402534534e-11,
        1.5576921905714438e-11,
        3.403622076999712e-11,
        2.5377561547519783e-11,
        2.9774385477940876e-11,
        2.5483683381793776e-11,
        4.8542957821363267e-11,
        3.13909231752078e-11,
        2.5340962439219395e-11,
        3.896832159627477e-11,
        1.746016783792983e-11,
        2.0361625971718042e-11,
        2.1398715045968278e-11,
        2.872435013452271e-11,
        1.9780159041876135e-11,
        1.8283956230813356e-11
      ],
      "confidence": 0.7
    }
  ]
}