{
  "chunk": 387,
  "total_chunks": 3600,
  "patterns_found": 2,
  "start_time": 386.00010722225204,
  "end_time": 386.9991074997521,
  "patterns": [
    {
      "type": "spike",
      "count": 7,
      "times": [
        386.4381073439187,
        386.47310735364096,
        386.52610736836317,
        386.5391073719743,
        386.5691073803076,
        386.60510739030764,
        386.69510741530763
      ],
      "amplitudes": [
        0.0016995715078037153,
        0.0017275926761238,
        0.0016963057803243572,
        0.0017388622330911873,
        0.0016962599969462958,
        0.0016990195370058712,
        0.0017120001819598725
      ],
      "confidence": 0.8
    },
    {
      "type": "oscillation",
      "frequencies": [
        3.906248914960688,
        15.624995659842751,
        31.249991319685503,
        39.062489149606876,
        58.59373372441032,
        70.31248046929238,
        97.65622287401719,
        117.18746744882064,
        136.71871202362408,
        144.53120985354545,
        160.1562055133882,
        179.68745008819164,
        191.4061968330737,
        207.03119249291646,
        230.46868598268057,
        238.28118381260197,
        246.09368164252334,
        261.7186773023661,
        269.53117513228744,
        277.3436729622088,
        300.781166451973,
        308.59366428189435,
        316.4061621118157,
        324.2186599417371,
        339.8436556015798,
        351.5624023464619,
        367.18739800630465,
        378.90614475118673,
        386.7186425811081,
        406.24988715591155,
        429.68738064567566,
        445.3123763055184,
        460.93737196536114,
        468.74986979528256,
        476.56236762520393,
        488.28111437008596,
        496.0936122000073
      ],
      "power": [
        3.977415167389479e-10,
        1.5289980559953968e-11,
        3.719694401852492e-11,
        2.4427442746450092e-11,
        2.0884532195494902e-11,
        2.1814270349869152e-11,
        1.2205467594578624e-11,
        3.133013271494805e-11,
        2.311714391875942e-11,
        2.4423717757352777e-11,
        3.7484994187009726e-11,
        1.3539162431882606e-11,
        2.4706987156886074e-11,
        3.4488192248225895e-11,
        2.725950295184304e-11,
        3.3558664077758787e-11,
        3.91811162516733e-11,
        1.4024822036102201e-11,
        2.3131308148292563e-11,
        2.1877468781131308e-11,
        3.454971407107482e-11,
        2.9926086802187586e-11,
        2.4219214936205515e-11,
        2.5019338828458203e-11,
        3.360407461061835e-11,
        3.716459512383754e-11,
        2.3939055704269975e-11,
        1.1410842361253565e-11,
        1.4158236576684581e-11,
        2.829829966129493e-11,
        3.032964754343993e-11,
        2.5658851180875705e-11,
        1.6117049648381198e-11,
        2.8983992564110443e-11,
        3.2396185888918085e-11,
        1.9420605186246978e-11,
        2.662782560151104e-11
      ],
      "confidence": 0.7
    }
  ]
}