{
  "chunk": 1513,
  "total_chunks": 3600,
  "patterns_found": 2,
  "start_time": 1512.0004200001167,
  "end_time": 1512.9994202776168,
  "patterns": [
    {
      "type": "spike",
      "count": 6,
      "times": [
        1512.3534200981724,
        1512.368420102339,
        1512.431420119839,
        1512.449420124839,
        1512.4934201370613,
        1512.5334201481724
      ],
      "amplitudes": [
        0.0017345127591237668,
        0.0017296158971046418,
        0.0017236106614834676,
        0.001833542919085851,
        0.001754809667497512,
        0.001723663823160204
      ],
      "confidence": 0.8
    },
    {
      "type": "oscillation",
      "frequencies": [
        3.906248914738643,
        23.43749348843186,
        35.15624023264779,
        50.781235891602364,
        62.49998263581829,
        74.21872938003422,
        82.03122720951151,
        97.65622286846607,
        109.37496961268201,
        136.7187120158525,
        160.15620550428437,
        179.6874500779776,
        191.40619682219352,
        203.12494356640946,
        230.46868596957995,
        242.18743271379589,
        261.7186772874891,
        277.3436729464437,
        289.0624196906596,
        300.7811664348755,
        308.5936642643528,
        328.12490883804605,
        335.9374066675233,
        351.56240232647787,
        367.1873979854325,
        382.81239364438704,
        398.4373893033416,
        414.06238496229616,
        429.6873806212508,
        460.9373719391599,
        472.65611868337584,
        496.0936121718077
      ],
      "power": [
        3.7866747540778605e-10,
        2.199339763663755e-11,
        2.5701039680639746e-11,
        3.194115221818174e-11,
        2.5831033584388855e-11,
        3.4583770581583163e-11,
        3.3759186530577346e-11,
        2.3269315193489264e-11,
        1.3717706190447458e-11,
        3.146268422421867e-11,
        3.4717850749800287e-11,
        2.6220152837579108e-11,
        1.4065852218679108e-11,
        1.8780661724784376e-11,
        2.164723203546396e-11,
        2.693444708611654e-11,
        2.4457163178030716e-11,
        2.58184743360694e-11,
        3.2273008508094993e-11,
        1.9450428827504492e-11,
        3.070913518445021e-11,
        1.806821192985582e-11,
        1.9591215352001107e-11,
        2.1510081433779846e-11,
        2.5974351054277992e-11,
        2.9649425275471785e-11,
        2.873786836108678e-11,
        2.3213254325500887e-11,
        3.977157760627756e-11,
        2.9454381825087194e-11,
        2.3796051466289698e-11,
        3.5389323641099855e-11
      ],
      "confidence": 0.7
    }
  ]
}