{
  "chunk": 1255,
  "total_chunks": 3600,
  "patterns_found": 2,
  "start_time": 1254.00034833343,
  "end_time": 1254.9993486109302,
  "patterns": [
    {
      "type": "spike",
      "count": 3,
      "times": [
        1254.4683484634302,
        1254.496348471208,
        1254.7003485278747
      ],
      "amplitudes": [
        0.0017216510781226262,
        0.001701584995937198,
        0.0017547556072365807
      ],
      "confidence": 0.8
    },
    {
      "type": "oscillation",
      "frequencies": [
        3.906248914738643,
        19.531244573693215,
        31.249991317909146,
        46.87498697686372,
        70.31248046529558,
        89.8437250389888,
        97.65622286846607,
        117.1874674421593,
        124.99996527163658,
        144.5312098453298,
        160.15620550428437,
        171.8749522485003,
        183.59369899271624,
        195.31244573693215,
        203.12494356640946,
        210.93744139588674,
        230.46868596957995,
        238.28118379905723,
        253.90617945801182,
        273.437424031705,
        285.15617077592094,
        300.7811664348755,
        312.49991317909144,
        332.0311577527847,
        351.56240232647787,
        363.2811490706938,
        382.81239364438704,
        398.4373893033416,
        414.06238496229616,
        425.7811317065121,
        433.5936295359894,
        445.31237628020534,
        453.1248741096826,
        464.8436208538985,
        476.56236759811446,
        492.187363257069
      ],
      "power": [
        3.6280485736604803e-10,
        2.4918072167668494e-11,
        2.4026408979815557e-11,
        3.318883660173728e-11,
        1.695356072215884e-11,
        2.7639040279223614e-11,
        2.684784926803671e-11,
        3.463607203408659e-11,
        3.178166557907855e-11,
        3.1669793866804544e-11,
        2.3341779774105156e-11,
        3.3164629330472634e-11,
        3.45663484714413e-11,
        3.589961928562495e-11,
        2.3062033660904814e-11,
        2.9068124299829135e-11,
        1.8369697497391745e-11,
        3.2003661355443994e-11,
        3.97194364615529e-11,
        2.2343909846586672e-11,
        1.9284225764777748e-11,
        3.867605484125954e-11,
        2.6327140642142792e-11,
        1.2850259026306399e-11,
        2.631574800213425e-11,
        3.411630041779314e-11,
        1.3724871854504178e-11,
        1.6344134516336088e-11,
        1.490660473885608e-11,
        2.2118194304181645e-11,
        2.889059422487599e-11,
        2.4082491202286995e-11,
        2.210377434743537e-11,
        3.493317988533379e-11,
        1.8606140182758986e-11,
        3.102789361255067e-11
      ],
      "confidence": 0.7
    }
  ]
}