{
  "chunk": 2864,
  "total_chunks": 3600,
  "patterns_found": 2,
  "start_time": 2863.000795277999,
  "end_time": 2863.999795555499,
  "patterns": [
    {
      "type": "spike",
      "count": 21,
      "times": [
        2863.00479527911,
        2863.017795282721,
        2863.029795286054,
        2863.034795287443,
        2863.04079528911,
        2863.0607952946657,
        2863.0797952999433,
        2863.0917953032767,
        2863.1167953102213,
        2863.93179553661,
        2863.9457955404987,
        2863.957795543832,
        2863.962795545221,
        2863.9667955463324,
        2863.968795546888,
        2863.9707955474432,
        2863.980795550221,
        2863.9827955507767,
        2863.9877955521656,
        2863.993795553832,
        2863.9957955543878
      ],
      "amplitudes": [
        0.0010980561883441415,
        0.0011742465376814307,
        0.001184129502789175,
        0.0011893935959182487,
        0.0011610910939353035,
        0.0010586606777702257,
        0.0010601419544875325,
        0.0010630189734030086,
        0.0010690108104102654,
        0.0010931782292214992,
        0.001113354887412116,
        0.0010666146133082382,
        0.0010698126596236594,
        0.0011171087879047528,
        0.0011550838888170721,
        0.0010922319697675108,
        0.0011491088144135356,
        0.0010806836995297332,
        0.0011183985407178785,
        0.0011827084984816607,
        0.0010847800329665857
      ],
      "confidence": 0.8
    },
    {
      "type": "oscillation",
      "frequencies": [
        3.906248915626821,
        27.343742409387747,
        39.062489156268214,
        50.781235903148676,
        66.40623156565596,
        89.84372505941688,
        97.65622289067053,
        109.37496963755099,
        132.81246313131192,
        140.62496096256555,
        152.34370770944602,
        160.15620554069966,
        175.78120120320696,
        183.5936990344606,
        191.40619686571424,
        207.0311925282215,
        218.74993927510198,
        230.46868602198245,
        238.2811838532361,
        253.9061795157434,
        265.62492626262383,
        285.15617084075797,
        304.68741541889204,
        316.4061621657725,
        332.0311578282798,
        343.74990457516026,
        351.5624024064139,
        363.2811491532944,
        374.9998959001748,
        394.53114047830894,
        417.9686339720699,
        425.7811318033235,
        441.4061274658308,
        453.12487421271123,
        472.65611879084537,
        484.37486553772584,
        492.18736336897945
      ],
      "power": [
        3.278600094894693e-10,
        2.6482122016629473e-11,
        1.9973481285042093e-11,
        1.3262844253275364e-11,
        3.1740789222932027e-11,
        2.3910057938709968e-11,
        2.371312314554047e-11,
        2.963051062484597e-11,
        1.8032090137102213e-11,
        1.8638789621348374e-11,
        1.901953559352522e-11,
        4.1112827494760594e-11,
        2.8441787100456457e-11,
        2.0624634640207423e-11,
        2.193731584186318e-11,
        4.0181048336558376e-11,
        2.4097872940619744e-11,
        1.7563134154130084e-11,
        2.9000866826713814e-11,
        3.7983988817909206e-11,
        2.214033290957007e-11,
        5.0229131343552865e-11,
        1.3603702328709769e-11,
        2.8520387522710373e-11,
        2.8328124348559163e-11,
        2.7757632596356473e-11,
        3.155717198536e-11,
        1.2340676325578047e-11,
        2.4410823260195516e-11,
        3.7286291890337674e-11,
        3.046053997024956e-11,
        1.9629828821061824e-11,
        3.6074089219955254e-11,
        2.802528638048974e-11,
        3.1300022458902896e-11,
        1.7317583249093928e-11,
        1.9310207594022828e-11
      ],
      "confidence": 0.7
    }
  ]
}