{
  "chunk": 285,
  "total_chunks": 3600,
  "patterns_found": 2,
  "start_time": 284.0000788889108,
  "end_time": 284.9990791664109,
  "patterns": [
    {
      "type": "spike",
      "count": 10,
      "times": [
        284.3700789916886,
        284.4010790002997,
        284.4380790105775,
        284.4430790119664,
        284.4490790136331,
        284.51807903279973,
        284.53207903668863,
        284.6100790583553,
        284.6200790611331,
        284.75307909807754
      ],
      "amplitudes": [
        0.0017071316899558951,
        0.0017448887318633768,
        0.0016906504578165162,
        0.001761413477963437,
        0.0017552091532305404,
        0.0016879680923980026,
        0.0016918275689968751,
        0.0017233455987636782,
        0.0016834117406521096,
        0.0017211546761429302
      ],
      "confidence": 0.8
    },
    {
      "type": "oscillation",
      "frequencies": [
        3.906248914960688,
        19.531244574803438,
        31.249991319685503,
        46.87498697952825,
        70.31248046929238,
        97.65622287401719,
        124.99996527874201,
        136.71871202362408,
        148.43745876850613,
        160.1562055133882,
        171.87495225827027,
        195.31244574803438,
        207.03119249291646,
        238.28118381260197,
        257.8124283874054,
        277.3436729622088,
        292.9686686220516,
        304.68741536693364,
        320.3124110267764,
        328.1249088566978,
        335.93740668661917,
        347.6561534315012,
        363.281149091344,
        378.90614475118673,
        398.4373893259902,
        414.0623849858329,
        421.8748828157543,
        441.40612739055774,
        453.12487413543977,
        468.74986979528256,
        480.4686165401646,
        492.1873632850467
      ],
      "power": [
        2.6707109923984354e-10,
        3.031242104777198e-11,
        2.0423184677702483e-11,
        1.2208712118118552e-11,
        3.1363024029639235e-11,
        2.962628892406178e-11,
        4.414664587609289e-11,
        2.6241864258014314e-11,
        1.9671363899782995e-11,
        1.851411019759476e-11,
        3.193656883446978e-11,
        3.502212483036306e-11,
        2.5812663484684326e-11,
        4.286326993736506e-11,
        4.066939659000375e-11,
        5.4298896786097645e-11,
        3.5277240633250854e-11,
        1.791359805342088e-11,
        1.8226984180049346e-11,
        2.76942740753207e-11,
        1.886334305557378e-11,
        3.0013005777363936e-11,
        2.653567301031432e-11,
        2.2629470189180725e-11,
        5.569053424574255e-11,
        2.340970966617999e-11,
        2.24135763908328e-11,
        2.0524231231114864e-11,
        3.662540926438141e-11,
        2.770525386309502e-11,
        2.196898024990679e-11,
        2.2889211862860814e-11
      ],
      "confidence": 0.7
    }
  ]
}