{
  "chunk": 1625,
  "total_chunks": 3600,
  "patterns_found": 2,
  "start_time": 1624.0004511112365,
  "end_time": 1624.9994513887366,
  "patterns": [
    {
      "type": "spike",
      "count": 7,
      "times": [
        1624.3094511970698,
        1624.3644512123476,
        1624.4644512401255,
        1624.483451245403,
        1624.4924512479033,
        1624.502451250681,
        1624.5214512559587
      ],
      "amplitudes": [
        0.0017002058080560977,
        0.001671427736612087,
        0.0017322974540398923,
        0.0017107761641133132,
        0.001694327829920188,
        0.0016841592685209123,
        0.0016761287612599434
      ],
      "confidence": 0.8
    },
    {
      "type": "oscillation",
      "frequencies": [
        3.906248914738643,
        31.249991317909146,
        46.87498697686372,
        58.59373372107965,
        70.31248046529558,
        82.03122720951151,
        97.65622286846607,
        109.37496961268201,
        132.81246310111388,
        160.15620550428437,
        175.78120116323893,
        187.49994790745487,
        207.03119248114808,
        222.65618814010267,
        242.18743271379589,
        249.99993054327317,
        273.437424031705,
        292.96866860539825,
        312.49991317909144,
        324.21865992330737,
        339.843655582262,
        351.56240232647787,
        363.2811490706938,
        386.71864255912567,
        402.34363821808023,
        414.06238496229616,
        433.5936295359894,
        460.9373719391599,
        468.7498697686372,
        484.37486542759177
      ],
      "power": [
        2.9751889190163187e-10,
        2.2777294742411676e-11,
        2.2277784189359595e-11,
        4.543592976247476e-11,
        2.743131334386582e-11,
        1.5096481410538048e-11,
        2.959848475039807e-11,
        4.3490069482389035e-11,
        2.0983297680594432e-11,
        3.5482189296875316e-11,
        2.4305221900451284e-11,
        2.574948651749186e-11,
        2.6703758465098478e-11,
        2.5317889269203057e-11,
        3.103066226154592e-11,
        3.3277524830496843e-11,
        2.612101056364935e-11,
        3.1018321322710906e-11,
        2.8307726441480943e-11,
        8.156164090152028e-12,
        4.5490836665633054e-11,
        2.529710533388397e-11,
        2.4337197848579113e-11,
        1.6092328401029675e-11,
        2.450387584415232e-11,
        2.0334251140744656e-11,
        2.1174247898627203e-11,
        2.354626823573541e-11,
        2.416015613302761e-11,
        4.1803048167127884e-11
      ],
      "confidence": 0.7
    }
  ]
}