{
  "chunk": 3160,
  "total_chunks": 3600,
  "patterns_found": 2,
  "start_time": 3159.000877500244,
  "end_time": 3159.999877777744,
  "patterns": [
    {
      "type": "spike",
      "count": 22,
      "times": [
        3159.0028775007995,
        3159.004877501355,
        3159.0108775030217,
        3159.021877506077,
        3159.026877507466,
        3159.0298775082993,
        3159.035877509966,
        3159.040877511355,
        3159.0708775196886,
        3159.0748775207994,
        3159.0908775252437,
        3159.9358777599664,
        3159.9518777644107,
        3159.962877767466,
        3159.972877770244,
        3159.9828777730218,
        3159.9848777735774,
        3159.986877774133,
        3159.9888777746883,
        3159.990877775244,
        3159.993877776077,
        3159.9978777771885
      ],
      "amplitudes": [
        0.001242609150821403,
        0.0012093787758683135,
        0.0011085901188931664,
        0.0011123528471614307,
        0.0010638326415758675,
        0.0010954035142005725,
        0.0011119617030838573,
        0.0010806854998717077,
        0.001075599985152596,
        0.00105006253944135,
        0.0010484859084518934,
        0.0011164571720114979,
        0.0010916238902741286,
        0.0010837178461297274,
        0.001167005122880345,
        0.001143545469605282,
        0.0011780387437115539,
        0.0010901990468274005,
        0.0011851162567262648,
        0.0010680084494024335,
        0.0010806303812956448,
        0.00112033964899248
      ],
      "confidence": 0.8
    },
    {
      "type": "oscillation",
      "frequencies": [
        3.9062489138504652,
        19.531244569252326,
        31.249991310803722,
        46.87498696620558,
        54.68748479390651,
        70.31248044930837,
        82.03122719085977,
        101.56247176011209,
        124.99996524321489,
        136.7187119847663,
        156.2499565540186,
        167.96870329557,
        183.59369895097186,
        199.21869460637373,
        214.84369026177558,
        222.65618808947653,
        234.37493483102793,
        246.0936815725793,
        253.90617940028025,
        261.7186772279812,
        277.343672883383,
        296.8749174526354,
        308.5936641941868,
        335.93740659114,
        351.56240224654186,
        363.28114898809326,
        371.0936468157942,
        382.8123935573456,
        398.43738921274746,
        414.0623848681493,
        425.7811316097007,
        437.4998783512521,
        457.03112292050446,
        468.74986966205586,
        488.28111423130815
      ],
      "power": [
        3.0426718342209197e-10,
        3.416178202034654e-11,
        1.6600590754722138e-11,
        3.4810006465931753e-11,
        2.151378693629922e-11,
        3.1402934574481605e-11,
        3.6237860964757636e-11,
        4.19571404689967e-11,
        3.319836364453305e-11,
        2.1562266378701037e-11,
        1.9886914836861945e-11,
        1.3947138825204211e-11,
        3.482497577154725e-11,
        2.4976071034151926e-11,
        2.378073834502292e-11,
        1.8605168776301638e-11,
        2.1153107658818513e-11,
        4.9598804878130844e-11,
        2.4041780696802115e-11,
        3.22813658350679e-11,
        2.775165309567683e-11,
        2.4756723136612202e-11,
        4.3161069826476235e-11,
        2.6845470517702918e-11,
        2.4128641368628173e-11,
        3.3355173164692417e-11,
        4.584926516388848e-11,
        9.986405755517607e-12,
        1.768390640475351e-11,
        3.296016762450055e-11,
        1.6404164992536294e-11,
        1.2935544702397376e-11,
        2.1339142745774883e-11,
        2.0940034198400964e-11,
        4.986321187325094e-11
      ],
      "confidence": 0.7
    }
  ]
}