{
  "chunk": 3507,
  "total_chunks": 3600,
  "patterns_found": 2,
  "start_time": 3506.0009738891595,
  "end_time": 3506.9999741666597,
  "patterns": [
    {
      "type": "spike",
      "count": 5,
      "times": [
        3506.3609739891594,
        3506.39697399916,
        3506.4009740002707,
        3506.5059740294373,
        3506.5419740394373
      ],
      "amplitudes": [
        0.0017062887411036338,
        0.0016868242486529673,
        0.001704318074941443,
        0.0017045914029442974,
        0.0017338895814974602
      ],
      "confidence": 0.8
    },
    {
      "type": "oscillation",
      "frequencies": [
        3.9062489138504652,
        15.624995655401861,
        39.06248913850465,
        50.781235880056045,
        66.4062315354579,
        82.03122719085977,
        97.65622284626163,
        113.28121850166349,
        152.34370764016813,
        171.87495220942048,
        199.21869460637373,
        214.84369026177558,
        226.56243700332698,
        234.37493483102793,
        253.90617940028025,
        265.6249261418316,
        273.4374239695326,
        289.0624196249344,
        300.7811663664858,
        320.31241093573817,
        328.12490876343907,
        347.6561533326914,
        363.28114898809326,
        374.99989572964466,
        394.531140298897,
        417.96863378199976,
        441.40612726510255,
        453.12487400665395,
        468.74986966205586,
        480.4686164036072,
        496.0936120590091
      ],
      "power": [
        3.052512263822633e-10,
        2.9653591471676804e-11,
        1.5268762904614035e-11,
        1.436760268652199e-11,
        2.0494859488575833e-11,
        3.23545829120024e-11,
        2.0632983656811182e-11,
        2.739012861908649e-11,
        1.876868233149004e-11,
        1.9009482591459007e-11,
        3.441913475536053e-11,
        2.373655723274708e-11,
        2.7558957259269402e-11,
        5.39877898743334e-11,
        2.663769156908563e-11,
        2.7641224601472828e-11,
        2.3721667581671694e-11,
        4.786146320176957e-11,
        2.4438289948616255e-11,
        1.9556217506716127e-11,
        1.5702074350763987e-11,
        3.3145796056928334e-11,
        2.8340407044126026e-11,
        2.180349986618496e-11,
        3.124638389411413e-11,
        3.4551098865784137e-11,
        2.6408960527176896e-11,
        1.899387794020115e-11,
        1.5092823820171993e-11,
        2.157589839609434e-11,
        1.6056438323270384e-11
      ],
      "confidence": 0.7
    }
  ]
}