{
  "chunk": 1045,
  "total_chunks": 3600,
  "patterns_found": 2,
  "start_time": 1044.0002900000807,
  "end_time": 1044.9992902775807,
  "patterns": [
    {
      "type": "spike",
      "count": 8,
      "times": [
        1044.3802901056363,
        1044.440290122303,
        1044.4422901228584,
        1044.457290127025,
        1044.4652901292473,
        1044.4862901350807,
        1044.5172901436918,
        1044.5922901645251
      ],
      "amplitudes": [
        0.0016856796496646982,
        0.001775134383620995,
        0.0017392048123118853,
        0.0018163647865370022,
        0.0017536215469217344,
        0.00173615438661701,
        0.001715747360635639,
        0.0016838041857406834
      ],
      "confidence": 0.8
    },
    {
      "type": "oscillation",
      "frequencies": [
        3.906248914738643,
        23.43749348843186,
        35.15624023264779,
        42.96873806212508,
        66.40623155055694,
        85.93747612425015,
        97.65622286846607,
        109.37496961268201,
        117.1874674421593,
        136.7187120158525,
        156.24995658954572,
        164.06245441902303,
        179.6874500779776,
        187.49994790745487,
        195.31244573693215,
        207.03119248114808,
        222.65618814010267,
        238.28118379905723,
        249.99993054327317,
        257.81242837275045,
        265.62492620222775,
        277.3436729464437,
        285.15617077592094,
        308.5936642643528,
        320.31241100856874,
        328.12490883804605,
        347.65615341173924,
        359.3749001559552,
        386.71864255912567,
        406.2498871328189,
        437.49987845072803,
        457.0311230244213,
        468.7498697686372,
        480.4686165128531,
        488.2811143423304,
        496.0936121718077
      ],
      "power": [
        3.195237396680295e-10,
        2.542608092275405e-11,
        1.2361233914869379e-11,
        2.7097929366353772e-11,
        2.4667328132571577e-11,
        2.35618650983363e-11,
        3.113814934006482e-11,
        2.036188021364491e-11,
        2.90058085204312e-11,
        2.101280187890448e-11,
        2.983376231217041e-11,
        1.6683240828426987e-11,
        2.1225545409194666e-11,
        2.679253745304331e-11,
        2.2485886565426867e-11,
        1.8064515785974926e-11,
        2.472821581835639e-11,
        3.862176686639348e-11,
        1.9530179058123855e-11,
        2.2376137440061702e-11,
        2.212958591573149e-11,
        1.9920060561953893e-11,
        2.0872071495566494e-11,
        3.0995597092213734e-11,
        2.78908854431626e-11,
        2.5887645388541418e-11,
        2.3860482312752536e-11,
        3.694197552137671e-11,
        2.884315554808494e-11,
        4.149405358054953e-11,
        3.685736646446388e-11,
        2.6146034425520997e-11,
        2.8186500218926216e-11,
        1.5488651003442276e-11,
        1.4148374924129983e-11,
        1.1632421012561343e-11
      ],
      "confidence": 0.7
    }
  ]
}