{
  "chunk": 2925,
  "total_chunks": 3600,
  "patterns_found": 2,
  "start_time": 2924.000812222448,
  "end_time": 2924.999812499948,
  "patterns": [
    {
      "type": "spike",
      "count": 6,
      "times": [
        2924.310812308559,
        2924.4808123557814,
        2924.5028123618927,
        2924.5258123682815,
        2924.5308123696705,
        2924.59381238717
      ],
      "amplitudes": [
        0.0017039908952307984,
        0.0017302368119911046,
        0.001691670113455315,
        0.0017153306927434348,
        0.0017353282652610544,
        0.0016969561560726079
      ],
      "confidence": 0.8
    },
    {
      "type": "oscillation",
      "frequencies": [
        3.906248915626821,
        23.437493493760925,
        42.96873807189503,
        54.687484818775495,
        78.12497831253643,
        93.7499739750437,
        121.09371638443146,
        148.43745879381922,
        156.24995662507285,
        175.78120120320696,
        191.40619686571424,
        214.84369035947518,
        226.56243710635562,
        234.37493493760928,
        246.09368168448972,
        257.8124284313702,
        273.4374240938775,
        281.2499219251311,
        296.87491758763844,
        320.3124110813993,
        335.93740674390665,
        343.74990457516026,
        355.4686513220407,
        363.2811491532944,
        382.8123937314285,
        398.43738939393575,
        410.1561361408162,
        429.68738071895035,
        445.3123763814576,
        464.8436209595917,
        472.65611879084537,
        496.0936122846063
      ],
      "power": [
        3.2533790042850643e-10,
        3.651313156706839e-11,
        2.1308432294416875e-11,
        4.5945373558447123e-11,
        4.2768138656988895e-11,
        4.108516772955664e-11,
        2.708467600229823e-11,
        1.791695185296658e-11,
        2.3618818082980065e-11,
        3.960871220556844e-11,
        2.470329699974284e-11,
        2.855969134593858e-11,
        1.6960341781219652e-11,
        2.878720658901626e-11,
        1.0733326719690315e-11,
        3.953121316742095e-11,
        2.0388176907887033e-11,
        2.318342949783766e-11,
        3.7785944605748134e-11,
        2.5504745854715137e-11,
        1.813839968875945e-11,
        1.7022046486205473e-11,
        1.7389774926364734e-11,
        1.8129342719611106e-11,
        3.143100988267093e-11,
        2.6422236032952477e-11,
        5.5994498241394616e-11,
        3.27615485270401e-11,
        2.8497025205490156e-11,
        2.143779174526827e-11,
        2.207608965262882e-11,
        3.130599257129588e-11
      ],
      "confidence": 0.7
    }
  ]
}