{
  "chunk": 813,
  "total_chunks": 3600,
  "patterns_found": 2,
  "start_time": 812.0002255556183,
  "end_time": 812.9992258331183,
  "patterns": [
    {
      "type": "spike",
      "count": 5,
      "times": [
        812.5222257006183,
        812.5242257011738,
        812.5402257056182,
        812.6032257231183,
        812.6212257281182
      ],
      "amplitudes": [
        0.0017042680842158573,
        0.0017370579638675806,
        0.0016967720266925165,
        0.0016835008027593973,
        0.0016888571732097302
      ],
      "confidence": 0.8
    },
    {
      "type": "oscillation",
      "frequencies": [
        3.906248915182732,
        19.53124457591366,
        31.249991321461856,
        50.78123589737552,
        62.49998264292371,
        78.12497830365464,
        89.84372504920283,
        109.37496962511649,
        121.0937163706647,
        148.43745877694383,
        164.06245443767475,
        175.78120118322295,
        183.5936990135884,
        199.21869467431932,
        214.84369033505027,
        238.28118382614664,
        257.81242840206033,
        277.343672977974,
        285.1561708083394,
        296.87491755388766,
        308.59366429943583,
        316.4061621298013,
        332.03115779053223,
        343.7499045360804,
        367.1873980271768,
        382.81239368790773,
        390.6248915182732,
        406.24988717900413,
        421.87488283973505,
        437.49987850046597,
        449.2186252460142,
        468.74986982192786,
        480.46861656747603,
        496.09361222820695
      ],
      "power": [
        2.7006934499615326e-10,
        1.7359197717701304e-11,
        1.891565573400901e-11,
        2.4686702477795216e-11,
        3.589346558293141e-11,
        2.3194359380322926e-11,
        2.6384050734959428e-11,
        3.2351840707773374e-11,
        3.558867512600577e-11,
        4.138450548660273e-11,
        1.9638820754179335e-11,
        1.8215273429267936e-11,
        2.71065282372838e-11,
        3.581243535862481e-11,
        2.8055911878622503e-11,
        4.667817758885969e-11,
        2.6481116034039157e-11,
        3.4195971903066384e-11,
        2.92024735222393e-11,
        3.706109115889582e-11,
        1.3238302503767719e-11,
        1.3271696332341752e-11,
        3.3173441929717207e-11,
        1.716188914195513e-11,
        3.578570087137611e-11,
        2.665788404391384e-11,
        2.926147651400307e-11,
        2.272713694009277e-11,
        2.3732517693515406e-11,
        4.277884656204074e-11,
        2.5026105398020835e-11,
        2.402190112490833e-11,
        3.226032635052342e-11,
        1.1867476198004616e-11
      ],
      "confidence": 0.7
    }
  ]
}