{
  "chunk": 399,
  "total_chunks": 3600,
  "patterns_found": 2,
  "start_time": 398.0001105555863,
  "end_time": 398.9991108330864,
  "patterns": [
    {
      "type": "spike",
      "count": 8,
      "times": [
        398.37811066058634,
        398.46811068558634,
        398.4701106861419,
        398.5291107025308,
        398.59411072058634,
        398.5961107211419,
        398.6681107411419,
        398.67511074308635
      ],
      "amplitudes": [
        0.001687252319180914,
        0.0017113359041647886,
        0.0016834382532943247,
        0.0017154478387753954,
        0.001700041144239509,
        0.0016909887408839707,
        0.0017254192996033584,
        0.001692732371511996
      ],
      "confidence": 0.8
    },
    {
      "type": "oscillation",
      "frequencies": [
        3.906248914960688,
        27.343742404724814,
        39.062489149606876,
        62.499982639371005,
        74.21872938425307,
        89.84372504409582,
        101.56247178897789,
        109.37496961889926,
        136.71871202362408,
        148.43745876850613,
        175.78120117323095,
        191.4061968330737,
        199.2186946629951,
        214.84369032283783,
        226.56243706771988,
        246.09368164252334,
        265.6249262173268,
        285.1561707921302,
        296.87491753701227,
        308.59366428189435,
        316.4061621118157,
        328.1249088566978,
        339.8436556015798,
        351.5624023464619,
        363.281149091344,
        378.90614475118673,
        390.62489149606876,
        402.34363824095084,
        417.9686339007936,
        433.5936295606364,
        453.12487413543977,
        472.6561187102432,
        480.4686165401646,
        492.1873632850467
      ],
      "power": [
        3.661123676026314e-10,
        1.9444742044278765e-11,
        5.246804115378988e-11,
        1.7110121380380444e-11,
        3.2366278547946614e-11,
        3.6767369088383963e-11,
        2.5943808108779945e-11,
        1.7759686221694222e-11,
        2.8191089689628138e-11,
        1.6628520324608317e-11,
        3.318944550815708e-11,
        4.601689262022695e-11,
        2.7634752685996242e-11,
        3.32512643960125e-11,
        3.401813470772572e-11,
        2.688441472423446e-11,
        3.747695225940282e-11,
        2.4649475288772032e-11,
        3.6407203119730815e-11,
        2.232809357940499e-11,
        2.5098093618562544e-11,
        3.3154976888896855e-11,
        3.08454428928524e-11,
        2.4334422794732674e-11,
        2.5368121351300575e-11,
        2.428472031632831e-11,
        2.5631802815856648e-11,
        2.083769973397561e-11,
        2.5723512133465993e-11,
        1.845147564403635e-11,
        3.2026512289685075e-11,
        2.6622180189005806e-11,
        2.6691494577255665e-11,
        3.1182178263273384e-11
      ],
      "confidence": 0.7
    }
  ]
}