{
  "chunk": 2357,
  "total_chunks": 3600,
  "patterns_found": 2,
  "start_time": 2356.0006544446264,
  "end_time": 2356.9996547221263,
  "patterns": [
    {
      "type": "spike",
      "count": 9,
      "times": [
        2356.3036545287932,
        2356.322654534071,
        2356.366654546293,
        2356.3916545532375,
        2356.475654576571,
        2356.5316545921264,
        2356.5576545993486,
        2356.618654616293,
        2356.662654628515
      ],
      "amplitudes": [
        0.0017524441857910277,
        0.0017284661265850826,
        0.0017102408860303296,
        0.0017134639682811527,
        0.0017311722415172936,
        0.0017535897373038194,
        0.001726067811253956,
        0.0017066624986646034,
        0.0017100391872417041
      ],
      "confidence": 0.8
    },
    {
      "type": "oscillation",
      "frequencies": [
        3.906248915626821,
        23.437493493760925,
        39.062489156268214,
        46.87498698752185,
        70.31248048128278,
        78.12497831253643,
        89.84372505941688,
        105.46872072192417,
        124.99996530005828,
        132.81246313131192,
        152.34370770944602,
        164.0624544563265,
        179.68745011883377,
        187.4999479500874,
        210.93744144384834,
        230.46868602198245,
        238.2811838532361,
        253.9061795157434,
        273.4374240938775,
        285.15617084075797,
        296.87491758763844,
        312.4999132501457,
        320.3124110813993,
        332.0311578282798,
        339.84365565953345,
        355.4686513220407,
        363.2811491532944,
        371.093646984548,
        382.8123937314285,
        398.43738939393575,
        406.2498872251894,
        421.8748828876967,
        429.68738071895035,
        453.12487421271123,
        476.5623677064722,
        488.28111445335264,
        496.0936122846063
      ],
      "power": [
        3.3015437399745326e-10,
        2.197784678275593e-11,
        2.2588034954059028e-11,
        4.574820985018802e-11,
        1.9328040728210135e-11,
        1.8518951037056796e-11,
        1.4150983990671028e-11,
        4.978172938962416e-11,
        2.1547032552109634e-11,
        3.031857887455483e-11,
        3.779176971953701e-11,
        2.5937371693563996e-11,
        1.833055407248089e-11,
        2.1527749876525702e-11,
        3.007863241406291e-11,
        3.0603334139946243e-11,
        1.242016628810821e-11,
        2.5970406438002985e-11,
        2.054562841419486e-11,
        2.8202517148421356e-11,
        2.0274019016934314e-11,
        2.2879871021873915e-11,
        2.4644954397490003e-11,
        2.8579194693681216e-11,
        1.9472576134333795e-11,
        3.0596240266110676e-11,
        2.7044357279133706e-11,
        2.314383506652452e-11,
        2.703186193766859e-11,
        1.420021371689883e-11,
        1.5647843015837204e-11,
        1.9439231798795937e-11,
        3.827920287562638e-11,
        3.886386215187087e-11,
        1.6595631928728976e-11,
        3.7213868427982496e-11,
        2.329601325498227e-11
      ],
      "confidence": 0.7
    }
  ]
}