{
  "chunk": 401,
  "total_chunks": 3600,
  "patterns_found": 2,
  "start_time": 400.000111111142,
  "end_time": 400.99911138864206,
  "patterns": [
    {
      "type": "spike",
      "count": 7,
      "times": [
        400.26911118586423,
        400.40911122475313,
        400.43111123086425,
        400.43911123308646,
        400.45811123836427,
        400.5511112641976,
        400.58811127447535
      ],
      "amplitudes": [
        0.001695784615266148,
        0.0016978932734948936,
        0.0017106792133755244,
        0.0017154243805980888,
        0.0017113077392831304,
        0.001725428181954075,
        0.0017128550602243929
      ],
      "confidence": 0.8
    },
    {
      "type": "oscillation",
      "frequencies": [
        3.906248914960688,
        11.718746744882063,
        27.343742404724814,
        50.781235894488944,
        66.4062315543317,
        85.93747612913513,
        97.65622287401719,
        121.09371636378133,
        128.9062141937027,
        136.71871202362408,
        148.43745876850613,
        156.2499565984275,
        171.87495225827027,
        179.68745008819164,
        199.2186946629951,
        222.6561881527592,
        238.28118381260197,
        249.99993055748402,
        265.6249262173268,
        277.3436729622088,
        292.9686686220516,
        316.4061621118157,
        324.2186599417371,
        332.03115777165846,
        355.46865126142256,
        374.999895836226,
        390.62489149606876,
        398.4373893259902,
        421.8748828157543,
        437.49987847559703,
        449.2186252204791,
        457.0311230504005,
        468.74986979528256,
        480.4686165401646,
        496.0936122000073
      ],
      "power": [
        2.728677521173554e-10,
        2.3494560974595313e-11,
        3.18528503504349e-11,
        2.6747523943404164e-11,
        2.9122750701690764e-11,
        3.14962863403696e-11,
        2.125579414260447e-11,
        2.5603680380780396e-11,
        3.0698484591839875e-11,
        1.9430370022817094e-11,
        2.9044519572915763e-11,
        2.1756450543517278e-11,
        1.8665973696980443e-11,
        4.1523740759793714e-11,
        3.315111262462676e-11,
        3.569247771203246e-11,
        1.52396063547838e-11,
        1.5574007870721866e-11,
        2.433388558466653e-11,
        2.1692265040148e-11,
        4.35239960823328e-11,
        4.199034937075231e-11,
        2.86363794983081e-11,
        3.0829063540573355e-11,
        3.001991778250688e-11,
        3.786934041012138e-11,
        2.5883454013722402e-11,
        1.4441412045844414e-11,
        3.406700518322995e-11,
        1.456885717575046e-11,
        2.197551859914231e-11,
        2.2548709137658622e-11,
        4.930507178878994e-11,
        4.213467654194796e-11,
        2.4244610299004062e-11
      ],
      "confidence": 0.7
    }
  ]
}