{
  "chunk": 3265,
  "total_chunks": 3600,
  "patterns_found": 2,
  "start_time": 3264.0009066669186,
  "end_time": 3264.999906944419,
  "patterns": [
    {
      "type": "spike",
      "count": 11,
      "times": [
        3264.3489067635855,
        3264.417906782752,
        3264.440906789141,
        3264.4429067896963,
        3264.475906798863,
        3264.4909068030297,
        3264.504906806919,
        3264.5069068074745,
        3264.5239068121964,
        3264.569906824974,
        3264.6489068469186
      ],
      "amplitudes": [
        0.0017051698874855387,
        0.0016998269682109842,
        0.001753273150383441,
        0.0017454201522964998,
        0.0017009731865181318,
        0.0017154202240035805,
        0.0017310209660025932,
        0.0017533587047173158,
        0.0018613130979053334,
        0.0016920943702081527,
        0.0016896787245615876
      ],
      "confidence": 0.8
    },
    {
      "type": "oscillation",
      "frequencies": [
        3.9062489138504652,
        23.43749348310279,
        31.249991310803722,
        54.68748479390651,
        62.499982621607444,
        78.1249782770093,
        105.46872067396257,
        124.99996524321489,
        144.5312098124672,
        156.2499565540186,
        179.6874500371214,
        187.49994786482233,
        207.03119243407465,
        214.84369026177558,
        222.65618808947653,
        234.37493483102793,
        246.0936815725793,
        257.8124283141307,
        273.4374239695326,
        289.0624196249344,
        304.68741528033627,
        312.4999131080372,
        324.2186598495886,
        339.84365550499047,
        351.56240224654186,
        371.0936468157942,
        386.71864247119606,
        394.531140298897,
        402.3436381265979,
        417.96863378199976,
        445.31237617895306,
        457.03112292050446,
        464.84362074820535,
        480.4686164036072,
        492.1873631451586
      ],
      "power": [
        3.671070936156108e-10,
        2.0286112501583398e-11,
        1.5842422335514683e-11,
        3.0732704980447335e-11,
        2.8274968724494303e-11,
        1.8963927258811708e-11,
        5.351980252016102e-11,
        4.094318503774512e-11,
        3.245035982078765e-11,
        2.456237707706261e-11,
        2.455511549363245e-11,
        2.4812884687056282e-11,
        3.232249804363845e-11,
        1.971783991756974e-11,
        2.0408023141065052e-11,
        1.408151580016611e-11,
        2.7632853265020925e-11,
        1.685592199095707e-11,
        2.505324209617134e-11,
        2.4482225941863347e-11,
        2.983859281669476e-11,
        2.230173723394761e-11,
        1.957915783915904e-11,
        2.842771284498337e-11,
        2.8083306514248565e-11,
        1.8224773916464318e-11,
        3.3114108195643055e-11,
        2.7045257059376377e-11,
        2.4093107994760843e-11,
        3.79345946169766e-11,
        1.811055433359639e-11,
        2.5651514283560436e-11,
        2.9288313801330345e-11,
        1.2759198065527058e-11,
        1.881711996248053e-11
      ],
      "confidence": 0.7
    }
  ]
}