{
  "chunk": 2359,
  "total_chunks": 3600,
  "patterns_found": 2,
  "start_time": 2358.000655000182,
  "end_time": 2358.999655277682,
  "patterns": [
    {
      "type": "spike",
      "count": 10,
      "times": [
        2358.380655105738,
        2358.4676551299044,
        2358.4716551310153,
        2358.47865513296,
        2358.4846551346263,
        2358.5606551557375,
        2358.562655156293,
        2358.59565516546,
        2358.6236551732377,
        2358.670655186293
      ],
      "amplitudes": [
        0.0017448179960414445,
        0.0017660004408713353,
        0.0017243651999966558,
        0.0017268641108707373,
        0.0017570497900391744,
        0.0017084822524921902,
        0.0017006924562092598,
        0.001708937716887425,
        0.0016998141709094695,
        0.001746156831474901
      ],
      "confidence": 0.8
    },
    {
      "type": "oscillation",
      "frequencies": [
        3.906248915626821,
        15.624995662507285,
        27.343742409387747,
        39.062489156268214,
        46.87498698752185,
        66.40623156565596,
        74.21872939690961,
        89.84372505941688,
        105.46872072192417,
        113.28121855317781,
        140.62496096256555,
        152.34370770944602,
        160.15620554069966,
        171.87495228758013,
        187.4999479500874,
        195.31244578134107,
        207.0311925282215,
        218.74993927510198,
        234.37493493760928,
        249.99993060011656,
        265.62492626262383,
        285.15617084075797,
        304.68741541889204,
        324.2186599970262,
        332.0311578282798,
        347.65615349078706,
        371.093646984548,
        390.62489156268214,
        410.1561361408162,
        421.8748828876967,
        437.49987855020396,
        449.21862529708443,
        472.65611879084537,
        492.18736336897945
      ],
      "power": [
        2.5607594118274696e-10,
        4.1699029348261026e-11,
        1.759177245032927e-11,
        4.3402873259578315e-11,
        2.300797841721479e-11,
        2.177442495571304e-11,
        3.019486465365201e-11,
        1.3470116938571057e-11,
        1.670534866691464e-11,
        2.4037204625714936e-11,
        2.5263585586555963e-11,
        1.976642922675342e-11,
        3.3021091993577495e-11,
        3.708491720337435e-11,
        1.5562108470840873e-11,
        2.4231221639978874e-11,
        2.8013517608609257e-11,
        3.177148029701643e-11,
        2.5125146896036375e-11,
        2.951696638460354e-11,
        2.4816274746484626e-11,
        2.7593857791058283e-11,
        2.8392695569118178e-11,
        2.23260819061365e-11,
        2.1490687469102676e-11,
        3.4210128080216674e-11,
        2.736957709737882e-11,
        3.361195965484272e-11,
        2.946094082220431e-11,
        2.2398376318476056e-11,
        2.313856014663358e-11,
        2.800573548760894e-11,
        3.510181101255705e-11,
        3.0537146461001926e-11
      ],
      "confidence": 0.7
    }
  ]
}