{
  "chunk": 1384,
  "total_chunks": 3600,
  "patterns_found": 2,
  "start_time": 1383.0003841667735,
  "end_time": 1383.9993844442736,
  "patterns": [
    {
      "type": "spike",
      "count": 18,
      "times": [
        1383.0043841678846,
        1383.0083841689957,
        1383.011384169829,
        1383.0263841739957,
        1383.0313841753846,
        1383.038384177329,
        1383.0453841792735,
        1383.0543841817735,
        1383.079384188718,
        1383.1253842014958,
        1383.146384207329,
        1383.9153844209402,
        1383.938384427329,
        1383.943384428718,
        1383.9543844317736,
        1383.9823844395512,
        1383.992384442329,
        1383.99638444344
      ],
      "amplitudes": [
        0.0011346822650869456,
        0.00114017427754712,
        0.0011036578637179223,
        0.0010567374311168376,
        0.0011523171605942292,
        0.0010576024869573355,
        0.0010863333175879107,
        0.0010606401588062794,
        0.0010866146160905198,
        0.001213059616483756,
        0.0010728181268254478,
        0.0012141835866747762,
        0.001071010611401895,
        0.001058688679415301,
        0.0010971982560304926,
        0.001130215429847095,
        0.0010753714856273433,
        0.0012322454671688402
      ],
      "confidence": 0.8
    },
    {
      "type": "oscillation",
      "frequencies": [
        3.906248915626821,
        19.531244578134107,
        35.15624024064139,
        46.87498698752185,
        58.59373373440232,
        66.40623156565596,
        82.03122722816325,
        89.84372505941688,
        101.56247180629735,
        121.09371638443146,
        136.71871204693875,
        144.53120987819239,
        164.0624544563265,
        179.68745011883377,
        214.84369035947518,
        226.56243710635562,
        238.2811838532361,
        246.09368168448972,
        261.718677346997,
        277.3436730095043,
        292.9686686720116,
        308.59366433451885,
        328.124908912653,
        355.4686513220407,
        367.1873980689212,
        382.8123937314285,
        398.43738939393575,
        414.062385056443,
        433.59362963457716,
        453.12487421271123,
        472.65611879084537,
        496.0936122846063
      ],
      "power": [
        3.1050629167311053e-10,
        3.42861859588504e-11,
        1.504298283218614e-11,
        3.047706693313776e-11,
        2.0224796597107936e-11,
        2.022449674011743e-11,
        4.3488834890506577e-11,
        5.2322206137100767e-11,
        4.896594171692978e-11,
        3.303033592595784e-11,
        9.143740019149589e-12,
        1.6257595510246518e-11,
        2.9078544748472743e-11,
        3.0418326566622216e-11,
        3.069182465485111e-11,
        2.7770034510479524e-11,
        1.6222443735488583e-11,
        1.6112498752552488e-11,
        2.8759525424468484e-11,
        3.698337720300324e-11,
        3.021206993261742e-11,
        2.7628501514833394e-11,
        4.960022182525686e-11,
        2.2915720195340755e-11,
        2.3667754923453947e-11,
        2.5311650485597083e-11,
        4.1758808592706894e-11,
        1.8174974804243604e-11,
        2.5861906919916962e-11,
        3.404649269568027e-11,
        4.127462617181415e-11,
        1.197609080465113e-11
      ],
      "confidence": 0.7
    }
  ]
}