{
  "chunk": 942,
  "total_chunks": 3600,
  "patterns_found": 2,
  "start_time": 941.0002613889616,
  "end_time": 941.9992616664616,
  "patterns": [
    {
      "type": "spike",
      "count": 16,
      "times": [
        941.0052613903505,
        941.0082613911837,
        941.0112613920171,
        941.0282613967394,
        941.0582614050727,
        941.0632614064616,
        941.0752614097948,
        941.1912614420171,
        941.8742616317394,
        941.9022616395172,
        941.9402616500728,
        941.9462616517394,
        941.9532616536839,
        941.9642616567394,
        941.9742616595172,
        941.9902616639616
      ],
      "amplitudes": [
        0.001140793138780355,
        0.0011691848129148695,
        0.001214611675228389,
        0.0011940756204691042,
        0.0010680450612268373,
        0.0010942559008369041,
        0.0010815113169478272,
        0.0010659074172126044,
        0.0010713098917992632,
        0.0010866501704321662,
        0.0011009712320472844,
        0.0010546359041745704,
        0.0010592487292800938,
        0.001083402799746688,
        0.0010942755864550417,
        0.0011376375366961538
      ],
      "confidence": 0.8
    },
    {
      "type": "oscillation",
      "frequencies": [
        3.906248915182732,
        35.156240236644585,
        46.87498698219278,
        58.59373372774098,
        70.31248047328917,
        82.03122721883737,
        97.6562228795683,
        113.28121854029922,
        136.71871203139563,
        152.34370769212654,
        160.156205522492,
        179.68745009840566,
        191.40619684395386,
        210.93744141986753,
        222.65618816541573,
        234.37493491096393,
        253.9061794868776,
        269.5311751476085,
        285.1561708083394,
        304.6874153842531,
        320.312411044984,
        332.03115779053223,
        339.84365562089766,
        351.5624023664459,
        382.81239368790773,
        398.43738934863865,
        410.1561360941869,
        421.87488283973505,
        441.4061274156487,
        453.1248741611969,
        464.8436209067451,
        476.5623676522933,
        484.3748654826588,
        492.1873633130242
      ],
      "power": [
        3.2837502465508055e-10,
        4.02208373489671e-11,
        1.4995811395541014e-11,
        1.4627545523549054e-11,
        2.370997912432025e-11,
        3.231821095346486e-11,
        2.4636629615906516e-11,
        3.369103052500468e-11,
        4.2334225056966733e-11,
        2.6527644995968605e-11,
        2.6253791127282327e-11,
        1.941373668811095e-11,
        2.839302380509237e-11,
        2.5621335612420534e-11,
        1.5368409922430997e-11,
        4.122549000167195e-11,
        2.0236082810264655e-11,
        2.6923089381843026e-11,
        2.5181421043055572e-11,
        3.512571341435967e-11,
        4.8553031435979554e-11,
        3.3339445406709244e-11,
        3.573698797375076e-11,
        5.967431514932075e-11,
        2.079249750301003e-11,
        2.1128261659587937e-11,
        3.798153644345166e-11,
        1.8719665107533795e-11,
        3.0560912023981425e-11,
        2.956714666542474e-11,
        3.263368058787116e-11,
        3.684999966102593e-11,
        3.186288921467959e-11,
        3.6794867109139704e-11
      ],
      "confidence": 0.7
    }
  ]
}