{
  "chunk": 578,
  "total_chunks": 3600,
  "patterns_found": 2,
  "start_time": 577.0001602778224,
  "end_time": 577.9991605553224,
  "patterns": [
    {
      "type": "spike",
      "count": 22,
      "times": [
        577.0031602786556,
        577.0051602792112,
        577.0081602800445,
        577.0291602858779,
        577.0341602872668,
        577.0381602883779,
        577.0551602931001,
        577.069160296989,
        577.096160304489,
        577.105160306989,
        577.915160531989,
        577.9351605375447,
        577.9511605419891,
        577.9611605447668,
        577.9631605453224,
        577.9661605461557,
        577.9731605481002,
        577.9791605497669,
        577.983160550878,
        577.9911605531001,
        577.9941605539335,
        577.996160554489
      ],
      "amplitudes": [
        0.0011859550544665225,
        0.001087802933117305,
        0.0010855171444168297,
        0.0010628687477531697,
        0.0011097541793816453,
        0.0010903628667600406,
        0.0010828908831283664,
        0.001083987197637709,
        0.0010686040746412237,
        0.001073651456865697,
        0.0010819862007375902,
        0.001104668768524553,
        0.0010761154803228417,
        0.0010531075218217635,
        0.0010587175122477369,
        0.001041645555085151,
        0.0011317202851743465,
        0.001105612749026279,
        0.0010773319216593857,
        0.0010742382219038435,
        0.0010477019424051004,
        0.001160156199085681
      ],
      "confidence": 0.8
    },
    {
      "type": "oscillation",
      "frequencies": [
        3.906248915182732,
        23.43749349109639,
        39.06248915182732,
        58.59373372774098,
        74.21872938847191,
        97.6562228795683,
        117.18746745548196,
        132.81246311621288,
        144.53120986176108,
        164.06245443767475,
        171.8749522680402,
        179.68745009840566,
        191.40619684395386,
        199.21869467431932,
        210.93744141986753,
        226.56243708059844,
        238.28118382614664,
        249.99993057169485,
        257.81242840206033,
        269.5311751476085,
        281.2499218931567,
        289.06241972352217,
        296.87491755388766,
        316.4061621298013,
        328.1249088753495,
        355.46865128162864,
        363.28114911199407,
        371.09364694235956,
        386.7186426030905,
        394.5311404334559,
        406.24988717900413,
        417.9686339245523,
        433.5936295852832,
        445.31237633083146,
        472.65611873711055,
        488.2811143978415,
        496.09361222820695
      ],
      "power": [
        2.980245676436022e-10,
        2.7071170001124517e-11,
        3.262962352498425e-11,
        4.609792777191619e-11,
        2.5209607348478353e-11,
        3.111382152978243e-11,
        2.7607297234504727e-11,
        1.5393878609251225e-11,
        1.0026917154013386e-11,
        2.1774124055748295e-11,
        2.4649007723586263e-11,
        1.9483532689343475e-11,
        1.3772403652164424e-11,
        1.9656733016838186e-11,
        2.0851455624182995e-11,
        3.42058015171765e-11,
        2.6757193793448845e-11,
        2.2506825100023294e-11,
        2.0210179555511478e-11,
        1.2480250895092511e-11,
        3.099426210037664e-11,
        2.3837502305655574e-11,
        3.035845225177567e-11,
        3.726500711122145e-11,
        4.133318995843035e-11,
        1.388280206530332e-11,
        1.9609530878915226e-11,
        2.6237364042855987e-11,
        1.918809611629679e-11,
        2.8584556619644787e-11,
        2.5898483494671124e-11,
        1.6015168938913448e-11,
        2.625026230729814e-11,
        2.6396259319817273e-11,
        3.7117005783757534e-11,
        1.652872504355931e-11,
        2.03069674586788e-11
      ],
      "confidence": 0.7
    }
  ]
}