{
  "chunk": 568,
  "total_chunks": 3600,
  "patterns_found": 2,
  "start_time": 567.0001575000438,
  "end_time": 567.9991577775438,
  "patterns": [
    {
      "type": "spike",
      "count": 25,
      "times": [
        567.0011575003216,
        567.0031575008771,
        567.008157502266,
        567.0121575033771,
        567.0161575044882,
        567.0201575055993,
        567.0241575067105,
        567.026157507266,
        567.0291575080994,
        567.0571575158771,
        567.0591575164327,
        567.0731575203216,
        567.8701577417105,
        567.9201577555995,
        567.922157756155,
        567.9381577605994,
        567.9561577655994,
        567.9671577686549,
        567.9701577694883,
        567.9751577708772,
        567.9801577722661,
        567.9841577733772,
        567.9861577739327,
        567.9921577755994,
        567.9981577772661
      ],
      "amplitudes": [
        0.0010919015108758563,
        0.0011424387162875824,
        0.0011547088676203139,
        0.0011291627967928925,
        0.0011018174227125136,
        0.0010842136951953562,
        0.0011554540715492622,
        0.0011939043212255084,
        0.0011025025310867239,
        0.0011714554510550933,
        0.0010726364269101297,
        0.0011431388119316195,
        0.0011219181610363383,
        0.0011254859999367602,
        0.0011110383565696694,
        0.0010682878071165984,
        0.0011169275697706718,
        0.0010634836787579863,
        0.0011307043328245081,
        0.0010601095979414995,
        0.0011119889765912497,
        0.0011651253663779837,
        0.0011964841241044757,
        0.0010762891848430654,
        0.0011246879927844144
      ],
      "confidence": 0.8
    },
    {
      "type": "oscillation",
      "frequencies": [
        3.906248914738643,
        11.71874674421593,
        35.15624023264779,
        42.96873806212508,
        50.781235891602364,
        66.40623155055694,
        93.74997395372743,
        113.28121852742065,
        136.7187120158525,
        156.24995658954572,
        171.8749522485003,
        183.59369899271624,
        195.31244573693215,
        210.93744139588674,
        226.5624370548413,
        238.28118379905723,
        249.99993054327317,
        273.437424031705,
        289.0624196906596,
        300.7811664348755,
        316.4061620938301,
        324.21865992330737,
        332.0311577527847,
        355.46865124121655,
        367.1873979854325,
        382.81239364438704,
        402.34363821808023,
        421.8748827917735,
        437.49987845072803,
        449.21862519494397,
        464.8436208538985,
        476.56236759811446,
        492.187363257069
      ],
      "power": [
        2.7970266748194737e-10,
        3.066729887152444e-11,
        2.6898243188829494e-11,
        2.0131662108111487e-11,
        1.6906781120131753e-11,
        3.4103855718107846e-11,
        3.161302424496711e-11,
        4.0544674136836986e-11,
        3.4844025560056027e-11,
        2.0658810088847438e-11,
        2.9486321820716844e-11,
        2.2437697246297675e-11,
        2.914565143569914e-11,
        1.7796600018391706e-11,
        2.3336685310686698e-11,
        1.290970007386589e-11,
        4.9446116554988e-11,
        1.9308374277094433e-11,
        1.6701506688674416e-11,
        2.965282938325176e-11,
        1.1859810528350596e-11,
        1.2358978564227776e-11,
        1.410486860540847e-11,
        2.2683614564307553e-11,
        3.44037308454742e-11,
        4.5988238025265726e-11,
        1.989029174422321e-11,
        2.6946044214370075e-11,
        2.02301917991109e-11,
        2.8340275784849564e-11,
        2.9665416771541933e-11,
        2.074640437772751e-11,
        1.751583411520434e-11
      ],
      "confidence": 0.7
    }
  ]
}