{
  "chunk": 2663,
  "total_chunks": 3600,
  "patterns_found": 2,
  "start_time": 2662.00073944465,
  "end_time": 2662.99973972215,
  "patterns": [
    {
      "type": "spike",
      "count": 9,
      "times": [
        2662.4077395577056,
        2662.4227395618723,
        2662.4667395740944,
        2662.473739576039,
        2662.496739582428,
        2662.5167395879835,
        2662.543739595483,
        2662.5577395993723,
        2662.662739628539
      ],
      "amplitudes": [
        0.001681671120640607,
        0.0016877217397374769,
        0.0017893659093395319,
        0.0016918407949188905,
        0.0016845427485716485,
        0.0017051153989560124,
        0.0016917425849996524,
        0.0016962217294976597,
        0.0017065259753024284
      ],
      "confidence": 0.8
    },
    {
      "type": "oscillation",
      "frequencies": [
        3.906248915626821,
        15.624995662507285,
        27.343742409387747,
        42.96873807189503,
        54.687484818775495,
        66.40623156565596,
        78.12497831253643,
        93.7499739750437,
        105.46872072192417,
        113.28121855317781,
        128.9062142156851,
        144.53120987819239,
        152.34370770944602,
        167.96870337195332,
        179.68745011883377,
        199.21869469696787,
        210.93744144384834,
        226.56243710635562,
        242.18743276886292,
        253.9061795157434,
        261.718677346997,
        269.53117517825063,
        277.3436730095043,
        285.15617084075797,
        296.87491758763844,
        320.3124110813993,
        332.0311578282798,
        339.84365565953345,
        347.65615349078706,
        359.37490023766753,
        374.9998959001748,
        406.2498872251894,
        425.7811318033235,
        437.49987855020396,
        449.21862529708443,
        457.0311231283381,
        488.28111445335264
      ],
      "power": [
        2.9444035217638315e-10,
        2.5655577638314694e-11,
        1.960627100236628e-11,
        2.8059003188290626e-11,
        1.950065042840426e-11,
        3.4426764603787373e-11,
        2.206007775416739e-11,
        3.826002124781427e-11,
        2.3810215026484715e-11,
        2.222674424981443e-11,
        2.615380833104309e-11,
        2.610524910158666e-11,
        2.4897214065880693e-11,
        2.686335274315834e-11,
        2.7401794066492134e-11,
        3.194148586706182e-11,
        2.876464670613326e-11,
        2.1510298158388453e-11,
        1.6449890877334877e-11,
        1.994232968983905e-11,
        1.6074989581521797e-11,
        1.679308808753343e-11,
        1.7689760443440882e-11,
        2.6499562236706632e-11,
        2.8038445853317495e-11,
        2.002223878205655e-11,
        2.303826508076791e-11,
        2.4067609034022465e-11,
        1.423209589892825e-11,
        2.2300488688285495e-11,
        2.8408831444420455e-11,
        2.3796052426827245e-11,
        2.4294953023221086e-11,
        3.886552117461484e-11,
        3.4413434983669483e-11,
        2.828766118346841e-11,
        2.4878605465162938e-11
      ],
      "confidence": 0.7
    }
  ]
}