{
  "chunk": 1730,
  "total_chunks": 3600,
  "patterns_found": 2,
  "start_time": 1729.0004802779113,
  "end_time": 1729.9994805554113,
  "patterns": [
    {
      "type": "spike",
      "count": 23,
      "times": [
        1729.0094802804113,
        1729.0144802818002,
        1729.0184802829112,
        1729.028480285689,
        1729.0304802862447,
        1729.0484802912447,
        1729.055480293189,
        1729.064480295689,
        1729.069480297078,
        1729.0764802990225,
        1729.0894803026335,
        1729.1034803065224,
        1729.1064803073557,
        1729.1084803079113,
        1729.9264805351336,
        1729.9384805384668,
        1729.9494805415225,
        1729.9704805473557,
        1729.9774805493003,
        1729.983480550967,
        1729.987480552078,
        1729.9904805529113,
        1729.992480553467
      ],
      "amplitudes": [
        0.0011526308590847133,
        0.001129995819484063,
        0.00115345169240623,
        0.001079091534909044,
        0.0010840931938810264,
        0.0010549164233105124,
        0.0010774363961958745,
        0.001110896454776404,
        0.0010839415695867152,
        0.0010568184176597442,
        0.0010673574992247543,
        0.001058844015479716,
        0.0010811307565065302,
        0.0010950513098004742,
        0.0010897771288547991,
        0.0010519738643490128,
        0.0010507014000835037,
        0.0010985706153556264,
        0.0010886008916376412,
        0.001056121607846034,
        0.001218149923703518,
        0.001080809890217258,
        0.0011633150708258541
      ],
      "confidence": 0.8
    },
    {
      "type": "oscillation",
      "frequencies": [
        3.906248914738643,
        23.43749348843186,
        31.249991317909146,
        39.06248914738643,
        50.781235891602364,
        58.59373372107965,
        78.12497829477286,
        101.56247178320473,
        117.1874674421593,
        132.81246310111388,
        148.43745876006844,
        160.15620550428437,
        175.78120116323893,
        187.49994790745487,
        207.03119248114808,
        218.74993922536402,
        226.5624370548413,
        246.0936816285345,
        257.81242837275045,
        265.62492620222775,
        277.3436729464437,
        292.96866860539825,
        304.6874153496142,
        320.31241100856874,
        332.0311577527847,
        351.56240232647787,
        367.1873979854325,
        382.81239364438704,
        390.6248914738643,
        410.15613604755754,
        417.96863387703485,
        437.49987845072803,
        449.21862519494397,
        457.0311230244213,
        472.65611868337584,
        480.4686165128531,
        496.0936121718077
      ],
      "power": [
        3.2504225250216163e-10,
        1.7783796977069003e-11,
        2.0660066899801647e-11,
        1.936244134224092e-11,
        1.1419651613709548e-11,
        2.125783019306914e-11,
        3.326484581478498e-11,
        2.8336942948738123e-11,
        2.642053399759008e-11,
        3.332791740034662e-11,
        3.2540891558879465e-11,
        1.7019481438587663e-11,
        2.4803883314790322e-11,
        4.349415104200418e-11,
        1.7420322500989526e-11,
        3.118717513293053e-11,
        4.967302350379043e-11,
        1.6316920312077326e-11,
        1.4160188868721846e-11,
        1.306144857438905e-11,
        1.952011197345676e-11,
        2.7792483301120927e-11,
        3.0519412861068094e-11,
        3.033513465508239e-11,
        3.3263182947403306e-11,
        1.7280021933550178e-11,
        3.7397169716861533e-11,
        2.4860152567376148e-11,
        1.9040988755314542e-11,
        3.480085660084932e-11,
        3.113037208575049e-11,
        1.7338268560000396e-11,
        1.8304270369274593e-11,
        1.981193978288458e-11,
        4.3576152056919644e-11,
        2.933882204406666e-11,
        7.130122101846948e-12
      ],
      "confidence": 0.7
    }
  ]
}