{
  "chunk": 3036,
  "total_chunks": 3600,
  "patterns_found": 2,
  "start_time": 3035.00084305579,
  "end_time": 3035.99984333329,
  "patterns": [
    {
      "type": "spike",
      "count": 24,
      "times": [
        3035.0028430563457,
        3035.004843056901,
        3035.007843057734,
        3035.00984305829,
        3035.0198430610676,
        3035.0338430649567,
        3035.0388430663456,
        3035.040843066901,
        3035.0438430677345,
        3035.0488430691234,
        3035.0608430724565,
        3035.0718430755123,
        3035.0798430777345,
        3035.90984330829,
        3035.958843321901,
        3035.96384332329,
        3035.9658433238455,
        3035.9708433252345,
        3035.9748433263453,
        3035.979843327734,
        3035.982843328568,
        3035.989843330512,
        3035.9918433310677,
        3035.995843332179
      ],
      "amplitudes": [
        0.001067512145516414,
        0.001095554093833535,
        0.0010671522992510127,
        0.001073517971179418,
        0.0011659410786148154,
        0.0010716966266368195,
        0.0011214436274396644,
        0.0010677614755337987,
        0.001062355861251189,
        0.0011403080728489472,
        0.0011341246698358385,
        0.0010917800802201188,
        0.0010932277451197615,
        0.001061154748852176,
        0.001069186867024167,
        0.0010647861719633026,
        0.0010622134857279,
        0.001112798673787719,
        0.0011924375030548332,
        0.0011977567235640044,
        0.0014124777892606188,
        0.0010902765818867732,
        0.0010773055978594765,
        0.0010623846849496124
      ],
      "confidence": 0.8
    },
    {
      "type": "oscillation",
      "frequencies": [
        3.906248915626821,
        11.718746746880463,
        27.343742409387747,
        42.96873807189503,
        50.781235903148676,
        74.21872939690961,
        85.93747614379006,
        93.7499739750437,
        101.56247180629735,
        121.09371638443146,
        132.81246313131192,
        148.43745879381922,
        164.0624544563265,
        171.87495228758013,
        183.5936990344606,
        203.1249436125947,
        230.46868602198245,
        246.09368168448972,
        261.718677346997,
        281.2499219251311,
        292.9686686720116,
        304.68741541889204,
        324.2186599970262,
        339.84365565953345,
        347.65615349078706,
        355.4686513220407,
        367.1873980689212,
        394.53114047830894,
        410.1561361408162,
        425.7811318033235,
        437.49987855020396,
        449.21862529708443,
        460.9373720439649,
        480.46861662209903,
        492.18736336897945
      ],
      "power": [
        3.129956001919808e-10,
        4.2283342354397086e-11,
        2.7948308548115672e-11,
        2.6417768919660664e-11,
        2.3408944036831407e-11,
        2.1460246128881973e-11,
        2.7099237901976647e-11,
        2.321071834524533e-11,
        3.1075622413609626e-11,
        2.2679542420351215e-11,
        2.2895747373375774e-11,
        2.9771257032358646e-11,
        1.579655538849811e-11,
        2.8922241110398455e-11,
        3.243368623270876e-11,
        2.693824110162648e-11,
        4.3990191798347916e-11,
        2.81471453793887e-11,
        4.132357191656802e-11,
        1.6339201059212034e-11,
        2.7050813059513597e-11,
        1.8400817497035332e-11,
        3.106004323939428e-11,
        2.1804162241953774e-11,
        2.5565415613727562e-11,
        3.038914621278771e-11,
        3.093568972458481e-11,
        4.9883689377012415e-11,
        4.2059045148471055e-11,
        3.91245689176744e-11,
        2.6517605443779535e-11,
        1.67553600569955e-11,
        3.089704290835903e-11,
        2.5173569025811865e-11,
        3.2022012777030004e-11
      ],
      "confidence": 0.7
    }
  ]
}