{
  "chunk": 1786,
  "total_chunks": 3600,
  "patterns_found": 2,
  "start_time": 1785.0004958334712,
  "end_time": 1785.9994961109712,
  "patterns": [
    {
      "type": "spike",
      "count": 16,
      "times": [
        1785.001495833749,
        1785.0044958345823,
        1785.0084958356933,
        1785.0114958365268,
        1785.0184958384712,
        1785.0224958395822,
        1785.0254958404157,
        1785.0444958456933,
        1785.0574958493046,
        1785.0754958543046,
        1785.1174958659713,
        1785.9274960909713,
        1785.964496101249,
        1785.9764961045823,
        1785.9884961079156,
        1785.996496110138
      ],
      "amplitudes": [
        0.0010926527301777609,
        0.001164685119045286,
        0.0011266440131378246,
        0.0010525086576926737,
        0.0011034093358587534,
        0.001073189943175168,
        0.0012138753002917768,
        0.001057428309243492,
        0.0011143023490137313,
        0.001166542734821058,
        0.0010809088968971163,
        0.0010845296723340958,
        0.0011032330698989238,
        0.001062346291645151,
        0.0012038008395508341,
        0.0010950244093122935
      ],
      "confidence": 0.8
    },
    {
      "type": "oscillation",
      "frequencies": [
        3.906248914738643,
        23.43749348843186,
        58.59373372107965,
        78.12497829477286,
        93.74997395372743,
        117.1874674421593,
        148.43745876006844,
        156.24995658954572,
        171.8749522485003,
        187.49994790745487,
        214.8436903106254,
        234.3749348843186,
        261.7186772874891,
        277.3436729464437,
        296.8749175201369,
        316.4061620938301,
        324.21865992330737,
        335.9374066675233,
        343.7499044970006,
        363.2811490706938,
        374.99989581490973,
        386.71864255912567,
        394.531140388603,
        410.15613604755754,
        425.7811317065121,
        433.5936295359894,
        445.31237628020534,
        453.1248741096826,
        464.8436208538985,
        476.56236759811446,
        488.2811143423304
      ],
      "power": [
        3.2909890796829406e-10,
        3.3261613498057904e-11,
        2.2539958395765914e-11,
        1.5679900831625395e-11,
        2.434017797787494e-11,
        2.4528239155750386e-11,
        1.8954348980346482e-11,
        2.7517408400043222e-11,
        1.814362723397913e-11,
        3.526867672298242e-11,
        3.7197253202443164e-11,
        1.538352869746357e-11,
        3.565779194656528e-11,
        3.609833388711683e-11,
        3.9322062732769314e-11,
        2.8796133426194142e-11,
        1.988997775071613e-11,
        1.971950873004347e-11,
        2.4187346682662937e-11,
        9.126629228705595e-12,
        1.9562343631819962e-11,
        2.5771453689420594e-11,
        3.531838394685983e-11,
        3.689934423190879e-11,
        2.8269627824068737e-11,
        1.1496276501153941e-11,
        1.673241363386449e-11,
        2.224621569992864e-11,
        1.9686460124505246e-11,
        3.148165449989494e-11,
        1.4191309840262692e-11
      ],
      "confidence": 0.7
    }
  ]
}