{
  "chunk": 2982,
  "total_chunks": 3600,
  "patterns_found": 2,
  "start_time": 2981.000828055786,
  "end_time": 2981.9998283332857,
  "patterns": [
    {
      "type": "spike",
      "count": 18,
      "times": [
        2981.0018280560635,
        2981.003828056619,
        2981.0058280571748,
        2981.008828058008,
        2981.0118280588413,
        2981.0208280613415,
        2981.026828063008,
        2981.0438280677304,
        2981.0558280710634,
        2981.0598280721747,
        2981.0698280749525,
        2981.9298283138414,
        2981.964828323564,
        2981.972828325786,
        2981.977828327175,
        2981.9828283285638,
        2981.9868283296746,
        2981.9978283327305
      ],
      "amplitudes": [
        0.0011419898956079788,
        0.0011575295733377623,
        0.0011093984262667755,
        0.0011166299389167422,
        0.0011607150386277203,
        0.001162085941450242,
        0.001124456427576757,
        0.0010601379190525808,
        0.0010578909465921052,
        0.001099488678164314,
        0.0010456641279266812,
        0.0011244297779772305,
        0.0011316799548012093,
        0.001057600970372853,
        0.0010499171825863376,
        0.0011594716279104687,
        0.0010869789179567884,
        0.0011920104093142323
      ],
      "confidence": 0.8
    },
    {
      "type": "oscillation",
      "frequencies": [
        3.906248915626821,
        19.531244578134107,
        35.15624024064139,
        46.87498698752185,
        66.40623156565596,
        78.12497831253643,
        89.84372505941688,
        105.46872072192417,
        124.99996530005828,
        136.71871204693875,
        152.34370770944602,
        160.15620554069966,
        175.78120120320696,
        187.4999479500874,
        210.93744144384834,
        230.46868602198245,
        242.18743276886292,
        249.99993060011656,
        269.53117517825063,
        285.15617084075797,
        296.87491758763844,
        304.68741541889204,
        316.4061621657725,
        335.93740674390665,
        351.5624024064139,
        371.093646984548,
        390.62489156268214,
        410.1561361408162,
        421.8748828876967,
        433.59362963457716,
        445.3123763814576,
        460.9373720439649,
        472.65611879084537,
        484.37486553772584,
        496.0936122846063
      ],
      "power": [
        3.640180071944283e-10,
        2.2125021572600796e-11,
        3.156965278398012e-11,
        3.065809772530926e-11,
        2.880053456337083e-11,
        2.2621372700860642e-11,
        2.5660951454901737e-11,
        2.632631995381067e-11,
        1.536117460024709e-11,
        1.6472307138176133e-11,
        1.487760585290298e-11,
        1.8236480636221467e-11,
        2.7921050006916152e-11,
        1.3384609661962504e-11,
        3.063111649393473e-11,
        1.8452258998362797e-11,
        2.441243589909807e-11,
        2.984017047605563e-11,
        1.795063116742837e-11,
        1.523531543482187e-11,
        1.9945415789594753e-11,
        1.9977521048931144e-11,
        3.1282977361895215e-11,
        1.6855737594949625e-11,
        2.1183959500570208e-11,
        2.979725004940596e-11,
        1.429239128737406e-11,
        1.9622405889873592e-11,
        2.2225541169511866e-11,
        2.8553533593051872e-11,
        3.830299666170258e-11,
        2.965930892787584e-11,
        2.0609073349948547e-11,
        2.336840068669011e-11,
        2.0678651226354433e-11
      ],
      "confidence": 0.7
    }
  ]
}