{
  "chunk": 199,
  "total_chunks": 3600,
  "patterns_found": 2,
  "start_time": 198.0000550000153,
  "end_time": 198.99905527751537,
  "patterns": [
    {
      "type": "spike",
      "count": 4,
      "times": [
        198.47005513057087,
        198.519055144182,
        198.5320551477931,
        198.5680551577931
      ],
      "amplitudes": [
        0.0017754116976965069,
        0.0017173374763121553,
        0.0017593051286731527,
        0.0017051197772378307
      ],
      "confidence": 0.8
    },
    {
      "type": "oscillation",
      "frequencies": [
        3.906248914960688,
        35.15624023464619,
        50.781235894488944,
        66.4062315543317,
        82.03122721417445,
        97.65622287401719,
        109.37496961889926,
        121.09371636378133,
        144.53120985354545,
        164.0624544283489,
        187.499947918113,
        207.03119249291646,
        214.84369032283783,
        226.56243706771988,
        242.18743272756265,
        249.99993055748402,
        261.7186773023661,
        277.3436729622088,
        304.68741536693364,
        312.499913196855,
        320.3124110267764,
        335.93740668661917,
        343.74990451654054,
        351.5624023464619,
        363.281149091344,
        374.999895836226,
        386.7186425811081,
        406.24988715591155,
        429.68738064567566,
        449.2186252204791,
        460.93737196536114,
        472.6561187102432,
        488.28111437008596
      ],
      "power": [
        3.151306051437163e-10,
        3.016253628272789e-11,
        2.637802971969618e-11,
        3.446378975497063e-11,
        2.799490113434224e-11,
        2.493296132774313e-11,
        4.641045943379519e-11,
        3.0857236087122085e-11,
        4.308015626936143e-11,
        2.2094861937524874e-11,
        1.0624231605168634e-11,
        2.8626896505081416e-11,
        3.219591071481212e-11,
        2.3341698868523385e-11,
        1.5403057441408517e-11,
        1.6693984084994648e-11,
        1.4955683124105954e-11,
        1.79009515300418e-11,
        2.912275505114552e-11,
        2.533379475179843e-11,
        1.9646714201284984e-11,
        3.3947140764118166e-11,
        2.4257876255424937e-11,
        1.6715385108293875e-11,
        2.4351075659191147e-11,
        1.779854389094631e-11,
        1.4504802964654527e-11,
        3.742834243147053e-11,
        5.0429988399755905e-11,
        2.9703424777777913e-11,
        1.6497596185464695e-11,
        1.0772509711685537e-11,
        2.6137933395834893e-11
      ],
      "confidence": 0.7
    }
  ]
}