{
  "chunk": 3290,
  "total_chunks": 3600,
  "patterns_found": 2,
  "start_time": 3289.000913611365,
  "end_time": 3289.999913888865,
  "patterns": [
    {
      "type": "spike",
      "count": 23,
      "times": [
        3289.003913612198,
        3289.006913613032,
        3289.011913614421,
        3289.013913614976,
        3289.023913617754,
        3289.0269136185875,
        3289.0289136191427,
        3289.0359136210873,
        3289.037913621643,
        3289.050913625254,
        3289.0889136358096,
        3289.8529138480317,
        3289.9439138733096,
        3289.9569138769207,
        3289.959913877754,
        3289.9639138788652,
        3289.9759138821983,
        3289.978913883032,
        3289.986913885254,
        3289.98891388581,
        3289.9939138871987,
        3289.996913888032,
        3289.9989138885876
      ],
      "amplitudes": [
        0.0011702100767533327,
        0.0011119798537994677,
        0.0011347736923222607,
        0.0011603995640723512,
        0.0010635397487592157,
        0.0010807880689890903,
        0.0010896494874259527,
        0.001071046122264824,
        0.0010885770282074692,
        0.0011553943659555514,
        0.0010703590040887323,
        0.001058715342680646,
        0.0010637333795617387,
        0.001074213437702272,
        0.0011446254444442108,
        0.0011071582920460553,
        0.0010533731214355654,
        0.001066191661737106,
        0.0011134343945050896,
        0.0010837903641859221,
        0.001071208441250569,
        0.0011265687216247384,
        0.0011563974910342805
      ],
      "confidence": 0.8
    },
    {
      "type": "oscillation",
      "frequencies": [
        3.9062489138504652,
        19.531244569252326,
        27.343742396953257,
        39.06248913850465,
        62.499982621607444,
        78.1249782770093,
        89.8437250185607,
        105.46872067396257,
        113.28121850166349,
        124.99996524321489,
        132.8124630709158,
        144.5312098124672,
        152.34370764016813,
        164.06245438171953,
        175.78120112327093,
        191.4061967786728,
        207.03119243407465,
        214.84369026177558,
        222.65618808947653,
        234.37493483102793,
        246.0936815725793,
        257.8124283141307,
        273.4374239695326,
        289.0624196249344,
        308.5936641941868,
        324.2186598495886,
        335.93740659114,
        347.6561533326914,
        363.28114898809326,
        374.99989572964466,
        382.8123935573456,
        406.24988704044836,
        437.4998783512521,
        457.03112292050446,
        464.84362074820535,
        472.6561185759063,
        484.3748653174577,
        496.0936120590091
      ],
      "power": [
        3.2644979792734857e-10,
        2.7203975673359823e-11,
        3.201095369062883e-11,
        2.511140694168715e-11,
        2.5317799187297345e-11,
        1.532724109334776e-11,
        1.6085462189532098e-11,
        2.7453071935285808e-11,
        1.622165263737503e-11,
        1.6604425270816675e-11,
        2.5175499950924157e-11,
        2.4333240730028742e-11,
        1.3892850811006688e-11,
        9.320318934937306e-12,
        1.437243357357649e-11,
        3.788338115171304e-11,
        1.312744119421205e-11,
        4.2960970595132104e-11,
        2.983937316669399e-11,
        3.052437420912659e-11,
        2.6405404290302822e-11,
        5.090343076716877e-11,
        2.502485835908784e-11,
        3.956916787762476e-11,
        2.3124931931597217e-11,
        2.2629518497345936e-11,
        1.890058561001156e-11,
        1.7816579193919294e-11,
        1.5809616722958065e-11,
        1.788889340763383e-11,
        1.2354438851793991e-11,
        2.9791290438523594e-11,
        2.508552156901507e-11,
        2.4077600612533922e-11,
        2.1308134389273533e-11,
        1.5563275832072274e-11,
        2.923295235085489e-11,
        1.9084469804235348e-11
      ],
      "confidence": 0.7
    }
  ]
}