{
  "chunk": 3307,
  "total_chunks": 3600,
  "patterns_found": 2,
  "start_time": 3306.0009183335887,
  "end_time": 3306.9999186110886,
  "patterns": [
    {
      "type": "spike",
      "count": 3,
      "times": [
        3306.4119184477554,
        3306.439918455533,
        3306.628918508033
      ],
      "amplitudes": [
        0.0017548896522966446,
        0.0018433357901431497,
        0.0016939876039159855
      ],
      "confidence": 0.8
    },
    {
      "type": "oscillation",
      "frequencies": [
        3.906248915626821,
        15.624995662507285,
        31.24999132501457,
        58.59373373440232,
        82.03122722816325,
        93.7499739750437,
        113.28121855317781,
        124.99996530005828,
        140.62496096256555,
        152.34370770944602,
        175.78120120320696,
        183.5936990344606,
        203.1249436125947,
        218.74993927510198,
        234.37493493760928,
        253.9061795157434,
        269.53117517825063,
        292.9686686720116,
        300.78116650326524,
        316.4061621657725,
        328.124908912653,
        335.93740674390665,
        351.5624024064139,
        367.1873980689212,
        386.7186426470553,
        402.3436383095626,
        429.68738071895035,
        449.21862529708443,
        468.74986987521856,
        492.18736336897945
      ],
      "power": [
        3.5360101972291967e-10,
        1.8015687103122734e-11,
        2.5109723323673282e-11,
        5.022351931436208e-11,
        4.0458232374739134e-11,
        3.196725616875812e-11,
        2.66078736441769e-11,
        3.203645431298887e-11,
        2.2323031377636825e-11,
        4.060414984546465e-11,
        2.2686762155421272e-11,
        2.6196578464866253e-11,
        2.0140897738197484e-11,
        2.3531076751424807e-11,
        2.3303353215655126e-11,
        4.6314502985961835e-11,
        4.2369776876311145e-11,
        2.4663248205747965e-11,
        1.6551677546985884e-11,
        2.7779343349568758e-11,
        2.4724318444750938e-11,
        2.463418443107609e-11,
        2.256780350243542e-11,
        1.553714441994328e-11,
        3.160960006145448e-11,
        2.611161665388161e-11,
        2.830908644038374e-11,
        2.7107577888137592e-11,
        2.721727762367683e-11,
        2.2547161948928895e-11
      ],
      "confidence": 0.7
    }
  ]
}