{
  "chunk": 1981,
  "total_chunks": 3600,
  "patterns_found": 2,
  "start_time": 1980.000550000153,
  "end_time": 1980.999550277653,
  "patterns": [
    {
      "type": "spike",
      "count": 9,
      "times": [
        1980.3395500943195,
        1980.3445500957084,
        1980.3685501023751,
        1980.4525501257085,
        1980.4595501276528,
        1980.5145501429306,
        1980.5865501629307,
        1980.6655501848752,
        1980.737550204875
      ],
      "amplitudes": [
        0.0017354337694110175,
        0.0016919586466622944,
        0.0017170593853374852,
        0.0016995076868140488,
        0.0017197848236474114,
        0.0017175574871712885,
        0.0017010120484509388,
        0.0016816744553924264,
        0.001687582603334705
      ],
      "confidence": 0.8
    },
    {
      "type": "oscillation",
      "frequencies": [
        3.906248915626821,
        31.24999132501457,
        46.87498698752185,
        62.49998265002914,
        74.21872939690961,
        93.7499739750437,
        109.37496963755099,
        140.62496096256555,
        156.24995662507285,
        164.0624544563265,
        175.78120120320696,
        183.5936990344606,
        191.40619686571424,
        210.93744144384834,
        226.56243710635562,
        234.37493493760928,
        249.99993060011656,
        265.62492626262383,
        285.15617084075797,
        300.78116650326524,
        312.4999132501457,
        324.2186599970262,
        339.84365565953345,
        347.65615349078706,
        359.37490023766753,
        378.90614481580167,
        394.53114047830894,
        410.1561361408162,
        417.9686339720699,
        429.68738071895035,
        437.49987855020396,
        449.21862529708443,
        468.74986987521856,
        484.37486553772584,
        496.0936122846063
      ],
      "power": [
        3.4730628115936615e-10,
        1.611866650941672e-11,
        2.2563648266335985e-11,
        4.439836983423722e-11,
        2.308019186140436e-11,
        1.6192636411194744e-11,
        2.4811975081276414e-11,
        2.150705156355034e-11,
        2.087316725748938e-11,
        3.029877632947662e-11,
        2.4567436332566513e-11,
        1.610195823319468e-11,
        1.4317066880448695e-11,
        3.789364070539971e-11,
        1.6241177613745036e-11,
        1.4799524832524422e-11,
        1.4102530747488414e-11,
        4.5002505789753964e-11,
        2.7866948542305063e-11,
        1.7328744642253612e-11,
        2.955625416531436e-11,
        2.2530967395461743e-11,
        2.078618048844857e-11,
        2.5434732290115283e-11,
        1.6875308286240985e-11,
        2.4314360882494104e-11,
        2.3791899115510832e-11,
        2.242420058851756e-11,
        2.2480500358739508e-11,
        4.609437326957464e-11,
        1.9519733360611115e-11,
        3.933123707882165e-11,
        1.701169993798235e-11,
        1.821304282731255e-11,
        3.017701546988945e-11
      ],
      "confidence": 0.7
    }
  ]
}