{
  "chunk": 2439,
  "total_chunks": 3600,
  "patterns_found": 2,
  "start_time": 2438.0006772224106,
  "end_time": 2438.9996774999104,
  "patterns": [
    {
      "type": "spike",
      "count": 4,
      "times": [
        2438.3106773085215,
        2438.382677328522,
        2438.478677355188,
        2438.5286773690773
      ],
      "amplitudes": [
        0.0017119799165122213,
        0.0017512964585532035,
        0.001727665643000701,
        0.001716647468314873
      ],
      "confidence": 0.8
    },
    {
      "type": "oscillation",
      "frequencies": [
        3.906248915626821,
        15.624995662507285,
        23.437493493760925,
        39.062489156268214,
        58.59373373440232,
        78.12497831253643,
        85.93747614379006,
        105.46872072192417,
        117.18746746880464,
        140.62496096256555,
        152.34370770944602,
        160.15620554069966,
        175.78120120320696,
        183.5936990344606,
        199.21869469696787,
        222.6561881907288,
        246.09368168448972,
        261.718677346997,
        273.4374240938775,
        285.15617084075797,
        296.87491758763844,
        308.59366433451885,
        324.2186599970262,
        339.84365565953345,
        351.5624024064139,
        363.2811491532944,
        371.093646984548,
        390.62489156268214,
        402.3436383095626,
        414.062385056443,
        425.7811318033235,
        437.49987855020396,
        460.9373720439649,
        476.5623677064722,
        496.0936122846063
      ],
      "power": [
        3.190478757708076e-10,
        3.1791597652934524e-11,
        3.1207373561203017e-11,
        2.3487669100702237e-11,
        3.4138147835767265e-11,
        1.5328271725294774e-11,
        2.4532134485810097e-11,
        4.409913581597248e-11,
        1.798705027514781e-11,
        3.416545686477944e-11,
        1.792760048203842e-11,
        2.6332474549468064e-11,
        2.093863686717877e-11,
        1.7156437189126572e-11,
        4.6536289531651234e-11,
        3.5162396924388724e-11,
        3.377057908982044e-11,
        1.795910540565263e-11,
        1.326276426504303e-11,
        2.135652469407832e-11,
        2.539857825039157e-11,
        2.5085226558932494e-11,
        2.716536281458467e-11,
        3.265982992855299e-11,
        1.858513844412207e-11,
        2.912219949448509e-11,
        2.89793335587104e-11,
        1.9688364637573715e-11,
        2.7618218645507613e-11,
        1.861646782240524e-11,
        2.5597286923023272e-11,
        2.680593034270394e-11,
        2.2640467018650526e-11,
        2.368010549636945e-11,
        3.6712027934269394e-11
      ],
      "confidence": 0.7
    }
  ]
}