{
  "chunk": 3066,
  "total_chunks": 3600,
  "patterns_found": 2,
  "start_time": 3065.0008513891257,
  "end_time": 3065.9998516666255,
  "patterns": [
    {
      "type": "spike",
      "count": 23,
      "times": [
        3065.0018513894033,
        3065.0098513916255,
        3065.013851392737,
        3065.0188513941257,
        3065.020851394681,
        3065.0308513974587,
        3065.03485139857,
        3065.0388513996813,
        3065.0678514077367,
        3065.0768514102365,
        3065.0928514146813,
        3065.920851644681,
        3065.9248516457924,
        3065.9298516471813,
        3065.9378516494035,
        3065.949851652737,
        3065.954851654126,
        3065.9598516555147,
        3065.9638516566256,
        3065.9718516588478,
        3065.974851659681,
        3065.9868516630145,
        3065.99785166607
      ],
      "amplitudes": [
        0.0010628076197059014,
        0.001117854808372267,
        0.0010826679733965704,
        0.001100197200207483,
        0.0011430591871991998,
        0.0010869656453157254,
        0.0010583407877778064,
        0.0010499280924279807,
        0.0010491035180697204,
        0.0010661020867047159,
        0.0010907713924805792,
        0.0011323237409880213,
        0.0010601525092782454,
        0.0010477366904650407,
        0.0011103964744953274,
        0.0010655225779859306,
        0.0011107898924048183,
        0.0010926720059640175,
        0.0010774419444449543,
        0.0011368927128152992,
        0.0011459945712103694,
        0.0011656199829081894,
        0.0011231659139362676
      ],
      "confidence": 0.8
    },
    {
      "type": "oscillation",
      "frequencies": [
        3.906248915626821,
        23.437493493760925,
        35.15624024064139,
        46.87498698752185,
        70.31248048128278,
        78.12497831253643,
        85.93747614379006,
        109.37496963755099,
        121.09371638443146,
        136.71871204693875,
        156.24995662507285,
        167.96870337195332,
        187.4999479500874,
        199.21869469696787,
        214.84369035947518,
        222.6561881907288,
        230.46868602198245,
        242.18743276886292,
        265.62492626262383,
        285.15617084075797,
        292.9686686720116,
        324.2186599970262,
        339.84365565953345,
        363.2811491532944,
        371.093646984548,
        386.7186426470553,
        402.3436383095626,
        421.8748828876967,
        437.49987855020396,
        468.74986987521856,
        476.5623677064722,
        488.28111445335264,
        496.0936122846063
      ],
      "power": [
        3.6005821955334643e-10,
        3.149221976098846e-11,
        2.5508350294427897e-11,
        3.771455914680657e-11,
        3.808729870422936e-11,
        1.8713011704716312e-11,
        2.1000450194650213e-11,
        2.353990895866277e-11,
        2.7838894246150406e-11,
        2.334317918470731e-11,
        4.282708701556928e-11,
        3.148242613868881e-11,
        1.3046482178893582e-11,
        2.6767453315441225e-11,
        3.8244081248420134e-11,
        1.3665174326731409e-11,
        1.899134869054092e-11,
        2.4788959949867048e-11,
        1.9855496589885237e-11,
        2.8321340946911837e-11,
        2.514302033146788e-11,
        5.874156377124289e-11,
        3.1982150192378684e-11,
        1.739585000130854e-11,
        2.587520569709731e-11,
        2.958784999860851e-11,
        3.162421363976089e-11,
        2.8214634609570365e-11,
        2.6163506635523974e-11,
        3.025918795702237e-11,
        1.6525864882957285e-11,
        1.8943097985882272e-11,
        2.0685564657277892e-11
      ],
      "confidence": 0.7
    }
  ]
}