{
  "chunk": 2341,
  "total_chunks": 3600,
  "patterns_found": 2,
  "start_time": 2340.0006500001805,
  "end_time": 2340.9996502776808,
  "patterns": [
    {
      "type": "spike",
      "count": 10,
      "times": [
        2340.269650074903,
        2340.386650107403,
        2340.4156501154584,
        2340.4346501207365,
        2340.444650123514,
        2340.485650134903,
        2340.4936501371253,
        2340.544650151292,
        2340.5946501651806,
        2340.6486501801805
      ],
      "amplitudes": [
        0.001705320174454347,
        0.0016995985591848903,
        0.0016892794242486622,
        0.001757171053083664,
        0.0017275400435584295,
        0.0017944765639709675,
        0.001757172640240649,
        0.0017108385950990491,
        0.0016885338677018042,
        0.0017626236845006671
      ],
      "confidence": 0.8
    },
    {
      "type": "oscillation",
      "frequencies": [
        3.9062489138504652,
        15.624995655401861,
        35.156240224654184,
        54.68748479390651,
        66.4062315354579,
        74.21872936315884,
        93.74997393241117,
        101.56247176011209,
        117.18746741551396,
        132.8124630709158,
        144.5312098124672,
        164.06245438171953,
        191.4061967786728,
        207.03119243407465,
        222.65618808947653,
        230.46868591717745,
        246.0936815725793,
        257.8124283141307,
        273.4374239695326,
        289.0624196249344,
        308.5936641941868,
        324.2186598495886,
        332.03115767728957,
        339.84365550499047,
        359.3749000742428,
        371.0936468157942,
        382.8123935573456,
        402.3436381265979,
        417.96863378199976,
        445.31237617895306,
        453.12487400665395,
        468.74986966205586,
        484.3748653174577,
        496.0936120590091
      ],
      "power": [
        2.904970248617214e-10,
        2.8062051331156022e-11,
        2.955825201639166e-11,
        2.0759757230057255e-11,
        2.262097205211123e-11,
        2.592142139933607e-11,
        3.797364389019205e-11,
        3.115395968878039e-11,
        2.6615208213341703e-11,
        1.6894372388143445e-11,
        2.8700659558045998e-11,
        3.8131430433008145e-11,
        1.6881831255352863e-11,
        3.8348718665356845e-11,
        2.0213549283753573e-11,
        2.084068305335108e-11,
        2.3907844053522577e-11,
        2.766290342012662e-11,
        2.4792131105760167e-11,
        2.0199843408973264e-11,
        2.0961205038469345e-11,
        3.1011086441640775e-11,
        2.5961610582443165e-11,
        3.542694315461156e-11,
        1.2938314878233056e-11,
        3.4940386083309684e-11,
        2.2749457941645532e-11,
        6.06975908367098e-11,
        2.7302901864197277e-11,
        3.2836892453320756e-11,
        3.724226463698072e-11,
        4.461784506274182e-11,
        2.9929018527129837e-11,
        4.097648564179766e-11
      ],
      "confidence": 0.7
    }
  ]
}