{
  "chunk": 2078,
  "total_chunks": 3600,
  "patterns_found": 2,
  "start_time": 2077.0005769446047,
  "end_time": 2077.999577222105,
  "patterns": [
    {
      "type": "spike",
      "count": 21,
      "times": [
        2077.0055769459937,
        2077.0075769465493,
        2077.012576947938,
        2077.022576950716,
        2077.0295769526606,
        2077.032576953494,
        2077.039576955438,
        2077.0435769565493,
        2077.0525769590495,
        2077.071576964327,
        2077.0965769712716,
        2077.9145771984936,
        2077.934577204049,
        2077.9425772062714,
        2077.9465772073827,
        2077.972577214605,
        2077.975577215438,
        2077.9835772176602,
        2077.988577219049,
        2077.993577220438,
        2077.9955772209937
      ],
      "amplitudes": [
        0.0011151143249112875,
        0.001115021709530351,
        0.0010502959349345167,
        0.0010503585567145782,
        0.0011659590087394831,
        0.0011033185013331098,
        0.0010877237207896477,
        0.0010626080112218898,
        0.0010894144130260805,
        0.0010919335096528158,
        0.0010518229593804588,
        0.0010487987072250512,
        0.0010830079404779251,
        0.0010513617221323494,
        0.0010644374065136282,
        0.001116218438883146,
        0.0012221940541689703,
        0.0011118541735472877,
        0.0011061646926525952,
        0.0011695833746714179,
        0.0011074777285335808
      ],
      "confidence": 0.8
    },
    {
      "type": "oscillation",
      "frequencies": [
        3.9062489138504652,
        27.343742396953257,
        35.156240224654184,
        46.87498696620558,
        62.499982621607444,
        82.03122719085977,
        105.46872067396257,
        128.90621415706536,
        152.34370764016813,
        160.15620546786909,
        167.96870329557,
        179.6874500371214,
        199.21869460637373,
        210.93744134792513,
        230.46868591717745,
        238.28118374487838,
        249.99993048642978,
        265.6249261418316,
        277.343672883383,
        292.96866853878487,
        300.7811663664858,
        312.4999131080372,
        335.93740659114,
        355.4686511603923,
        371.0936468157942,
        378.9061446434951,
        394.531140298897,
        402.3436381265979,
        414.0623848681493,
        429.68738052355116,
        453.12487400665395,
        468.74986966205586,
        484.3748653174577,
        496.0936120590091
      ],
      "power": [
        3.6507081275046394e-10,
        4.020137923756305e-11,
        3.1401167061177294e-11,
        3.1415078257335335e-11,
        2.8259014668695018e-11,
        2.7934019545570008e-11,
        2.2706916263408514e-11,
        2.8511650167119897e-11,
        3.6230966378428677e-11,
        2.010349700027639e-11,
        2.601761688584722e-11,
        2.1972796799116673e-11,
        3.888164852539977e-11,
        3.200184347349416e-11,
        1.6156633808470463e-11,
        1.82993051745957e-11,
        1.832479293956555e-11,
        2.0714196145564718e-11,
        2.8472065058986627e-11,
        3.113234114501377e-11,
        1.905908030359396e-11,
        2.1894998254159432e-11,
        3.001689108917597e-11,
        2.2637335826337426e-11,
        2.252447977532134e-11,
        2.9906824243452417e-11,
        2.4665321131037675e-11,
        1.8434448047291745e-11,
        3.527137941609532e-11,
        2.7541037296982035e-11,
        3.262010691142527e-11,
        3.8694955219450126e-11,
        1.4662764187579612e-11,
        1.946733178591561e-11
      ],
      "confidence": 0.7
    }
  ]
}