{
  "chunk": 2908,
  "total_chunks": 3600,
  "patterns_found": 2,
  "start_time": 2907.0008075002243,
  "end_time": 2907.9998077777245,
  "patterns": [
    {
      "type": "spike",
      "count": 26,
      "times": [
        2907.003807501058,
        2907.008807502447,
        2907.010807503002,
        2907.015807504391,
        2907.0198075055023,
        2907.0228075063355,
        2907.026807507447,
        2907.0308075085577,
        2907.033807509391,
        2907.0498075138357,
        2907.05680751578,
        2907.129807536058,
        2907.86680774078,
        2907.9058077516133,
        2907.9268077574466,
        2907.9428077618913,
        2907.957807766058,
        2907.9688077691135,
        2907.9728077702243,
        2907.97480777078,
        2907.9778077716132,
        2907.9818077727246,
        2907.987807774391,
        2907.9898077749467,
        2907.99280777578,
        2907.998807777447
      ],
      "amplitudes": [
        0.0010561368932417,
        0.0010570524395952514,
        0.0010562442549896954,
        0.0011823946373574173,
        0.0011218559241976016,
        0.0011035010325634493,
        0.0010448062676127587,
        0.0011348140918890186,
        0.001085786596164351,
        0.001048814047273029,
        0.0010762698696077733,
        0.0010879809584131324,
        0.001055000379336251,
        0.0010518907271374455,
        0.0010751742820094053,
        0.0010575244785952956,
        0.0010801545440547412,
        0.0011608453314846418,
        0.0011463817911452285,
        0.0010637881066642807,
        0.0010962603325103536,
        0.0011535041987568446,
        0.0010718312782659475,
        0.0010930513364058477,
        0.0010618429903099323,
        0.0010585631827800211
      ],
      "confidence": 0.8
    },
    {
      "type": "oscillation",
      "frequencies": [
        3.9062489138504652,
        23.43749348310279,
        35.156240224654184,
        66.4062315354579,
        74.21872936315884,
        85.93747610471024,
        101.56247176011209,
        121.09371632936443,
        136.7187119847663,
        148.4374587263177,
        160.15620546786909,
        175.78120112327093,
        191.4061967786728,
        210.93744134792513,
        222.65618808947653,
        242.18743265872885,
        257.8124283141307,
        273.4374239695326,
        285.156170711084,
        296.8749174526354,
        308.5936641941868,
        320.31241093573817,
        332.03115767728957,
        351.56240224654186,
        363.28114898809326,
        390.6248913850465,
        402.3436381265979,
        421.87488269585026,
        437.4998783512521,
        449.2186250928035,
        464.84362074820535,
        476.56236748975675,
        484.3748653174577,
        492.1873631451586
      ],
      "power": [
        2.683152812152434e-10,
        3.4410349108306126e-11,
        2.969003703413467e-11,
        2.3833361935764574e-11,
        1.4097757271955166e-11,
        2.630016392521108e-11,
        1.577079517121976e-11,
        2.6534532899997028e-11,
        2.69895714746606e-11,
        3.856375734954326e-11,
        2.5307251511925764e-11,
        2.9710915645332185e-11,
        1.63885003982972e-11,
        2.4375548533771532e-11,
        2.2736585335233367e-11,
        1.466677939816804e-11,
        1.634515843736588e-11,
        3.0968346068846765e-11,
        2.177917897171722e-11,
        3.469347505630547e-11,
        2.161446821184279e-11,
        1.799398988241076e-11,
        3.008178321744656e-11,
        1.742349216054225e-11,
        4.6237301017909345e-11,
        1.89069465135503e-11,
        3.271796306761751e-11,
        2.42772840440004e-11,
        2.0548646749062402e-11,
        3.1032937891365935e-11,
        2.2869707362144625e-11,
        2.6751736205332764e-11,
        2.1492863553470722e-11,
        2.7718661550072627e-11
      ],
      "confidence": 0.7
    }
  ]
}