{
  "chunk": 2325,
  "total_chunks": 3600,
  "patterns_found": 2,
  "start_time": 2324.000645555735,
  "end_time": 2324.9996458332353,
  "patterns": [
    {
      "type": "spike",
      "count": 10,
      "times": [
        2324.316645643513,
        2324.445645679346,
        2324.4766456879574,
        2324.482645689624,
        2324.509645697124,
        2324.521645700457,
        2324.5466457074017,
        2324.567645713235,
        2324.5966457212908,
        2324.609645724902
      ],
      "amplitudes": [
        0.0018126954568528468,
        0.0017562203192127985,
        0.0016983046495043573,
        0.00169629262072964,
        0.0017064781763528377,
        0.001702858545538266,
        0.0017347552583117745,
        0.0017117892975131747,
        0.001762090175962796,
        0.0017877705034661925
      ],
      "confidence": 0.8
    },
    {
      "type": "oscillation",
      "frequencies": [
        3.906248915626821,
        19.531244578134107,
        39.062489156268214,
        50.781235903148676,
        58.59373373440232,
        70.31248048128278,
        78.12497831253643,
        89.84372505941688,
        97.65622289067053,
        105.46872072192417,
        117.18746746880464,
        128.9062142156851,
        140.62496096256555,
        156.24995662507285,
        167.96870337195332,
        187.4999479500874,
        203.1249436125947,
        214.84369035947518,
        226.56243710635562,
        238.2811838532361,
        253.9061795157434,
        277.3436730095043,
        292.9686686720116,
        304.68741541889204,
        324.2186599970262,
        343.74990457516026,
        359.37490023766753,
        367.1873980689212,
        386.7186426470553,
        398.43738939393575,
        410.1561361408162,
        437.49987855020396,
        449.21862529708443,
        468.74986987521856,
        480.46861662209903,
        492.18736336897945
      ],
      "power": [
        3.2830016835533827e-10,
        1.9894824680778395e-11,
        2.5918741760979645e-11,
        1.899784986724487e-11,
        2.229827326685817e-11,
        2.467469573739274e-11,
        3.66250504917483e-11,
        2.950283061067575e-11,
        2.8739756398227194e-11,
        2.564291645035126e-11,
        3.3847727140304305e-11,
        1.6337512815421174e-11,
        3.122476083026451e-11,
        2.5311972205001362e-11,
        1.831747859700696e-11,
        2.8091091729701846e-11,
        1.882121679582324e-11,
        2.0453882622812368e-11,
        2.1952161276240623e-11,
        2.8270535336513425e-11,
        2.1638298655372694e-11,
        1.9155698551835903e-11,
        2.165538279083341e-11,
        1.1819335278448951e-11,
        4.04260402883912e-11,
        3.190482214338099e-11,
        1.862429681335131e-11,
        2.184084115523905e-11,
        3.291841643764587e-11,
        2.1839191147400917e-11,
        2.951787428609056e-11,
        2.0591255741743383e-11,
        1.4762459750455204e-11,
        1.9347628685271714e-11,
        2.3807766010926945e-11,
        1.4777245912237823e-11
      ],
      "confidence": 0.7
    }
  ]
}