{
  "chunk": 50,
  "total_chunks": 3600,
  "patterns_found": 2,
  "start_time": 49.000013611114895,
  "end_time": 49.999013888614975,
  "patterns": [
    {
      "type": "spike",
      "count": 21,
      "times": [
        49.00101361139267,
        49.00801361333712,
        49.01401361500378,
        49.01601361555934,
        49.0180136161149,
        49.020013616670454,
        49.02401361778156,
        49.02901361917045,
        49.03501362083712,
        49.040013622226006,
        49.04401362333712,
        49.056013626670456,
        49.06201362833712,
        49.86901385250385,
        49.956013876670525,
        49.97401388167052,
        49.98101388361497,
        49.98601388500386,
        49.99001388611497,
        49.99201388667053,
        49.99701388805941
      ],
      "amplitudes": [
        0.0011269416319492568,
        0.0010599193784752766,
        0.001111623576051156,
        0.0011799663297817845,
        0.0010620766415587969,
        0.0012120507483905434,
        0.001064222378669693,
        0.001058486209517902,
        0.0010795281465541973,
        0.0010721908516676414,
        0.0011020457907588755,
        0.0011198879260632618,
        0.0010850385121458342,
        0.0010645132581666057,
        0.0010856617709937497,
        0.001073689860280169,
        0.001077410305002081,
        0.0012294796142229651,
        0.0011256919988530904,
        0.001067448754370351,
        0.0010632047982876603
      ],
      "confidence": 0.8
    },
    {
      "type": "oscillation",
      "frequencies": [
        3.9062489149329322,
        23.437493489597593,
        46.874986979195185,
        74.21872938372572,
        85.93747612852451,
        97.6562228733233,
        105.46872070318918,
        128.90621419278676,
        140.62496093758557,
        156.2499565973173,
        167.9687033421161,
        191.4061968317137,
        199.21869466157955,
        210.93744140637835,
        222.65618815117713,
        234.37493489597594,
        249.99993055570766,
        261.71867730050644,
        273.43742404530525,
        285.15617079010406,
        304.6874153647687,
        332.0311577692992,
        343.74990451409803,
        351.5624023439639,
        363.2811490887627,
        378.90614474849446,
        390.6248914932932,
        406.24988715302493,
        421.8748828127567,
        429.68738064262254,
        445.31237630235427,
        453.12487413222016,
        468.7498697919519,
        476.5623676218177,
        488.2811143666165,
        496.0936121964824
      ],
      "power": [
        3.2954953575003786e-10,
        2.9051267352312502e-11,
        2.9566173291491574e-11,
        2.3036818941940084e-11,
        3.264370795378033e-11,
        2.8524729733916233e-11,
        3.189986588200845e-11,
        2.7722808622443677e-11,
        1.345779038719043e-11,
        2.8779469689713654e-11,
        3.110884961150516e-11,
        3.861168576432666e-11,
        3.043550385182495e-11,
        3.673378044193686e-11,
        2.9757099193566365e-11,
        2.4532718313181553e-11,
        2.2013020614734622e-11,
        1.7672016456102436e-11,
        1.9582911681089687e-11,
        2.955243855272336e-11,
        2.4342360486872853e-11,
        3.0178198119320545e-11,
        3.793797432539556e-11,
        2.5254362595970087e-11,
        1.966027455690077e-11,
        3.362622135994053e-11,
        2.9763168337107386e-11,
        1.3280274598129507e-11,
        1.64480458760319e-11,
        2.02732214382152e-11,
        2.5384890944701044e-11,
        3.170198381601121e-11,
        2.033275717651108e-11,
        2.2794330469483955e-11,
        2.2295705696520787e-11,
        2.0088905116697603e-11
      ],
      "confidence": 0.7
    }
  ]
}