{
  "chunk": 2001,
  "total_chunks": 3600,
  "patterns_found": 2,
  "start_time": 2000.00055555571,
  "end_time": 2000.99955583321,
  "patterns": [
    {
      "type": "spike",
      "count": 12,
      "times": [
        2000.3705556584878,
        2000.4105556695988,
        2000.4165556712655,
        2000.4385556773766,
        2000.4525556812655,
        2000.49555569321,
        2000.5015556948767,
        2000.5275557020989,
        2000.5305557029324,
        2000.5375557048767,
        2000.5655557126545,
        2000.6515557365433
      ],
      "amplitudes": [
        0.0017334280814614708,
        0.0017257963438761137,
        0.0016935345567469806,
        0.0017229025310312343,
        0.001740339061920734,
        0.0017128505340061584,
        0.0016998881442943838,
        0.0017032501242379365,
        0.0016879630325139152,
        0.0017226863436461287,
        0.0017217570822893838,
        0.0016876442640611227
      ],
      "confidence": 0.8
    },
    {
      "type": "oscillation",
      "frequencies": [
        3.906248914738643,
        19.531244573693215,
        31.249991317909146,
        39.06248914738643,
        50.781235891602364,
        58.59373372107965,
        70.31248046529558,
        82.03122720951151,
        97.65622286846607,
        109.37496961268201,
        124.99996527163658,
        144.5312098453298,
        160.15620550428437,
        171.8749522485003,
        191.40619682219352,
        214.8436903106254,
        230.46868596957995,
        246.0936816285345,
        261.7186772874891,
        273.437424031705,
        285.15617077592094,
        300.7811664348755,
        308.5936642643528,
        328.12490883804605,
        347.65615341173924,
        355.46865124121655,
        367.1873979854325,
        378.9061447296484,
        394.531140388603,
        402.34363821808023,
        414.06238496229616,
        437.49987845072803,
        449.21862519494397,
        472.65611868337584,
        488.2811143423304
      ],
      "power": [
        3.6536799742128836e-10,
        2.4429264749196608e-11,
        2.8857774845559657e-11,
        1.6292974942429197e-11,
        1.72005975216908e-11,
        1.4874087205062765e-11,
        2.932419639737102e-11,
        3.270611766103343e-11,
        3.903383894185995e-11,
        1.3509959451008929e-11,
        2.1290574682228477e-11,
        2.1336884142575056e-11,
        2.085590952619251e-11,
        2.5602517714326804e-11,
        3.539710488120136e-11,
        2.3514031821210018e-11,
        1.7401384796204114e-11,
        2.4834643729227915e-11,
        2.8189833942241234e-11,
        3.13419708013866e-11,
        3.38732902088539e-11,
        1.8906792510908017e-11,
        2.1460870717722843e-11,
        3.548792291503162e-11,
        2.234588382265504e-11,
        2.3000381166424547e-11,
        2.3092261414335855e-11,
        2.2874552611242188e-11,
        3.811940526885335e-11,
        1.5942477096816486e-11,
        1.3013742415309313e-11,
        2.262399410442982e-11,
        3.549301886696583e-11,
        2.6650611767933714e-11,
        1.9979123957926547e-11
      ],
      "confidence": 0.7
    }
  ]
}