{
  "chunk": 1230,
  "total_chunks": 3600,
  "patterns_found": 2,
  "start_time": 1229.0003413889838,
  "end_time": 1229.9993416664838,
  "patterns": [
    {
      "type": "spike",
      "count": 18,
      "times": [
        1229.003341389817,
        1229.0113413920394,
        1229.0223413950948,
        1229.0253413959283,
        1229.044341401206,
        1229.0483414023172,
        1229.072341408984,
        1229.1183414217617,
        1229.913341642595,
        1229.9323416478728,
        1229.935341648706,
        1229.9563416545393,
        1229.9643416567617,
        1229.967341657595,
        1229.9723416589839,
        1229.9863416628727,
        1229.9953416653727,
        1229.9973416659284
      ],
      "amplitudes": [
        0.0012041644673430835,
        0.0012853610191040268,
        0.001075992218646459,
        0.0011229618700351299,
        0.0010618633561833486,
        0.0011191951060261218,
        0.001066621457644061,
        0.0010681873815761949,
        0.0010581605496730033,
        0.0011557062042752602,
        0.0010972809200977057,
        0.0010557468566947334,
        0.0010829453771292131,
        0.0011011969380773472,
        0.0010915530891458874,
        0.0010546173439013478,
        0.0010832997664768208,
        0.0010655924420972442
      ],
      "confidence": 0.8
    },
    {
      "type": "oscillation",
      "frequencies": [
        3.906248914738643,
        23.43749348843186,
        42.96873806212508,
        50.781235891602364,
        66.40623155055694,
        74.21872938003422,
        85.93747612425015,
        101.56247178320473,
        128.90621418637522,
        140.62496093059116,
        160.15620550428437,
        179.6874500779776,
        195.31244573693215,
        207.03119248114808,
        222.65618814010267,
        238.28118379905723,
        246.0936816285345,
        257.81242837275045,
        265.62492620222775,
        281.2499218611823,
        304.6874153496142,
        316.4061620938301,
        328.12490883804605,
        351.56240232647787,
        359.3749001559552,
        374.99989581490973,
        382.81239364438704,
        398.4373893033416,
        414.06238496229616,
        421.8748827917735,
        433.5936295359894,
        449.21862519494397,
        457.0311230244213,
        468.7498697686372,
        484.37486542759177
      ],
      "power": [
        2.776974341699133e-10,
        3.544530307730189e-11,
        1.9281045882301753e-11,
        1.539685412794404e-11,
        2.2566425719163142e-11,
        1.8128738637109066e-11,
        5.554744607807295e-11,
        3.328313031525282e-11,
        3.28652827179082e-11,
        4.2179711428025414e-11,
        4.6255441751421514e-11,
        1.9084798565765477e-11,
        1.674871658424938e-11,
        2.5491671516522438e-11,
        3.5505463490978824e-11,
        3.1466736408561686e-11,
        2.7096824778534147e-11,
        2.0994175351333846e-11,
        3.1762106432283887e-11,
        2.459811293273322e-11,
        2.298687293335891e-11,
        1.2234057335624613e-11,
        3.362633310127606e-11,
        1.569512088841719e-11,
        1.3103084274460676e-11,
        1.7385370909329622e-11,
        2.922942208970958e-11,
        1.653747445806695e-11,
        2.3668541246563175e-11,
        2.3182634159188004e-11,
        2.6125995384106574e-11,
        3.0208869906749944e-11,
        3.569213006803081e-11,
        4.026043358018302e-11,
        1.2994687626434074e-11
      ],
      "confidence": 0.7
    }
  ]
}