{
  "chunk": 2242,
  "total_chunks": 3600,
  "patterns_found": 2,
  "start_time": 2241.000622500173,
  "end_time": 2241.9996227776733,
  "patterns": [
    {
      "type": "spike",
      "count": 15,
      "times": [
        2241.0026225007286,
        2241.0076225021176,
        2241.0116225032284,
        2241.0306225085064,
        2241.0406225112843,
        2241.045622512673,
        2241.099622527673,
        2241.109622530451,
        2241.946622762951,
        2241.9626227673953,
        2241.9656227682285,
        2241.9796227721176,
        2241.9836227732285,
        2241.9946227762844,
        2241.9976227771176
      ],
      "amplitudes": [
        0.0011300312962930895,
        0.001073524301633089,
        0.001135932755174954,
        0.001136040370771353,
        0.001136742196662655,
        0.001076408476012166,
        0.0011002960894296787,
        0.0010552748996900522,
        0.0010700871953080472,
        0.0011530187545224053,
        0.00114775408964828,
        0.0011017419969606883,
        0.001088375635300801,
        0.001086755331646998,
        0.0010931022664408267
      ],
      "confidence": 0.8
    },
    {
      "type": "oscillation",
      "frequencies": [
        3.906248915626821,
        11.718746746880463,
        42.96873807189503,
        58.59373373440232,
        74.21872939690961,
        93.7499739750437,
        109.37496963755099,
        117.18746746880464,
        124.99996530005828,
        148.43745879381922,
        167.96870337195332,
        191.40619686571424,
        218.74993927510198,
        230.46868602198245,
        249.99993060011656,
        261.718677346997,
        277.3436730095043,
        289.06241975638477,
        304.68741541889204,
        320.3124110813993,
        332.0311578282798,
        351.5624024064139,
        367.1873980689212,
        374.9998959001748,
        394.53114047830894,
        410.1561361408162,
        429.68738071895035,
        441.4061274658308,
        457.0311231283381,
        472.65611879084537,
        484.37486553772584,
        496.0936122846063
      ],
      "power": [
        2.754200930177654e-10,
        4.344417649000443e-11,
        3.038222040064528e-11,
        2.6437328165430445e-11,
        1.9951768147500268e-11,
        3.174427825212646e-11,
        1.6588015491373653e-11,
        1.9177639486803987e-11,
        1.715210242799562e-11,
        3.468217709907248e-11,
        2.7250614568398074e-11,
        3.3955783921278424e-11,
        3.938499179732482e-11,
        2.375402542879723e-11,
        3.9296661080364623e-11,
        2.614892637485402e-11,
        4.3086704451144035e-11,
        5.0094029859395024e-11,
        1.972393259931635e-11,
        3.334527310297815e-11,
        4.5167102831556564e-11,
        1.888143269338745e-11,
        2.4338307149893488e-11,
        2.976517137556735e-11,
        1.1685679384367452e-11,
        4.856541394163966e-11,
        2.1338849390794752e-11,
        1.9890048070428368e-11,
        1.757569939339181e-11,
        2.534097241874232e-11,
        2.0240101508366308e-11,
        8.512121774084073e-12
      ],
      "confidence": 0.7
    }
  ]
}