{
  "chunk": 2336,
  "total_chunks": 3600,
  "patterns_found": 2,
  "start_time": 2335.0006486112916,
  "end_time": 2335.9996488887914,
  "patterns": [
    {
      "type": "spike",
      "count": 17,
      "times": [
        2335.0046486124024,
        2335.0096486137913,
        2335.019648616569,
        2335.0236486176805,
        2335.0256486182357,
        2335.029648619347,
        2335.0316486199026,
        2335.0826486340693,
        2335.9306488696247,
        2335.934648870736,
        2335.951648875458,
        2335.956648876847,
        2335.980648883514,
        2335.9866488851803,
        2335.9906488862916,
        2335.992648886847,
        2335.998648888514
      ],
      "amplitudes": [
        0.0010521977418941834,
        0.0011896178055727446,
        0.0012091634347336409,
        0.0011098901161165989,
        0.0011901622544587334,
        0.0011702700616656686,
        0.0011371343216009875,
        0.0011324359383224863,
        0.0010907556472018192,
        0.0011795124634685714,
        0.0011010211710045623,
        0.0012228732854421636,
        0.0010804684569897635,
        0.0011538354352605051,
        0.0011079351911886417,
        0.0011171764460533216,
        0.0010884123073875568
      ],
      "confidence": 0.8
    },
    {
      "type": "oscillation",
      "frequencies": [
        3.906248915626821,
        11.718746746880463,
        23.437493493760925,
        35.15624024064139,
        46.87498698752185,
        66.40623156565596,
        82.03122722816325,
        89.84372505941688,
        109.37496963755099,
        128.9062142156851,
        136.71871204693875,
        156.24995662507285,
        175.78120120320696,
        191.40619686571424,
        207.0311925282215,
        214.84369035947518,
        226.56243710635562,
        238.2811838532361,
        253.9061795157434,
        261.718677346997,
        269.53117517825063,
        277.3436730095043,
        296.87491758763844,
        308.59366433451885,
        320.3124110813993,
        335.93740674390665,
        347.65615349078706,
        371.093646984548,
        390.62489156268214,
        406.2498872251894,
        433.59362963457716,
        441.4061274658308,
        453.12487421271123,
        460.9373720439649,
        480.46861662209903,
        492.18736336897945
      ],
      "power": [
        2.79051139326267e-10,
        1.953041803869042e-11,
        2.1939074315444046e-11,
        2.5578690568693444e-11,
        3.6217899121169404e-11,
        2.3889229324305254e-11,
        2.7159761295508307e-11,
        2.1335326996850207e-11,
        2.6344529818733344e-11,
        1.576905806846706e-11,
        9.765537170051646e-12,
        3.282439605075872e-11,
        2.628524645905751e-11,
        2.961828352435523e-11,
        2.6175316954506396e-11,
        2.5518794543753875e-11,
        2.2578250610144846e-11,
        9.600516323833232e-12,
        2.8904894247457074e-11,
        3.515344454343039e-11,
        2.3429200429052322e-11,
        2.0961235384533678e-11,
        2.7440181642985487e-11,
        3.395388549515616e-11,
        3.058972451398479e-11,
        3.221690904195286e-11,
        2.0490509135375505e-11,
        3.498370544809899e-11,
        3.1602328613102e-11,
        1.2523518834250778e-11,
        4.0433615359382966e-11,
        1.5631074870100638e-11,
        3.13574425841713e-11,
        2.6376893058571732e-11,
        2.817348119232278e-11,
        1.5867041312049912e-11
      ],
      "confidence": 0.7
    }
  ]
}