{
  "chunk": 2728,
  "total_chunks": 3600,
  "patterns_found": 2,
  "start_time": 2727.0007575002105,
  "end_time": 2727.999757777711,
  "patterns": [
    {
      "type": "spike",
      "count": 21,
      "times": [
        2727.0037575010438,
        2727.0107575029883,
        2727.0147575040996,
        2727.0197575054885,
        2727.022757506322,
        2727.029757508266,
        2727.0367575102105,
        2727.0457575127107,
        2727.0497575138215,
        2727.0587575163217,
        2727.0727575202104,
        2727.0997575277106,
        2727.1077575299328,
        2727.8977577493774,
        2727.948757763544,
        2727.9727577702106,
        2727.9807577724328,
        2727.983757773266,
        2727.9877577743773,
        2727.989757774933,
        2727.992757775766
      ],
      "amplitudes": [
        0.0010540100513633517,
        0.0010918528872255427,
        0.001102660463890248,
        0.001129491204235875,
        0.001112207179344955,
        0.0010971836626621461,
        0.0011153958588436931,
        0.0011286438115218425,
        0.0011098734217131858,
        0.0010953229389015513,
        0.0011072816494590953,
        0.0011530695097795919,
        0.0010920522178082194,
        0.0010997111281635648,
        0.0010675850808601174,
        0.001052694638911164,
        0.0011323002509555716,
        0.001164109700100556,
        0.0011154544925659898,
        0.0010632466933869502,
        0.0011212374897662735
      ],
      "confidence": 0.8
    },
    {
      "type": "oscillation",
      "frequencies": [
        3.9062489138504652,
        23.43749348310279,
        31.249991310803722,
        39.06248913850465,
        46.87498696620558,
        62.499982621607444,
        78.1249782770093,
        97.65622284626163,
        109.37496958781303,
        121.09371632936443,
        128.90621415706536,
        136.7187119847663,
        148.4374587263177,
        156.2499565540186,
        179.6874500371214,
        195.31244569252326,
        207.03119243407465,
        222.65618808947653,
        234.37493483102793,
        253.90617940028025,
        261.7186772279812,
        281.24992179723347,
        289.0624196249344,
        300.7811663664858,
        312.4999131080372,
        324.2186598495886,
        335.93740659114,
        355.4686511603923,
        371.0936468157942,
        378.9061446434951,
        390.6248913850465,
        410.15613595429886,
        421.87488269585026,
        441.40612726510255,
        457.03112292050446,
        472.6561185759063,
        492.1873631451586
      ],
      "power": [
        3.623178043974033e-10,
        2.0684655324737023e-11,
        1.5979596212607902e-11,
        2.1770041114848e-11,
        2.2181479729858508e-11,
        3.7690183444162744e-11,
        2.048751193112156e-11,
        3.053479314444597e-11,
        2.8683631705330243e-11,
        3.056238754079449e-11,
        2.8239313607971377e-11,
        2.1637269486199722e-11,
        2.4213210053485642e-11,
        1.8090233009319276e-11,
        2.4084277941881696e-11,
        1.8825009318159577e-11,
        4.100998988108014e-11,
        2.3986167735726636e-11,
        2.070927907638123e-11,
        5.733800424312041e-11,
        3.151311872943387e-11,
        2.182165747449324e-11,
        2.8337939194992034e-11,
        3.538927430971899e-11,
        2.9356450814460386e-11,
        1.1930305949903566e-11,
        2.1885130609477646e-11,
        2.7395727751587742e-11,
        2.1288243638530582e-11,
        2.08986617489925e-11,
        3.8500344345001454e-11,
        2.5551897903065818e-11,
        4.797209764743215e-11,
        6.588934245585438e-11,
        2.707708909877406e-11,
        3.246795756145945e-11,
        3.177035817682518e-11
      ],
      "confidence": 0.7
    }
  ]
}