{
  "chunk": 2171,
  "total_chunks": 3600,
  "patterns_found": 2,
  "start_time": 2170.0006027779455,
  "end_time": 2170.9996030554453,
  "patterns": [
    {
      "type": "spike",
      "count": 5,
      "times": [
        2170.3886028857232,
        2170.4876029132233,
        2170.49360291489,
        2170.506602918501,
        2170.55660293239
      ],
      "amplitudes": [
        0.0017078193842715885,
        0.0017321104821355548,
        0.0017830185161876165,
        0.0017210430141735233,
        0.0017645655192933599
      ],
      "confidence": 0.8
    },
    {
      "type": "oscillation",
      "frequencies": [
        3.906248915626821,
        19.531244578134107,
        35.15624024064139,
        42.96873807189503,
        50.781235903148676,
        62.49998265002914,
        74.21872939690961,
        89.84372505941688,
        101.56247180629735,
        113.28121855317781,
        121.09371638443146,
        128.9062142156851,
        144.53120987819239,
        156.24995662507285,
        179.68745011883377,
        195.31244578134107,
        210.93744144384834,
        218.74993927510198,
        230.46868602198245,
        242.18743276886292,
        253.9061795157434,
        269.53117517825063,
        277.3436730095043,
        285.15617084075797,
        292.9686686720116,
        308.59366433451885,
        320.3124110813993,
        332.0311578282798,
        343.74990457516026,
        355.4686513220407,
        374.9998959001748,
        390.62489156268214,
        398.43738939393575,
        410.1561361408162,
        425.7811318033235,
        433.59362963457716,
        453.12487421271123,
        464.8436209595917,
        480.46861662209903,
        496.0936122846063
      ],
      "power": [
        3.4310310196216313e-10,
        1.885057793046544e-11,
        2.2252847534690517e-11,
        2.2537720455750493e-11,
        1.774657528387398e-11,
        2.946051221739962e-11,
        1.6124543834688282e-11,
        2.4009711512731287e-11,
        1.272851068384292e-11,
        2.4729594227191672e-11,
        3.43774059304719e-11,
        2.5387390968687426e-11,
        1.584189039658416e-11,
        3.3094935841030205e-11,
        2.970709812527559e-11,
        2.6289956494675918e-11,
        2.8110095981320175e-11,
        2.6345038728272836e-11,
        1.775910037352993e-11,
        2.499735448069811e-11,
        2.878105951574697e-11,
        2.110313477858359e-11,
        1.9010166217381514e-11,
        1.7909275334622143e-11,
        2.0697218771387594e-11,
        3.202176984885097e-11,
        3.28877299830241e-11,
        3.1990012834204615e-11,
        1.7522967876548104e-11,
        2.299070671174712e-11,
        1.419185901795044e-11,
        1.0182366218019892e-11,
        2.766059498326898e-11,
        2.951283880357941e-11,
        2.7326835367855978e-11,
        2.9553028522311657e-11,
        2.4195555308435078e-11,
        3.20005633799897e-11,
        9.53691804742558e-12,
        1.676813681831121e-11
      ],
      "confidence": 0.7
    }
  ]
}