{
  "chunk": 224,
  "total_chunks": 3600,
  "patterns_found": 2,
  "start_time": 223.00006194446166,
  "end_time": 223.99906222196174,
  "patterns": [
    {
      "type": "spike",
      "count": 21,
      "times": [
        223.00206194501723,
        223.00506194585054,
        223.00806194668388,
        223.05406195946168,
        223.06306196196167,
        223.81806217168395,
        223.8880621911284,
        223.90706219640617,
        223.91406219835062,
        223.9190621997395,
        223.93506220418396,
        223.94406220668395,
        223.95706221029508,
        223.96306221196173,
        223.96606221279507,
        223.97406221501728,
        223.9790622164062,
        223.98406221779507,
        223.99006221946175,
        223.99406222057286,
        223.99806222168397
      ],
      "amplitudes": [
        0.0010681087778359884,
        0.0012162905211734376,
        0.001146486052534622,
        0.0010583800470524627,
        0.0011766168285848957,
        0.001160478615904582,
        0.001110795910717388,
        0.0010821176638352381,
        0.0011348652369067586,
        0.0010770043320367942,
        0.0011497461784267739,
        0.0010865411390249254,
        0.0011119813062442183,
        0.0011453770371196211,
        0.0011369730870615968,
        0.0011931800409345598,
        0.0010668998814109315,
        0.0010926051252934624,
        0.0010742232247104113,
        0.001063306370637052,
        0.0011363801531348759
      ],
      "confidence": 0.8
    },
    {
      "type": "oscillation",
      "frequencies": [
        3.906248914960688,
        19.531244574803438,
        35.15624023464619,
        50.781235894488944,
        62.499982639371005,
        74.21872938425307,
        93.7499739590565,
        105.46872070393857,
        117.18746744882064,
        124.99996527874201,
        136.71871202362408,
        156.2499565984275,
        175.78120117323095,
        207.03119249291646,
        218.74993923779851,
        226.56243706771988,
        242.18743272756265,
        257.8124283874054,
        269.53117513228744,
        285.1561707921302,
        292.9686686220516,
        304.68741536693364,
        316.4061621118157,
        332.03115777165846,
        343.74990451654054,
        363.281149091344,
        374.999895836226,
        386.7186425811081,
        410.1561360708722,
        425.78113173071495,
        437.49987847559703,
        449.2186252204791,
        464.84362088032185,
        472.6561187102432,
        484.3748654551253,
        496.0936122000073
      ],
      "power": [
        2.923522204210912e-10,
        4.148071179329704e-11,
        1.2651879296710237e-11,
        1.8843082365165216e-11,
        2.8660791252862514e-11,
        2.8968201476343856e-11,
        1.6232648793110496e-11,
        2.1324209438628508e-11,
        2.858739328862581e-11,
        1.8915384123519338e-11,
        3.163685048445166e-11,
        3.740080701848461e-11,
        4.0201939815344184e-11,
        2.9164380516730876e-11,
        2.2139549692089387e-11,
        2.4246920853660715e-11,
        2.151357192927575e-11,
        1.6111519405651086e-11,
        2.1413450806513006e-11,
        1.1097589153763691e-11,
        1.7361079456300237e-11,
        3.020299286266627e-11,
        2.91173770954871e-11,
        2.4306959981294853e-11,
        2.3604928082086385e-11,
        3.424622714112424e-11,
        2.6840073328181415e-11,
        1.3155591459483648e-11,
        3.538047330459854e-11,
        2.333636573639122e-11,
        3.905281577890706e-11,
        2.664471206952917e-11,
        2.1035789056701093e-11,
        3.351394764868026e-11,
        3.007256643901941e-11,
        2.761497002425232e-11
      ],
      "confidence": 0.7
    }
  ]
}