{
  "chunk": 1881,
  "total_chunks": 3600,
  "patterns_found": 2,
  "start_time": 1880.0005222223674,
  "end_time": 1880.9995224998675,
  "patterns": [
    {
      "type": "spike",
      "count": 7,
      "times": [
        1880.429522341534,
        1880.5215223670896,
        1880.574522381812,
        1880.582522384034,
        1880.605522390423,
        1880.6165223934786,
        1880.6195223943118
      ],
      "amplitudes": [
        0.0017050823728570299,
        0.001697839235494744,
        0.0017693105178310758,
        0.001690085643762872,
        0.0016998507804234127,
        0.0016956910640967945,
        0.0017120081469508283
      ],
      "confidence": 0.8
    },
    {
      "type": "oscillation",
      "frequencies": [
        3.906248914738643,
        27.343742403170502,
        42.96873806212508,
        54.687484806341004,
        66.40623155055694,
        78.12497829477286,
        105.46872069794337,
        113.28121852742065,
        124.99996527163658,
        136.7187120158525,
        152.3437076748071,
        164.06245441902303,
        171.8749522485003,
        183.59369899271624,
        199.2186946516708,
        226.5624370548413,
        238.28118379905723,
        257.81242837275045,
        273.437424031705,
        296.8749175201369,
        304.6874153496142,
        320.31241100856874,
        335.9374066675233,
        355.46865124121655,
        378.9061447296484,
        406.2498871328189,
        417.96863387703485,
        429.6873806212508,
        441.40612736546666,
        468.7498697686372,
        476.56236759811446,
        492.187363257069
      ],
      "power": [
        3.318726329306163e-10,
        2.195336792391585e-11,
        2.278916621434879e-11,
        3.209739402580634e-11,
        2.1649256164146775e-11,
        4.2269282138952525e-11,
        1.9619505248343002e-11,
        2.1870359120086302e-11,
        3.3364141529518494e-11,
        1.9849679806817484e-11,
        3.375246951960426e-11,
        1.9569836536416493e-11,
        1.1300357891042122e-11,
        1.615881983884128e-11,
        3.052685763104942e-11,
        3.030885016334299e-11,
        4.2901211207246053e-11,
        2.7091511843416443e-11,
        5.2246086326971206e-11,
        2.8316025915684293e-11,
        3.5221241070090776e-11,
        1.6085467251822187e-11,
        3.183480253087048e-11,
        3.2660609379527205e-11,
        2.150366768242179e-11,
        5.496465121285778e-11,
        1.757437918668691e-11,
        3.6441062374510783e-11,
        3.471125548627979e-11,
        1.4848249591023413e-11,
        2.002400305961519e-11,
        3.3530805364826974e-11
      ],
      "confidence": 0.7
    }
  ]
}