{
  "chunk": 2504,
  "total_chunks": 3600,
  "patterns_found": 2,
  "start_time": 2503.000695277971,
  "end_time": 2503.999695555471,
  "patterns": [
    {
      "type": "spike",
      "count": 22,
      "times": [
        2503.004695279082,
        2503.006695279638,
        2503.0086952801935,
        2503.01469528186,
        2503.0176952826932,
        2503.0266952851935,
        2503.0296952860267,
        2503.03269528686,
        2503.0446952901934,
        2503.0546952929712,
        2503.071695297693,
        2503.0796952999153,
        2503.1036953065823,
        2503.95069554186,
        2503.9586955440823,
        2503.96869554686,
        2503.973695548249,
        2503.9806955501936,
        2503.9826955507488,
        2503.9886955524157,
        2503.9936955538046,
        2503.9986955551935
      ],
      "amplitudes": [
        0.0011021097591051242,
        0.0010865452405436563,
        0.001061219377519595,
        0.0011890129543663094,
        0.0010556471429359288,
        0.001147300415945766,
        0.0010801928524406116,
        0.0011285037801132673,
        0.0011282093955469604,
        0.0010724830259389187,
        0.0012106576681536448,
        0.0011722162776826206,
        0.001175887511726072,
        0.0010627994081610405,
        0.0011132232305449137,
        0.0011633422273792922,
        0.0010912543154899502,
        0.0011076052977353535,
        0.001066226062446141,
        0.001087773249253765,
        0.0011568999926446907,
        0.001108753879569777
      ],
      "confidence": 0.8
    },
    {
      "type": "oscillation",
      "frequencies": [
        3.9062489138504652,
        15.624995655401861,
        35.156240224654184,
        54.68748479390651,
        66.4062315354579,
        74.21872936315884,
        101.56247176011209,
        121.09371632936443,
        144.5312098124672,
        160.15620546786909,
        171.87495220942048,
        191.4061967786728,
        210.93744134792513,
        222.65618808947653,
        234.37493483102793,
        242.18743265872885,
        261.7186772279812,
        281.24992179723347,
        289.0624196249344,
        296.8749174526354,
        308.5936641941868,
        332.03115767728957,
        355.4686511603923,
        363.28114898809326,
        374.99989572964466,
        386.71864247119606,
        402.3436381265979,
        414.0623848681493,
        433.59362943740166,
        441.40612726510255,
        453.12487400665395,
        464.84362074820535,
        480.4686164036072,
        496.0936120590091
      ],
      "power": [
        3.202813756094682e-10,
        4.231947594823981e-11,
        2.48956350479965e-11,
        1.7960849504078053e-11,
        1.6034870380831814e-11,
        2.543266074337239e-11,
        3.203817982021479e-11,
        1.9424213295363105e-11,
        3.475675797656357e-11,
        2.066380229683984e-11,
        3.268615626987603e-11,
        3.1896107529401546e-11,
        4.254872019433758e-11,
        1.3311708000492083e-11,
        2.629114376897153e-11,
        2.7822398842315444e-11,
        2.3224499480067533e-11,
        2.9151492200126746e-11,
        3.0810386001694736e-11,
        4.291304965044278e-11,
        4.779859943055932e-11,
        1.1844450805586815e-11,
        2.1924656570948535e-11,
        2.1996592704913795e-11,
        1.981768421060626e-11,
        2.2678149860568007e-11,
        3.2248374843504663e-11,
        2.400640229041486e-11,
        2.9992760412152726e-11,
        3.410622535535626e-11,
        2.982762506825238e-11,
        2.292280914614861e-11,
        2.4479645585418332e-11,
        2.919765102357708e-11
      ],
      "confidence": 0.7
    }
  ]
}