{
  "chunk": 566,
  "total_chunks": 3600,
  "patterns_found": 2,
  "start_time": 565.000156944488,
  "end_time": 565.9991572219882,
  "patterns": [
    {
      "type": "spike",
      "count": 21,
      "times": [
        565.0031569453214,
        565.0101569472658,
        565.0141569483769,
        565.0191569497658,
        565.0211569503214,
        565.0261569517103,
        565.032156953377,
        565.0421569561547,
        565.0471569575436,
        565.0611569614325,
        565.0801569667103,
        565.0981569717103,
        565.113156975877,
        565.1201569778215,
        565.865157184766,
        565.946157207266,
        565.950157208377,
        565.977157215877,
        565.9881572189325,
        565.9901572194882,
        565.995157220877
      ],
      "amplitudes": [
        0.001154796339285635,
        0.001119884681556015,
        0.0011668553340942083,
        0.0011230575819515345,
        0.0011288917233807328,
        0.00113778467160972,
        0.00110453372029249,
        0.0010636350339002644,
        0.0010874711235966021,
        0.0010423298147495459,
        0.0010522120882080165,
        0.001069189139411155,
        0.0010885596378957367,
        0.0010614394164388033,
        0.0010687983448227404,
        0.0010908361890307875,
        0.001087760077089456,
        0.0011465380885465266,
        0.0010818218048664697,
        0.0010565671252833644,
        0.0011130629774396285
      ],
      "confidence": 0.8
    },
    {
      "type": "oscillation",
      "frequencies": [
        3.906248914738643,
        19.531244573693215,
        31.249991317909146,
        46.87498697686372,
        74.21872938003422,
        85.93747612425015,
        101.56247178320473,
        113.28121852742065,
        136.7187120158525,
        148.43745876006844,
        171.8749522485003,
        179.6874500779776,
        195.31244573693215,
        214.8436903106254,
        226.5624370548413,
        238.28118379905723,
        249.99993054327317,
        269.5311751169664,
        281.2499218611823,
        296.8749175201369,
        308.5936642643528,
        316.4061620938301,
        328.12490883804605,
        343.7499044970006,
        355.46865124121655,
        371.0936469001711,
        378.9061447296484,
        386.71864255912567,
        398.4373893033416,
        410.15613604755754,
        425.7811317065121,
        437.49987845072803,
        460.9373719391599,
        484.37486542759177,
        496.0936121718077
      ],
      "power": [
        3.025809332167193e-10,
        1.7801954315764343e-11,
        1.9409530645484172e-11,
        2.5921089169960966e-11,
        1.9190727850241662e-11,
        1.5122132471147483e-11,
        3.3530483433296314e-11,
        3.069719163114044e-11,
        3.7397111440204107e-11,
        2.6321181349991258e-11,
        3.831075971678605e-11,
        1.1526445861715005e-11,
        2.8121227678315977e-11,
        1.6157819692370678e-11,
        2.6391589133351032e-11,
        2.304403017367134e-11,
        3.305055946178178e-11,
        3.912806359078615e-11,
        2.289093606256918e-11,
        2.2970331537282723e-11,
        3.7580248448279814e-11,
        2.546393316009641e-11,
        2.933065944738894e-11,
        1.4199739291351019e-11,
        2.7926912088684995e-11,
        2.0355783752241817e-11,
        1.5660483776487002e-11,
        1.868242857399212e-11,
        2.600743044249689e-11,
        2.0277530765232348e-11,
        1.5920051222453956e-11,
        2.1722258496071036e-11,
        5.2924574794781816e-11,
        3.561163417268552e-11,
        1.4271625384142133e-11
      ],
      "confidence": 0.7
    }
  ]
}