{
  "chunk": 2178,
  "total_chunks": 3600,
  "patterns_found": 2,
  "start_time": 2177.00060472239,
  "end_time": 2177.9996049998904,
  "patterns": [
    {
      "type": "spike",
      "count": 23,
      "times": [
        2177.001604722668,
        2177.003604723224,
        2177.0086047246127,
        2177.0136047260016,
        2177.0176047271125,
        2177.019604727668,
        2177.023604728779,
        2177.0256047293346,
        2177.0306047307236,
        2177.0586047385013,
        2177.0776047437794,
        2177.104604751279,
        2177.9366049823902,
        2177.961604989335,
        2177.964604990168,
        2177.970604991835,
        2177.977604993779,
        2177.982604995168,
        2177.9856049960017,
        2177.988604996835,
        2177.991604997668,
        2177.995604998779,
        2177.998604999613
      ],
      "amplitudes": [
        0.0010818717100112658,
        0.001080861295132135,
        0.0010827889986287816,
        0.0010773006130666701,
        0.0010533775935255838,
        0.0010519376385465312,
        0.0010726546965530842,
        0.0011316262498655024,
        0.0011132526653570456,
        0.0010933776731024657,
        0.0011076516392551563,
        0.0010554686962305695,
        0.0010988935153708125,
        0.001088142349483419,
        0.001209903099004539,
        0.0011042980992112127,
        0.0011109758729182847,
        0.001099633457223157,
        0.001134112355584604,
        0.0011830796310788707,
        0.0010621175359130002,
        0.001116612538250195,
        0.0010962990489841408
      ],
      "confidence": 0.8
    },
    {
      "type": "oscillation",
      "frequencies": [
        3.9062489138504652,
        11.718746741551396,
        42.96873805235512,
        66.4062315354579,
        78.1249782770093,
        97.65622284626163,
        117.18746741551396,
        128.90621415706536,
        140.62496089861673,
        148.4374587263177,
        164.06245438171953,
        183.59369895097186,
        199.21869460637373,
        210.93744134792513,
        222.65618808947653,
        234.37493483102793,
        249.99993048642978,
        261.7186772279812,
        289.0624196249344,
        300.7811663664858,
        312.4999131080372,
        339.84365550499047,
        363.28114898809326,
        371.0936468157942,
        382.8123935573456,
        398.43738921274746,
        410.15613595429886,
        425.7811316097007,
        453.12487400665395,
        468.74986966205586,
        480.4686164036072,
        488.28111423130815,
        496.0936120590091
      ],
      "power": [
        2.9417002900970036e-10,
        3.550381474238132e-11,
        2.168465573867808e-11,
        1.3197499381852164e-11,
        1.539222072771342e-11,
        2.3314148897440243e-11,
        4.02820844196674e-11,
        3.0246663151522426e-11,
        3.019448835972476e-11,
        3.2614937414788346e-11,
        3.8631334831271985e-11,
        1.6017653753968216e-11,
        3.481787917601534e-11,
        2.959809120262808e-11,
        3.8058876294390297e-11,
        3.318657357662415e-11,
        2.5917950203767522e-11,
        3.042273950591633e-11,
        2.0832975890898266e-11,
        3.820986044776287e-11,
        2.5444883990462756e-11,
        3.097468528141628e-11,
        2.4547411080425214e-11,
        9.677660785614744e-12,
        2.6919505434037285e-11,
        2.6996458243672566e-11,
        1.7078129307234402e-11,
        3.028319053915751e-11,
        3.567483888900293e-11,
        2.2390040382611126e-11,
        2.9373710932606495e-11,
        2.3843176261451878e-11,
        2.233937498237279e-11
      ],
      "confidence": 0.7
    }
  ]
}