{
  "chunk": 3392,
  "total_chunks": 3600,
  "patterns_found": 2,
  "start_time": 3391.0009419447065,
  "end_time": 3391.9999422222063,
  "patterns": [
    {
      "type": "spike",
      "count": 24,
      "times": [
        3391.010941947484,
        3391.0139419483176,
        3391.0159419488728,
        3391.0269419519286,
        3391.0319419533175,
        3391.037941954984,
        3391.0409419558173,
        3391.0469419574843,
        3391.0709419641507,
        3391.091941969984,
        3391.164941990262,
        3391.8679421855395,
        3391.934942204151,
        3391.9409422058175,
        3391.9589422108174,
        3391.9619422116507,
        3391.965942212762,
        3391.969942213873,
        3391.9729422147066,
        3391.9749422152618,
        3391.9859422183176,
        3391.988942219151,
        3391.99394222054,
        3391.9959422210954
      ],
      "amplitudes": [
        0.0011850050807935368,
        0.0011566608120998848,
        0.001199367029591835,
        0.0010501986896264946,
        0.0010662292230127067,
        0.0011234594119819614,
        0.001063259962836991,
        0.0010681521407568733,
        0.0011043346267514903,
        0.0010890092408764897,
        0.0010621032041811533,
        0.0010593659475070004,
        0.0011676258696121827,
        0.0010500535335222546,
        0.0010535243855286575,
        0.0010556587906281917,
        0.001203013914790922,
        0.00120377293041344,
        0.0010549775738727082,
        0.001058424518662892,
        0.0010553541965833521,
        0.001135576729950046,
        0.001093762326825047,
        0.0010784830009824451
      ],
      "confidence": 0.8
    },
    {
      "type": "oscillation",
      "frequencies": [
        3.906248915626821,
        11.718746746880463,
        23.437493493760925,
        31.24999132501457,
        39.062489156268214,
        46.87498698752185,
        58.59373373440232,
        70.31248048128278,
        85.93747614379006,
        101.56247180629735,
        113.28121855317781,
        121.09371638443146,
        132.81246313131192,
        152.34370770944602,
        183.5936990344606,
        191.40619686571424,
        203.1249436125947,
        214.84369035947518,
        226.56243710635562,
        242.18743276886292,
        249.99993060011656,
        265.62492626262383,
        277.3436730095043,
        292.9686686720116,
        308.59366433451885,
        320.3124110813993,
        328.124908912653,
        339.84365565953345,
        351.5624024064139,
        359.37490023766753,
        371.093646984548,
        382.8123937314285,
        394.53114047830894,
        402.3436383095626,
        417.9686339720699,
        429.68738071895035,
        437.49987855020396,
        453.12487421271123,
        460.9373720439649,
        480.46861662209903,
        496.0936122846063
      ],
      "power": [
        3.06757885072276e-10,
        4.511136957589614e-11,
        2.028597283043309e-11,
        3.546891743678941e-11,
        3.9972648876607855e-11,
        5.070717860530121e-11,
        4.2631190408687834e-11,
        3.830480457659725e-11,
        2.863102844778799e-11,
        2.4970482326863662e-11,
        2.0674330993816548e-11,
        1.1014579076202382e-11,
        3.1542982650946756e-11,
        2.8345258830142414e-11,
        2.0455250416865962e-11,
        2.0776175413604973e-11,
        2.1269086717429546e-11,
        3.269792593551883e-11,
        2.0495253055696168e-11,
        2.0166896885309032e-11,
        2.027891240115841e-11,
        4.0214169146801745e-11,
        1.8836118086917852e-11,
        1.6873320399916558e-11,
        1.7904599143694455e-11,
        2.5231891873309928e-11,
        3.12685640492391e-11,
        2.532843168505251e-11,
        3.028424669741581e-11,
        2.8783603780168208e-11,
        2.0043999124628292e-11,
        3.881730554701641e-11,
        2.123540686835498e-11,
        2.848278917157934e-11,
        1.2581711038639158e-11,
        8.963682584821585e-12,
        9.181159592775753e-12,
        1.7604563816131764e-11,
        2.150009040995317e-11,
        4.7960304740899525e-11,
        2.1173234382181934e-11
      ],
      "confidence": 0.7
    }
  ]
}