{
  "chunk": 2906,
  "total_chunks": 3600,
  "patterns_found": 2,
  "start_time": 2905.000806944669,
  "end_time": 2905.999807222169,
  "patterns": [
    {
      "type": "spike",
      "count": 16,
      "times": [
        2905.002806945224,
        2905.0168069491133,
        2905.0278069521687,
        2905.030806953002,
        2905.0468069574467,
        2905.075806965502,
        2905.080806966891,
        2905.8878071910576,
        2905.9018071949467,
        2905.9208072002243,
        2905.926807201891,
        2905.9608072113356,
        2905.96780721328,
        2905.97680721578,
        2905.9788072163356,
        2905.997807221613
      ],
      "amplitudes": [
        0.0011757981009541327,
        0.0010623459234542548,
        0.0011715775363729988,
        0.0012116434372826032,
        0.0010745619650206362,
        0.0011890096906780855,
        0.0011254060864785032,
        0.0010456038412676677,
        0.0010737611590151321,
        0.0010743076445410775,
        0.0010498205768801616,
        0.0011263575367292122,
        0.0010871666362927562,
        0.001084033309216639,
        0.0010958180149128532,
        0.001097363054261353
      ],
      "confidence": 0.8
    },
    {
      "type": "oscillation",
      "frequencies": [
        3.906248915626821,
        23.437493493760925,
        35.15624024064139,
        42.96873807189503,
        62.49998265002914,
        70.31248048128278,
        82.03122722816325,
        109.37496963755099,
        128.9062142156851,
        140.62496096256555,
        160.15620554069966,
        167.96870337195332,
        187.4999479500874,
        214.84369035947518,
        226.56243710635562,
        238.2811838532361,
        246.09368168448972,
        257.8124284313702,
        269.53117517825063,
        285.15617084075797,
        292.9686686720116,
        300.78116650326524,
        308.59366433451885,
        324.2186599970262,
        332.0311578282798,
        347.65615349078706,
        355.4686513220407,
        363.2811491532944,
        382.8123937314285,
        398.43738939393575,
        406.2498872251894,
        425.7811318033235,
        437.49987855020396,
        453.12487421271123,
        464.8436209595917,
        480.46861662209903,
        492.18736336897945
      ],
      "power": [
        3.441435298331379e-10,
        3.8424218551133634e-11,
        3.111797412412661e-11,
        4.1360467039772574e-11,
        2.0898386744134977e-11,
        1.754834258017892e-11,
        3.041309966120494e-11,
        2.5772144021305974e-11,
        4.3829268236798974e-11,
        3.3649629820178775e-11,
        2.775667200049372e-11,
        2.6625379065299748e-11,
        3.093752294935315e-11,
        2.6829985567237293e-11,
        1.9549465669998015e-11,
        1.123801323534944e-11,
        1.3882712094818775e-11,
        1.6254059254420958e-11,
        2.6940179486908306e-11,
        3.4503771273316336e-11,
        1.8550652838100568e-11,
        1.854341726781549e-11,
        3.106229403936168e-11,
        1.932629447912251e-11,
        2.192122154139704e-11,
        2.3530840299482232e-11,
        1.5125099374002827e-11,
        2.012861653696308e-11,
        3.106423487557889e-11,
        2.1706716347583984e-11,
        2.0210176237560645e-11,
        2.5614957534576545e-11,
        3.1166537797649255e-11,
        1.9312445781852073e-11,
        2.962594476913875e-11,
        3.1540982581443735e-11,
        1.947652658017808e-11
      ],
      "confidence": 0.7
    }
  ]
}