{
  "chunk": 3450,
  "total_chunks": 3600,
  "patterns_found": 2,
  "start_time": 3449.0009580558217,
  "end_time": 3449.999958333322,
  "patterns": [
    {
      "type": "spike",
      "count": 23,
      "times": [
        3449.0019580560997,
        3449.004958056933,
        3449.0089580580443,
        3449.0119580588776,
        3449.0139580594328,
        3449.022958061933,
        3449.032958064711,
        3449.040958066933,
        3449.0469580685995,
        3449.0789580774886,
        3449.094958081933,
        3449.8669582963776,
        3449.9109583085997,
        3449.9129583091553,
        3449.9259583127664,
        3449.9289583135997,
        3449.9579583216555,
        3449.9619583227663,
        3449.9749583263774,
        3449.9809583280444,
        3449.989958330544,
        3449.9919583311,
        3449.994958331933
      ],
      "amplitudes": [
        0.0011195651691613935,
        0.0011637532504223077,
        0.0010589720132138862,
        0.0012314871730295634,
        0.0011137268523989446,
        0.0011337986812821287,
        0.0012200764867364192,
        0.0010473007629115101,
        0.001204574920832548,
        0.0010685708179555245,
        0.0010656470809435252,
        0.0010668004316242573,
        0.0010474989908328901,
        0.0010690250188011995,
        0.001053705293405024,
        0.0011717297593536432,
        0.0011501683214314266,
        0.0010718595719101836,
        0.0011478768873215185,
        0.0011174302033909469,
        0.0011093027843102842,
        0.0011668764561090675,
        0.0010561642852277555
      ],
      "confidence": 0.8
    },
    {
      "type": "oscillation",
      "frequencies": [
        3.9062489138504652,
        15.624995655401861,
        39.06248913850465,
        58.59373370775698,
        70.31248044930837,
        82.03122719085977,
        93.74997393241117,
        109.37496958781303,
        128.90621415706536,
        152.34370764016813,
        171.87495220942048,
        179.6874500371214,
        199.21869460637373,
        214.84369026177558,
        222.65618808947653,
        234.37493483102793,
        242.18743265872885,
        257.8124283141307,
        269.5311750556821,
        289.0624196249344,
        312.4999131080372,
        324.2186598495886,
        347.6561533326914,
        363.28114898809326,
        382.8123935573456,
        398.43738921274746,
        414.0623848681493,
        421.87488269585026,
        429.68738052355116,
        449.2186250928035,
        468.74986966205586,
        476.56236748975675,
        488.28111423130815
      ],
      "power": [
        2.6873780970632727e-10,
        1.625074576286637e-11,
        1.836836378759376e-11,
        2.3140474635715907e-11,
        5.0818378748267594e-11,
        3.650564112995651e-11,
        1.9909529632512013e-11,
        2.82691018819775e-11,
        4.5782508112278255e-11,
        2.9452738891161724e-11,
        2.4583134425468106e-11,
        3.6108214290396697e-11,
        2.432709163543449e-11,
        2.637830530550665e-11,
        2.462514640356958e-11,
        2.443978666796515e-11,
        2.6512416207865066e-11,
        1.2833183049555484e-11,
        2.045596604758833e-11,
        2.956768987417243e-11,
        1.2504070687470325e-11,
        3.561318201788734e-11,
        4.486384803876738e-11,
        4.254550472244033e-11,
        3.092057605384076e-11,
        2.588799804994397e-11,
        1.819972610814213e-11,
        2.0105925142956897e-11,
        2.2491105040177742e-11,
        2.4076524244700513e-11,
        3.6815241894190955e-11,
        3.648331415608327e-11,
        1.735545499973387e-11
      ],
      "confidence": 0.7
    }
  ]
}