{
  "chunk": 1826,
  "total_chunks": 3600,
  "patterns_found": 2,
  "start_time": 1825.0005069445854,
  "end_time": 1825.9995072220854,
  "patterns": [
    {
      "type": "spike",
      "count": 26,
      "times": [
        1825.0015069448632,
        1825.0035069454186,
        1825.0055069459743,
        1825.0075069465297,
        1825.0125069479186,
        1825.0145069484743,
        1825.020506950141,
        1825.0235069509743,
        1825.0325069534742,
        1825.0355069543075,
        1825.0405069556964,
        1825.0495069581964,
        1825.0755069654188,
        1825.848507180141,
        1825.8725071868078,
        1825.947507207641,
        1825.9545072095855,
        1825.9575072104187,
        1825.965507212641,
        1825.9685072134744,
        1825.9795072165298,
        1825.9825072173633,
        1825.9845072179187,
        1825.9875072187522,
        1825.9905072195854,
        1825.9945072206965
      ],
      "amplitudes": [
        0.0011614005005665907,
        0.0010994820748570127,
        0.001142679931249181,
        0.0010629999840324866,
        0.0010947372784703027,
        0.001113468511034109,
        0.0012165625957902563,
        0.0010653572394849018,
        0.0011415711536181172,
        0.001184013245795938,
        0.0010660213903368942,
        0.0010782177013296107,
        0.001063211520901632,
        0.001192352510764942,
        0.001060809168293308,
        0.0010884489585241844,
        0.001070266949371522,
        0.0010907122106856102,
        0.0011339563076568728,
        0.0010605687714869952,
        0.0011217184603858489,
        0.0010612411661954507,
        0.0011147232562974485,
        0.0011848235843653738,
        0.0011204777055413547,
        0.001133025249866475
      ],
      "confidence": 0.8
    },
    {
      "type": "oscillation",
      "frequencies": [
        3.906248914738643,
        15.624995658954573,
        39.06248914738643,
        50.781235891602364,
        58.59373372107965,
        70.31248046529558,
        85.93747612425015,
        101.56247178320473,
        128.90621418637522,
        144.5312098453298,
        152.3437076748071,
        167.96870333376165,
        191.40619682219352,
        207.03119248114808,
        214.8436903106254,
        246.0936816285345,
        285.15617077592094,
        292.96866860539825,
        308.5936642643528,
        324.21865992330737,
        335.9374066675233,
        359.3749001559552,
        374.99989581490973,
        382.81239364438704,
        390.6248914738643,
        402.34363821808023,
        410.15613604755754,
        421.8748827917735,
        437.49987845072803,
        445.31237628020534,
        457.0311230244213,
        472.65611868337584,
        496.0936121718077
      ],
      "power": [
        3.623732731770995e-10,
        2.2796555533753267e-11,
        2.182577293645206e-11,
        1.671003395049966e-11,
        1.5573490802908477e-11,
        3.457716612700593e-11,
        4.0921040036992996e-11,
        1.7838219691060087e-11,
        2.186434410651454e-11,
        1.7952712987946145e-11,
        2.9888913855166995e-11,
        2.1966807538819688e-11,
        2.721253361820299e-11,
        1.787031043511723e-11,
        3.405214394586276e-11,
        4.3362223730521634e-11,
        2.7998674728861118e-11,
        2.8331654017868997e-11,
        2.1579685577263255e-11,
        2.513481408546502e-11,
        2.7037504933391193e-11,
        3.572080924265912e-11,
        2.3292719025327463e-11,
        3.548436719247432e-11,
        5.150776573842693e-11,
        2.956037025422038e-11,
        2.4601291887709748e-11,
        1.6474089594702352e-11,
        2.2490348344476392e-11,
        3.4285676312634053e-11,
        2.924927136523723e-11,
        3.299538678416219e-11,
        2.0302194126771413e-11
      ],
      "confidence": 0.7
    }
  ]
}