{
  "chunk": 300,
  "total_chunks": 3600,
  "patterns_found": 2,
  "start_time": 299.00008305557867,
  "end_time": 299.9990833330787,
  "patterns": [
    {
      "type": "spike",
      "count": 23,
      "times": [
        299.0020830561342,
        299.00408305668975,
        299.0060830572453,
        299.00908305807866,
        299.01308305918974,
        299.0160830600231,
        299.0220830616897,
        299.02608306280086,
        299.0290830636342,
        299.03708306585645,
        299.0420830672453,
        299.06608307391195,
        299.07108307530086,
        299.93908331641205,
        299.9550833208565,
        299.9710833253009,
        299.9730833258565,
        299.97508332641206,
        299.97908332752314,
        299.9880833300232,
        299.99208333113427,
        299.99508333196763,
        299.9970833325232
      ],
      "amplitudes": [
        0.0010728730385685988,
        0.0011279665922685079,
        0.0011894330161308759,
        0.0011223543442563434,
        0.0011256919181859822,
        0.0010648115699571589,
        0.0012965401355731448,
        0.0011236257110424786,
        0.0010600185750292864,
        0.001187853276734134,
        0.0011137854621700936,
        0.001074270016717914,
        0.001102091721480011,
        0.001054393366649712,
        0.0011242874588638162,
        0.0010911422287534574,
        0.001058553991297458,
        0.001150115700886015,
        0.0011038313326091431,
        0.0010493827167128477,
        0.001234602575632332,
        0.001189859835146803,
        0.0011345620222785477
      ],
      "confidence": 0.8
    },
    {
      "type": "oscillation",
      "frequencies": [
        3.906248914960688,
        19.531244574803438,
        31.249991319685503,
        42.96873806456757,
        54.68748480944963,
        74.21872938425307,
        89.84372504409582,
        101.56247178897789,
        113.28121853385994,
        124.99996527874201,
        136.71871202362408,
        156.2499565984275,
        171.87495225827027,
        191.4061968330737,
        210.93744140787715,
        230.46868598268057,
        238.28118381260197,
        253.9061794724447,
        269.53117513228744,
        285.1561707921302,
        296.87491753701227,
        312.499913196855,
        328.1249088566978,
        335.93740668661917,
        351.5624023464619,
        359.3749001763833,
        371.09364692126536,
        390.62489149606876,
        406.24988715591155,
        421.8748828157543,
        433.5936295606364,
        457.0311230504005,
        464.84362088032185,
        476.56236762520393,
        488.28111437008596,
        496.0936122000073
      ],
      "power": [
        3.1256031823889446e-10,
        1.8458640845404067e-11,
        2.449449239775899e-11,
        2.215688827902436e-11,
        2.825071682915901e-11,
        3.158869960856194e-11,
        2.4523828144195323e-11,
        1.2308599279418896e-11,
        2.0268352671394525e-11,
        2.2297878075528795e-11,
        2.955125618999042e-11,
        2.0936926817283222e-11,
        3.411831776312149e-11,
        2.825087026453249e-11,
        3.843221377159136e-11,
        1.7673484728963084e-11,
        1.2121918686726625e-11,
        3.4890216727946046e-11,
        2.6177534506317455e-11,
        2.6870297852180964e-11,
        2.2423722469655224e-11,
        1.6648713372668297e-11,
        1.1443764249684141e-11,
        1.2544513671635663e-11,
        2.3457661560977464e-11,
        2.293354331539154e-11,
        3.281620448411807e-11,
        3.053815634154809e-11,
        1.816868419360994e-11,
        2.4932838710214852e-11,
        3.086784977290585e-11,
        2.184107719909376e-11,
        3.033754671233683e-11,
        1.5606729277321083e-11,
        2.80382061938878e-11,
        4.126233371311229e-11
      ],
      "confidence": 0.7
    }
  ]
}