{
  "chunk": 2511,
  "total_chunks": 3600,
  "patterns_found": 2,
  "start_time": 2510.000697222416,
  "end_time": 2510.9996974999162,
  "patterns": [
    {
      "type": "spike",
      "count": 9,
      "times": [
        2510.3416973171384,
        2510.4316973421382,
        2510.4746973540828,
        2510.503697362138,
        2510.523697367694,
        2510.567697379916,
        2510.6156973932493,
        2510.6236973954715,
        2510.6816974115827
      ],
      "amplitudes": [
        0.0017016224922874344,
        0.00172333764605684,
        0.0016873822678732057,
        0.0017338184829076091,
        0.0017396005853358926,
        0.0016885030935345727,
        0.0017165185255759341,
        0.0017476353840579762,
        0.0017570529161728544
      ],
      "confidence": 0.8
    },
    {
      "type": "oscillation",
      "frequencies": [
        3.9062489138504652,
        15.624995655401861,
        31.249991310803722,
        46.87498696620558,
        66.4062315354579,
        89.8437250185607,
        113.28121850166349,
        121.09371632936443,
        128.90621415706536,
        148.4374587263177,
        156.2499565540186,
        175.78120112327093,
        183.59369895097186,
        199.21869460637373,
        210.93744134792513,
        230.46868591717745,
        238.28118374487838,
        246.0936815725793,
        261.7186772279812,
        273.4374239695326,
        281.24992179723347,
        296.8749174526354,
        316.40616202188767,
        332.03115767728957,
        347.6561533326914,
        363.28114898809326,
        378.9061446434951,
        394.531140298897,
        410.15613595429886,
        425.7811316097007,
        457.03112292050446,
        472.6561185759063,
        492.1873631451586
      ],
      "power": [
        2.9084116550858333e-10,
        2.3248488363665543e-11,
        4.056346598568262e-11,
        2.1673521279247413e-11,
        1.835247649742758e-11,
        4.5236642229170774e-11,
        3.4300894281665894e-11,
        2.5139764899313085e-11,
        3.6697126400286517e-11,
        2.5067177683433837e-11,
        2.8687068735769384e-11,
        4.188057228850518e-11,
        3.493280052114135e-11,
        4.922200182464518e-11,
        1.7622235293250795e-11,
        2.8577141830359656e-11,
        4.232070796705234e-11,
        3.1585038373149694e-11,
        3.7366233931671896e-11,
        3.759279123002335e-11,
        2.6029221435218732e-11,
        2.6337616907869577e-11,
        2.1355841624057073e-11,
        2.3092784289729673e-11,
        2.8867019255107956e-11,
        4.6175503234247834e-11,
        3.197605794904011e-11,
        1.9435760009125842e-11,
        3.3869371648121853e-11,
        2.7215137267068552e-11,
        2.4315050962641405e-11,
        2.3329289693911756e-11,
        3.7844612949192365e-11
      ],
      "confidence": 0.7
    }
  ]
}