{
  "chunk": 3157,
  "total_chunks": 3600,
  "patterns_found": 2,
  "start_time": 3156.0008766669102,
  "end_time": 3156.9998769444105,
  "patterns": [
    {
      "type": "spike",
      "count": 7,
      "times": [
        3156.3198767555214,
        3156.366876768577,
        3156.4468767907993,
        3156.451876792188,
        3156.4968768046883,
        3156.4998768055216,
        3156.5898768305215
      ],
      "amplitudes": [
        0.001696382025954759,
        0.0016872337418682287,
        0.001714320252148393,
        0.0016960713291703617,
        0.0016810262889939368,
        0.0016952331144526349,
        0.001745458468102788
      ],
      "confidence": 0.8
    },
    {
      "type": "oscillation",
      "frequencies": [
        3.9062489138504652,
        15.624995655401861,
        23.43749348310279,
        39.06248913850465,
        58.59373370775698,
        78.1249782770093,
        93.74997393241117,
        117.18746741551396,
        128.90621415706536,
        140.62496089861673,
        164.06245438171953,
        175.78120112327093,
        191.4061967786728,
        203.12494352022418,
        218.74993917562605,
        230.46868591717745,
        246.0936815725793,
        257.8124283141307,
        273.4374239695326,
        289.0624196249344,
        304.68741528033627,
        316.40616202188767,
        328.12490876343907,
        343.74990441884097,
        359.3749000742428,
        367.1873979019437,
        374.99989572964466,
        386.71864247119606,
        406.24988704044836,
        417.96863378199976,
        433.59362943740166,
        453.12487400665395,
        464.84362074820535,
        480.4686164036072,
        496.0936120590091
      ],
      "power": [
        3.1350389916958155e-10,
        2.529746680982249e-11,
        2.9487142215466886e-11,
        4.7542282641610775e-11,
        2.8142722387900445e-11,
        1.6218675769922086e-11,
        3.7629750310490794e-11,
        2.512850379081979e-11,
        3.293894813638357e-11,
        2.8996638148808734e-11,
        2.73845366991769e-11,
        3.374706852620779e-11,
        2.3796806538734176e-11,
        3.934617937134697e-11,
        3.35175869762371e-11,
        2.2375945494491698e-11,
        3.1472478118986317e-11,
        1.6437558642283708e-11,
        2.0223295884013715e-11,
        2.9546060358017015e-11,
        1.4059291636706273e-11,
        2.7498817065181723e-11,
        2.2367638376690493e-11,
        2.6990422746864228e-11,
        2.9840786756602227e-11,
        2.5566469715467676e-11,
        4.114956874605634e-11,
        2.0485615093781263e-11,
        2.182592797294167e-11,
        1.8144830683317636e-11,
        3.39504036265368e-11,
        1.1557510211112017e-11,
        3.383197642522384e-11,
        2.5833944969342333e-11,
        1.8087214013961862e-11
      ],
      "confidence": 0.7
    }
  ]
}