{
  "chunk": 5,
  "total_chunks": 3600,
  "patterns_found": 2,
  "start_time": 4.00000111111142,
  "end_time": 4.9990013886114975,
  "patterns": [
    {
      "type": "spike",
      "count": 11,
      "times": [
        4.390001219444783,
        4.448001235555899,
        4.482001245000346,
        4.503001250833681,
        4.51300125361146,
        4.519001255278127,
        4.55000126388924,
        4.570001269444798,
        4.576001271111465,
        4.6630012952781374,
        4.688001302222585
      ],
      "amplitudes": [
        0.0017078085025129977,
        0.001719044410945952,
        0.0016986479827365707,
        0.001688699010948584,
        0.0016939010911104046,
        0.0018144328968539556,
        0.0017788193992364677,
        0.0017092263564304653,
        0.001701722327943608,
        0.0017054062419452946,
        0.0017575524355709579
      ],
      "confidence": 0.8
    },
    {
      "type": "oscillation",
      "frequencies": [
        3.9062489149294626,
        15.62499565971785,
        35.156240234365164,
        50.78123589408301,
        66.40623155380086,
        82.03122721351872,
        97.65622287323656,
        113.28121853295441,
        121.09371636281334,
        132.81246310760173,
        152.34370768224903,
        171.87495225689636,
        187.4999479166142,
        195.31244574647312,
        214.84369032112045,
        226.56243706590882,
        238.28118381069723,
        249.9999305554856,
        273.43742404506236,
        285.15617078985076,
        296.87491753463917,
        316.40616210928647,
        332.0311577690043,
        351.5624023436516,
        363.28114908844003,
        382.81239366308733,
        410.1561360675936,
        421.87488281238194,
        437.4998784720998,
        453.12487413181765,
        460.9373719616766,
        480.4686165363239,
        496.09361219604176
      ],
      "power": [
        3.22261232516129e-10,
        2.856770801226393e-11,
        2.1632036006077344e-11,
        2.07461954950045e-11,
        2.5340254145639436e-11,
        4.3303871691333575e-11,
        2.3861687087335206e-11,
        2.9848781445419014e-11,
        2.0731662279513204e-11,
        2.1218077810572742e-11,
        1.82164492550759e-11,
        2.4077386232280196e-11,
        2.6414441746026934e-11,
        2.5409814591596794e-11,
        3.3611519469939955e-11,
        2.320781962842329e-11,
        3.229831263423587e-11,
        4.525869154452067e-11,
        2.9241528571304017e-11,
        2.208571823516609e-11,
        3.1014642092898104e-11,
        2.829994693092279e-11,
        2.096676586768944e-11,
        3.171059873418804e-11,
        3.367461339635727e-11,
        2.603637544375481e-11,
        3.311743273213709e-11,
        2.7153489450060317e-11,
        2.8016434088873394e-11,
        2.931509241548779e-11,
        2.1620006272636002e-11,
        5.5568427126575415e-11,
        1.82562211183692e-11
      ],
      "confidence": 0.7
    }
  ]
}