{
  "chunk": 2283,
  "total_chunks": 3600,
  "patterns_found": 2,
  "start_time": 2282.0006338890653,
  "end_time": 2282.999634166565,
  "patterns": [
    {
      "type": "spike",
      "count": 6,
      "times": [
        2282.396633999065,
        2282.4676340187875,
        2282.4776340215653,
        2282.483634023232,
        2282.6116340587873,
        2282.672634075732
      ],
      "amplitudes": [
        0.0017254515754324999,
        0.0017962174746973807,
        0.0017564586258923855,
        0.0017788860364261264,
        0.0017333176478195652,
        0.0017013992224453294
      ],
      "confidence": 0.8
    },
    {
      "type": "oscillation",
      "frequencies": [
        3.906248915626821,
        15.624995662507285,
        27.343742409387747,
        35.15624024064139,
        46.87498698752185,
        54.687484818775495,
        70.31248048128278,
        78.12497831253643,
        89.84372505941688,
        97.65622289067053,
        109.37496963755099,
        128.9062142156851,
        140.62496096256555,
        148.43745879381922,
        164.0624544563265,
        175.78120120320696,
        191.40619686571424,
        218.74993927510198,
        242.18743276886292,
        257.8124284313702,
        277.3436730095043,
        289.06241975638477,
        300.78116650326524,
        308.59366433451885,
        324.2186599970262,
        332.0311578282798,
        347.65615349078706,
        374.9998959001748,
        382.8123937314285,
        394.53114047830894,
        421.8748828876967,
        453.12487421271123,
        468.74986987521856,
        488.28111445335264
      ],
      "power": [
        2.983325429224563e-10,
        3.5554518175535603e-11,
        2.7515678579196012e-11,
        3.395212489960604e-11,
        4.401123111164263e-11,
        3.107865610805799e-11,
        2.7434898916253265e-11,
        2.611227291824707e-11,
        1.9539424180628023e-11,
        2.4531747624760975e-11,
        1.9257466188396318e-11,
        4.115224809416475e-11,
        3.326978885975335e-11,
        3.638954245012053e-11,
        1.1939864929388555e-11,
        3.674073175041535e-11,
        3.1247222763898285e-11,
        4.316635390727416e-11,
        2.0611337855900123e-11,
        2.600615079696954e-11,
        3.932572372493957e-11,
        2.984744280051669e-11,
        1.1865556374489684e-11,
        2.049002078888533e-11,
        2.3075384414761446e-11,
        2.180035736512115e-11,
        2.061745655014093e-11,
        3.3770624456056513e-11,
        3.06436981132618e-11,
        1.8514187973492335e-11,
        2.5027613050116742e-11,
        2.8068395412323182e-11,
        3.0685454418769167e-11,
        3.1305183417772846e-11
      ],
      "confidence": 0.7
    }
  ]
}