{
  "chunk": 2349,
  "total_chunks": 3600,
  "patterns_found": 2,
  "start_time": 2348.0006522224035,
  "end_time": 2348.9996524999037,
  "patterns": [
    {
      "type": "spike",
      "count": 9,
      "times": [
        2348.39365233157,
        2348.481652356015,
        2348.488652357959,
        2348.5546523762923,
        2348.5576523771256,
        2348.5606523779593,
        2348.6206523946257,
        2348.646652401848,
        2348.6576524049037
      ],
      "amplitudes": [
        0.0017269375740557142,
        0.0016889775355196559,
        0.0017210127051222538,
        0.001770834677653728,
        0.0016846435658362038,
        0.001687452210881345,
        0.0016965414393178323,
        0.0016900115977846065,
        0.0016902154623404334
      ],
      "confidence": 0.8
    },
    {
      "type": "oscillation",
      "frequencies": [
        3.9062489138504652,
        27.343742396953257,
        42.96873805235512,
        66.4062315354579,
        82.03122719085977,
        101.56247176011209,
        136.7187119847663,
        148.4374587263177,
        167.96870329557,
        175.78120112327093,
        187.49994786482233,
        199.21869460637373,
        214.84369026177558,
        222.65618808947653,
        242.18743265872885,
        257.8124283141307,
        265.6249261418316,
        277.343672883383,
        285.156170711084,
        292.96866853878487,
        304.68741528033627,
        320.31241093573817,
        343.74990441884097,
        351.56240224654186,
        359.3749000742428,
        374.99989572964466,
        386.71864247119606,
        394.531140298897,
        406.24988704044836,
        421.87488269585026,
        429.68738052355116,
        437.4998783512521,
        449.2186250928035,
        457.03112292050446,
        472.6561185759063,
        484.3748653174577,
        496.0936120590091
      ],
      "power": [
        3.0692383626601744e-10,
        3.660867830749361e-11,
        2.9363129439120977e-11,
        2.7922704005214756e-11,
        2.958037670115002e-11,
        3.0719543748236614e-11,
        3.048425801407709e-11,
        5.3504630141993785e-11,
        1.8500974008513476e-11,
        1.4282035779918965e-11,
        1.8005363303319388e-11,
        3.757740168512462e-11,
        9.599148181451357e-12,
        1.3010818169778668e-11,
        4.2967540582624034e-11,
        2.1191012763458905e-11,
        1.5663941444454264e-11,
        2.499763314110184e-11,
        2.7040587398973512e-11,
        2.3790916259641297e-11,
        1.4851199753788402e-11,
        3.593905520563342e-11,
        2.451186295619948e-11,
        2.079751853718153e-11,
        3.115485650401611e-11,
        2.1195430756912883e-11,
        3.138831913829262e-11,
        1.773315065047783e-11,
        2.0996680371610103e-11,
        1.9042548156049264e-11,
        1.7489249153046936e-11,
        1.734381282331109e-11,
        2.7614047621283896e-11,
        3.5588378440463974e-11,
        2.048090914840418e-11,
        1.8517795925140047e-11,
        3.061377797570006e-11
      ],
      "confidence": 0.7
    }
  ]
}