{
  "chunk": 1907,
  "total_chunks": 3600,
  "patterns_found": 2,
  "start_time": 1906.0005294445916,
  "end_time": 1906.9995297220917,
  "patterns": [
    {
      "type": "spike",
      "count": 9,
      "times": [
        1906.3845295512583,
        1906.4005295557029,
        1906.4205295612583,
        1906.4545295707028,
        1906.4615295726471,
        1906.4725295757028,
        1906.4885295801473,
        1906.507529585425,
        1906.543529595425
      ],
      "amplitudes": [
        0.0017829105517703193,
        0.001725202572688061,
        0.0017052693043017532,
        0.0016807213018640687,
        0.0017470541394553835,
        0.0016817070520728575,
        0.0016971269861611252,
        0.0017127340801726823,
        0.0017465281671055154
      ],
      "confidence": 0.8
    },
    {
      "type": "oscillation",
      "frequencies": [
        3.906248914738643,
        23.43749348843186,
        31.249991317909146,
        39.06248914738643,
        54.687484806341004,
        70.31248046529558,
        85.93747612425015,
        101.56247178320473,
        113.28121852742065,
        121.09371635689794,
        132.81246310111388,
        140.62496093059116,
        148.43745876006844,
        167.96870333376165,
        179.6874500779776,
        187.49994790745487,
        199.2186946516708,
        214.8436903106254,
        230.46868596957995,
        249.99993054327317,
        261.7186772874891,
        269.5311751169664,
        277.3436729464437,
        289.0624196906596,
        308.5936642643528,
        328.12490883804605,
        335.9374066675233,
        351.56240232647787,
        359.3749001559552,
        371.0936469001711,
        386.71864255912567,
        410.15613604755754,
        429.6873806212508,
        445.31237628020534,
        460.9373719391599,
        488.2811143423304,
        496.0936121718077
      ],
      "power": [
        3.3410605251131696e-10,
        1.800702303516302e-11,
        1.716464240725991e-11,
        1.7707671342595248e-11,
        3.063241755831312e-11,
        4.180367993055752e-11,
        1.2736447081335458e-11,
        1.8588979420655856e-11,
        1.80230389053525e-11,
        2.5898446756181387e-11,
        2.3105283352239147e-11,
        2.615567483139761e-11,
        2.4984791260903044e-11,
        3.6668503325626604e-11,
        2.3282405718817152e-11,
        2.7445626898609198e-11,
        1.6968395468064045e-11,
        2.1126341159739905e-11,
        1.685767796056092e-11,
        2.960073225645317e-11,
        2.0843769743453188e-11,
        3.6362896375961765e-11,
        5.98309569757258e-11,
        2.7325696758419047e-11,
        3.9885341381951723e-11,
        2.6307958114359482e-11,
        2.3569254261326888e-11,
        3.319759903786915e-11,
        3.9594827789103043e-11,
        2.0820204991337152e-11,
        2.71358704161092e-11,
        2.7776485534140882e-11,
        2.7841022166574504e-11,
        4.4739281065456357e-11,
        4.304908431351782e-11,
        2.057411843890197e-11,
        1.4447877277521099e-11
      ],
      "confidence": 0.7
    }
  ]
}