{
  "chunk": 2232,
  "total_chunks": 3600,
  "patterns_found": 2,
  "start_time": 2231.0006197223943,
  "end_time": 2231.9996199998945,
  "patterns": [
    {
      "type": "spike",
      "count": 22,
      "times": [
        2231.0096197248945,
        2231.02961973045,
        2231.034619731839,
        2231.0366197323947,
        2231.042619734061,
        2231.04761973545,
        2231.0666197407277,
        2231.078619744061,
        2231.0976197493387,
        2231.1756197710056,
        2231.827619952117,
        2231.8656199626726,
        2231.9406199835057,
        2231.948619985728,
        2231.952619986839,
        2231.9556199876724,
        2231.9636199898946,
        2231.969619991561,
        2231.9766199935057,
        2231.988619996839,
        2231.9946199985056,
        2231.9966199990613
      ],
      "amplitudes": [
        0.0010764579227332002,
        0.0010884842804838339,
        0.0011007722879324293,
        0.0010967942918718415,
        0.0011178774547159136,
        0.0011564979050507215,
        0.001079728750124887,
        0.001226785512610015,
        0.001109208023621076,
        0.001094465311417049,
        0.0010910653695791856,
        0.0010695095244478922,
        0.0011029541860796705,
        0.0010852051214729277,
        0.001076087109060979,
        0.001067448877208067,
        0.0010765935759280807,
        0.0011053517671081089,
        0.0010766883422875172,
        0.0011710051872252717,
        0.0011309632995339317,
        0.0012920268168058683
      ],
      "confidence": 0.8
    },
    {
      "type": "oscillation",
      "frequencies": [
        3.9062489138504652,
        19.531244569252326,
        31.249991310803722,
        42.96873805235512,
        54.68748479390651,
        66.4062315354579,
        85.93747610471024,
        97.65622284626163,
        113.28121850166349,
        128.90621415706536,
        136.7187119847663,
        152.34370764016813,
        167.96870329557,
        191.4061967786728,
        210.93744134792513,
        218.74993917562605,
        230.46868591717745,
        249.99993048642978,
        265.6249261418316,
        281.24992179723347,
        289.0624196249344,
        316.40616202188767,
        328.12490876343907,
        351.56240224654186,
        374.99989572964466,
        386.71864247119606,
        398.43738921274746,
        410.15613595429886,
        429.68738052355116,
        453.12487400665395,
        468.74986966205586,
        488.28111423130815
      ],
      "power": [
        3.34820316756058e-10,
        2.3855736611550653e-11,
        4.448964592842622e-11,
        3.8851356058467305e-11,
        2.5368298319667594e-11,
        2.7003245327027412e-11,
        5.48977337768682e-11,
        2.356808808417711e-11,
        2.9730163483397255e-11,
        1.6989837355802115e-11,
        1.8544079172763657e-11,
        4.4827831814666743e-11,
        2.1725961147204878e-11,
        3.54270648022541e-11,
        2.188824701479428e-11,
        1.5890843021518866e-11,
        2.084662969365622e-11,
        3.1482288437418795e-11,
        3.024471069695111e-11,
        2.9484310940758544e-11,
        2.0428697055246235e-11,
        2.4245634103759213e-11,
        3.785499132312547e-11,
        3.045746350662488e-11,
        2.565435551620747e-11,
        2.6095526453630848e-11,
        1.6027336801634738e-11,
        2.0327897283737003e-11,
        3.619682308399341e-11,
        2.7324222724703633e-11,
        3.008066822610984e-11,
        2.4347420908582224e-11
      ],
      "confidence": 0.7
    }
  ]
}