{
  "chunk": 2185,
  "total_chunks": 3600,
  "patterns_found": 2,
  "start_time": 2184.000606666835,
  "end_time": 2184.9996069443355,
  "patterns": [
    {
      "type": "spike",
      "count": 8,
      "times": [
        2184.411606781002,
        2184.4506067918355,
        2184.4686067968355,
        2184.5166068101685,
        2184.518606810724,
        2184.6106068362797,
        2184.614606837391,
        2184.622606839613
      ],
      "amplitudes": [
        0.0017121891732188464,
        0.0017688295117765087,
        0.0017817662697909237,
        0.0017344812035407025,
        0.0017310209513210486,
        0.0017354583193879747,
        0.0016891316858603878,
        0.001702326887794947
      ],
      "confidence": 0.8
    },
    {
      "type": "oscillation",
      "frequencies": [
        3.9062489138504652,
        15.624995655401861,
        27.343742396953257,
        42.96873805235512,
        58.59373370775698,
        74.21872936315884,
        89.8437250185607,
        101.56247176011209,
        113.28121850166349,
        121.09371632936443,
        136.7187119847663,
        148.4374587263177,
        160.15620546786909,
        183.59369895097186,
        207.03119243407465,
        230.46868591717745,
        238.28118374487838,
        261.7186772279812,
        273.4374239695326,
        289.0624196249344,
        300.7811663664858,
        308.5936641941868,
        328.12490876343907,
        339.84365550499047,
        351.56240224654186,
        374.99989572964466,
        394.531140298897,
        429.68738052355116,
        445.31237617895306,
        453.12487400665395,
        476.56236748975675,
        488.28111423130815,
        496.0936120590091
      ],
      "power": [
        2.9707576187191025e-10,
        4.42961461702952e-11,
        3.0583439602755934e-11,
        2.435797177157761e-11,
        2.354461208269047e-11,
        2.7928324225832278e-11,
        2.129155674640973e-11,
        3.226985530092353e-11,
        3.3615546384261225e-11,
        2.19405391329687e-11,
        2.7486321135945504e-11,
        2.6961368735795205e-11,
        2.9408490967276974e-11,
        5.226292650347936e-11,
        2.5511120141784704e-11,
        5.976167838449266e-11,
        4.621050843709054e-11,
        1.6352836694540656e-11,
        3.0840206021647746e-11,
        1.731836517997044e-11,
        2.1454578194137032e-11,
        2.6893159479176735e-11,
        1.8094197580994723e-11,
        1.6516616115844337e-11,
        1.4995843345802665e-11,
        2.478166889134253e-11,
        4.0128767215981776e-11,
        2.4798400508852747e-11,
        1.9358700457270012e-11,
        1.6765853876771542e-11,
        2.8181890977933247e-11,
        1.9035051900575485e-11,
        2.2830187876231688e-11
      ],
      "confidence": 0.7
    }
  ]
}