{
  "chunk": 1548,
  "total_chunks": 3600,
  "patterns_found": 2,
  "start_time": 1547.0004297223418,
  "end_time": 1547.9994299998418,
  "patterns": [
    {
      "type": "spike",
      "count": 21,
      "times": [
        1547.0014297226194,
        1547.007429724286,
        1547.0094297248418,
        1547.0154297265083,
        1547.0184297273418,
        1547.0274297298417,
        1547.0364297323417,
        1547.0504297362306,
        1547.0534297370639,
        1547.0694297415084,
        1547.084429745675,
        1547.138429760675,
        1547.8844299678974,
        1547.9394299831752,
        1547.958429988453,
        1547.9614299892862,
        1547.9644299901195,
        1547.9824299951194,
        1547.9884299967862,
        1547.9954299987307,
        1547.998429999564
      ],
      "amplitudes": [
        0.0010863382844704158,
        0.0011037100660308762,
        0.0011448183067959035,
        0.001139509508827775,
        0.0011096631085975336,
        0.0011409134111287703,
        0.001076285960232575,
        0.001057473740734027,
        0.00112875158429766,
        0.0011314216980645468,
        0.0011141255681079917,
        0.0010660035042283612,
        0.001071746057483093,
        0.0011959374503449065,
        0.0010893280111800932,
        0.0011318358734654069,
        0.00113882253320888,
        0.0011153128158227228,
        0.0010960585131723011,
        0.001143012868464982,
        0.001075358788661181
      ],
      "confidence": 0.8
    },
    {
      "type": "oscillation",
      "frequencies": [
        3.906248915626821,
        23.437493493760925,
        42.96873807189503,
        58.59373373440232,
        78.12497831253643,
        85.93747614379006,
        105.46872072192417,
        117.18746746880464,
        132.81246313131192,
        148.43745879381922,
        160.15620554069966,
        179.68745011883377,
        207.0311925282215,
        218.74993927510198,
        234.37493493760928,
        261.718677346997,
        277.3436730095043,
        289.06241975638477,
        300.78116650326524,
        316.4061621657725,
        332.0311578282798,
        347.65615349078706,
        355.4686513220407,
        363.2811491532944,
        378.90614481580167,
        386.7186426470553,
        398.43738939393575,
        406.2498872251894,
        425.7811318033235,
        449.21862529708443,
        460.9373720439649,
        468.74986987521856,
        476.5623677064722,
        484.37486553772584,
        496.0936122846063
      ],
      "power": [
        3.481810659366318e-10,
        2.930805338671623e-11,
        3.908159977006628e-11,
        4.2167050782925815e-11,
        1.6726356400896137e-11,
        3.656084683300114e-11,
        2.734713763729236e-11,
        2.4972995891035924e-11,
        2.7887350089948342e-11,
        1.636620516127384e-11,
        2.1424476704762342e-11,
        2.3963505104283537e-11,
        6.597775406874827e-11,
        3.0258311498850457e-11,
        2.12560892926443e-11,
        3.340528992773866e-11,
        1.4301253738274114e-11,
        1.9743129778816798e-11,
        3.36983234346331e-11,
        4.33020348571531e-11,
        1.1703491512036224e-11,
        2.331207683203723e-11,
        1.9649371416859295e-11,
        3.4018225666626884e-11,
        1.5810118163702754e-11,
        1.524781682015721e-11,
        1.901015021168633e-11,
        2.609558526701458e-11,
        3.700017083674196e-11,
        2.1679158317354968e-11,
        1.445061196436644e-11,
        1.5288728376462413e-11,
        3.281018680320018e-11,
        2.3509771576329295e-11,
        5.496588890542196e-11
      ],
      "confidence": 0.7
    }
  ]
}