{
  "chunk": 3401,
  "total_chunks": 3600,
  "patterns_found": 2,
  "start_time": 3400.000944444707,
  "end_time": 3400.999944722207,
  "patterns": [
    {
      "type": "spike",
      "count": 6,
      "times": [
        3400.460944572485,
        3400.496944582485,
        3400.501944583874,
        3400.532944592485,
        3400.5429445952627,
        3400.567944602207
      ],
      "amplitudes": [
        0.0017387756935034588,
        0.0017586089332338375,
        0.001704443986704312,
        0.0017253849931501552,
        0.0017331732537183156,
        0.0017300871159490812
      ],
      "confidence": 0.8
    },
    {
      "type": "oscillation",
      "frequencies": [
        3.9062489138504652,
        27.343742396953257,
        50.781235880056045,
        78.1249782770093,
        85.93747610471024,
        101.56247176011209,
        117.18746741551396,
        136.7187119847663,
        144.5312098124672,
        152.34370764016813,
        160.15620546786909,
        167.96870329557,
        195.31244569252326,
        207.03119243407465,
        218.74993917562605,
        230.46868591717745,
        242.18743265872885,
        257.8124283141307,
        273.4374239695326,
        296.8749174526354,
        308.5936641941868,
        316.40616202188767,
        328.12490876343907,
        339.84365550499047,
        351.56240224654186,
        367.1873979019437,
        386.71864247119606,
        398.43738921274746,
        410.15613595429886,
        417.96863378199976,
        429.68738052355116,
        441.40612726510255,
        453.12487400665395,
        460.9373718343549,
        484.3748653174577,
        496.0936120590091
      ],
      "power": [
        2.9866390256632747e-10,
        5.783433201355839e-11,
        2.1715617925127815e-11,
        2.3813457642738938e-11,
        1.5201874062934682e-11,
        2.034618852102106e-11,
        1.8329934370356768e-11,
        4.213671597960721e-11,
        2.6056806317044114e-11,
        2.644690048479764e-11,
        2.574038056956333e-11,
        2.3068236914015297e-11,
        3.558850188022682e-11,
        2.4764119814014447e-11,
        3.2762357141548906e-11,
        1.4654451155402153e-11,
        2.8542942104169263e-11,
        3.84110157895629e-11,
        3.117050976663729e-11,
        2.4309280148466246e-11,
        2.083665923351308e-11,
        2.4611334901211688e-11,
        2.534147823116949e-11,
        3.255986043204684e-11,
        3.2993186940174245e-11,
        2.4928069296647044e-11,
        4.442434999307665e-11,
        2.0808818868601504e-11,
        2.7514228424800062e-11,
        2.258298224833929e-11,
        1.12340279898461e-11,
        2.2855252637267603e-11,
        2.435535647826298e-11,
        2.4330661416231486e-11,
        2.4596369675334514e-11,
        4.6721342265194945e-11
      ],
      "confidence": 0.7
    }
  ]
}