{
  "chunk": 3176,
  "total_chunks": 3600,
  "patterns_found": 2,
  "start_time": 3175.00088194469,
  "end_time": 3175.9998822221896,
  "patterns": [
    {
      "type": "spike",
      "count": 20,
      "times": [
        3175.0018819449674,
        3175.0068819463563,
        3175.010881947467,
        3175.012881948023,
        3175.0148819485785,
        3175.01888194969,
        3175.020881950245,
        3175.025881951634,
        3175.0358819544117,
        3175.0458819571895,
        3175.0508819585784,
        3175.057881960523,
        3175.070881964134,
        3175.9348822041343,
        3175.9368822046895,
        3175.962882211912,
        3175.975882215523,
        3175.9818822171896,
        3175.992882220245,
        3175.9968822213564
      ],
      "amplitudes": [
        0.0011662114238694928,
        0.001130487567238349,
        0.0011794750370328851,
        0.0011221103036927235,
        0.0010578713232405749,
        0.0011332000366538176,
        0.0010822084242236862,
        0.001238329511461097,
        0.0010986324655547872,
        0.0011081292046580728,
        0.0011482084336950618,
        0.0010594374549794529,
        0.0010775032495175868,
        0.00111490962269067,
        0.0011073360614048454,
        0.0013446648992185002,
        0.0011336392703944053,
        0.0010678313180668684,
        0.0011713414166867994,
        0.0011418610048933662
      ],
      "confidence": 0.8
    },
    {
      "type": "oscillation",
      "frequencies": [
        3.906248915626821,
        35.15624024064139,
        50.781235903148676,
        74.21872939690961,
        85.93747614379006,
        113.28121855317781,
        121.09371638443146,
        136.71871204693875,
        156.24995662507285,
        175.78120120320696,
        187.4999479500874,
        203.1249436125947,
        218.74993927510198,
        234.37493493760928,
        257.8124284313702,
        277.3436730095043,
        296.87491758763844,
        308.59366433451885,
        320.3124110813993,
        332.0311578282798,
        339.84365565953345,
        351.5624024064139,
        382.8123937314285,
        398.43738939393575,
        406.2498872251894,
        421.8748828876967,
        433.59362963457716,
        445.3123763814576,
        457.0311231283381,
        476.5623677064722,
        492.18736336897945
      ],
      "power": [
        2.9531698781643235e-10,
        2.2222184929370582e-11,
        2.050068833954667e-11,
        3.112056777057438e-11,
        1.9144018673402154e-11,
        2.4464219288285e-11,
        3.266376555872175e-11,
        3.1713743131556706e-11,
        3.0809906229628956e-11,
        4.840566734637096e-11,
        3.542261818278117e-11,
        2.4249573714364515e-11,
        2.4870266985137816e-11,
        3.139240023337348e-11,
        2.974574786409289e-11,
        6.836864866075348e-11,
        4.510194310237416e-11,
        3.3873686132295516e-11,
        3.394505927245342e-11,
        2.883765960447788e-11,
        2.6413598782422498e-11,
        2.093431866312717e-11,
        3.914335481501064e-11,
        2.088356508811415e-11,
        1.9154233292358522e-11,
        2.4352536272580813e-11,
        4.462371655751223e-11,
        1.7146245943259802e-11,
        2.516628433850004e-11,
        2.5748631602237184e-11,
        2.2170255723031485e-11
      ],
      "confidence": 0.7
    }
  ]
}