{
  "chunk": 3193,
  "total_chunks": 3600,
  "patterns_found": 2,
  "start_time": 3192.000886666913,
  "end_time": 3192.999886944413,
  "patterns": [
    {
      "type": "spike",
      "count": 6,
      "times": [
        3192.4178867827463,
        3192.4538867927463,
        3192.4988868052465,
        3192.5308868141356,
        3192.632886842469,
        3192.689886858302
      ],
      "amplitudes": [
        0.001722817750632195,
        0.0018183983815912512,
        0.0017228903436722377,
        0.0017366878277549778,
        0.0016874558329451502,
        0.0016894048797992606
      ],
      "confidence": 0.8
    },
    {
      "type": "oscillation",
      "frequencies": [
        3.906248915626821,
        15.624995662507285,
        39.062489156268214,
        50.781235903148676,
        82.03122722816325,
        93.7499739750437,
        101.56247180629735,
        117.18746746880464,
        128.9062142156851,
        136.71871204693875,
        144.53120987819239,
        156.24995662507285,
        167.96870337195332,
        183.5936990344606,
        195.31244578134107,
        203.1249436125947,
        226.56243710635562,
        242.18743276886292,
        253.9061795157434,
        265.62492626262383,
        273.4374240938775,
        289.06241975638477,
        304.68741541889204,
        312.4999132501457,
        328.124908912653,
        339.84365565953345,
        367.1873980689212,
        386.7186426470553,
        398.43738939393575,
        417.9686339720699,
        433.59362963457716,
        445.3123763814576,
        457.0311231283381,
        468.74986987521856,
        480.46861662209903,
        496.0936122846063
      ],
      "power": [
        3.253137161717745e-10,
        2.4032515247573452e-11,
        1.0403651641264726e-11,
        4.2664927318606855e-11,
        2.123694975752611e-11,
        2.434680948416171e-11,
        3.245829307810125e-11,
        2.997437306974001e-11,
        1.7534148049184072e-11,
        1.4101263976253166e-11,
        1.4710992562160905e-11,
        2.1592064528367438e-11,
        2.3901634892332595e-11,
        2.796748251416552e-11,
        2.677858871973326e-11,
        2.6526399279335112e-11,
        2.4685277262568114e-11,
        1.7091541677799633e-11,
        1.681293924419958e-11,
        1.6983156075185737e-11,
        2.2860613385930625e-11,
        2.4833332837493087e-11,
        2.637892596597918e-11,
        1.5754479228692234e-11,
        2.4779784710745305e-11,
        3.4531276508101044e-11,
        2.3797833639830567e-11,
        4.3069608294910606e-11,
        4.181704623038769e-11,
        2.961990777966625e-11,
        1.3176030777504425e-11,
        1.4844303123519362e-11,
        2.7772966331736353e-11,
        1.2407114522046707e-11,
        1.2919686628473011e-11,
        1.7755988023096856e-11
      ],
      "confidence": 0.7
    }
  ]
}