{
  "chunk": 2786,
  "total_chunks": 3600,
  "patterns_found": 2,
  "start_time": 2785.000773611326,
  "end_time": 2785.9997738888264,
  "patterns": [
    {
      "type": "spike",
      "count": 24,
      "times": [
        2785.002773611882,
        2785.0077736132707,
        2785.015773615493,
        2785.018773616326,
        2785.0217736171594,
        2785.023773617715,
        2785.028773619104,
        2785.0307736196596,
        2785.0327736202153,
        2785.0347736207705,
        2785.0397736221594,
        2785.0477736243815,
        2785.0617736282707,
        2785.139773649937,
        2785.920773866882,
        2785.9477738743817,
        2785.961773878271,
        2785.968773880215,
        2785.9787738829928,
        2785.986773885215,
        2785.9897738860486,
        2785.991773886604,
        2785.9947738874375,
        2785.997773888271
      ],
      "amplitudes": [
        0.0011538254754223935,
        0.0012184520820715697,
        0.0010799503102806455,
        0.0011261672311205387,
        0.0010512763385984456,
        0.0011369202338496558,
        0.0010688232986949438,
        0.0011110796925830127,
        0.001085242458227981,
        0.0010512662345928832,
        0.00105689581406275,
        0.0011045337515246932,
        0.0010458291771392807,
        0.0010886818595582885,
        0.0010648720518786831,
        0.0010500607970288691,
        0.0011864083316456627,
        0.001066669466692366,
        0.0010609390011332672,
        0.001078518267719238,
        0.0011839320645840882,
        0.0010672582136762151,
        0.0011387053952977267,
        0.0010677209826993128
      ],
      "confidence": 0.8
    },
    {
      "type": "oscillation",
      "frequencies": [
        3.906248915626821,
        31.24999132501457,
        46.87498698752185,
        58.59373373440232,
        85.93747614379006,
        101.56247180629735,
        117.18746746880464,
        128.9062142156851,
        144.53120987819239,
        179.68745011883377,
        199.21869469696787,
        214.84369035947518,
        226.56243710635562,
        249.99993060011656,
        265.62492626262383,
        277.3436730095043,
        304.68741541889204,
        320.3124110813993,
        328.124908912653,
        347.65615349078706,
        363.2811491532944,
        371.093646984548,
        386.7186426470553,
        394.53114047830894,
        406.2498872251894,
        429.68738071895035,
        445.3123763814576,
        460.9373720439649,
        472.65611879084537,
        484.37486553772584,
        496.0936122846063
      ],
      "power": [
        2.584438592951696e-10,
        1.9974467817426017e-11,
        3.1312289424740245e-11,
        2.5249892786509456e-11,
        2.5698216190634183e-11,
        1.3394625415618469e-11,
        4.348945124260272e-11,
        2.7263738567886042e-11,
        3.701799933819503e-11,
        2.6339781449232594e-11,
        1.520250883450939e-11,
        2.5055932736691e-11,
        2.6017290181698355e-11,
        3.76563930607421e-11,
        1.2508551848582931e-11,
        3.5013282446563126e-11,
        3.140259210771782e-11,
        2.8360821061410556e-11,
        2.1390109659439834e-11,
        3.034508893851521e-11,
        2.3767486699310218e-11,
        2.5349571325250056e-11,
        4.4213315186882766e-11,
        2.034854256029761e-11,
        3.772086702811217e-11,
        4.513385822299365e-11,
        3.155446764731307e-11,
        1.8330111827985096e-11,
        2.631780821791978e-11,
        2.8252693200827513e-11,
        1.2299386696429278e-11
      ],
      "confidence": 0.7
    }
  ]
}