{
  "chunk": 3206,
  "total_chunks": 3600,
  "patterns_found": 2,
  "start_time": 3205.000890278025,
  "end_time": 3205.9998905555253,
  "patterns": [
    {
      "type": "spike",
      "count": 19,
      "times": [
        3205.0028902785807,
        3205.005890279414,
        3205.0098902805253,
        3205.0128902813585,
        3205.015890282192,
        3205.03489028747,
        3205.0538902927474,
        3205.0628902952476,
        3205.892890525803,
        3205.911890531081,
        3205.9148905319144,
        3205.920890533581,
        3205.941890539414,
        3205.964890545803,
        3205.977890549414,
        3205.9848905513586,
        3205.9868905519143,
        3205.9898905527475,
        3205.996890554692
      ],
      "amplitudes": [
        0.0011379816232034673,
        0.0011533356253559917,
        0.0011263239981599306,
        0.0010680639525897828,
        0.001141188352216311,
        0.0010743127681474103,
        0.0011341880955286242,
        0.0010666976827196442,
        0.001153103999750431,
        0.0010777825609329561,
        0.0011156577647492276,
        0.0010711762368820392,
        0.0011097597319057089,
        0.001172499433702258,
        0.0011072315036697454,
        0.0011327666914762145,
        0.0010745913845478048,
        0.001164179313266493,
        0.0011699194828691697
      ],
      "confidence": 0.8
    },
    {
      "type": "oscillation",
      "frequencies": [
        3.9062489138504652,
        15.624995655401861,
        23.43749348310279,
        42.96873805235512,
        58.59373370775698,
        70.31248044930837,
        82.03122719085977,
        121.09371632936443,
        128.90621415706536,
        148.4374587263177,
        160.15620546786909,
        167.96870329557,
        179.6874500371214,
        203.12494352022418,
        218.74993917562605,
        234.37493483102793,
        253.90617940028025,
        269.5311750556821,
        281.24992179723347,
        289.0624196249344,
        300.7811663664858,
        316.40616202188767,
        335.93740659114,
        355.4686511603923,
        371.0936468157942,
        382.8123935573456,
        394.531140298897,
        406.24988704044836,
        417.96863378199976,
        441.40612726510255,
        453.12487400665395,
        468.74986966205586,
        484.3748653174577,
        496.0936120590091
      ],
      "power": [
        3.459178653066521e-10,
        2.6635544225298402e-11,
        3.067256551524041e-11,
        2.178044594581696e-11,
        2.3275933726556344e-11,
        2.373897015829408e-11,
        3.980077729815811e-11,
        2.184696435371168e-11,
        2.2028138319954736e-11,
        3.523536423168423e-11,
        2.8635604298978302e-11,
        2.6938673506990648e-11,
        2.3039883635309554e-11,
        3.0043319180797775e-11,
        1.7302845055356638e-11,
        1.947630125801523e-11,
        2.016174890853388e-11,
        3.93208203527595e-11,
        3.740597576557782e-11,
        3.925443424555164e-11,
        3.253434012274043e-11,
        2.646974101547819e-11,
        1.5948212219861494e-11,
        1.757805086639247e-11,
        3.549402195188081e-11,
        3.3074673372907617e-11,
        2.4035077758279566e-11,
        3.3045705843237746e-11,
        5.10535858869581e-11,
        2.732879249995843e-11,
        2.0184106801858023e-11,
        3.191763935057558e-11,
        2.545447295576483e-11,
        2.0822609783627498e-11
      ],
      "confidence": 0.7
    }
  ]
}