{
  "chunk": 2003,
  "total_chunks": 3600,
  "patterns_found": 2,
  "start_time": 2002.0005561112657,
  "end_time": 2002.9995563887658,
  "patterns": [
    {
      "type": "spike",
      "count": 8,
      "times": [
        2002.3205562001547,
        2002.4305562307102,
        2002.4745562429323,
        2002.4785562440436,
        2002.4865562462658,
        2002.5095562526546,
        2002.5945562762658,
        2002.597556277099
      ],
      "amplitudes": [
        0.001859263107767015,
        0.001758683072146762,
        0.0017554207027082212,
        0.0016920620082606246,
        0.0017149101258142332,
        0.0017496699529929893,
        0.0017543351390164412,
        0.00171960983969624
      ],
      "confidence": 0.8
    },
    {
      "type": "oscillation",
      "frequencies": [
        3.906248914738643,
        19.531244573693215,
        39.06248914738643,
        58.59373372107965,
        70.31248046529558,
        89.8437250389888,
        105.46872069794337,
        117.1874674421593,
        132.81246310111388,
        144.5312098453298,
        167.96870333376165,
        183.59369899271624,
        195.31244573693215,
        210.93744139588674,
        226.5624370548413,
        249.99993054327317,
        265.62492620222775,
        281.2499218611823,
        296.8749175201369,
        308.5936642643528,
        320.31241100856874,
        335.9374066675233,
        343.7499044970006,
        355.46865124121655,
        363.2811490706938,
        382.81239364438704,
        402.34363821808023,
        425.7811317065121,
        433.5936295359894,
        445.31237628020534,
        453.1248741096826,
        472.65611868337584,
        480.4686165128531,
        488.2811143423304,
        496.0936121718077
      ],
      "power": [
        3.3743346533913673e-10,
        3.603029968089108e-11,
        3.0992163806697794e-11,
        3.081538848936369e-11,
        3.0106872712954864e-11,
        4.645816311213296e-11,
        1.5155582078694375e-11,
        2.545451693202584e-11,
        2.6319362296005105e-11,
        2.2986041597659256e-11,
        6.424700027500971e-11,
        2.0142444494273038e-11,
        1.2402366683109371e-11,
        3.2245441106996093e-11,
        2.865294986859465e-11,
        2.226853231761943e-11,
        2.6761988405231007e-11,
        1.4689330414232506e-11,
        2.4986977982474614e-11,
        1.665013469873117e-11,
        1.980184239304145e-11,
        1.499994833753906e-11,
        2.8533667962616617e-11,
        1.8330319946558598e-11,
        2.829956890823178e-11,
        2.6474223685028424e-11,
        3.294870398248734e-11,
        3.052871796459852e-11,
        3.2293494221362934e-11,
        2.6661052278450686e-11,
        3.278494570028889e-11,
        1.5314546191014286e-11,
        1.3543666436465793e-11,
        2.1991882888235224e-11,
        1.3723690576048504e-11
      ],
      "confidence": 0.7
    }
  ]
}