{
  "chunk": 1084,
  "total_chunks": 3600,
  "patterns_found": 2,
  "start_time": 1083.000300833417,
  "end_time": 1083.999301110917,
  "patterns": [
    {
      "type": "spike",
      "count": 25,
      "times": [
        1083.0023008339724,
        1083.0083008356391,
        1083.0123008367502,
        1083.0213008392502,
        1083.0253008403613,
        1083.031300842028,
        1083.044300845639,
        1083.0503008473058,
        1083.058300849528,
        1083.0833008564725,
        1083.0903008584169,
        1083.0933008592503,
        1083.9263010906393,
        1083.9383010939725,
        1083.9483010967504,
        1083.9513010975836,
        1083.9563010989725,
        1083.9703011028614,
        1083.973301103695,
        1083.9763011045281,
        1083.981301105917,
        1083.9833011064725,
        1083.986301107306,
        1083.9883011078614,
        1083.9983011106392
      ],
      "amplitudes": [
        0.0010854095279814193,
        0.0010462397199384767,
        0.001061803180332014,
        0.0011679132677211864,
        0.0011000410101619795,
        0.001041042941114036,
        0.0011076600241978099,
        0.0010641627549492314,
        0.0010792605853434786,
        0.0011393675035584116,
        0.0010559328594598174,
        0.0010766492483906803,
        0.0010499070061581186,
        0.001131520643878119,
        0.0011115094926829926,
        0.001066103632024917,
        0.0010444596178733779,
        0.0010698284800024207,
        0.0010776798295462117,
        0.0010768808466125681,
        0.0011549311467911492,
        0.0011807750241020457,
        0.0010777276085612965,
        0.0011468808105785412,
        0.0011004680918297858
      ],
      "confidence": 0.8
    },
    {
      "type": "oscillation",
      "frequencies": [
        3.906248914738643,
        11.71874674421593,
        31.249991317909146,
        39.06248914738643,
        50.781235891602364,
        62.49998263581829,
        70.31248046529558,
        89.8437250389888,
        101.56247178320473,
        121.09371635689794,
        128.90621418637522,
        140.62496093059116,
        152.3437076748071,
        175.78120116323893,
        183.59369899271624,
        195.31244573693215,
        203.12494356640946,
        226.5624370548413,
        238.28118379905723,
        246.0936816285345,
        257.81242837275045,
        265.62492620222775,
        296.8749175201369,
        316.4061620938301,
        328.12490883804605,
        355.46865124121655,
        374.99989581490973,
        382.81239364438704,
        390.6248914738643,
        398.4373893033416,
        410.15613604755754,
        421.8748827917735,
        433.5936295359894,
        453.1248741096826,
        464.8436208538985,
        480.4686165128531,
        488.2811143423304
      ],
      "power": [
        2.9626850843092625e-10,
        4.8480483888831125e-11,
        1.576289934790915e-11,
        1.3808158212548031e-11,
        1.9100085597126276e-11,
        2.9027051684657005e-11,
        2.1477239530104472e-11,
        2.3340867812276366e-11,
        3.205475266362901e-11,
        1.8138633709602764e-11,
        1.6873022829801488e-11,
        2.2417557993807255e-11,
        2.8333249577278563e-11,
        2.331284760622851e-11,
        2.3347112219039506e-11,
        3.387692981771032e-11,
        3.629740164986512e-11,
        2.8994375754493054e-11,
        1.9529315498212274e-11,
        2.1472260714740947e-11,
        1.828508242796757e-11,
        2.8868327898192995e-11,
        3.480721903158676e-11,
        2.8762389254433042e-11,
        2.3321770249918858e-11,
        3.6057717613379437e-11,
        2.816433017566743e-11,
        2.1725842577364235e-11,
        2.0208824834830518e-11,
        2.7926111820948558e-11,
        2.587880269398428e-11,
        1.7031670494504842e-11,
        2.659088425172275e-11,
        3.823583370818793e-11,
        2.0396157080498403e-11,
        2.36850601413698e-11,
        3.308992392531553e-11
      ],
      "confidence": 0.7
    }
  ]
}