{
  "chunk": 650,
  "total_chunks": 3600,
  "patterns_found": 2,
  "start_time": 649.0001802778279,
  "end_time": 649.9991805553279,
  "patterns": [
    {
      "type": "spike",
      "count": 20,
      "times": [
        649.0021802783834,
        649.0071802797723,
        649.0111802808834,
        649.0141802817168,
        649.0191802831057,
        649.0211802836612,
        649.0231802842168,
        649.0261802850501,
        649.0341802872723,
        649.0371802881057,
        649.0691802969945,
        649.076180298939,
        649.0871803019945,
        649.1901803306057,
        649.9461805406057,
        649.9501805417168,
        649.9561805433835,
        649.963180545328,
        649.9711805475501,
        649.990180552828
      ],
      "amplitudes": [
        0.0012799710969779267,
        0.001195706519400206,
        0.0010839586317514217,
        0.0010887790971366202,
        0.0010424187233270177,
        0.0010563536129514553,
        0.001109372709149163,
        0.0010605177941649358,
        0.00111803076329857,
        0.0010575343853589305,
        0.0010464403425771234,
        0.0010641625067766833,
        0.0010683099679985346,
        0.0010448747026267455,
        0.001062969154882521,
        0.001116630210413636,
        0.0011718179294883833,
        0.0011152574582618136,
        0.0011008795205994068,
        0.0010407095256561223
      ],
      "confidence": 0.8
    },
    {
      "type": "oscillation",
      "frequencies": [
        3.906248914738643,
        15.624995658954573,
        39.06248914738643,
        46.87498697686372,
        78.12497829477286,
        93.74997395372743,
        113.28121852742065,
        121.09371635689794,
        136.7187120158525,
        152.3437076748071,
        167.96870333376165,
        183.59369899271624,
        191.40619682219352,
        214.8436903106254,
        238.28118379905723,
        246.0936816285345,
        261.7186772874891,
        281.2499218611823,
        300.7811664348755,
        324.21865992330737,
        339.843655582262,
        351.56240232647787,
        371.0936469001711,
        386.71864255912567,
        414.06238496229616,
        437.49987845072803,
        460.9373719391599,
        476.56236759811446,
        492.187363257069
      ],
      "power": [
        2.997312289091236e-10,
        2.5357889642727908e-11,
        3.496880194874329e-11,
        2.8626359796456123e-11,
        2.0559767454466098e-11,
        4.1575836331077574e-11,
        2.780960417977224e-11,
        2.0225263307191463e-11,
        1.6374103379680787e-11,
        2.4215541411041113e-11,
        4.152688714254891e-11,
        2.194411718426924e-11,
        9.65336456125405e-12,
        3.74691379734363e-11,
        1.4955687454851446e-11,
        1.6974289327585654e-11,
        2.5624402586934756e-11,
        3.765679020468439e-11,
        2.7860570995018283e-11,
        2.099917500873204e-11,
        3.34591483336987e-11,
        2.0979732733465213e-11,
        2.7039129135807158e-11,
        4.202235406124296e-11,
        3.1175599154631064e-11,
        2.2815822129350944e-11,
        2.2085574272995e-11,
        3.134462134263434e-11,
        2.1809347357699478e-11
      ],
      "confidence": 0.7
    }
  ]
}