{
  "chunk": 937,
  "total_chunks": 3600,
  "patterns_found": 2,
  "start_time": 936.0002600000722,
  "end_time": 936.9992602775724,
  "patterns": [
    {
      "type": "spike",
      "count": 7,
      "times": [
        936.4072601131279,
        936.4212601170168,
        936.4322601200723,
        936.4902601361835,
        936.5092601414613,
        936.5112601420168,
        936.5202601445168
      ],
      "amplitudes": [
        0.0017507047014722694,
        0.001675923320740357,
        0.0016968559513428033,
        0.0016816128126135683,
        0.0016901229362346981,
        0.0017303104689954532,
        0.0017712124757212383
      ],
      "confidence": 0.8
    },
    {
      "type": "oscillation",
      "frequencies": [
        3.906248914738643,
        27.343742403170502,
        35.15624023264779,
        42.96873806212508,
        62.49998263581829,
        78.12497829477286,
        89.8437250389888,
        97.65622286846607,
        105.46872069794337,
        117.1874674421593,
        124.99996527163658,
        148.43745876006844,
        160.15620550428437,
        175.78120116323893,
        183.59369899271624,
        199.2186946516708,
        210.93744139588674,
        226.5624370548413,
        238.28118379905723,
        257.81242837275045,
        273.437424031705,
        289.0624196906596,
        312.49991317909144,
        324.21865992330737,
        339.843655582262,
        351.56240232647787,
        363.2811490706938,
        390.6248914738643,
        398.4373893033416,
        414.06238496229616,
        433.5936295359894,
        445.31237628020534,
        453.1248741096826,
        472.65611868337584,
        484.37486542759177
      ],
      "power": [
        3.372908382050739e-10,
        3.023188290678707e-11,
        2.794217945613453e-11,
        3.3096054126619403e-11,
        1.276642360546231e-11,
        2.0521890069838652e-11,
        1.6812067163935196e-11,
        1.548106680719194e-11,
        1.0821796790598478e-11,
        2.2198047736436675e-11,
        1.8932460977098156e-11,
        4.259600204705713e-11,
        3.269789869470737e-11,
        1.6361476999246867e-11,
        1.9937817020974972e-11,
        3.22668731061612e-11,
        1.8519294098888225e-11,
        2.0834239708874406e-11,
        3.679658185394509e-11,
        1.9138738591610796e-11,
        3.7300262600940737e-11,
        1.6539042960897126e-11,
        2.5123216256955458e-11,
        1.9082207979273948e-11,
        1.3477065690595361e-11,
        3.0013420393919924e-11,
        3.011748928710945e-11,
        2.4869005451099326e-11,
        3.270641713517895e-11,
        1.6283873814602014e-11,
        1.9569629400042134e-11,
        2.5375486534189827e-11,
        3.14297091430126e-11,
        3.1414255492857976e-11,
        2.514886373280714e-11
      ],
      "confidence": 0.7
    }
  ]
}