{
  "chunk": 2043,
  "total_chunks": 3600,
  "patterns_found": 2,
  "start_time": 2042.00056722238,
  "end_time": 2042.99956749988,
  "patterns": [
    {
      "type": "spike",
      "count": 7,
      "times": [
        2042.328567313491,
        2042.4265673407133,
        2042.4405673446022,
        2042.5055673626578,
        2042.51356736488,
        2042.6015673893244,
        2042.608567391269
      ],
      "amplitudes": [
        0.0017246970602068593,
        0.001684934215920157,
        0.0017531940954299491,
        0.0017068978431345368,
        0.0016885483875844335,
        0.0016945093290545695,
        0.0017013605451940308
      ],
      "confidence": 0.8
    },
    {
      "type": "oscillation",
      "frequencies": [
        3.906248914738643,
        27.343742403170502,
        39.06248914738643,
        46.87498697686372,
        62.49998263581829,
        70.31248046529558,
        82.03122720951151,
        89.8437250389888,
        105.46872069794337,
        117.1874674421593,
        136.7187120158525,
        148.43745876006844,
        160.15620550428437,
        171.8749522485003,
        183.59369899271624,
        199.2186946516708,
        214.8436903106254,
        226.5624370548413,
        238.28118379905723,
        249.99993054327317,
        277.3436729464437,
        304.6874153496142,
        320.31241100856874,
        332.0311577527847,
        343.7499044970006,
        355.46865124121655,
        367.1873979854325,
        382.81239364438704,
        390.6248914738643,
        398.4373893033416,
        410.15613604755754,
        421.8748827917735,
        437.49987845072803,
        449.21862519494397,
        457.0311230244213,
        468.7498697686372,
        480.4686165128531,
        492.187363257069
      ],
      "power": [
        3.1884939840694796e-10,
        1.0439079253527765e-11,
        1.916919395441402e-11,
        2.356686872437489e-11,
        3.174738432047829e-11,
        2.0664927824582843e-11,
        2.0744110641156335e-11,
        2.197711840135134e-11,
        2.5264627480827502e-11,
        1.740277263814493e-11,
        3.9529532150976804e-11,
        3.086717627993125e-11,
        2.236571091283369e-11,
        1.614293126880562e-11,
        1.9204260363569812e-11,
        3.0480022126945593e-11,
        2.0896951512704785e-11,
        1.2851233321577309e-11,
        2.6023489436054097e-11,
        2.679637398185442e-11,
        4.299775793316799e-11,
        2.287234868102768e-11,
        2.3855813167763407e-11,
        2.558960424120529e-11,
        2.993826641894691e-11,
        3.1305927131814495e-11,
        2.309798298944845e-11,
        1.585750780521933e-11,
        1.2364710748749339e-11,
        1.7097456398365158e-11,
        2.3790519325743604e-11,
        2.6240501258431373e-11,
        2.0243678584252055e-11,
        2.601714884280295e-11,
        1.8460786684180438e-11,
        2.146362019424205e-11,
        1.3379912108569489e-11,
        1.6928671674834945e-11
      ],
      "confidence": 0.7
    }
  ]
}