{
  "chunk": 2612,
  "total_chunks": 3600,
  "patterns_found": 2,
  "start_time": 2611.000725277979,
  "end_time": 2611.9997255554795,
  "patterns": [
    {
      "type": "spike",
      "count": 19,
      "times": [
        2611.002725278535,
        2611.005725279368,
        2611.010725280757,
        2611.0137252815907,
        2611.016725282424,
        2611.018725282979,
        2611.0327252868683,
        2611.0357252877016,
        2611.0457252904794,
        2611.0547252929796,
        2611.056725293535,
        2611.0997253054793,
        2611.884725523535,
        2611.8917255254796,
        2611.9017255282574,
        2611.9167255324237,
        2611.9537255427017,
        2611.959725544368,
        2611.995725554368
      ],
      "amplitudes": [
        0.001130797827270364,
        0.0010631633265594906,
        0.0010523236177879735,
        0.0010515224445461744,
        0.0011628945563945026,
        0.001053925456843148,
        0.0010568725531858315,
        0.001126460871648733,
        0.0010474113281139085,
        0.001145580312279998,
        0.0011083498456151454,
        0.0010548641315892048,
        0.0010959800310524992,
        0.001053734959494813,
        0.0010874743063030278,
        0.0011006787545137335,
        0.001088820656367235,
        0.0010520394022407252,
        0.0011177143765463775
      ],
      "confidence": 0.8
    },
    {
      "type": "oscillation",
      "frequencies": [
        3.9062489138504652,
        15.624995655401861,
        35.156240224654184,
        46.87498696620558,
        58.59373370775698,
        74.21872936315884,
        85.93747610471024,
        101.56247176011209,
        113.28121850166349,
        124.99996524321489,
        152.34370764016813,
        164.06245438171953,
        187.49994786482233,
        199.21869460637373,
        210.93744134792513,
        218.74993917562605,
        238.28118374487838,
        249.99993048642978,
        261.7186772279812,
        277.343672883383,
        289.0624196249344,
        300.7811663664858,
        312.4999131080372,
        324.2186598495886,
        339.84365550499047,
        351.56240224654186,
        363.28114898809326,
        374.99989572964466,
        390.6248913850465,
        402.3436381265979,
        421.87488269585026,
        429.68738052355116,
        449.2186250928035,
        460.9373718343549,
        472.6561185759063,
        492.1873631451586
      ],
      "power": [
        3.4191784898589185e-10,
        2.6176508446225238e-11,
        2.2738502666171853e-11,
        1.3713212728450588e-11,
        1.3025140930473538e-11,
        2.0734676931237323e-11,
        1.976304905950158e-11,
        2.4017135809413886e-11,
        1.81848773894038e-11,
        2.6443027654067847e-11,
        2.4095357449197702e-11,
        3.688561731543782e-11,
        3.9920909850916674e-11,
        1.7686733323028392e-11,
        2.7658846741438115e-11,
        2.205122083936356e-11,
        5.0043490768899684e-11,
        2.2410043786334317e-11,
        2.367831432584903e-11,
        1.5050780318138462e-11,
        2.4247083114879205e-11,
        2.419297865567939e-11,
        9.662830248295797e-12,
        2.994091235188684e-11,
        3.848753284388589e-11,
        2.474651551105597e-11,
        2.3615948578283913e-11,
        2.7005807702389533e-11,
        3.5902053354792004e-11,
        3.666033629149016e-11,
        2.4346648576117224e-11,
        2.443666240112369e-11,
        2.1643140344156102e-11,
        3.0229677177345885e-11,
        3.164846379718981e-11,
        5.7505831526528236e-11
      ],
      "confidence": 0.7
    }
  ]
}