{
  "chunk": 352,
  "total_chunks": 3600,
  "patterns_found": 2,
  "start_time": 351.0000975000271,
  "end_time": 351.9990977775272,
  "patterns": [
    {
      "type": "spike",
      "count": 21,
      "times": [
        351.00109750030487,
        351.00309750086046,
        351.005097501416,
        351.0080975022493,
        351.01009750280485,
        351.014097503916,
        351.023097506416,
        351.0270975075271,
        351.0420975116938,
        351.07109751974934,
        351.09109752530486,
        351.0980975272493,
        351.9270977575272,
        351.95509776530497,
        351.96709776863827,
        351.9760977711383,
        351.97809777169385,
        351.98409777336053,
        351.98709777419384,
        351.9940977761383,
        351.9970977769716
      ],
      "amplitudes": [
        0.001193571894970378,
        0.0011057913503470477,
        0.0010997977631955148,
        0.0011613600677967085,
        0.0011704589457489734,
        0.001068997762857343,
        0.0011215790607100686,
        0.001071555568226597,
        0.0010971417339284298,
        0.0011153348503095254,
        0.0010627124910226225,
        0.0010689045471222766,
        0.0010720602873629304,
        0.0011345556080784487,
        0.0010759489374267113,
        0.0010761760816995524,
        0.0011258628686248333,
        0.0010902277576273888,
        0.0010692747604249843,
        0.0011436579655087044,
        0.0011584571933110203
      ],
      "confidence": 0.8
    },
    {
      "type": "oscillation",
      "frequencies": [
        3.906248914960688,
        19.531244574803438,
        42.96873806456757,
        50.781235894488944,
        66.4062315543317,
        82.03122721417445,
        101.56247178897789,
        113.28121853385994,
        121.09371636378133,
        136.71871202362408,
        144.53120985354545,
        167.96870334330958,
        183.59369900315232,
        191.4061968330737,
        203.12494357795578,
        218.74993923779851,
        234.37493489764128,
        242.18743272756265,
        265.6249262173268,
        273.43742404724816,
        289.0624197070909,
        312.499913196855,
        332.03115777165846,
        343.74990451654054,
        359.3749001763833,
        367.18739800630465,
        382.8123936661474,
        406.24988715591155,
        417.9686339007936,
        429.68738064567566,
        441.40612739055774,
        457.0311230504005,
        464.84362088032185,
        492.1873632850467
      ],
      "power": [
        3.0758317820304714e-10,
        3.9512125901651586e-11,
        3.8854103813046025e-11,
        3.8365442665006604e-11,
        2.1767037290278988e-11,
        2.558764387275864e-11,
        4.057218157755627e-11,
        2.4688104035644578e-11,
        1.9672233252568367e-11,
        3.998376335035783e-11,
        3.667940371893816e-11,
        2.4890907313022134e-11,
        3.073290980664799e-11,
        3.5702090586975804e-11,
        2.557342690152592e-11,
        2.946904317716909e-11,
        1.7224543614499464e-11,
        1.5962865061424844e-11,
        3.7389962697226076e-11,
        2.945327592382505e-11,
        3.1464817812569826e-11,
        2.8729387804586587e-11,
        4.0420194704252814e-11,
        2.127905564843548e-11,
        2.1957706696231887e-11,
        2.6160517558946233e-11,
        2.0670064836845087e-11,
        3.428929501790436e-11,
        2.1467465478106063e-11,
        1.357590298822611e-11,
        2.264490817983579e-11,
        1.545164199284401e-11,
        5.226123407695524e-11,
        2.4479235833980157e-11
      ],
      "confidence": 0.7
    }
  ]
}