{
  "chunk": 17,
  "total_chunks": 3600,
  "patterns_found": 2,
  "start_time": 16.00000444444568,
  "end_time": 16.999004721945756,
  "patterns": [
    {
      "type": "spike",
      "count": 9,
      "times": [
        16.32600453500126,
        16.48500457916794,
        16.52600459055683,
        16.539004594167945,
        16.552004597779057,
        16.581004605834615,
        16.607004613056837,
        16.62500461805684,
        16.62900461916795
      ],
      "amplitudes": [
        0.0017375592979016277,
        0.0017267246019823644,
        0.0017207570046610114,
        0.001716125553267677,
        0.0016992273265123293,
        0.0017607356224476286,
        0.0017186235543637637,
        0.0017430951880731546,
        0.001843130027143771
      ],
      "confidence": 0.8
    },
    {
      "type": "oscillation",
      "frequencies": [
        3.9062489149329322,
        23.437493489597593,
        31.249991319463458,
        54.687484809061054,
        70.31248046879278,
        78.12497829865865,
        89.84372504345744,
        109.37496961812211,
        117.18746744798797,
        136.71871202265262,
        144.5312098525185,
        152.34370768238435,
        164.06245442718316,
        175.78120117198196,
        187.49994791678074,
        207.0311924914454,
        226.56243706611008,
        246.09368164077472,
        269.53117513037233,
        289.062419705037,
        312.4999131946346,
        332.0311577692992,
        347.65615342903095,
        359.37490017382976,
        374.9998958335615,
        386.7186425783603,
        402.343638238092,
        421.8748828127567,
        441.40612738742135,
        460.937371962086,
        468.7498697919519,
        480.4686165367507,
        492.18736328154944
      ],
      "power": [
        3.0592758468114467e-10,
        2.4948689154733712e-11,
        2.843541417356318e-11,
        3.421327023847136e-11,
        2.383659230404003e-11,
        2.20195412908154e-11,
        3.880215679750544e-11,
        2.0544475760164607e-11,
        2.2758265825178142e-11,
        3.141187516497246e-11,
        2.5991732751050903e-11,
        3.8521129173067825e-11,
        1.5491101902045927e-11,
        1.6739548804973575e-11,
        2.097803531771426e-11,
        2.6079020352293924e-11,
        2.2247962747708434e-11,
        3.4928759922311614e-11,
        4.031839255705196e-11,
        3.629891612979272e-11,
        2.6320166427512297e-11,
        4.0805095519014784e-11,
        1.6080598795712158e-11,
        2.367527049932212e-11,
        3.520883132226725e-11,
        4.2914207724702805e-11,
        3.430632106400743e-11,
        2.3912683023494116e-11,
        3.136554170051651e-11,
        1.9193962223184225e-11,
        1.3529086292629024e-11,
        1.9677048480174073e-11,
        2.7269097579256843e-11
      ],
      "confidence": 0.7
    }
  ]
}