{
  "chunk": 1438,
  "total_chunks": 3600,
  "patterns_found": 2,
  "start_time": 1437.0003991667777,
  "end_time": 1437.9993994442777,
  "patterns": [
    {
      "type": "spike",
      "count": 23,
      "times": [
        1437.0043991678888,
        1437.0133991703888,
        1437.0173991714998,
        1437.0233991731666,
        1437.030399175111,
        1437.0353991764998,
        1437.038399177333,
        1437.0423991784444,
        1437.0503991806665,
        1437.0603991834444,
        1437.0733991870554,
        1437.0833991898332,
        1437.0863991906665,
        1437.8863994128887,
        1437.8973994159444,
        1437.921399422611,
        1437.9383994273333,
        1437.957399432611,
        1437.9723994367778,
        1437.9773994381667,
        1437.984399440111,
        1437.9873994409443,
        1437.997399443722
      ],
      "amplitudes": [
        0.0010580120495201346,
        0.0011046023105134467,
        0.0010499197411871035,
        0.0010567469255723804,
        0.001050222434377346,
        0.0011014830398868138,
        0.0010921296559891027,
        0.0010967117665765752,
        0.0010499373527698838,
        0.001130662637145308,
        0.0010747275423048225,
        0.0010728231784767337,
        0.0011094565220622942,
        0.0010496768314763906,
        0.0011420087949524779,
        0.0011242408727719564,
        0.0010566602924510819,
        0.0010747288018333587,
        0.001048145634132025,
        0.0010564577803023917,
        0.0011801757823891612,
        0.0011043398126623649,
        0.0010802720173221795
      ],
      "confidence": 0.8
    },
    {
      "type": "oscillation",
      "frequencies": [
        3.906248915626821,
        19.531244578134107,
        31.24999132501457,
        42.96873807189503,
        54.687484818775495,
        62.49998265002914,
        82.03122722816325,
        101.56247180629735,
        117.18746746880464,
        124.99996530005828,
        136.71871204693875,
        152.34370770944602,
        160.15620554069966,
        167.96870337195332,
        179.68745011883377,
        203.1249436125947,
        222.6561881907288,
        242.18743276886292,
        257.8124284313702,
        273.4374240938775,
        281.2499219251311,
        300.78116650326524,
        312.4999132501457,
        332.0311578282798,
        347.65615349078706,
        359.37490023766753,
        367.1873980689212,
        382.8123937314285,
        402.3436383095626,
        410.1561361408162,
        433.59362963457716,
        457.0311231283381,
        480.46861662209903,
        496.0936122846063
      ],
      "power": [
        3.212522647173702e-10,
        2.1714200006198688e-11,
        1.556924556634124e-11,
        3.507098097533818e-11,
        1.676960100565762e-11,
        2.6480247428446627e-11,
        2.0375761397215992e-11,
        4.7297095891910944e-11,
        3.047573826901414e-11,
        1.7679081637672232e-11,
        1.6111758347810616e-11,
        2.0396508784782836e-11,
        1.7750491655111567e-11,
        2.6865185683950783e-11,
        4.283177864286175e-11,
        3.690447208273769e-11,
        2.418182897580894e-11,
        3.077757119999205e-11,
        2.1170980702661974e-11,
        2.4660621253556328e-11,
        2.330813761862943e-11,
        2.407580187629866e-11,
        1.975039430664511e-11,
        4.273191964998849e-11,
        1.4019860444767263e-11,
        3.126262490495688e-11,
        2.2058974708800557e-11,
        1.9438172123405632e-11,
        3.122278802730754e-11,
        3.318629551525725e-11,
        2.10282879354777e-11,
        3.561304191063623e-11,
        3.850095146166476e-11,
        5.575301427607931e-11
      ],
      "confidence": 0.7
    }
  ]
}