pattern,strength,ci_low,ci_high
electro_spatial_coordination,0.7133207748079339,-0.8325352592755826,-0.5309616509610816
