{
  "species": "Schizophyllum_commune",
  "study_timestamp": "2025-07-06T03:03:32.620048",
  "electrical_analysis": {
    "pattern_1": {
      "w_transform_signatures": {
        "dominant_frequency": 0.001,
        "dominant_timescale": 1000.0,
        "semantic_complexity": 9.22987931101273,
        "phase_coherence": 0.11113977741020992,
        "total_semantic_energy": 445.34009741946034,
        "peak_magnitude": 1.0858164136784103,
        "frequency_distribution": [
          18.207671200279098,
          18.207317261995428,
          18.206751041524864,
          18.205845247542765,
          18.204396306751136,
          18.202078722138996,
          18.19837223445446,
          18.192445755758236,
          18.182972867673712,
          18.167839678512696,
          18.143685171360936,
          18.105185502924222,
          18.043958848206497,
          17.946938907790674,
          17.79408597943077,
          17.555493380224526,
          17.18859122894873,
          16.63783666170686,
          15.842836274702561,
          14.7658409718925,
          13.446894387623223,
          12.044621060748405,
          10.636775167238113,
          8.3975291932964,
          3.5745368744933326,
          1.3325777695330592,
          13.593944183036475,
          5.957100511062128,
          9.584736499646892,
          2.795264209606314,
          5.934514889703008,
          1.5262474114802045,
          0.16800154198201311,
          0.4562884989647322,
          0.17815800849092908,
          0.0065996281630702714,
          0.6253711893045107,
          0.10019817286216189,
          0.47938026275826057,
          0.2612515622321393,
          0.05107857269077122,
          0.004626329306155742,
          0.009257504917298955,
          0.03265120820552732,
          0.005960864529330697,
          0.008395818608366188,
          0.007944045739693545,
          0.008081942951857017,
          0.07274015096924516,
          0.0392267154970097
        ],
        "timescale_distribution": [
          1.4563078488783745e-53,
          4.962557483868417e-39,
          6.38310621816109e-29,
          7.158783614917894e-22,
          6.099678321040221e-17,
          1.7624699376905435e-13,
          4.962853636863314e-11,
          3.067097034104833e-09,
          7.997208518490631e-08,
          1.2309281038983182e-06,
          1.1266947135242097e-05,
          6.160440433173693e-05,
          0.00022062752592202009,
          0.0005819322465826275,
          0.0012595074192073678,
          0.0024487676880438664,
          0.004558582789915749,
          0.008308665788091397,
          0.014550000653224265,
          0.023516676391371685,
          0.03327928228345884,
          0.03878954481180509,
          0.03793318987412781,
          0.04931098892013535,
          0.12660987863943057,
          0.3502208904612052,
          0.812030052119251,
          1.610676777098186,
          2.8304599047007355,
          4.493579928184123,
          6.53607908049725,
          8.833316136821,
          11.241823119680767,
          13.629549062420779,
          15.892428874070092,
          17.961019118292363,
          19.799246780436604,
          21.397882864961986,
          22.766090331694393,
          23.92365314530244,
          24.895098576420892,
          25.70584419049683,
          26.379983076044333,
          26.93920498192714,
          27.40242285320642,
          27.785795959155347,
          28.102950731761005,
          28.365281172005133,
          28.582263761356845,
          28.761754219945292
        ]
      },
      "consciousness_signatures": {
        "quantum_foam_density": 4.570175608262322e-12,
        "entanglement_strength": 0.12837527704993257,
        "temporal_coherence_length": 33.76,
        "gamma_resonance_strength": 0.00031964231184290835,
        "consciousness_signature_detected": 